constant type,value,seconds required
trivial,130.38154901594098,0.00016617774963378906
ECLipsE,"tensor(2.4341, dtype=torch.float64)",3.533646821975708
ECLipsE_Fast,"tensor(2.4341, dtype=torch.float64)",0.0014030933380126953
accuracy on train,0.9666666388511658,0
accuracy on test,1.0,0
dmoc_union,0.964502679043459,0.0004048347473144531
dmoc_train,0.964502679043459,0.0003428459167480469
dmoc_test,0.853779407635727,0.000141143798828125
