constant type,value,seconds required
trivial,1.5495529555439385e+76,0.0024030208587646484
ECLipsE,"tensor(2.3468e-06, dtype=torch.float64)",2.782486915588379
ECLipsE_Fast,"tensor(2.3468e-06, dtype=torch.float64)",0.18610310554504395
accuracy on train,0.3333333432674408,0
accuracy on test,0.3333333432674408,0
dmoc_union,0.0,0.0004947185516357422
dmoc_train,0.0,0.0003561973571777344
dmoc_test,0.0,9.298324584960938e-05
