constant type,value,seconds required
trivial,1.2301505629427706e+61,0.001100778579711914
ECLipsE,"tensor(4.9561e-07, dtype=torch.float64)",1.1733150482177734
ECLipsE_Fast,"tensor(4.9561e-07, dtype=torch.float64)",0.03602409362792969
accuracy on train,0.3333333432674408,0
accuracy on test,0.3333333432674408,0
dmoc_union,0.0,0.0005128383636474609
dmoc_train,0.0,0.0003733634948730469
dmoc_test,0.0,0.00011420249938964844
