constant type,value,seconds required
trivial,962.4777721062491,0.0004279613494873047
ECLipsE,"tensor(2.6733, dtype=torch.float64)",149.8910300731659
ECLipsE_Fast,"tensor(2.6733, dtype=torch.float64)",0.03127884864807129
accuracy on train,0.9833333492279053,0
accuracy on test,1.0,0
dmoc_union,1.9149795457913803,0.00044536590576171875
dmoc_train,1.9009134971935544,0.00036525726318359375
dmoc_test,1.511037578550923,0.0001201629638671875
