constant type,value,seconds required
trivial,3001209455642.6665,0.0004968643188476562
ECLipsE,"tensor(0.0524, dtype=torch.float64)",4.812780857086182
ECLipsE_Fast,"tensor(0.0524, dtype=torch.float64)",0.011565685272216797
accuracy on train,0.11236666666666667,0
accuracy on test,0.1135,0
dmoc_union,3.629942025619211e-09,153.74949097633362
dmoc_train,3.630804471175707e-09,103.49829912185669
dmoc_test,0.0,2.7344303131103516
