constant type,value,seconds required
trivial,2.8527183889214383e+91,0.013631105422973633
ECLipsE,"tensor(4.7457e-06, dtype=torch.float64)",76.26863813400269
ECLipsE_Fast,"tensor(4.7457e-06, dtype=torch.float64)",0.7918930053710938
accuracy on train,0.11236666666666667,0
accuracy on test,0.1135,0
dmoc_union,5.397282766755362e-09,149.5942668914795
dmoc_train,5.400483307373621e-09,106.08815717697144
dmoc_test,3.089720833158142e-09,2.86226224899292
