constant type,value,seconds required
trivial,3340.529653661512,0.0004429817199707031
ECLipsE,"tensor(11.2035, dtype=torch.float64)",16.787389993667603
ECLipsE_Fast,"tensor(11.2035, dtype=torch.float64)",0.005719184875488281
accuracy on train,0.9765166666666667,0
accuracy on test,0.9643,0
dmoc_union,0.2421567349813684,133.74551510810852
dmoc_train,0.23957549244517826,110.02657198905945
dmoc_test,0.2030694927926431,2.98983097076416
