constant type,value,seconds required
trivial,2941960572242383.5,0.0005781650543212891
ECLipsE,"tensor(0.0593, dtype=torch.float64)",9.897690057754517
ECLipsE_Fast,"tensor(0.0593, dtype=torch.float64)",0.04449820518493652
accuracy on train,0.11236666666666667,0
accuracy on test,0.1135,0
dmoc_union,4.019836553559583e-09,138.30267333984375
dmoc_train,4.018328027137329e-09,104.20807695388794
dmoc_test,3.4657658008592053e-09,2.9935879707336426
