constant type,value,seconds required
trivial,5280.980868004234,0.0003578662872314453
ECLipsE,"tensor(10.6491, dtype=torch.float64)",19.579449892044067
ECLipsE_Fast,"tensor(10.6491, dtype=torch.float64)",0.011653900146484375
accuracy on train,0.9862,0
accuracy on test,0.9741,0
dmoc_union,0.24884693984455342,149.98046946525574
dmoc_train,0.24884538101748596,106.88005685806274
dmoc_test,0.18272228436417226,3.004281759262085
