constant type,value,seconds required
trivial,3.0907048627700705e+18,0.0030062198638916016
ECLipsE,"tensor(0.0716, dtype=torch.float64)",55.912615060806274
ECLipsE_Fast,"tensor(0.0716, dtype=torch.float64)",0.17142510414123535
accuracy on train,0.11236666666666667,0
accuracy on test,0.1135,0
dmoc_union,3.54267977814747e-09,143.2392590045929
dmoc_train,3.540795149779136e-09,106.10083818435669
dmoc_test,2.5952383780016227e-09,2.966190814971924
