constant type,value,seconds required
trivial,9092.443159246763,0.0006442070007324219
ECLipsE,"tensor(12.3839, dtype=torch.float64)",45.75368905067444
ECLipsE_Fast,"tensor(12.3839, dtype=torch.float64)",0.03508400917053223
accuracy on train,0.9877166666666667,0
accuracy on test,0.9752,0
dmoc_union,0.24453568387629937,148.83317852020264
dmoc_train,0.24453415205580273,105.43088984489441
dmoc_test,0.18759704063087104,3.0458877086639404
