constant type,value,seconds required
trivial,2.461953257642991e+76,0.0017650127410888672
ECLipsE,"tensor(2.1847e-06, dtype=torch.float64)",7.110901832580566
ECLipsE_Fast,"tensor(2.1847e-06, dtype=torch.float64)",0.19186115264892578
accuracy on train,0.11236666666666667,0
accuracy on test,0.1135,0
dmoc_union,4.5012488598295435e-09,144.33217644691467
dmoc_train,3.6451864690076034e-09,110.64107036590576
dmoc_test,2.8140552395419198e-09,2.7805521488189697
