1.64352567634172 0 0
1.6440921328502 0 0
1.64465878459323 0 0
1.64522563163808 0 0
1.64579267405207 0 0
1.64635991190254 0 0
1.64692734525684 0 0
1.64749497418236 0 0
1.6480627987465 0 0
1.6486308190167 0 0
1.64919903506039 0 0
1.64976744694507 0 0
1.65033605473822 0 0
1.65090485850737 0 0
1.65147385832006 0 0
1.65204305424387 0 0
1.65261244634637 0 0
1.6531820346952 0 0
1.65375181935798 0 0
1.65432180040238 0 0
1.65489197789608 0 0
1.65546235190679 0 0
1.65603292250225 0 0
1.6566036897502 0 0
1.65717465371842 0 0
1.65774581447472 0 0
1.65831717208692 0 0
1.65888872662287 0 0
1.65946047815044 0 0
1.66003242673753 0 0
1.66060457245205 0 0
1.66117691536195 0 0
1.66174945553519 0 0
1.66232219303976 0 0
1.66289512794367 0 0
1.66346826031496 0 0
1.66404159022168 0 0
1.66461511773193 0 0
1.66518884291379 0 0
1.66576276583542 0 0
1.66633688656495 0 0
1.66691120517056 0 0
1.66748572172046 0 0
1.66806043628286 0 0
1.66863534892602 0 0
1.6692104597182 0 0
1.6697857687277 0 0
1.67036127602283 0 0
1.67093698167194 0 0
1.67151288574339 0 0
1.67208898830557 0 0
1.67266528942689 0 0
1.67324178917579 0 0
1.67381848762072 0 0
1.67439538483017 0 0
1.67497248087264 0 0
1.67554977581667 0 0
1.6761272697308 0 0
1.67670496268361 0 0
1.67728285474371 0 0
1.67786094597972 0 0
1.67843923646028 0 0
1.67901772625407 0 0
1.67959641542978 0 0
1.68017530405613 0 0
1.68075439220186 0 0
1.68133367993575 0 0
1.68191316732657 0 0
1.68249285444315 0 0
1.68307274135432 0 0
1.68365282812895 0 0
1.6842331148359 0 0
1.68481360154411 0 0
1.68539428832249 0 0
1.68597517524 0 0
1.68655626236563 0 0
1.68713754976838 0 0
1.68771903751727 0 0
1.68830072568135 0 0
1.68888261432971 0 0
1.68946470353144 0 0
1.69004699335565 0 0
1.69062948387151 0 0
1.69121217514818 0 0
1.69179506725484 0 0
1.69237816026073 0 0
1.69296145423508 0 0
1.69354494924716 0 0
1.69412864536626 0 0
1.69471254266169 0 0
1.69529664120278 0 0
1.69588094105891 0 0
1.69646544229945 0 0
1.69705014499381 0 0
1.69763504921143 0 0
1.69822015502177 0 0
1.6988054624943 0 0
1.69939097169852 0 0
1.69997668270398 0 0
1.70056259558022 0 0
1.70114871039681 0 0
1.70173502722336 0 0
1.7023215461295 0 0
1.70290826718486 0 0
1.70349519045913 0 0
1.704082316022 0 0
1.70466964394319 0 0
1.70525717429244 0 0
1.70584490713953 0 0
1.70643284255425 0 0
1.70702098060641 0 0
1.70760932136586 0 0
1.70819786490246 0 0
1.70878661128609 0 0
1.70937556058668 0 0
1.70996471287415 0 0
1.71055406821848 0 0
1.71114362668964 0 0
1.71173338835765 0 0
1.71232335329254 0 0
1.71291352156437 0 0
1.71350389324321 0 0
1.71409446839918 0 0
1.71468524710241 0 0
1.71527622942304 0 0
1.71586741543126 0 0
1.71645880519728 0 0
1.71705039879131 0 0
1.71764219628362 0 0
1.71823419774447 0 0
1.71882640324416 0 0
1.71941881285302 0 0
1.7200114266414 0 0
1.72060424467967 0 0
1.72119726703822 0 0
1.72179049378749 0 0
1.7223839249979 0 0
1.72297756073993 0 0
1.72357140108408 0 0
1.72416544610087 0 0
1.72475969586083 0 0
1.72535415043453 0 0
1.72594880989256 0 0
1.72654367430554 0 0
1.72713874374412 0 0
1.72773401827894 0 0
1.7283294979807 0 0
1.72892518292012 0 0
1.72952107316793 0 0
1.73011716879488 0 0
1.73071346987178 0 0
1.73130997646942 0 0
1.73190668865865 0 0
1.73250360651032 0 0
1.73310073009531 0 0
1.73369805948454 0 0
1.73429559474893 0 0
1.73489333595944 0 0
1.73549128318706 0 0
1.73608943650278 0 0
1.73668779597765 0 0
1.73728636168271 0 0
1.73788513368904 0 0
1.73848411206775 0 0
1.73908329688996 0 0
1.73968268822683 0 0
1.74028228614954 0 0
1.74088209072928 0 0
1.74148210203728 0 0
1.7420823201448 0 0
1.74268274512311 0 0
1.74328337704351 0 0
1.74388421597732 0 0
1.74448526199589 0 0
1.7450865151706 0 0
1.74568797557285 0 0
1.74628964327405 0 0
1.74689151834565 0 0
1.74749360085914 0 0
1.748095890886 0 0
1.74869838849775 0 0
1.74930109376595 0 0
1.74990400676215 0 0
1.75050712755797 0 0
1.75111045622501 0 0
1.75171399283493 0 0
1.75231773745938 0 0
1.75292169017008 0 0
1.75352585103873 0 0
1.75413022013707 0 0
1.75473479753689 0 0
1.75533958330996 0 0
1.75594457752811 0 0
1.75654978026319 0 0
1.75715519158705 0 0
1.75776081157159 0 0
1.75836664028872 0 0
1.7589726778104 0 0
1.75957892420857 0 0
1.76018537955525 0 0
1.76079204392244 0 0
1.76139891738217 0 0
1.76200600000653 0 0
1.7626132918676 0 0
1.76322079303749 0 0
1.76382850358835 0 0
1.76443642359233 0 0
1.76504455312164 0 0
1.76565289224848 0 0
1.76626144104509 0 0
1.76687019958375 0 0
1.76747916793673 0 0
1.76808834617635 0 0
1.76869773437496 0 0
1.76930733260492 0 0
1.76991714093861 0 0
1.77052715944845 0 0
1.77113738820688 0 0
1.77174782728636 0 0
1.77235847675939 0 0
1.77296933669847 0 0
1.77358040717615 0 0
1.77419168826499 0 0
1.77480318003758 0 0
1.77541488256653 0 0
1.77602679592449 0 0
1.77663892018411 0 0
1.77725125541809 0 0
1.77786380169913 0 0
1.77847655909999 0 0
1.77908952769342 0 0
1.77970270755221 0 0
1.78031609874918 0 0
1.78092970135717 0 0
1.78154351544905 0 0
1.78215754109769 0 0
1.78277177837602 0 0
1.78338622735698 0 0
1.78400088811353 0 0
1.78461576071867 0 0
1.7852308452454 0 0
1.78584614176677 0 0
1.78646165035585 0 0
1.78707737108573 0 0
1.78769330402952 0 0
1.78830944926036 0 0
1.78892580685143 0 0
1.7895423768759 0 0
1.79015915940701 0 0
1.79077615451799 0 0
1.79139336228211 0 0
1.79201078277267 0 0
1.79262841606297 0 0
1.79324626222637 0 0
1.79386432133624 0 0
1.79448259346596 0 0
1.79510107868895 0 0
1.79571977707867 0 0
1.79633868870859 0 0
1.79695781365218 0 0
1.79757715198299 0 0
1.79819670377454 0 0
1.79881646910043 0 0
1.79943644803423 0 0
1.80005664064957 0 0
1.80067704702011 0 0
1.80129766721951 0 0
1.80191850132147 0 0
1.80253954939971 0 0
1.80316081152799 0 0
1.80378228778007 0 0
1.80440397822977 0 0
1.80502588295089 0 0
1.8056480020173 0 0
1.80627033550287 0 0
1.8068928834815 0 0
1.80751564602712 0 0
1.80813862321368 0 0
1.80876181511515 0 0
1.80938522180555 0 0
1.8100088433589 0 0
1.81063267984926 0 0
1.8112567313507 0 0
1.81188099793734 0 0
1.81250547968329 0 0
1.81313017666273 0 0
1.81375508894982 0 0
1.81438021661879 0 0
1.81500555974386 0 0
1.81563111839929 0 0
1.81625689265936 0 0
1.8168828825984 0 0
1.81750908829072 0 0
1.8181355098107 0 0
1.81876214723272 0 0
1.81938900063119 0 0
1.82001607008055 0 0
1.82064335565527 0 0
1.82127085742983 0 0
1.82189857547876 0 0
1.82252650987658 0 0
1.82315466069787 0 0
1.82378302801723 0 0
1.82441161190926 0 0
1.82504041244861 0 0
1.82566942970996 0 0
1.82629866376799 0 0
1.82692811469743 0 0
1.82755778257303 0 0
1.82818766746955 0 0
1.8288177694618 0 0
1.82944808862459 0 0
1.83007862503279 0 0
1.83070937876126 0 0
1.83134034988491 0 0
1.83197153847867 0 0
1.83260294461748 0 0
1.83323456837632 0 0
1.83386640983021 0 0
1.83449846905417 0 0
1.83513074612325 0 0
1.83576324111255 0 0
1.83639595409716 0 0
1.83702888515223 0 0
1.83766203435291 0 0
1.83829540177439 0 0
1.83892898749188 0 0
1.83956279158062 0 0
1.84019681411587 0 0
1.84083105517292 0 0
1.84146551482709 0 0
1.84210019315371 0 0
1.84273509022816 0 0
1.84337020612584 0 0
1.84400554092215 0 0
1.84464109469254 0 0
1.8452768675125 0 0
1.8459128594575 0 0
1.84654907060308 0 0
1.84718550102479 0 0
1.8478221507982 0 0
1.84845901999892 0 0
1.84909610870257 0 0
1.8497334169848 0 0
1.85037094492129 0 0
1.85100869258776 0 0
1.85164666005993 0 0
1.85228484741356 0 0
1.85292325472444 0 0
1.85356188206837 0 0
1.85420072952119 0 0
1.85483979715877 0 0
1.85547908505699 0 0
1.85611859329177 0 0
1.85675832193905 0 0
1.8573982710748 0 0
1.858038440775 0 0
1.85867883111568 0 0
1.85931944217289 0 0
1.8599602740227 0 0
1.8606013267412 0 0
1.86124260040453 0 0
1.86188409508882 0 0
1.86252581087026 0 0
1.86316774782505 0 0
1.86380990602942 0 0
1.86445228555963 0 0
1.86509488649196 0 0
1.86573770890271 0 0
1.86638075286822 0 0
1.86702401846486 0 0
1.867667505769 0 0
1.86831121485707 0 0
1.8689551458055 0 0
1.86959929869076 0 0
1.87024367358934 0 0
1.87088827057776 0 0
1.87153308973256 0 0
1.87217813113033 0 0
1.87282339484765 0 0
1.87346888096115 0 0
1.87411458954748 0 0
1.87476052068331 0 0
1.87540667444537 0 0
1.87605305091036 0 0
1.87669965015505 0 0
1.87734647225623 0 0
1.87799351729069 0 0
1.87864078533529 0 0
1.87928827646687 0 0
1.87993599076233 0 0
1.88058392829859 0 0
1.88123208915259 0 0
1.88188047340129 0 0
1.88252908112169 0 0
1.88317791239081 0 0
1.88382696728571 0 0
1.88447624588344 0 0
1.88512574826113 0 0
1.88577547449589 0 0
1.88642542466488 0 0
1.88707559884527 0 0
1.88772599711429 0 0
1.88837661954915 0 0
1.88902746622713 0 0
1.88967853722551 0 0
1.8903298326216 0 0
1.89098135249275 0 0
1.89163309691631 0 0
1.8922850659697 0 0
1.89293725973032 0 0
1.89358967827563 0 0
1.89424232168309 0 0
1.89489519003021 0 0
1.89554828339452 0 0
1.89620160185358 0 0
1.89685514548495 0 0
1.89750891436626 0 0
1.89816290857512 0 0
1.89881712818922 0 0
1.89947157328623 0 0
1.90012624394386 0 0
1.90078114023987 0 0
1.90143626225202 0 0
1.9020916100581 0 0
1.90274718373593 0 0
1.90340298336337 0 0
1.90405900901829 0 0
1.90471526077859 0 0
1.90537173872221 0 0
1.90602844292709 0 0
1.90668537347123 0 0
1.90734253043262 0 0
1.90799991388931 0 0
1.90865752391937 0 0
1.90931536060088 0 0
1.90997342401195 0 0
1.91063171423075 0 0
1.91129023133542 0 0
1.91194897540418 0 0
1.91260794651526 0 0
1.91326714474689 0 0
1.91392657017736 0 0
1.91458622288498 0 0
1.91524610294808 0 0
1.91590621044503 0 0
1.9165665454542 0 0
1.91722710805401 0 0
1.9178878983229 0 0
1.91854891633935 0 0
1.91921016218184 0 0
1.9198716359289 0 0
1.92053333765908 0 0
1.92119526745096 0 0
1.92185742538313 0 0
1.92251981153424 0 0
1.92318242598293 0 0
1.92384526880789 0 0
1.92450834008784 0 0
1.92517163990151 0 0
1.92583516832767 0 0
1.92649892544511 0 0
1.92716291133266 0 0
1.92782712606916 0 0
1.92849156973348 0 0
1.92915624240453 0 0
1.92982114416124 0 0
1.93048627508257 0 0
1.93115163524749 0 0
1.93181722473502 0 0
1.9324830436242 0 0
1.93314909199409 0 0
1.93381536992379 0 0
1.93448187749241 0 0
1.93514861477911 0 0
1.93581558186305 0 0
1.93648277882344 0 0
1.9371502057395 0 0
1.9378178626905 0 0
1.93848574975572 0 0
1.93915386701447 0 0
1.93982221454608 0 0
1.94049079242993 0 0
1.9411596007454 0 0
1.94182863957192 0 0
1.94249790898894 0 0
1.94316740907592 0 0
1.94383713991237 0 0
1.94450710157783 0 0
1.94517729415185 0 0
1.94584771771401 0 0
1.94651837234392 0 0
1.94718925812123 0 0
1.94786037512561 0 0
1.94853172343674 0 0
1.94920330313435 0 0
1.94987511429819 0 0
1.95054715700804 0 0
1.95121943134369 0 0
1.95189193738499 0 0
1.9525646752118 0 0
1.95323764490399 0 0
1.95391084654148 0 0
1.95458428020422 0 0
1.95525794597218 0 0
1.95593184392535 0 0
1.95660597414375 0 0
1.95728033670745 0 0
1.95795493169651 0 0
1.95862975919106 0 0
1.95930481927121 0 0
1.95998011201715 0 0
1.96065563750904 0 0
1.96133139582713 0 0
1.96200738705164 0 0
1.96268361126285 0 0
1.96336006854107 0 0
1.96403675896662 0 0
1.96471368261986 0 0
1.96539083958118 0 0
1.96606822993098 0 0
1.9667458537497 0 0
1.96742371111782 0 0
1.96810180211582 0 0
1.96878012682423 0 0
1.96945868532361 0 0
1.97013747769452 0 0
1.97081650401757 0 0
1.97149576437341 0 0
1.97217525884268 0 0
1.97285498750608 0 0
1.97353495044433 0 0
1.97421514773817 0 0
1.97489557946838 0 0
1.97557624571575 0 0
1.97625714656111 0 0
1.97693828208533 0 0
1.97761965236927 0 0
1.97830125749387 0 0
1.97898309754005 0 0
1.97966517258878 0 0
1.98034748272107 0 0
1.98103002801793 0 0
1.98171280856041 0 0
1.9823958244296 0 0
1.9830790757066 0 0
1.98376256247255 0 0
1.98444628480861 0 0
1.98513024279598 0 0
1.98581443651586 0 0
1.98649886604952 0 0
1.98718353147822 0 0
1.98786843288328 0 0
1.98855357034601 0 0
1.98923894394778 0 0
1.98992455376998 0 0
1.99061039989402 0 0
1.99129648240134 0 0
1.99198280137343 0 0
1.99266935689177 0 0
1.9933561490379 0 0
1.99404317789338 0 0
1.99473044353977 0 0
1.99541794605871 0 0
1.99610568553182 0 0
1.99679366204078 0 0
1.99748187566729 0 0
1.99817032649306 0 0
1.99885901459986 0 0
1.99954794006945 0 0
2.00023710298366 0 0
2.00092650342432 0 0
2.00161614147329 0 0
2.00230601721247 0 0
2.00299613072379 0 0
2.00368648208918 0 0
2.00437707139063 0 0
2.00506789871016 0 0
2.00575896412978 0 0
2.00645026773157 0 0
2.00714180959761 0 0
2.00783358981004 0 0
2.00852560845099 0 0
2.00921786560264 0 0
2.0099103613472 0 0
2.01060309576689 0 0
2.01129606894399 0 0
2.01198928096079 0 0
2.01268273189959 0 0
2.01337642184275 0 0
2.01407035087264 0 0
2.01476451907167 0 0
2.01545892652227 0 0
2.01615357330689 0 0
2.01684845950803 0 0
2.0175435852082 0 0
2.01823895048996 0 0
2.01893455543586 0 0
2.01963040012853 0 0
2.02032648465057 0 0
2.02102280908467 0 0
2.0217193735135 0 0
2.02241617801978 0 0
2.02311322268625 0 0
2.0238105075957 0 0
2.02450803283091 0 0
2.02520579847473 0 0
2.02590380461 0 0
2.02660205131963 0 0
2.02730053868652 0 0
2.02799926679362 0 0
2.0286982357239 0 0
2.02939744556036 0 0
2.03009689638604 0 0
2.030796588284 0 0
2.03149652133732 0 0
2.03219669562911 0 0
2.03289711124253 0 0
2.03359776826075 0 0
2.03429866676696 0 0
2.03499980684441 0 0
2.03570118857635 0 0
2.03640281204607 0 0
2.03710467733688 0 0
2.03780678453213 0 0
2.03850913371521 0 0
2.0392117249695 0 0
2.03991455837844 0 0
2.0406176340255 0 0
2.04132095199416 0 0
2.04202451236795 0 0
2.0427283152304 0 0
2.04343236066509 0 0
2.04413664875564 0 0
2.04484117958566 0 0
2.04554595323884 0 0
2.04625096979885 0 0
2.04695622934941 0 0
2.04766173197428 0 0
2.04836747775724 0 0
2.04907346678208 0 0
2.04977969913266 0 0
2.05048617489282 0 0
2.05119289414646 0 0
2.05189985697751 0 0
2.05260706346992 0 0
2.05331451370767 0 0
2.05402220777476 0 0
2.05473014575524 0 0
2.05543832773316 0 0
2.05614675379264 0 0
2.05685542401779 0 0
2.05756433849276 0 0
2.05827349730175 0 0
2.05898290052895 0 0
2.05969254825862 0 0
2.06040244057502 0 0
2.06111257756246 0 0
2.06182295930525 0 0
2.06253358588776 0 0
2.06324445739437 0 0
2.06395557390951 0 0
2.0646669355176 0 0
2.06537854230313 0 0
2.06609039435061 0 0
2.06680249174455 0 0
2.06751483456953 0 0
2.06822742291012 0 0
2.06894025685096 0 0
2.0696533364767 0 0
2.07036666187199 0 0
2.07108023312157 0 0
2.07179405031015 0 0
2.07250811352251 0 0
2.07322242284344 0 0
2.07393697835776 0 0
2.07465178015033 0 0
2.07536682830603 0 0
2.07608212290976 0 0
2.07679766404648 0 0
2.07751345180115 0 0
2.07822948625877 0 0
2.07894576750437 0 0
2.079662295623 0 0
2.08037907069976 0 0
2.08109609281975 0 0
2.08181336206813 0 0
2.08253087853008 0 0
2.08324864229078 0 0
2.08396665343549 0 0
2.08468491204945 0 0
2.08540341821798 0 0
2.08612217202637 0 0
2.08684117356 0 0
2.08756042290423 0 0
2.08827992014449 0 0
2.0889996653662 0 0
2.08971965865484 0 0
2.09043990009591 0 0
2.09116038977493 0 0
2.09188112777746 0 0
2.09260211418909 0 0
2.09332334909544 0 0
2.09404483258215 0 0
2.0947665647349 0 0
2.09548854563938 0 0
2.09621077538135 0 0
2.09693325404656 0 0
2.0976559817208 0 0
2.0983789584899 0 0
2.09910218443971 0 0
2.09982565965611 0 0
2.10054938422502 0 0
2.10127335823237 0 0
2.10199758176415 0 0
2.10272205490634 0 0
2.10344677774498 0 0
2.10417175036614 0 0
2.10489697285589 0 0
2.10562244530036 0 0
2.1063481677857 0 0
2.10707414039809 0 0
2.10780036322374 0 0
2.10852683634887 0 0
2.10925355985978 0 0
2.10998053384274 0 0
2.11070775838409 0 0
2.11143523357019 0 0
2.11216295948742 0 0
2.11289093622219 0 0
2.11361916386097 0 0
2.11434764249021 0 0
2.11507637219644 0 0
2.11580535306618 0 0
2.116534585186 0 0
2.11726406864249 0 0
2.11799380352229 0 0
2.11872378991204 0 0
2.11945402789844 0 0
2.12018451756819 0 0
2.12091525900805 0 0
2.12164625230478 0 0
2.1223774975452 0 0
2.12310899481613 0 0
2.12384074420444 0 0
2.12457274579703 0 0
2.12530499968082 0 0
2.12603750594277 0 0
2.12677026466985 0 0
2.12750327594909 0 0
2.12823653986753 0 0
2.12897005651224 0 0
2.12970382597033 0 0
2.13043784832893 0 0
2.13117212367521 0 0
2.13190665209636 0 0
2.13264143367961 0 0
2.1333764685122 0 0
2.13411175668143 0 0
2.13484729827462 0 0
2.13558309337909 0 0
2.13631914208224 0 0
2.13705544447146 0 0
2.13779200063419 0 0
2.1385288106579 0 0
2.13926587463008 0 0
2.14000319263826 0 0
2.14074076476999 0 0
2.14147859111286 0 0
2.14221667175448 0 0
2.14295500678251 0 0
2.14369359628462 0 0
2.14443244034851 0 0
2.14517153906192 0 0
2.14591089251262 0 0
2.14665050078841 0 0
2.14739036397712 0 0
2.1481304821666 0 0
2.14887085544474 0 0
2.14961148389946 0 0
2.15035236761871 0 0
2.15109350669047 0 0
2.15183490120275 0 0
2.15257655124359 0 0
2.15331845690106 0 0
2.15406061826325 0 0
2.15480303541831 0 0
2.15554570845438 0 0
2.15628863745968 0 0
2.1570318225224 0 0
2.15777526373082 0 0
2.15851896117321 0 0
2.15926291493788 0 0
2.16000712511318 0 0
2.16075159178748 0 0
2.16149631504919 0 0
2.16224129498675 0 0
2.16298653168861 0 0
2.16373202524328 0 0
2.16447777573928 0 0
2.16522378326517 0 0
2.16597004790953 0 0
2.166716569761 0 0
2.1674633489082 0 0
2.16821038543983 0 0
2.16895767944459 0 0
2.16970523101123 0 0
2.17045304022851 0 0
2.17120110718523 0 0
2.17194943197024 0 0
2.17269801467238 0 0
2.17344685538057 0 0
2.17419595418371 0 0
2.17494531117077 0 0
2.17569492643072 0 0
2.17644480005259 0 0
2.17719493212543 0 0
2.17794532273831 0 0
2.17869597198033 0 0
2.17944687994064 0 0
2.18019804670841 0 0
2.18094947237284 0 0
2.18170115702316 0 0
2.18245310074862 0 0
2.18320530363853 0 0
2.18395776578221 0 0
2.18471048726901 0 0
2.18546346818832 0 0
2.18621670862954 0 0
2.18697020868214 0 0
2.18772396843558 0 0
2.18847798797938 0 0
2.18923226740307 0 0
2.18998680679622 0 0
2.19074160624844 0 0
2.19149666584936 0 0
2.19225198568863 0 0
2.19300756585596 0 0
2.19376340644106 0 0
2.1945195075337 0 0
2.19527586922366 0 0
2.19603249160075 0 0
2.19678937475483 0 0
2.19754651877577 0 0
2.19830392375348 0 0
2.19906158977791 0 0
2.19981951693903 0 0
2.20057770532684 0 0
2.20133615503137 0 0
2.20209486614269 0 0
2.2028538387509 0 0
2.20361307294613 0 0
2.20437256881852 0 0
2.20513232645828 0 0
2.20589234595562 0 0
2.20665262740079 0 0
2.20741317088408 0 0
2.2081739764958 0 0
2.2089350443263 0 0
2.20969637446594 0 0
2.21045796700515 0 0
2.21121982203436 0 0
2.21198193964403 0 0
2.21274431992467 0 0
2.2135069629668 0 0
2.21426986886101 0 0
2.21503303769787 0 0
2.21579646956801 0 0
2.21656016456209 0 0
2.2173241227708 0 0
2.21808834428486 0 0
2.21885282919502 0 0
2.21961757759206 0 0
2.22038258956679 0 0
2.22114786521006 0 0
2.22191340461274 0 0
2.22267920786574 0 0
2.22344527506001 0 0
2.2242116062865 0 0
2.22497820163622 0 0
2.22574506120021 0 0
2.22651218506952 0 0
2.22727957333526 0 0
2.22804722608854 0 0
2.22881514342053 0 0
2.22958332542242 0 0
2.23035177218542 0 0
2.23112048380079 0 0
2.23188946035982 0 0
2.23265870195382 0 0
2.23342820867413 0 0
2.23419798061214 0 0
2.23496801785925 0 0
2.23573832050691 0 0
2.23650888864658 0 0
2.23727972236978 0 0
2.23805082176803 0 0
2.23882218693291 0 0
2.23959381795602 0 0
2.24036571492897 0 0
2.24113787794345 0 0
2.24191030709114 0 0
2.24268300246376 0 0
2.24345596415307 0 0
2.24422919225087 0 0
2.24500268684897 0 0
2.24577644803922 0 0
2.24655047591351 0 0
2.24732477056375 0 0
2.24809933208189 0 0
2.24887416055991 0 0
2.24964925608982 0 0
2.25042461876365 0 0
2.25120024867349 0 0
2.25197614591144 0 0
2.25275231056963 0 0
2.25352874274024 0 0
2.25430544251546 0 0
2.25508240998753 0 0
2.25585964524871 0 0
2.25663714839131 0 0
2.25741491950763 0 0
2.25819295869005 0 0
2.25897126603096 0 0
2.25974984162278 0 0
2.26052868555797 0 0
2.26130779792901 0 0
2.26208717882842 0 0
2.26286682834875 0 0
2.26364674658258 0 0
2.26442693362254 0 0
2.26520738956126 0 0
2.26598811449143 0 0
2.26676910850575 0 0
2.26755037169697 0 0
2.26833190415786 0 0
2.26911370598123 0 0
2.26989577725992 0 0
2.27067811808679 0 0
2.27146072855475 0 0
2.27224360875674 0 0
2.27302675878571 0 0
2.27381017873468 0 0
2.27459386869666 0 0
2.27537782876472 0 0
2.27616205903196 0 0
2.2769465595915 0 0
2.2777313305365 0 0
2.27851637196016 0 0
2.27930168395569 0 0
2.28008726661635 0 0
2.28087312003542 0 0
2.28165924430624 0 0
2.28244563952214 0 0
2.28323230577651 0 0
2.28401924316277 0 0
2.28480645177437 0 0
2.28559393170479 0 0
2.28638168304753 0 0
2.28716970589615 0 0
2.28795800034422 0 0
2.28874656648535 0 0
2.28953540441318 0 0
2.29032451422139 0 0
2.29111389600367 0 0
2.29190354985378 0 0
2.29269347586548 0 0
2.29348367413258 0 0
2.2942741447489 0 0
2.29506488780832 0 0
2.29585590340474 0 0
2.29664719163208 0 0
2.29743875258433 0 0
2.29823058635546 0 0
2.29902269303951 0 0
2.29981507273055 0 0
2.30060772552267 0 0
2.30140065150999 0 0
2.30219385078667 0 0
2.30298732344691 0 0
2.30378106958492 0 0
2.30457508929498 0 0
2.30536938267136 0 0
2.30616394980839 0 0
2.30695879080041 0 0
2.30775390574183 0 0
2.30854929472705 0 0
2.30934495785053 0 0
2.31014089520676 0 0
2.31093710689025 0 0
2.31173359299554 0 0
2.31253035361723 0 0
2.31332738884992 0 0
2.31412469878827 0 0
2.31492228352695 0 0
2.31572014316067 0 0
2.31651827778419 0 0
2.31731668749228 0 0
2.31811537237974 0 0
2.31891433254143 0 0
2.31971356807222 0 0
2.32051307906701 0 0
2.32131286562075 0 0
2.32211292782841 0 0
2.32291326578501 0 0
2.32371387958557 0 0
2.32451476932517 0 0
2.32531593509891 0 0
2.32611737700194 0 0
2.32691909512943 0 0
2.32772108957657 0 0
2.3285233604386 0 0
2.3293259078108 0 0
2.33012873178846 0 0
2.33093183246692 0 0
2.33173520994154 0 0
2.33253886430773 0 0
2.33334279566092 0 0
2.33414700409658 0 0
2.3349514897102 0 0
2.33575625259732 0 0
2.3365612928535 0 0
2.33736661057435 0 0
2.33817220585548 0 0
2.33897807879256 0 0
2.3397842294813 0 0
2.34059065801742 0 0
2.34139736449668 0 0
2.34220434901488 0 0
2.34301161166785 0 0
2.34381915255145 0 0
2.34462697176157 0 0
2.34543506939415 0 0
2.34624344554514 0 0
2.34705210031053 0 0
2.34786103378636 0 0
2.34867024606869 0 0
2.3494797372536 0 0
2.35028950743723 0 0
2.35109955671572 0 0
2.35190988518529 0 0
2.35272049294215 0 0
2.35353138008256 0 0
2.35434254670281 0 0
2.35515399289923 0 0
2.35596571876818 0 0
2.35677772440605 0 0
2.35759000990926 0 0
2.35840257537427 0 0
2.35921542089758 0 0
2.3600285465757 0 0
2.3608419525052 0 0
2.36165563878267 0 0
2.36246960550473 0 0
2.36328385276804 0 0
2.36409838066929 0 0
2.36491318930521 0 0
2.36572827877255 0 0
2.3665436491681 0 0
2.36735930058869 0 0
2.36817523313118 0 0
2.36899144689246 0 0
2.36980794196946 0 0
2.37062471845912 0 0
2.37144177645844 0 0
2.37225911606446 0 0
2.37307673737421 0 0
2.37389464048481 0 0
2.37471282549337 0 0
2.37553129249705 0 0
2.37635004159305 0 0
2.37716907287858 0 0
2.37798838645092 0 0
2.37880798240734 0 0
2.37962786084518 0 0
2.38044802186181 0 0
2.3812684655546 0 0
2.38208919202099 0 0
2.38291020135844 0 0
2.38373149366445 0 0
2.38455306903653 0 0
2.38537492757226 0 0
2.38619706936922 0 0
2.38701949452505 0 0
2.38784220313741 0 0
2.388665195304 0 0
2.38948847112253 0 0
2.39031203069079 0 0
2.39113587410655 0 0
2.39196000146767 0 0
2.39278441287199 0 0
2.39360910841742 0 0
2.39443408820189 0 0
2.39525935232336 0 0
2.39608490087984 0 0
2.39691073396935 0 0
2.39773685168997 0 0
2.3985632541398 0 0
2.39938994141696 0 0
2.40021691361963 0 0
2.40104417084602 0 0
2.40187171319435 0 0
2.4026995407629 0 0
2.40352765364996 0 0
2.40435605195389 0 0
2.40518473577304 0 0
2.40601370520583 0 0
2.4068429603507 0 0
2.40767250130611 0 0
2.40850232817057 0 0
2.40933244104264 0 0
2.41016284002087 0 0
2.41099352520389 0 0
2.41182449669033 0 0
2.41265575457887 0 0
2.41348729896822 0 0
2.41431912995713 0 0
2.41515124764438 0 0
2.41598365212878 0 0
2.41681634350917 0 0
2.41764932188445 0 0
2.41848258735351 0 0
2.41931614001532 0 0
2.42014997996886 0 0
2.42098410731314 0 0
2.42181852214722 0 0
2.42265322457019 0 0
2.42348821468115 0 0
2.42432349257928 0 0
2.42515905836375 0 0
2.42599491213379 0 0
2.42683105398865 0 0
2.42766748402763 0 0
2.42850420235006 0 0
2.42934120905528 0 0
2.43017850424271 0 0
2.43101608801175 0 0
2.43185396046188 0 0
2.4326921216926 0 0
2.43353057180343 0 0
2.43436931089393 0 0
2.43520833906372 0 0
2.43604765641242 0 0
2.4368872630397 0 0
2.43772715904526 0 0
2.43856734452884 0 0
2.43940781959021 0 0
2.44024858432918 0 0
2.44108963884559 0 0
2.44193098323931 0 0
2.44277261761025 0 0
2.44361454205836 0 0
2.4444567566836 0 0
2.445299261586 0 0
2.4461420568656 0 0
2.44698514262249 0 0
2.44782851895677 0 0
2.4486721859686 0 0
2.44951614375816 0 0
2.45036039242567 0 0
2.45120493207139 0 0
2.4520497627956 0 0
2.45289488469864 0 0
2.45374029788084 0 0
2.45458600244261 0 0
2.45543199848438 0 0
2.4562782861066 0 0
2.45712486540977 0 0
2.45797173649442 0 0
2.45881889946112 0 0
2.45966635441046 0 0
2.46051410144309 0 0
2.46136214065966 0 0
2.46221047216089 0 0
2.46305909604752 0 0
2.4639080124203 0 0
2.46475722138007 0 0
2.46560672302765 0 0
2.46645651746392 0 0
2.4673066047898 0 0
2.46815698510623 0 0
2.4690076585142 0 0
2.46985862511473 0 0
2.47070988500886 0 0
2.47156143829767 0 0
2.47241328508231 0 0
2.4732654254639 0 0
2.47411785954366 0 0
2.4749705874228 0 0
2.47582360920259 0 0
2.47667692498432 0 0
2.47753053486932 0 0
2.47838443895896 0 0
2.47923863735463 0 0
2.48009313015778 0 0
2.48094791746987 0 0
2.48180299939241 0 0
2.48265837602694 0 0
2.48351404747503 0 0
2.48437001383829 0 0
2.48522627521838 0 0
2.48608283171696 0 0
2.48693968343576 0 0
2.48779683047652 0 0
2.48865427294104 0 0
2.48951201093113 0 0
2.49037004454864 0 0
2.49122837389547 0 0
2.49208699907355 0 0
2.49294592018483 0 0
2.49380513733131 0 0
2.49466465061502 0 0
2.49552446013803 0 0
2.49638456600245 0 0
2.4972449683104 0 0
2.49810566716405 0 0
2.49896666266563 0 0
2.49982795491736 0 0
2.50068954402153 0 0
2.50155143008045 0 0
2.50241361319647 0 0
2.50327609347197 0 0
2.50413887100937 0 0
2.50500194591113 0 0
2.50586531827972 0 0
2.50672898821769 0 0
2.50759295582758 0 0
2.508457221212 0 0
2.50932178447357 0 0
2.51018664571497 0 0
2.51105180503888 0 0
2.51191726254806 0 0
2.51278301834527 0 0
2.51364907253331 0 0
2.51451542521504 0 0
2.51538207649333 0 0
2.5162490264711 0 0
2.51711627525129 0 0
2.51798382293689 0 0
2.51885166963092 0 0
2.51971981543643 0 0
2.52058826045653 0 0
2.52145700479433 0 0
2.522326048553 0 0
2.52319539183573 0 0
2.52406503474577 0 0
2.52493497738637 0 0
2.52580521986085 0 0
2.52667576227254 0 0
2.52754660472482 0 0
2.52841774732111 0 0
2.52928919016485 0 0
2.53016093335951 0 0
2.53103297700863 0 0
2.53190532121576 0 0
2.53277796608449 0 0
2.53365091171843 0 0
2.53452415822126 0 0
2.53539770569667 0 0
2.5362715542484 0 0
2.53714570398021 0 0
2.5380201549959 0 0
2.53889490739933 0 0
2.53976996129435 0 0
2.5406453167849 0 0
2.54152097397491 0 0
2.54239693296836 0 0
2.54327319386928 0 0
2.54414975678172 0 0
2.54502662180978 0 0
2.54590378905757 0 0
2.54678125862927 0 0
2.54765903062907 0 0
2.5485371051612 0 0
2.54941548232995 0 0
2.5502941622396 0 0
2.55117314499451 0 0
2.55205243069906 0 0
2.55293201945765 0 0
2.55381191137474 0 0
2.55469210655482 0 0
2.5555726051024 0 0
2.55645340712206 0 0
2.55733451271837 0 0
2.55821592199597 0 0
2.55909763505953 0 0
2.55997965201376 0 0
2.56086197296338 0 0
2.56174459801317 0 0
2.56262752726796 0 0
2.56351076083257 0 0
2.5643942988119 0 0
2.56527814131086 0 0
2.56616228843442 0 0
2.56704674028755 0 0
2.5679314969753 0 0
2.56881655860272 0 0
2.56970192527491 0 0
2.57058759709702 0 0
2.57147357417421 0 0
2.57235985661169 0 0
2.57324644451471 0 0
2.57413333798855 0 0
2.57502053713853 0 0
2.57590804207 0 0
2.57679585288835 0 0
2.57768396969901 0 0
2.57857239260744 0 0
2.57946112171915 0 0
2.58035015713966 0 0
2.58123949897455 0 0
2.58212914732943 0 0
2.58301910230994 0 0
2.58390936402176 0 0
2.58479993257062 0 0
2.58569080806227 0 0
2.58658199060249 0 0
2.58747348029712 0 0
2.58836527725201 0 0
2.58925738157307 0 0
2.59014979336624 0 0
2.59104251273748 0 0
2.59193553979282 0 0
2.59282887463828 0 0
2.59372251737996 0 0
2.59461646812398 0 0
2.59551072697649 0 0
2.59640529404369 0 0
2.5973001694318 0 0
2.59819535324708 0 0
2.59909084559585 0 0
2.59998664658444 0 0
2.60088275631922 0 0
2.60177917490661 0 0
2.60267590245306 0 0
2.60357293906505 0 0
2.60447028484911 0 0
2.60536793991179 0 0
2.60626590435969 0 0
2.60716417829945 0 0
2.60806276183772 0 0
2.60896165508122 0 0
2.60986085813669 0 0
2.61076037111092 0 0
2.6116601941107 0 0
2.61256032724291 0 0
2.61346077061443 0 0
2.61436152433219 0 0
2.61526258850314 0 0
2.6161639632343 0 0
2.61706564863269 0 0
2.6179676448054 0 0
2.61886995185953 0 0
2.61977256990223 0 0
2.62067549904069 0 0
2.62157873938213 0 0
2.62248229103381 0 0
2.62338615410302 0 0
2.6242903286971 0 0
2.62519481492342 0 0
2.62609961288938 0 0
2.62700472270243 0 0
2.62791014447005 0 0
2.62881587829976 0 0
2.62972192429911 0 0
2.63062828257569 0 0
2.63153495323714 0 0
2.63244193639112 0 0
2.63334923214533 0 0
2.63425684060751 0 0
2.63516476188545 0 0
2.63607299608696 0 0
2.63698154331988 0 0
2.63789040369211 0 0
2.63879957731158 0 0
2.63970906428625 0 0
2.64061886472411 0 0
2.64152897873321 0 0
2.64243940642163 0 0
2.64335014789746 0 0
2.64426120326888 0 0
2.64517257264405 0 0
2.64608425613121 0 0
2.64699625383862 0 0
2.64790856587458 0 0
2.64882119234742 0 0
2.64973413336551 0 0
2.65064738903727 0 0
2.65156095947115 0 0
2.65247484477563 0 0
2.65338904505923 0 0
2.65430356043052 0 0
2.65521839099809 0 0
2.65613353687058 0 0
2.65704899815666 0 0
2.65796477496504 0 0
2.65888086740448 0 0
2.65979727558374 0 0
2.66071399961166 0 0
2.6616310395971 0 0
2.66254839564896 0 0
2.66346606787616 0 0
2.66438405638769 0 0
2.66530236129255 0 0
2.66622098269979 0 0
2.6671399207185 0 0
2.6680591754578 0 0
2.66897874702685 0 0
2.66989863553485 0 0
2.67081884109103 0 0
2.67173936380468 0 0
2.67266020378509 0 0
2.67358136114162 0 0
2.67450283598365 0 0
2.67542462842062 0 0
2.67634673856197 0 0
2.67726916651722 0 0
2.6781919123959 0 0
2.67911497630758 0 0
2.68003835836188 0 0
2.68096205866845 0 0
2.68188607733697 0 0
2.68281041447718 0 0
2.68373507019884 0 0
2.68466004461174 0 0
2.68558533782574 0 0
2.6865109499507 0 0
2.68743688109655 0 0
2.68836313137323 0 0
2.68928970089074 0 0
2.6902165897591 0 0
2.6911437980884 0 0
2.69207132598872 0 0
2.69299917357021 0 0
2.69392734094306 0 0
2.69485582821748 0 0
2.69578463550373 0 0
2.69671376291211 0 0
2.69764321055295 0 0
2.69857297853661 0 0
2.69950306697351 0 0
2.7004334759741 0 0
2.70136420564886 0 0
2.70229525610832 0 0
2.70322662746303 0 0
2.7041583198236 0 0
2.70509033330065 0 0
2.70602266800488 0 0
2.70695532404699 0 0
2.70788830153774 0 0
2.70882160058791 0 0
2.70975522130834 0 0
2.71068916380988 0 0
2.71162342820345 0 0
2.71255801459999 0 0
2.71349292311048 0 0
2.71442815384594 0 0
2.71536370691742 0 0
2.71629958243603 0 0
2.7172357805129 0 0
2.71817230125919 0 0
2.71910914478613 0 0
2.72004631120496 0 0
2.72098380062697 0 0
2.72192161316348 0 0
2.72285974892586 0 0
2.72379820802552 0 0
2.72473699057388 0 0
2.72567609668244 0 0
2.72661552646271 0 0
2.72755528002625 0 0
2.72849535748465 0 0
2.72943575894954 0 0
2.7303764845326 0 0
2.73131753434554 0 0
2.73225890850011 0 0
2.73320060710809 0 0
2.73414263028131 0 0
2.73508497813164 0 0
2.73602765077097 0 0
2.73697064831125 0 0
2.73791397086446 0 0
2.73885761854262 0 0
2.73980159145778 0 0
2.74074588972205 0 0
2.74169051344755 0 0
2.74263546274646 0 0
2.74358073773099 0 0
2.74452633851339 0 0
2.74547226520595 0 0
2.74641851792101 0 0
2.74736509677092 0 0
2.74831200186808 0 0
2.74925923332496 0 0
2.75020679125402 0 0
2.75115467576779 0 0
2.75210288697883 0 0
2.75305142499975 0 0
2.75400028994317 0 0
2.75494948192177 0 0
2.75589900104827 0 0
2.75684884743543 0 0
2.75779902119604 0 0
2.75874952244293 0 0
2.75970035128897 0 0
2.76065150784707 0 0
2.76160299223018 0 0
2.7625548045513 0 0
2.76350694492343 0 0
2.76445941345966 0 0
2.76541221027309 0 0
2.76636533547686 0 0
2.76731878918415 0 0
2.76827257150818 0 0
2.76922668256222 0 0
2.77018112245957 0 0
2.77113589131356 0 0
2.77209098923757 0 0
2.77304641634502 0 0
2.77400217274937 0 0
2.77495825856411 0 0
2.77591467390278 0 0
2.77687141887894 0 0
2.77782849360622 0 0
2.77878589819826 0 0
2.77974363276875 0 0
2.78070169743143 0 0
2.78166009230006 0 0
2.78261881748846 0 0
2.78357787311046 0 0
2.78453725927996 0 0
2.78549697611089 0 0
2.7864570237172 0 0
2.78741740221291 0 0
2.78837811171206 0 0
2.78933915232873 0 0
2.79030052417704 0 0
2.79126222737116 0 0
2.79222426202529 0 0
2.79318662825366 0 0
2.79414932617057 0 0
2.79511235589032 0 0
2.79607571752728 0 0
2.79703941119584 0 0
2.79800343701045 0 0
2.79896779508558 0 0
2.79993248553575 0 0
2.80089750847551 0 0
2.80186286401946 0 0
2.80282855228224 0 0
2.80379457337851 0 0
2.804760927423 0 0
2.80572761453045 0 0
2.80669463481567 0 0
2.80766198839347 0 0
2.80862967537875 0 0
2.8095976958864 0 0
2.81056605003137 0 0
2.81153473792867 0 0
2.81250375969332 0 0
2.8134731154404 0 0
2.814442805285 0 0
2.81541282934229 0 0
2.81638318772744 0 0
2.8173538805557 0 0
2.81832490794233 0 0
2.81929627000263 0 0
2.82026796685196 0 0
2.82123999860571 0 0
2.8222123653793 0 0
2.8231850672882 0 0
2.82415810444791 0 0
2.82513147697399 0 0
2.82610518498203 0 0
2.82707922858764 0 0
2.8280536079065 0 0
2.82902832305431 0 0
2.83000337414682 0 0
2.83097876129982 0 0
2.83195448462913 0 0
2.83293054425062 0 0
2.83390694028019 0 0
2.8348836728338 0 0
2.83586074202742 0 0
2.83683814797709 0 0
2.83781589079886 0 0
2.83879397060885 0 0
2.8397723875232 0 0
2.8407511416581 0 0
2.84173023312978 0 0
2.84270966205449 0 0
2.84368942854856 0 0
2.84466953272831 0 0
2.84564997471015 0 0
2.84663075461049 0 0
2.8476118725458 0 0
2.8485933286326 0 0
2.84957512298742 0 0
2.85055725572685 0 0
2.85153972696753 0 0
2.85252253682612 0 0
2.85350568541932 0 0
2.85448917286389 0 0
2.85547299927662 0 0
2.85645716477432 0 0
2.85744166947388 0 0
2.8584265134922 0 0
2.85941169694622 0 0
2.86039721995295 0 0
2.8613830826294 0 0
2.86236928509266 0 0
2.86335582745982 0 0
2.86434270984805 0 0
2.86532993237453 0 0
2.86631749515649 0 0
2.86730539831121 0 0
2.868293641956 0 0
2.86928222620821 0 0
2.87027115118524 0 0
2.87126041700452 0 0
2.87225002378352 0 0
2.87323997163976 0 0
2.8742302606908 0 0
2.87522089105423 0 0
2.87621186284769 0 0
2.87720317618885 0 0
2.87819483119543 0 0
2.87918682798519 0 0
2.88017916667593 0 0
2.8811718473855 0 0
2.88216487023176 0 0
2.88315823533263 0 0
2.88415194280609 0 0
2.88514599277013 0 0
2.8861403853428 0 0
2.88713512064217 0 0
2.88813019878638 0 0
2.88912561989358 0 0
2.89012138408199 0 0
2.89111749146984 0 0
2.89211394217543 0 0
2.89311073631708 0 0
2.89410787401316 0 0
2.89510535538209 0 0
2.8961031805423 0 0
2.8971013496123 0 0
2.89809986271061 0 0
2.8990987199558 0 0
2.90009792146649 0 0
2.90109746736134 0 0
2.90209735775904 0 0
2.90309759277832 0 0
2.90409817253796 0 0
2.90509909715679 0 0
2.90610036675365 0 0
2.90710198144745 0 0
2.90810394135713 0 0
2.90910624660168 0 0
2.9101088973001 0 0
2.91111189357148 0 0
2.91211523553491 0 0
2.91311892330954 0 0
2.91412295701455 0 0
2.91512733676918 0 0
2.9161320626927 0 0
2.91713713490441 0 0
2.91814255352366 0 0
2.91914831866985 0 0
2.92015443046242 0 0
2.92116088902083 0 0
2.9221676944646 0 0
2.9231748469133 0 0
2.92418234648651 0 0
2.92519019330388 0 0
2.92619838748509 0 0
2.92720692914987 0 0
2.92821581841796 0 0
2.92922505540919 0 0
2.9302346402434 0 0
2.93124457304046 0 0
2.93225485392032 0 0
2.93326548300295 0 0
2.93427646040834 0 0
2.93528778625656 0 0
2.9362994606677 0 0
2.9373114837619 0 0
2.93832385565933 0 0
2.9393365764802 0 0
2.94034964634479 0 0
2.9413630653734 0 0
2.94237683368635 0 0
2.94339095140404 0 0
2.9444054186469 0 0
2.94542023553539 0 0
2.94643540219002 0 0
2.94745091873134 0 0
2.94846678527994 0 0
2.94948300195646 0 0
2.95049956888156 0 0
2.95151648617597 0 0
2.95253375396045 0 0
2.95355137235579 0 0
2.95456934148283 0 0
2.95558766146247 0 0
2.95660633241561 0 0
2.95762535446324 0 0
2.95864472772635 0 0
2.959664452326 0 0
2.96068452838328 0 0
2.96170495601932 0 0
2.96272573535529 0 0
2.96374686651242 0 0
2.96476834961196 0 0
2.96579018477521 0 0
2.96681237212352 0 0
2.96783491177826 0 0
2.96885780386087 0 0
2.96988104849281 0 0
2.97090464579559 0 0
2.97192859589076 0 0
2.97295289889991 0 0
2.97397755494469 0 0
2.97500256414676 0 0
2.97602792662785 0 0
2.97705364250972 0 0
2.97807971191416 0 0
2.97910613496303 0 0
2.98013291177821 0 0
2.98116004248164 0 0
2.98218752719527 0 0
2.98321536604113 0 0
2.98424355914126 0 0
2.98527210661778 0 0
2.98630100859281 0 0
2.98733026518853 0 0
2.98835987652718 0 0
2.98938984273101 0 0
2.99042016392233 0 0
2.9914508402235 0 0
2.9924818717569 0 0
2.99351325864497 0 0
2.99454500101019 0 0
2.99557709897506 0 0
2.99660955266217 0 0
2.9976423621941 0 0
2.9986755276935 0 0
2.99970904928307 0 0
3.00074292708552 0 0
3.00177716122364 0 0
3.00281175182023 0 0
3.00384669899816 0 0
3.00488200288032 0 0
3.00591766358965 0 0
3.00695368124914 0 0
3.00799005598182 0 0
3.00902678791074 0 0
3.01006387715903 0 0
3.01110132384984 0 0
3.01213912810636 0 0
3.01317729005184 0 0
3.01421580980954 0 0
3.0152546875028 0 0
3.01629392325498 0 0
3.01733351718949 0 0
3.01837346942978 0 0
3.01941378009935 0 0
3.02045444932172 0 0
3.02149547722049 0 0
3.02253686391926 0 0
3.02357860954171 0 0
3.02462071421154 0 0
3.02566317805249 0 0
3.02670600118837 0 0
3.027749183743 0 0
3.02879272584027 0 0
3.02983662760408 0 0
3.03088088915841 0 0
3.03192551062726 0 0
3.03297049213468 0 0
3.03401583380476 0 0
3.03506153576162 0 0
3.03610759812946 0 0
3.03715402103248 0 0
3.03820080459495 0 0
3.03924794894117 0 0
3.04029545419549 0 0
3.04134332048231 0 0
3.04239154792605 0 0
3.04344013665119 0 0
3.04448908678225 0 0
3.04553839844379 0 0
3.04658807176041 0 0
3.04763810685677 0 0
3.04868850385756 0 0
3.0497392628875 0 0
3.05079038407138 0 0
3.05184186753401 0 0
3.05289371340026 0 0
3.05394592179504 0 0
3.05499849284328 0 0
3.05605142667 0 0
3.05710472340021 0 0
3.05815838315899 0 0
3.05921240607148 0 0
3.06026679226283 0 0
3.06132154185825 0 0
3.06237665498299 0 0
3.06343213176235 0 0
3.06448797232166 0 0
3.06554417678629 0 0
3.06660074528169 0 0
3.06765767793331 0 0
3.06871497486665 0 0
3.06977263620729 0 0
3.0708306620808 0 0
3.07188905261284 0 0
3.07294780792908 0 0
3.07400692815525 0 0
3.07506641341712 0 0
3.0761262638405 0 0
3.07718647955125 0 0
3.07824706067527 0 0
3.0793080073385 0 0
3.08036931966693 0 0
3.08143099778659 0 0
3.08249304182355 0 0
3.08355545190393 0 0
3.08461822815389 0 0
3.08568137069963 0 0
3.0867448796674 0 0
3.08780875518349 0 0
3.08887299737423 0 0
3.08993760636601 0 0
3.09100258228524 0 0
3.0920679252584 0 0
3.09313363541198 0 0
3.09419971287254 0 0
3.09526615776667 0 0
3.09633297022102 0 0
3.09740015036227 0 0
3.09846769831714 0 0
3.09953561421241 0 0
3.10060389817489 0 0
3.10167255033144 0 0
3.10274157080895 0 0
3.10381095973438 0 0
3.10488071723471 0 0
3.10595084343698 0 0
3.10702133846826 0 0
3.10809220245568 0 0
3.10916343552639 0 0
3.1102350378076 0 0
3.11130700942657 0 0
3.1123793505106 0 0
3.11345206118702 0 0
3.11452514158321 0 0
3.1155985918266 0 0
3.11667241204467 0 0
3.11774660236493 0 0
3.11882116291494 0 0
3.1198960938223 0 0
3.12097139521466 0 0
3.12204706721971 0 0
3.12312310996519 0 0
3.12419952357887 0 0
3.12527630818857 0 0
3.12635346392218 0 0
3.12743099090758 0 0
3.12850888927275 0 0
3.12958715914569 0 0
3.13066580065442 0 0
3.13174481392705 0 0
3.1328241990917 0 0
3.13390395627656 0 0
3.13498408560983 0 0
3.13606458721979 0 0
3.13714546123474 0 0
3.13822670778304 0 0
3.13930832699309 0 0
3.14039031899332 0 0
3.14147268391222 0 0
3.14255542187832 0 0
3.14363853302019 0 0
3.14472201746646 0 0
3.14580587534579 0 0
3.14689010678687 0 0
3.14797471191848 0 0
3.14905969086939 0 0
3.15014504376846 0 0
3.15123077074456 0 0
3.15231687192663 0 0
3.15340334744363 0 0
3.1544901974246 0 0
3.15557742199858 0 0
3.15666502129469 0 0
3.15775299544208 0 0
3.15884134456994 0 0
3.15993006880751 0 0
3.16101916828408 0 0
3.16210864312899 0 0
3.16319849347159 0 0
3.16428871944132 0 0
3.16537932116764 0 0
3.16647029878004 0 0
3.1675616524081 0 0
3.16865338218139 0 0
3.16974548822958 0 0
3.17083797068233 0 0
3.17193082966939 0 0
3.17302406532053 0 0
3.17411767776556 0 0
3.17521166713437 0 0
3.17630603355685 0 0
3.17740077716296 0 0
3.1784958980827 0 0
3.17959139644612 0 0
3.1806872723833 0 0
3.18178352602439 0 0
3.18288015749955 0 0
3.18397716693901 0 0
3.18507455447305 0 0
3.18617232023197 0 0
3.18727046434614 0 0
3.18836898694595 0 0
3.18946788816187 0 0
3.19056716812437 0 0
3.191666826964 0 0
3.19276686481134 0 0
3.19386728179703 0 0
3.19496807805172 0 0
3.19606925370616 0 0
3.19717080889108 0 0
3.19827274373732 0 0
3.19937505837571 0 0
3.20047775293716 0 0
3.20158082755262 0 0
3.20268428235306 0 0
3.20378811746953 0 0
3.20489233303311 0 0
3.20599692917491 0 0
3.20710190602612 0 0
3.20820726371794 0 0
3.20931300238164 0 0
3.21041912214851 0 0
3.21152562314992 0 0
3.21263250551726 0 0
3.21373976938196 0 0
3.21484741487552 0 0
3.21595544212947 0 0
3.21706385127538 0 0
3.21817264244488 0 0
3.21928181576964 0 0
3.22039137138136 0 0
3.22150130941181 0 0
3.22261162999279 0 0
3.22372233325616 0 0
3.2248334193338 0 0
3.22594488835766 0 0
3.22705674045972 0 0
3.22816897577201 0 0
3.22928159442662 0 0
3.23039459655566 0 0
3.2315079822913 0 0
3.23262175176576 0 0
3.23373590511129 0 0
3.2348504424602 0 0
3.23596536394484 0 0
3.23708066969761 0 0
3.23819635985094 0 0
3.23931243453733 0 0
3.24042889388931 0 0
3.24154573803945 0 0
3.24266296712039 0 0
3.24378058126478 0 0
3.24489858060535 0 0
3.24601696527486 0 0
3.24713573540612 0 0
3.24825489113197 0 0
3.24937443258532 0 0
3.2504943598991 0 0
3.25161467320633 0 0
3.25273537264001 0 0
3.25385645833325 0 0
3.25497793041917 0 0
3.25609978903094 0 0
3.25722203430178 0 0
3.25834466636496 0 0
3.25946768535379 0 0
3.26059109140162 0 0
3.26171488464186 0 0
3.26283906520797 0 0
3.26396363323342 0 0
3.26508858885178 0 0
3.26621393219662 0 0
3.26733966340157 0 0
3.26846578260032 0 0
3.2695922899266 0 0
3.27071918551417 0 0
3.27184646949685 0 0
3.27297414200851 0 0
3.27410220318306 0 0
3.27523065315445 0 0
3.27635949205668 0 0
3.27748872002381 0 0
3.27861833718993 0 0
3.27974834368917 0 0
3.28087873965574 0 0
3.28200952522385 0 0
3.2831407005278 0 0
3.2842722657019 0 0
3.28540422088054 0 0
3.28653656619812 0 0
3.28766930178911 0 0
3.28880242778803 0 0
3.28993594432943 0 0
3.29106985154791 0 0
3.29220414957814 0 0
3.29333883855479 0 0
3.29447391861262 0 0
3.29560938988642 0 0
3.29674525251103 0 0
3.29788150662132 0 0
3.29901815235222 0 0
3.30015518983871 0 0
3.30129261921582 0 0
3.30243044061861 0 0
3.3035686541822 0 0
3.30470726004174 0 0
3.30584625833245 0 0
3.30698564918959 0 0
3.30812543274845 0 0
3.30926560914438 0 0
3.31040617851278 0 0
3.31154714098908 0 0
3.31268849670879 0 0
3.31383024580743 0 0
3.31497238842058 0 0
3.31611492468387 0 0
3.31725785473298 0 0
3.31840117870364 0 0
3.3195448967316 0 0
3.32068900895268 0 0
3.32183351550275 0 0
3.32297841651772 0 0
3.32412371213354 0 0
3.32526940248621 0 0
3.32641548771179 0 0
3.32756196794636 0 0
3.32870884332608 0 0
3.32985611398714 0 0
3.33100378006577 0 0
3.33215184169826 0 0
3.33330029902093 0 0
3.33444915217017 0 0
3.3355984012824 0 0
3.3367480464941 0 0
3.33789808794178 0 0
3.33904852576201 0 0
3.3401993600914 0 0
3.34135059106661 0 0
3.34250221882436 0 0
3.3436542435014 0 0
3.34480666523452 0 0
3.34595948416058 0 0
3.34711270041647 0 0
3.34826631413915 0 0
3.34942032546558 0 0
3.35057473453283 0 0
3.35172954147797 0 0
3.35288474643812 0 0
3.35404034955048 0 0
3.35519635095228 0 0
3.35635275078077 0 0
3.35750954917329 0 0
3.35866674626721 0 0
3.35982434219993 0 0
3.36098233710893 0 0
3.36214073113171 0 0
3.36329952440584 0 0
3.36445871706891 0 0
3.36561830925859 0 0
3.36677830111257 0 0
3.3679386927686 0 0
3.36909948436448 0 0
3.37026067603804 0 0
3.37142226792719 0 0
3.37258426016985 0 0
3.37374665290401 0 0
3.37490944626772 0 0
3.37607264039904 0 0
3.3772362354361 0 0
3.37840023151709 0 0
3.37956462878022 0 0
3.38072942736376 0 0
3.38189462740604 0 0
3.38306022904543 0 0
3.38422623242032 0 0
3.3853926376692 0 0
3.38655944493056 0 0
3.38772665434297 0 0
3.38889426604503 0 0
3.39006228017539 0 0
3.39123069687275 0 0
3.39239951627586 0 0
3.39356873852353 0 0
3.39473836375458 0 0
3.39590839210792 0 0
3.39707882372248 0 0
3.39824965873725 0 0
3.39942089729128 0 0
3.40059253952363 0 0
3.40176458557344 0 0
3.4029370355799 0 0
3.40410988968223 0 0
3.4052831480197 0 0
3.40645681073164 0 0
3.40763087795741 0 0
3.40880534983645 0 0
3.40998022650822 0 0
3.41115550811222 0 0
3.41233119478804 0 0
3.41350728667527 0 0
3.41468378391358 0 0
3.41586068664267 0 0
3.41703799500231 0 0
3.41821570913229 0 0
3.41939382917247 0 0
3.42057235526275 0 0
3.42175128754308 0 0
3.42293062615345 0 0
3.42411037123392 0 0
3.42529052292457 0 0
3.42647108136555 0 0
3.42765204669705 0 0
3.4288334190593 0 0
3.43001519859259 0 0
3.43119738543726 0 0
3.4323799797337 0 0
3.43356298162232 0 0
3.43474639124363 0 0
3.43593020873813 0 0
3.43711443424642 0 0
3.43829906790911 0 0
3.43948410986688 0 0
3.44066956026046 0 0
3.44185541923061 0 0
3.44304168691816 0 0
3.44422836346396 0 0
3.44541544900895 0 0
3.44660294369408 0 0
3.44779084766037 0 0
3.44897916104888 0 0
3.45016788400073 0 0
3.45135701665706 0 0
3.4525465591591 0 0
3.45373651164809 0 0
3.45492687426535 0 0
3.45611764715223 0 0
3.45730883045013 0 0
3.4585004243005 0 0
3.45969242884485 0 0
3.46088484422472 0 0
3.46207767058171 0 0
3.46327090805747 0 0
3.4644645567937 0 0
3.46565861693214 0 0
3.46685308861458 0 0
3.46804797198287 0 0
3.46924326717889 0 0
3.4704389743446 0 0
3.47163509362197 0 0
3.47283162515304 0 0
3.47402856907991 0 0
3.4752259255447 0 0
3.47642369468961 0 0
3.47762187665687 0 0
3.47882047158875 0 0
3.48001947962761 0 0
3.4812189009158 0 0
3.48241873559577 0 0
3.48361898380999 0 0
3.48481964570099 0 0
3.48602072141135 0 0
3.4872222110837 0 0
3.48842411486071 0 0
3.48962643288511 0 0
3.49082916529967 0 0
3.49203231224721 0 0
3.49323587387061 0 0
3.49443985031279 0 0
3.49564424171672 0 0
3.49684904822543 0 0
3.49805426998197 0 0
3.49925990712947 0 0
3.5004659598111 0 0
3.50167242817008 0 0
3.50287931234967 0 0
3.50408661249319 0 0
3.505294328744 0 0
3.50650246124553 0 0
3.50771101014123 0 0
3.50891997557462 0 0
3.51012935768926 0 0
3.51133915662877 0 0
3.51254937253681 0 0
3.51376000555709 0 0
3.51497105583337 0 0
3.51618252350946 0 0
3.51739440872923 0 0
3.51860671163659 0 0
3.51981943237549 0 0
3.52103257108994 0 0
3.52224612792401 0 0
3.5234601030218 0 0
3.52467449652747 0 0
3.52588930858522 0 0
3.52710453933933 0 0
3.52832018893409 0 0
3.52953625751386 0 0
3.53075274522305 0 0
3.53196965220612 0 0
3.53318697860757 0 0
3.53440472457196 0 0
3.53562289024389 0 0
3.53684147576803 0 0
3.53806048128907 0 0
3.53927990695177 0 0
3.54049975290095 0 0
3.54172001928145 0 0
3.54294070623818 0 0
3.54416181391609 0 0
3.5453833424602 0 0
3.54660529201555 0 0
3.54782766272726 0 0
3.54905045474047 0 0
3.5502736682004 0 0
3.5514973032523 0 0
3.55272136004147 0 0
3.55394583871327 0 0
3.5551707394131 0 0
3.55639606228643 0 0
3.55762180747876 0 0
3.55884797513564 0 0
3.56007456540268 0 0
3.56130157842553 0 0
3.56252901434991 0 0
3.56375687332158 0 0
3.56498515548632 0 0
3.56621386099002 0 0
3.56744298997857 0 0
3.56867254259793 0 0
3.5699025189941 0 0
3.57113291931316 0 0
3.5723637437012 0 0
3.57359499230439 0 0
3.57482666526894 0 0
3.5760587627411 0 0
3.57729128486719 0 0
3.57852423179357 0 0
3.57975760366664 0 0
3.58099140063288 0 0
3.58222562283879 0 0
3.58346027043094 0 0
3.58469534355593 0 0
3.58593084236044 0 0
3.58716676699118 0 0
3.58840311759491 0 0
3.58963989431845 0 0
3.59087709730866 0 0
3.59211472671246 0 0
3.59335278267683 0 0
3.59459126534877 0 0
3.59583017487535 0 0
3.5970695114037 0 0
3.59830927508099 0 0
3.59954946605443 0 0
3.6007900844713 0 0
3.60203113047892 0 0
3.60327260422466 0 0
3.60451450585595 0 0
3.60575683552026 0 0
3.60699959336512 0 0
3.60824277953811 0 0
3.60948639418684 0 0
3.61073043745901 0 0
3.61197490950233 0 0
3.61321981046459 0 0
3.61446514049362 0 0
3.61571089973731 0 0
3.61695708834357 0 0
3.61820370646041 0 0
3.61945075423584 0 0
3.62069823181797 0 0
3.62194613935492 0 0
3.62319447699489 0 0
3.6244432448861 0 0
3.62569244317687 0 0
3.62694207201551 0 0
3.62819213155043 0 0
3.62944262193007 0 0
3.63069354330293 0 0
3.63194489581754 0 0
3.63319667962252 0 0
3.6344488948665 0 0
3.63570154169818 0 0
3.63695462026632 0 0
3.63820813071972 0 0
3.63946207320723 0 0
3.64071644787775 0 0
3.64197125488025 0 0
3.64322649436372 0 0
3.64448216647723 0 0
3.64573827136989 0 0
3.64699480919086 0 0
3.64825178008936 0 0
3.64950918421463 0 0
3.65076702171601 0 0
3.65202529274286 0 0
3.65328399744459 0 0
3.65454313597069 0 0
3.65580270847066 0 0
3.65706271509408 0 0
3.65832315599058 0 0
3.65958403130984 0 0
3.66084534120157 0 0
3.66210708581557 0 0
3.66336926530165 0 0
3.66463187980972 0 0
3.66589492948969 0 0
3.66715841449155 0 0
3.66842233496535 0 0
3.66968669106117 0 0
3.67095148292916 0 0
3.6722167107195 0 0
3.67348237458244 0 0
3.67474847466828 0 0
3.67601501112736 0 0
3.67728198411009 0 0
3.67854939376692 0 0
3.67981724024835 0 0
3.68108552370494 0 0
3.68235424428729 0 0
3.68362340214607 0 0
3.68489299743198 0 0
3.68616303029579 0 0
3.68743350088832 0 0
3.68870440936043 0 0
3.68997575586304 0 0
3.69124754054712 0 0
3.6925197635637 0 0
3.69379242506385 0 0
3.6950655251987 0 0
3.69633906411942 0 0
3.69761304197726 0 0
3.69888745892349 0 0
3.70016231510945 0 0
3.70143761068653 0 0
3.70271334580616 0 0
3.70398952061985 0 0
3.70526613527913 0 0
3.70654318993561 0 0
3.70782068474092 0 0
3.70909861984678 0 0
3.71037699540493 0 0
3.71165581156718 0 0
3.7129350684854 0 0
3.71421476631149 0 0
3.71549490519741 0 0
3.71677548529518 0 0
3.71805650675687 0 0
3.7193379697346 0 0
3.72061987438053 0 0
3.72190222084691 0 0
3.72318500928599 0 0
3.72446823985012 0 0
3.72575191269167 0 0
3.72703602796309 0 0
3.72832058581685 0 0
3.7296055864055 0 0
3.73089102988163 0 0
3.73217691639789 0 0
3.73346324610697 0 0
3.73475001916163 0 0
3.73603723571467 0 0
3.73732489591894 0 0
3.73861299992735 0 0
3.73990154789286 0 0
3.7411905399685 0 0
3.74247997630732 0 0
3.74376985706244 0 0
3.74506018238704 0 0
3.74635095243433 0 0
3.74764216735761 0 0
3.7489338273102 0 0
3.75022593244548 0 0
3.75151848291689 0 0
3.75281147887792 0 0
3.75410492048211 0 0
3.75539880788306 0 0
3.75669314123441 0 0
3.75798792068986 0 0
3.75928314640318 0 0
3.76057881852816 0 0
3.76187493721866 0 0
3.76317150262861 0 0
3.76446851491196 0 0
3.76576597422273 0 0
3.767063880715 0 0
3.7683622345429 0 0
3.76966103586059 0 0
3.77096028482231 0 0
3.77225998158235 0 0
3.77356012629505 0 0
3.77486071911478 0 0
3.77616176019601 0 0
3.77746324969323 0 0
3.77876518776098 0 0
3.78006757455388 0 0
3.78137041022657 0 0
3.78267369493377 0 0
3.78397742883025 0 0
3.78528161207082 0 0
3.78658624481035 0 0
3.78789132720377 0 0
3.78919685940605 0 0
3.79050284157222 0 0
3.79180927385737 0 0
3.79311615641664 0 0
3.79442348940521 0 0
3.79573127297833 0 0
3.79703950729131 0 0
3.79834819249949 0 0
3.79965732875827 0 0
3.80096691622312 0 0
3.80227695504955 0 0
3.80358744539312 0 0
3.80489838740945 0 0
3.80620978125423 0 0
3.80752162708316 0 0
3.80883392505204 0 0
3.8101466753167 0 0
3.81145987803303 0 0
3.81277353335696 0 0
3.8140876414445 0 0
3.81540220245169 0 0
3.81671721653464 0 0
3.8180326838495 0 0
3.81934860455248 0 0
3.82066497879985 0 0
3.82198180674793 0 0
3.82329908855309 0 0
3.82461682437175 0 0
3.82593501436039 0 0
3.82725365867555 0 0
3.82857275747382 0 0
3.82989231091184 0 0
3.8312123191463 0 0
3.83253278233396 0 0
3.83385370063161 0 0
3.83517507419612 0 0
3.8364969031844 0 0
3.83781918775341 0 0
3.83914192806017 0 0
3.84046512426177 0 0
3.84178877651531 0 0
3.843112884978 0 0
3.84443744980707 0 0
3.8457624711598 0 0
3.84708794919354 0 0
3.8484138840657 0 0
3.84974027593371 0 0
3.85106712495511 0 0
3.85239443128743 0 0
3.85372219508831 0 0
3.85505041651542 0 0
3.85637909572646 0 0
3.85770823287924 0 0
3.85903782813158 0 0
3.86036788164136 0 0
3.86169839356654 0 0
3.86302936406511 0 0
3.86436079329512 0 0
3.86569268141467 0 0
3.86702502858194 0 0
3.86835783495512 0 0
3.8696911006925 0 0
3.8710248259524 0 0
3.87235901089318 0 0
3.8736936556733 0 0
3.87502876045124 0 0
3.87636432538553 0 0
3.87770035063478 0 0
3.87903683635763 0 0
3.88037378271281 0 0
3.88171118985905 0 0
3.88304905795519 0 0
3.88438738716009 0 0
3.88572617763268 0 0
3.88706542953194 0 0
3.8884051430169 0 0
3.88974531824665 0 0
3.89108595538034 0 0
3.89242705457717 0 0
3.89376861599639 0 0
3.89511063979731 0 0
3.89645312613929 0 0
3.89779607518176 0 0
3.89913948708419 0 0
3.9004833620061 0 0
3.90182770010709 0 0
3.90317250154678 0 0
3.90451776648488 0 0
3.90586349508114 0 0
3.90720968749535 0 0
3.90855634388737 0 0
3.90990346441713 0 0
3.91125104924459 0 0
3.91259909852977 0 0
3.91394761243276 0 0
3.91529659111368 0 0
3.91664603473274 0 0
3.91799594345017 0 0
3.91934631742627 0 0
3.92069715682141 0 0
3.92204846179599 0 0
3.92340023251048 0 0
3.92475246912539 0 0
3.92610517180132 0 0
3.92745834069888 0 0
3.92881197597877 0 0
3.93016607780173 0 0
3.93152064632856 0 0
3.93287568172011 0 0
3.93423118413729 0 0
3.93558715374106 0 0
3.93694359069246 0 0
3.93830049515254 0 0
3.93965786728245 0 0
3.94101570724337 0 0
3.94237401519654 0 0
3.94373279130327 0 0
3.94509203572489 0 0
3.94645174862283 0 0
3.94781193015855 0 0
3.94917258049357 0 0
3.95053369978946 0 0
3.95189528820785 0 0
3.95325734591044 0 0
3.95461987305897 0 0
3.95598286981523 0 0
3.95734633634108 0 0
3.95871027279843 0 0
3.96007467934925 0 0
3.96143955615556 0 0
3.96280490337944 0 0
3.96417072118301 0 0
3.96553700972848 0 0
3.96690376917809 0 0
3.96827099969413 0 0
3.96963870143897 0 0
3.97100687457501 0 0
3.97237551926473 0 0
3.97374463567066 0 0
3.97511422395537 0 0
3.97648428428151 0 0
3.97785481681176 0 0
3.97922582170887 0 0
3.98059729913566 0 0
3.98196924925498 0 0
3.98334167222975 0 0
3.98471456822294 0 0
3.98608793739759 0 0
3.98746177991678 0 0
3.98883609594366 0 0
3.99021088564142 0 0
3.99158614917331 0 0
3.99296188670266 0 0
3.99433809839282 0 0
3.99571478440722 0 0
3.99709194490935 0 0
3.99846958006273 0 0
3.99984769003096 0 0
4.0012262749777 0 0
4.00260533506664 0 0
4.00398487046154 0 0
4.00536488132624 0 0
4.0067453678246 0 0
4.00812633012055 0 0
4.00950776837808 0 0
4.01088968276124 0 0
4.01227207343412 0 0
4.01365494056089 0 0
4.01503828430577 0 0
4.01642210483301 0 0
4.01780640230695 0 0
4.01919117689197 0 0
4.02057642875251 0 0
4.02196215805307 0 0
4.02334836495821 0 0
4.02473504963254 0 0
4.02612221224071 0 0
4.02750985294747 0 0
4.02889797191758 0 0
4.03028656931589 0 0
4.03167564530729 0 0
4.03306520005674 0 0
4.03445523372923 0 0
4.03584574648984 0 0
4.03723673850369 0 0
4.03862820993596 0 0
4.04002016095188 0 0
4.04141259171675 0 0
4.04280550239592 0 0
4.04419889315478 0 0
4.04559276415882 0 0
4.04698711557355 0 0
4.04838194756454 0 0
4.04977726029744 0 0
4.05117305393792 0 0
4.05256932865176 0 0
4.05396608460474 0 0
4.05536332196274 0 0
4.05676104089167 0 0
4.05815924155751 0 0
4.0595579241263 0 0
4.06095708876413 0 0
4.06235673563714 0 0
4.06375686491156 0 0
4.06515747675363 0 0
4.06655857132969 0 0
4.06796014880611 0 0
4.06936220934932 0 0
4.07076475312582 0 0
4.07216778030217 0 0
4.07357129104496 0 0
4.07497528552087 0 0
4.07637976389662 0 0
4.07778472633898 0 0
4.07919017301481 0 0
4.08059610409098 0 0
4.08200251973446 0 0
4.08340942011226 0 0
4.08481680539144 0 0
4.08622467573913 0 0
4.08763303132252 0 0
4.08904187230884 0 0
4.09045119886539 0 0
4.09186101115953 0 0
4.09327130935868 0 0
4.0946820936303 0 0
4.09609336414193 0 0
4.09750512106115 0 0
4.0989173645556 0 0
4.100330094793 0 0
4.10174331194109 0 0
4.1031570161677 0 0
4.10457120764071 0 0
4.10598588652805 0 0
4.10740105299771 0 0
4.10881670721773 0 0
4.11023284935624 0 0
4.11164947958139 0 0
4.11306659806141 0 0
4.11448420496457 0 0
4.11590230045923 0 0
4.11732088471377 0 0
4.11873995789665 0 0
4.12015952017639 0 0
4.12157957172155 0 0
4.12300011270078 0 0
4.12442114328274 0 0
4.1258426636362 0 0
4.12726467392996 0 0
4.12868717433287 0 0
4.13011016501387 0 0
4.13153364614192 0 0
4.13295761788607 0 0
4.1343820804154 0 0
4.13580703389909 0 0
4.13723247850632 0 0
4.13865841440639 0 0
4.14008484176861 0 0
4.14151176076237 0 0
4.14293917155712 0 0
4.14436707432236 0 0
4.14579546922766 0 0
4.14722435644263 0 0
4.14865373613695 0 0
4.15008360848037 0 0
4.15151397364267 0 0
4.15294483179371 0 0
4.15437618310341 0 0
4.15580802774174 0 0
4.15724036587873 0 0
4.15867319768446 0 0
4.16010652332908 0 0
4.1615403429828 0 0
4.16297465681589 0 0
4.16440946499867 0 0
4.16584476770152 0 0
4.16728056509488 0 0
4.16871685734925 0 0
4.17015364463519 0 0
4.17159092712332 0 0
4.17302870498431 0 0
4.1744669783889 0 0
4.17590574750788 0 0
4.1773450125121 0 0
4.17878477357248 0 0
4.18022503085999 0 0
4.18166578454565 0 0
4.18310703480056 0 0
4.18454878179586 0 0
4.18599102570275 0 0
4.18743376669251 0 0
4.18887700493646 0 0
4.19032074060597 0 0
4.1917649738725 0 0
4.19320970490754 0 0
4.19465493388266 0 0
4.19610066096947 0 0
4.19754688633965 0 0
4.19899361016494 0 0
4.20044083261715 0 0
4.20188855386811 0 0
4.20333677408976 0 0
4.20478549345406 0 0
4.20623471213306 0 0
4.20768443029883 0 0
4.20913464812354 0 0
4.2105853657794 0 0
4.21203658343868 0 0
4.21348830127371 0 0
4.21494051945688 0 0
4.21639323816064 0 0
4.2178464575575 0 0
4.21930017782003 0 0
4.22075439912085 0 0
4.22220912163266 0 0
4.2236643455282 0 0
4.22512007098027 0 0
4.22657629816175 0 0
4.22803302724556 0 0
4.22949025840468 0 0
4.23094799181216 0 0
4.23240622764111 0 0
4.23386496606468 0 0
4.2353242072561 0 0
4.23678395138866 0 0
4.2382441986357 0 0
4.23970494917063 0 0
4.24116620316689 0 0
4.24262796079803 0 0
4.24409022223761 0 0
4.24555298765929 0 0
4.24701625723676 0 0
4.24848003114379 0 0
4.2499443095542 0 0
4.25140909264187 0 0
4.25287438058074 0 0
4.25434017354481 0 0
4.25580647170816 0 0
4.25727327524488 0 0
4.25874058432918 0 0
4.26020839913529 0 0
4.2616767198375 0 0
4.2631455466102 0 0
4.26461487962779 0 0
4.26608471906476 0 0
4.26755506509564 0 0
4.26902591789505 0 0
4.27049727763765 0 0
4.27196914449815 0 0
4.27344151865135 0 0
4.27491440027207 0 0
4.27638778953524 0 0
4.27786168661581 0 0
4.2793360916888 0 0
4.2808110049293 0 0
4.28228642651246 0 0
4.28376235661347 0 0
4.28523879540761 0 0
4.2867157430702 0 0
4.28819319977663 0 0
4.28967116570234 0 0
4.29114964102284 0 0
4.2926286259137 0 0
4.29410812055054 0 0
4.29558812510907 0 0
4.29706863976501 0 0
4.29854966469419 0 0
4.30003120007248 0 0
4.3015132460758 0 0
4.30299580288015 0 0
4.30447887066158 0 0
4.3059624495962 0 0
4.30744653986019 0 0
4.30893114162978 0 0
4.31041625508126 0 0
4.311901880391 0 0
4.31338801773541 0 0
4.31487466729097 0 0
4.31636182923421 0 0
4.31784950374173 0 0
4.3193376909902 0 0
4.32082639115633 0 0
4.32231560441691 0 0
4.32380533094878 0 0
4.32529557092885 0 0
4.32678632453407 0 0
4.32827759194148 0 0
4.32976937332815 0 0
4.33126166887125 0 0
4.33275447874798 0 0
4.3342478031356 0 0
4.33574164221145 0 0
4.33723599615292 0 0
4.33873086513746 0 0
4.34022624934259 0 0
4.34172214894589 0 0
4.34321856412499 0 0
4.34471549505758 0 0
4.34621294192143 0 0
4.34771090489436 0 0
4.34920938415426 0 0
4.35070837987905 0 0
4.35220789224675 0 0
4.35370792143543 0 0
4.35520846762321 0 0
4.35670953098827 0 0
4.35821111170888 0 0
4.35971320996334 0 0
4.36121582593002 0 0
4.36271895978736 0 0
4.36422261171385 0 0
4.36572678188805 0 0
4.36723147048859 0 0
4.36873667769413 0 0
4.37024240368343 0 0
4.37174864863528 0 0
4.37325541272856 0 0
4.37476269614218 0 0
4.37627049905515 0 0
4.3777788216465 0 0
4.37928766409534 0 0
4.38079702658087 0 0
4.3823069092823 0 0
4.38381731237894 0 0
4.38532823605014 0 0
4.38683968047533 0 0
4.38835164583399 0 0
4.38986413230566 0 0
4.39137714006995 0 0
4.39289066930653 0 0
4.39440472019513 0 0
4.39591929291554 0 0
4.39743438764762 0 0
4.39895000457127 0 0
4.40046614386649 0 0
4.40198280571331 0 0
4.40349999029182 0 0
4.40501769778221 0 0
4.40653592836469 0 0
4.40805468221954 0 0
4.40957395952714 0 0
4.41109376046787 0 0
4.41261408522223 0 0
4.41413493397074 0 0
4.41565630689402 0 0
4.41717820417271 0 0
4.41870062598754 0 0
4.4202235725193 0 0
4.42174704394884 0 0
4.42327104045707 0 0
4.42479556222496 0 0
4.42632060943355 0 0
4.42784618226393 0 0
4.42937228089727 0 0
4.43089890551478 0 0
4.43242605629777 0 0
4.43395373342756 0 0
4.43548193708558 0 0
4.43701066745329 0 0
4.43853992471223 0 0
4.44006970904401 0 0
4.44160002063027 0 0
4.44313085965274 0 0
4.44466222629322 0 0
4.44619412073353 0 0
4.44772654315561 0 0
4.44925949374142 0 0
4.450792972673 0 0
4.45232698013245 0 0
4.45386151630192 0 0
4.45539658136365 0 0
4.45693217549992 0 0
4.45846829889309 0 0
4.46000495172556 0 0
4.46154213417982 0 0
4.46307984643839 0 0
4.46461808868389 0 0
4.46615686109898 0 0
4.46769616386638 0 0
4.4692359971689 0 0
4.47077636118937 0 0
4.47231725611072 0 0
4.47385868211593 0 0
4.47540063938804 0 0
4.47694312811016 0 0
4.47848614846545 0 0
4.48002970063716 0 0
4.48157378480856 0 0
4.48311840116303 0 0
4.48466354988399 0 0
4.48620923115492 0 0
4.48775544515936 0 0
4.48930219208093 0 0
4.49084947210331 0 0
4.49239728541023 0 0
4.4939456321855 0 0
4.49549451261297 0 0
4.49704392687658 0 0
4.49859387516033 0 0
4.50014435764825 0 0
4.50169537452448 0 0
4.50324692597319 0 0
4.50479901217864 0 0
4.50635163332512 0 0
4.50790478959701 0 0
4.50945848117875 0 0
4.51101270825484 0 0
4.51256747100984 0 0
4.51412276962837 0 0
4.51567860429514 0 0
4.51723497519488 0 0
4.51879188251242 0 0
4.52034932643264 0 0
4.52190730714049 0 0
4.52346582482097 0 0
4.52502487965916 0 0
4.52658447184019 0 0
4.52814460154927 0 0
4.52970526897165 0 0
4.53126647429267 0 0
4.53282821769772 0 0
4.53439049937225 0 0
4.53595331950178 0 0
4.5375166782719 0 0
4.53908057586825 0 0
4.54064501247655 0 0
4.54220998828257 0 0
4.54377550347215 0 0
4.5453415582312 0 0
4.54690815274567 0 0
4.54847528720161 0 0
4.55004296178511 0 0
4.55161117668233 0 0
4.55317993207949 0 0
4.55474922816288 0 0
4.55631906511886 0 0
4.55788944313384 0 0
4.5594603623943 0 0
4.56103182308679 0 0
4.56260382539791 0 0
4.56417636951435 0 0
4.56574945562283 0 0
4.56732308391017 0 0
4.56889725456323 0 0
4.57047196776894 0 0
4.57204722371429 0 0
4.57362302258636 0 0
4.57519936457225 0 0
4.57677624985916 0 0
4.57835367863435 0 0
4.57993165108513 0 0
4.58151016739889 0 0
4.58308922776307 0 0
4.58466883236518 0 0
4.58624898139281 0 0
4.58782967503359 0 0
4.58941091347523 0 0
4.5909926969055 0 0
4.59257502551223 0 0
4.59415789948333 0 0
4.59574131900676 0 0
4.59732528427055 0 0
4.5989097954628 0 0
4.60049485277166 0 0
4.60208045638536 0 0
4.60366660649218 0 0
4.60525330328049 0 0
4.6068405469387 0 0
4.60842833765529 0 0
4.61001667561881 0 0
4.61160556101788 0 0
4.61319499404118 0 0
4.61478497487745 0 0
4.61637550371549 0 0
4.61796658074419 0 0
4.61955820615247 0 0
4.62115038012936 0 0
4.6227431028639 0 0
4.62433637454525 0 0
4.62593019536259 0 0
4.6275245655052 0 0
4.6291194851624 0 0
4.6307149545236 0 0
4.63231097377824 0 0
4.63390754311585 0 0
4.63550466272604 0 0
4.63710233279844 0 0
4.6387005535228 0 0
4.64029932508888 0 0
4.64189864768655 0 0
4.64349852150572 0 0
4.64509894673639 0 0
4.64669992356858 0 0
4.64830145219243 0 0
4.64990353279811 0 0
4.65150616557587 0 0
4.65310935071601 0 0
4.65471308840892 0 0
4.65631737884504 0 0
4.65792222221488 0 0
4.659527618709 0 0
4.66113356851805 0 0
4.66274007183274 0 0
4.66434712884383 0 0
4.66595473974216 0 0
4.66756290471864 0 0
4.66917162396422 0 0
4.67078089766996 0 0
4.67239072602694 0 0
4.67400110922633 0 0
4.67561204745937 0 0
4.67722354091735 0 0
4.67883558979163 0 0
4.68044819427365 0 0
4.68206135455489 0 0
4.68367507082693 0 0
4.68528934328139 0 0
4.68690417210995 0 0
4.68851955750439 0 0
4.69013549965653 0 0
4.69175199875825 0 0
4.69336905500152 0 0
4.69498666857836 0 0
4.69660483968086 0 0
4.69822356850118 0 0
4.69984285523154 0 0
4.70146270006423 0 0
4.7030831031916 0 0
4.70470406480608 0 0
4.70632558510015 0 0
4.70794766426637 0 0
4.70957030249735 0 0
4.7111934999858 0 0
4.71281725692444 0 0
4.71444157350612 0 0
4.71606644992371 0 0
4.71769188637017 0 0
4.71931788303852 0 0
4.72094444012183 0 0
4.72257155781328 0 0
4.72419923630606 0 0
4.72582747579347 0 0
4.72745627646886 0 0
4.72908563852565 0 0
4.73071556215733 0 0
4.73234604755744 0 0
4.73397709491961 0 0
4.73560870443752 0 0
4.73724087630492 0 0
4.73887361071563 0 0
4.74050690786354 0 0
4.7421407679426 0 0
4.74377519114684 0 0
4.74541017767032 0 0
4.74704572770722 0 0
4.74868184145175 0 0
4.75031851909819 0 0
4.7519557608409 0 0
4.75359356687431 0 0
4.7552319373929 0 0
4.75687087259122 0 0
4.7585103726639 0 0
4.76015043780562 0 0
4.76179106821115 0 0
4.7634322640753 0 0
4.76507402559298 0 0
4.76671635295912 0 0
4.76835924636877 0 0
4.77000270601701 0 0
4.77164673209899 0 0
4.77329132480996 0 0
4.7749364843452 0 0
4.77658221090007 0 0
4.77822850467 0 0
4.7798753658505 0 0
4.78152279463711 0 0
4.78317079122547 0 0
4.78481935581129 0 0
4.78646848859032 0 0
4.7881181897584 0 0
4.78976845951143 0 0
4.79141929804538 0 0
4.79307070555628 0 0
4.79472268224023 0 0
4.79637522829342 0 0
4.79802834391207 1.4142135623731 2.35513868802566e-16
4.79968202929249 1.4142135623731 2.35513868802566e-16
4.80133628463106 1.4142135623731 2.35513868802566e-16
4.80299111012421 1.4142135623731 2.35513868802566e-16
4.80464650596846 1.4142135623731 2.35513868802566e-16
4.80630247236038 1.4142135623731 2.35513868802566e-16
4.80795900949663 1.4142135623731 2.35513868802566e-16
4.8096161175739 1.4142135623731 2.35513868802566e-16
4.81127379678898 1.4142135623731 2.35513868802566e-16
4.81293204733872 1.4142135623731 2.35513868802566e-16
4.81459086942003 1.4142135623731 2.35513868802566e-16
4.8162502632299 1.4142135623731 2.35513868802566e-16
4.81791022896538 1.4142135623731 2.35513868802566e-16
4.81957076682359 1.4142135623731 2.35513868802566e-16
4.82123187700171 1.4142135623731 2.35513868802566e-16
4.82289355969701 1.4142135623731 2.35513868802566e-16
4.8245558151068 1.4142135623731 2.35513868802566e-16
4.82621864342848 1.4142135623731 2.35513868802566e-16
4.8278820448595 1.4142135623731 2.35513868802566e-16
4.8295460195974 1.4142135623731 2.35513868802566e-16
4.83121056783977 1.4142135623731 2.35513868802566e-16
4.83287568978427 1.4142135623731 2.35513868802566e-16
4.83454138562863 1.4142135623731 2.35513868802566e-16
4.83620765557066 1.4142135623731 2.35513868802566e-16
4.83787449980822 1.4142135623731 2.35513868802566e-16
4.83954191853925 1.4142135623731 2.35513868802566e-16
4.84120991196175 1.4142135623731 2.35513868802566e-16
4.8428784802738 1.4142135623731 2.35513868802566e-16
4.84454762367354 1.4142135623731 2.35513868802566e-16
4.84621734235917 1.4142135623731 2.35513868802566e-16
4.84788763652898 1.4142135623731 2.35513868802566e-16
4.8495585063813 1.4142135623731 2.35513868802566e-16
4.85122995211456 1.4142135623731 2.35513868802566e-16
4.85290197392724 1.4142135623731 2.35513868802566e-16
4.85457457201789 1.4142135623731 2.35513868802566e-16
4.85624774658513 1.4142135623731 2.35513868802566e-16
4.85792149782764 1.4142135623731 2.35513868802566e-16
4.85959582594419 1.4142135623731 2.35513868802566e-16
4.86127073113359 1.4142135623731 2.35513868802566e-16
4.86294621359474 1.4142135623731 2.35513868802566e-16
4.86462227352661 1.4142135623731 2.35513868802566e-16
4.86629891112823 1.4142135623731 2.35513868802566e-16
4.86797612659868 1.4142135623731 2.35513868802566e-16
4.86965392013715 1.4142135623731 2.35513868802566e-16
4.87133229194286 1.4142135623731 2.35513868802566e-16
4.87301124221513 1.4142135623731 2.35513868802566e-16
4.87469077115333 1.4142135623731 2.35513868802566e-16
4.87637087895689 1.4142135623731 2.35513868802566e-16
4.87805156582534 1.4142135623731 2.35513868802566e-16
4.87973283195825 1.4142135623731 2.35513868802566e-16
4.88141467755526 1.4142135623731 2.35513868802566e-16
4.88309710281611 1.4142135623731 2.35513868802566e-16
4.88478010794057 1.4142135623731 2.35513868802566e-16
4.8864636931285 1.4142135623731 2.35513868802566e-16
4.88814785857982 1.4142135623731 2.35513868802566e-16
4.88983260449453 1.4142135623731 2.35513868802566e-16
4.89151793107269 1.4142135623731 2.35513868802566e-16
4.89320383851444 1.4142135623731 2.35513868802566e-16
4.89489032701996 1.4142135623731 2.35513868802566e-16
4.89657739678953 1.4142135623731 2.35513868802566e-16
4.89826504802349 1.4142135623731 2.35513868802566e-16
4.89995328092224 1.4142135623731 2.35513868802566e-16
4.90164209568627 1.4142135623731 2.35513868802566e-16
4.90333149251611 1.4142135623731 2.35513868802566e-16
4.90502147161238 1.4142135623731 2.35513868802566e-16
4.90671203317577 1.4142135623731 2.35513868802566e-16
4.90840317740702 1.4142135623731 2.35513868802566e-16
4.91009490450697 1.4142135623731 2.35513868802566e-16
4.91178721467649 1.4142135623731 2.35513868802566e-16
4.91348010811655 1.4142135623731 2.35513868802566e-16
4.91517358502819 1.4142135623731 2.35513868802566e-16
4.91686764561249 1.4142135623731 2.35513868802566e-16
4.91856229007064 1.4142135623731 2.35513868802566e-16
4.92025751860385 1.4142135623731 2.35513868802566e-16
4.92195333141345 1.4142135623731 2.35513868802566e-16
4.92364972870081 1.4142135623731 2.35513868802566e-16
4.92534671066737 1.4142135623731 2.35513868802566e-16
4.92704427751465 1.4142135623731 2.35513868802566e-16
4.92874242944424 1.4142135623731 2.35513868802566e-16
4.93044116665778 1.4142135623731 2.35513868802566e-16
4.932140489357 1.4142135623731 2.35513868802566e-16
4.9338403977437 1.4142135623731 2.35513868802566e-16
4.93554089201974 1.4142135623731 2.35513868802566e-16
4.93724197238705 1.4142135623731 2.35513868802566e-16
4.93894363904762 1.4142135623731 2.35513868802566e-16
4.94064589220354 1.4142135623731 2.35513868802566e-16
4.94234873205695 1.4142135623731 2.35513868802566e-16
4.94405215881005 1.4142135623731 2.35513868802566e-16
4.94575617266512 1.4142135623731 2.35513868802566e-16
4.94746077382452 1.4142135623731 2.35513868802566e-16
4.94916596249067 1.4142135623731 2.35513868802566e-16
4.95087173886605 1.4142135623731 2.35513868802566e-16
4.95257810315322 1.4142135623731 2.35513868802566e-16
4.95428505555482 1.4142135623731 2.35513868802566e-16
4.95599259627354 1.4142135623731 2.35513868802566e-16
4.95770072551216 1.4142135623731 2.35513868802566e-16
4.9594094434735 1.4142135623731 2.35513868802566e-16
4.96111875036049 1.4142135623731 2.35513868802566e-16
4.96282864637609 1.4142135623731 2.35513868802566e-16
4.96453913172336 1.4142135623731 2.35513868802566e-16
4.96625020660542 1.4142135623731 2.35513868802566e-16
4.96796187122545 1.4142135623731 2.35513868802566e-16
4.96967412578672 1.4142135623731 2.35513868802566e-16
4.97138697049254 1.4142135623731 2.35513868802566e-16
4.97310040554633 1.4142135623731 2.35513868802566e-16
4.97481443115154 1.4142135623731 2.35513868802566e-16
4.97652904751173 1.4142135623731 2.35513868802566e-16
4.9782442548305 1.4142135623731 2.35513868802566e-16
4.97996005331152 1.4142135623731 2.35513868802566e-16
4.98167644315855 1.4142135623731 2.35513868802566e-16
4.9833934245754 1.4142135623731 2.35513868802566e-16
4.98511099776597 1.4142135623731 2.35513868802566e-16
4.98682916293422 1.4142135623731 2.35513868802566e-16
4.98854792028418 1.4142135623731 2.35513868802566e-16
4.99026727001995 1.4142135623731 2.35513868802566e-16
4.99198721234569 1.4142135623731 2.35513868802566e-16
4.99370774746566 1.4142135623731 2.35513868802566e-16
4.99542887558417 1.4142135623731 2.35513868802566e-16
4.99715059690559 1.4142135623731 2.35513868802566e-16
4.99887291163438 1.4142135623731 2.35513868802566e-16
5.00059581997506 1.4142135623731 2.35513868802566e-16
5.00231932213223 1.4142135623731 2.35513868802566e-16
5.00404341831055 1.4142135623731 2.35513868802566e-16
5.00576810871475 1.4142135623731 2.35513868802566e-16
5.00749339354965 1.4142135623731 2.35513868802566e-16
5.00921927302012 1.4142135623731 2.35513868802566e-16
5.0109457473311 1.4142135623731 2.35513868802566e-16
5.01267281668761 1.4142135623731 2.35513868802566e-16
5.01440048129474 1.4142135623731 2.35513868802566e-16
5.01612874135765 1.4142135623731 2.35513868802566e-16
5.01785759708157 1.4142135623731 2.35513868802566e-16
5.0195870486718 1.4142135623731 2.35513868802566e-16
5.02131709633371 1.4142135623731 2.35513868802566e-16
5.02304774027273 1.4142135623731 2.35513868802566e-16
5.02477898069439 1.4142135623731 2.35513868802566e-16
5.02651081780427 1.4142135623731 2.35513868802566e-16
5.02824325180802 1.4142135623731 2.35513868802566e-16
5.02997628291136 1.4142135623731 2.35513868802566e-16
5.03170991132009 1.4142135623731 2.35513868802566e-16
5.03344413724009 1.4142135623731 2.35513868802566e-16
5.03517896087727 1.4142135623731 2.35513868802566e-16
5.03691438243767 1.4142135623731 2.35513868802566e-16
5.03865040212735 1.4142135623731 2.35513868802566e-16
5.04038702015246 1.4142135623731 2.35513868802566e-16
5.04212423671924 1.4142135623731 2.35513868802566e-16
5.04386205203396 1.4142135623731 2.35513868802566e-16
5.045600466303 1.4142135623731 2.35513868802566e-16
5.04733947973279 1.4142135623731 2.35513868802566e-16
5.04907909252984 1.4142135623731 2.35513868802566e-16
5.05081930490072 1.4142135623731 2.35513868802566e-16
5.05256011705208 1.4142135623731 2.35513868802566e-16
5.05430152919065 1.4142135623731 2.35513868802566e-16
5.05604354152321 1.4142135623731 2.35513868802566e-16
5.05778615425662 1.4142135623731 2.35513868802566e-16
5.05952936759783 1.4142135623731 2.35513868802566e-16
5.06127318175383 1.4142135623731 2.35513868802566e-16
5.06301759693171 1.4142135623731 2.35513868802566e-16
5.0647626133386 1.4142135623731 2.35513868802566e-16
5.06650823118173 1.4142135623731 2.35513868802566e-16
5.06825445066839 1.4142135623731 2.35513868802566e-16
5.07000127200594 1.4142135623731 2.35513868802566e-16
5.07174869540182 1.4142135623731 2.35513868802566e-16
5.07349672106353 1.4142135623731 2.35513868802566e-16
5.07524534919864 1.4142135623731 2.35513868802566e-16
5.07699458001481 1.4142135623731 2.35513868802566e-16
5.07874441371976 1.4142135623731 2.35513868802566e-16
5.08049485052127 1.4142135623731 2.35513868802566e-16
5.0822458906272 1.4142135623731 2.35513868802566e-16
5.0839975342455 1.4142135623731 2.35513868802566e-16
5.08574978158417 1.4142135623731 2.35513868802566e-16
5.08750263285129 1.4142135623731 2.35513868802566e-16
5.089256088255 1.4142135623731 2.35513868802566e-16
5.09101014800353 1.4142135623731 2.35513868802566e-16
5.09276481230518 1.4142135623731 2.35513868802566e-16
5.0945200813683 1.4142135623731 2.35513868802566e-16
5.09627595540133 1.4142135623731 2.35513868802566e-16
5.09803243461278 1.4142135623731 2.35513868802566e-16
5.09978951921123 1.4142135623731 2.35513868802566e-16
5.10154720940534 1.4142135623731 2.35513868802566e-16
5.10330550540383 1.4142135623731 2.35513868802566e-16
5.10506440741549 1.4142135623731 2.35513868802566e-16
5.10682391564919 1.4142135623731 2.35513868802566e-16
5.10858403031388 1.4142135623731 2.35513868802566e-16
5.11034475161856 1.4142135623731 2.35513868802566e-16
5.11210607977232 1.4142135623731 2.35513868802566e-16
5.11386801498431 1.4142135623731 2.35513868802566e-16
5.11563055746377 1.4142135623731 2.35513868802566e-16
5.11739370741999 1.4142135623731 2.35513868802566e-16
5.11915746506235 1.4142135623731 2.35513868802566e-16
5.12092183060029 1.4142135623731 2.35513868802566e-16
5.12268680424332 1.4142135623731 2.35513868802566e-16
5.12445238620105 1.4142135623731 2.35513868802566e-16
5.12621857668312 1.4142135623731 2.35513868802566e-16
5.12798537589927 1.4142135623731 2.35513868802566e-16
5.12975278405931 1.4142135623731 2.35513868802566e-16
5.13152080137312 1.4142135623731 2.35513868802566e-16
5.13328942805065 1.4142135623731 2.35513868802566e-16
5.13505866430191 1.4142135623731 2.35513868802566e-16
5.13682851033701 1.4142135623731 2.35513868802566e-16
5.13859896636611 1.4142135623731 2.35513868802566e-16
5.14037003259945 1.4142135623731 2.35513868802566e-16
5.14214170924735 1.4142135623731 2.35513868802566e-16
5.14391399652019 1.4142135623731 2.35513868802566e-16
5.14568689462843 1.4142135623731 2.35513868802566e-16
5.1474604037826 1.4142135623731 2.35513868802566e-16
5.14923452419329 1.4142135623731 2.35513868802566e-16
5.1510092560712 1.4142135623731 2.35513868802566e-16
5.15278459962705 1.4142135623731 2.35513868802566e-16
5.15456055507168 1.4142135623731 2.35513868802566e-16
5.15633712261598 1.4142135623731 2.35513868802566e-16
5.15811430247092 1.4142135623731 2.35513868802566e-16
5.15989209484752 1.4142135623731 2.35513868802566e-16
5.16167049995691 1.4142135623731 2.35513868802566e-16
5.16344951801026 1.4142135623731 2.35513868802566e-16
5.16522914921885 1.4142135623731 2.35513868802566e-16
5.16700939379398 1.4142135623731 2.35513868802566e-16
5.16879025194707 1.4142135623731 2.35513868802566e-16
5.17057172388959 1.4142135623731 2.35513868802566e-16
5.1723538098331 1.4142135623731 2.35513868802566e-16
5.1741365099892 1.4142135623731 2.35513868802566e-16
5.1759198245696 1.4142135623731 2.35513868802566e-16
5.17770375378607 1.4142135623731 2.35513868802566e-16
5.17948829785044 1.4142135623731 2.35513868802566e-16
5.18127345697462 1.4142135623731 2.35513868802566e-16
5.1830592313706 1.4142135623731 2.35513868802566e-16
5.18484562125045 1.4142135623731 2.35513868802566e-16
5.18663262682629 1.4142135623731 2.35513868802566e-16
5.18842024831033 1.4142135623731 2.35513868802566e-16
5.19020848591484 1.4142135623731 2.35513868802566e-16
5.19199733985219 1.4142135623731 2.35513868802566e-16
5.19378681033478 1.4142135623731 2.35513868802566e-16
5.19557689757514 1.4142135623731 2.35513868802566e-16
5.19736760178581 1.4142135623731 2.35513868802566e-16
5.19915892317945 1.4142135623731 2.35513868802566e-16
5.20095086196878 1.4142135623731 2.35513868802566e-16
5.20274341836658 1.4142135623731 2.35513868802566e-16
5.20453659258573 1.4142135623731 2.35513868802566e-16
5.20633038483916 1.4142135623731 2.35513868802566e-16
5.20812479533987 1.4142135623731 2.35513868802566e-16
5.20991982430097 1.4142135623731 2.35513868802566e-16
5.21171547193559 1.4142135623731 2.35513868802566e-16
5.21351173845698 1.4142135623731 2.35513868802566e-16
5.21530862407845 1.4142135623731 2.35513868802566e-16
5.21710612901336 1.4142135623731 2.35513868802566e-16
5.21890425347517 1.4142135623731 2.35513868802566e-16
5.22070299767741 1.4142135623731 2.35513868802566e-16
5.22250236183368 1.4142135623731 2.35513868802566e-16
5.22430234615764 1.4142135623731 2.35513868802566e-16
5.22610295086305 1.4142135623731 2.35513868802566e-16
5.22790417616373 1.4142135623731 2.35513868802566e-16
5.22970602227357 1.4142135623731 2.35513868802566e-16
5.23150848940653 1.4142135623731 2.35513868802566e-16
5.23331157777667 1.4142135623731 2.35513868802566e-16
5.23511528759809 1.4142135623731 2.35513868802566e-16
5.23691961908498 1.4142135623731 2.35513868802566e-16
5.23872457245161 1.4142135623731 2.35513868802566e-16
5.24053014791231 1.4142135623731 2.35513868802566e-16
5.24233634568149 1.4142135623731 2.35513868802566e-16
5.24414316597365 1.4142135623731 2.35513868802566e-16
5.24595060900333 1.4142135623731 2.35513868802566e-16
5.24775867498517 1.4142135623731 2.35513868802566e-16
5.24956736413387 1.4142135623731 2.35513868802566e-16
5.25137667666422 1.4142135623731 2.35513868802566e-16
5.25318661279107 1.4142135623731 2.35513868802566e-16
5.25499717272934 1.4142135623731 2.35513868802566e-16
5.25680835669405 1.4142135623731 2.35513868802566e-16
5.25862016490026 1.4142135623731 2.35513868802566e-16
5.26043259756313 1.4142135623731 2.35513868802566e-16
5.26224565489789 1.4142135623731 2.35513868802566e-16
5.26405933711982 1.4142135623731 2.35513868802566e-16
5.26587364444431 1.4142135623731 2.35513868802566e-16
5.2676885770868 1.4142135623731 2.35513868802566e-16
5.26950413526282 1.4142135623731 2.35513868802566e-16
5.27132031918795 1.4142135623731 2.35513868802566e-16
5.27313712907788 1.4142135623731 2.35513868802566e-16
5.27495456514834 1.4142135623731 2.35513868802566e-16
5.27677262761515 1.4142135623731 2.35513868802566e-16
5.27859131669421 1.4142135623731 2.35513868802566e-16
5.28041063260149 1.4142135623731 2.35513868802566e-16
5.28223057555302 1.4142135623731 2.35513868802566e-16
5.28405114576493 1.4142135623731 2.35513868802566e-16
5.2858723434534 1.4142135623731 2.35513868802566e-16
5.2876941688347 1.4142135623731 2.35513868802566e-16
5.28951662212517 1.4142135623731 2.35513868802566e-16
5.29133970354123 1.4142135623731 2.35513868802566e-16
5.29316341329936 1.4142135623731 2.35513868802566e-16
5.29498775161614 1.4142135623731 2.35513868802566e-16
5.29681271870819 1.4142135623731 2.35513868802566e-16
5.29863831479223 1.4142135623731 2.35513868802566e-16
5.30046454008504 1.4142135623731 2.35513868802566e-16
5.30229139480351 1.4142135623731 2.35513868802566e-16
5.30411887916454 1.4142135623731 2.35513868802566e-16
5.30594699338518 1.4142135623731 2.35513868802566e-16
5.30777573768248 1.4142135623731 2.35513868802566e-16
5.30960511227363 1.4142135623731 2.35513868802566e-16
5.31143511737586 1.4142135623731 2.35513868802566e-16
5.31326575320647 1.4142135623731 2.35513868802566e-16
5.31509701998286 1.4142135623731 2.35513868802566e-16
5.31692891792248 1.4142135623731 2.35513868802566e-16
5.31876144724288 1.4142135623731 2.35513868802566e-16
5.32059460816166 1.4142135623731 2.35513868802566e-16
5.32242840089651 1.4142135623731 2.35513868802566e-16
5.32426282566519 1.4142135623731 2.35513868802566e-16
5.32609788268554 1.4142135623731 2.35513868802566e-16
5.32793357217546 1.4142135623731 2.35513868802566e-16
5.32976989435296 1.4142135623731 2.35513868802566e-16
5.33160684943608 1.4142135623731 2.35513868802566e-16
5.33344443764296 1.4142135623731 2.35513868802566e-16
5.33528265919182 1.4142135623731 2.35513868802566e-16
5.33712151430094 1.4142135623731 2.35513868802566e-16
5.33896100318869 1.4142135623731 2.35513868802566e-16
5.34080112607351 1.4142135623731 2.35513868802566e-16
5.3426418831739 1.4142135623731 2.35513868802566e-16
5.34448327470845 1.4142135623731 2.35513868802566e-16
5.34632530089583 1.4142135623731 2.35513868802566e-16
5.34816796195479 1.4142135623731 2.35513868802566e-16
5.35001125810412 1.4142135623731 2.35513868802566e-16
5.35185518956273 1.4142135623731 2.35513868802566e-16
5.35369975654957 1.4142135623731 2.35513868802566e-16
5.35554495928369 1.4142135623731 2.35513868802566e-16
5.3573907979842 1.4142135623731 2.35513868802566e-16
5.3592372728703 1.4142135623731 2.35513868802566e-16
5.36108438416126 1.4142135623731 2.35513868802566e-16
5.36293213207641 1.4142135623731 2.35513868802566e-16
5.36478051683517 1.4142135623731 2.35513868802566e-16
5.36662953865705 1.4142135623731 2.35513868802566e-16
5.3684791977616 1.4142135623731 2.35513868802566e-16
5.37032949436847 1.4142135623731 2.35513868802566e-16
5.3721804286974 1.4142135623731 2.35513868802566e-16
5.37403200096816 1.4142135623731 2.35513868802566e-16
5.37588421140064 1.4142135623731 2.35513868802566e-16
5.37773706021478 1.4142135623731 2.35513868802566e-16
5.37959054763061 1.4142135623731 2.35513868802566e-16
5.38144467386822 1.4142135623731 2.35513868802566e-16
5.3832994391478 1.4142135623731 2.35513868802566e-16
5.3851548436896 1.4142135623731 2.35513868802566e-16
5.38701088771393 1.4142135623731 2.35513868802566e-16
5.38886757144122 1.4142135623731 2.35513868802566e-16
5.39072489509193 1.4142135623731 2.35513868802566e-16
5.39258285888662 1.4142135623731 2.35513868802566e-16
5.39444146304592 1.4142135623731 2.35513868802566e-16
5.39630070779055 1.4142135623731 2.35513868802566e-16
5.39816059334128 1.4142135623731 2.35513868802566e-16
5.40002111991897 1.4142135623731 2.35513868802566e-16
5.40188228774456 1.4142135623731 2.35513868802566e-16
5.40374409703907 1.4142135623731 2.35513868802566e-16
5.40560654802358 1.4142135623731 2.35513868802566e-16
5.40746964091925 1.4142135623731 2.35513868802566e-16
5.40933337594733 1.4142135623731 2.35513868802566e-16
5.41119775332913 1.4142135623731 2.35513868802566e-16
5.41306277328605 1.4142135623731 2.35513868802566e-16
5.41492843603955 1.4142135623731 2.35513868802566e-16
5.41679474181119 1.4142135623731 2.35513868802566e-16
5.41866169082257 1.4142135623731 2.35513868802566e-16
5.42052928329541 1.4142135623731 2.35513868802566e-16
5.42239751945148 1.4142135623731 2.35513868802566e-16
5.42426639951263 1.4142135623731 2.35513868802566e-16
5.42613592370078 1.4142135623731 2.35513868802566e-16
5.42800609223794 1.4142135623731 2.35513868802566e-16
5.4298769053462 1.4142135623731 2.35513868802566e-16
5.43174836324771 1.4142135623731 2.35513868802566e-16
5.43362046616469 1.4142135623731 2.35513868802566e-16
5.43549321431948 1.4142135623731 2.35513868802566e-16
5.43736660793444 1.4142135623731 2.35513868802566e-16
5.43924064723205 1.4142135623731 2.35513868802566e-16
5.44111533243485 1.4142135623731 2.35513868802566e-16
5.44299066376544 1.4142135623731 2.35513868802566e-16
5.44486664144654 1.4142135623731 2.35513868802566e-16
5.4467432657009 1.4142135623731 2.35513868802566e-16
5.44862053675138 1.4142135623731 2.35513868802566e-16
5.4504984548209 1.4142135623731 2.35513868802566e-16
5.45237702013246 1.4142135623731 2.35513868802566e-16
5.45425623290913 1.4142135623731 2.35513868802566e-16
5.45613609337409 1.4142135623731 2.35513868802566e-16
5.45801660175054 1.4142135623731 2.35513868802566e-16
5.45989775826181 1.4142135623731 2.35513868802566e-16
5.46177956313128 1.4142135623731 2.35513868802566e-16
5.46366201658242 1.4142135623731 2.35513868802566e-16
5.46554511883876 1.4142135623731 2.35513868802566e-16
5.46742887012391 1.4142135623731 2.35513868802566e-16
5.46931327066158 1.4142135623731 2.35513868802566e-16
5.47119832067553 1.4142135623731 2.35513868802566e-16
5.47308402038962 1.4142135623731 2.35513868802566e-16
5.47497037002776 1.4142135623731 2.35513868802566e-16
5.47685736981397 1.4142135623731 2.35513868802566e-16
5.47874501997231 1.4142135623731 2.35513868802566e-16
5.48063332072695 1.4142135623731 2.35513868802566e-16
5.48252227230212 1.4142135623731 2.35513868802566e-16
5.48441187492213 1.4142135623731 2.35513868802566e-16
5.48630212881137 1.4142135623731 2.35513868802566e-16
5.48819303419431 1.4142135623731 2.35513868802566e-16
5.49008459129548 1.4142135623731 2.35513868802566e-16
5.49197680033952 1.4142135623731 2.35513868802566e-16
5.49386966155112 1.4142135623731 2.35513868802566e-16
5.49576317515505 1.4142135623731 2.35513868802566e-16
5.49765734137617 1.4142135623731 2.35513868802566e-16
5.49955216043941 1.4142135623731 2.35513868802566e-16
5.50144763256978 1.4142135623731 2.35513868802566e-16
5.50334375799235 1.4142135623731 2.35513868802566e-16
5.50524053693231 1.4142135623731 2.35513868802566e-16
5.50713796961487 1.4142135623731 2.35513868802566e-16
5.50903605626538 1.4142135623731 2.35513868802566e-16
5.51093479710921 1.4142135623731 2.35513868802566e-16
5.51283419237185 1.4142135623731 2.35513868802566e-16
5.51473424227885 1.4142135623731 2.35513868802566e-16
5.51663494705583 1.4142135623731 2.35513868802566e-16
5.5185363069285 1.4142135623731 2.35513868802566e-16
5.52043832212266 1.4142135623731 2.35513868802566e-16
5.52234099286415 1.4142135623731 2.35513868802566e-16
5.52424431937892 1.4142135623731 2.35513868802566e-16
5.526148301893 1.4142135623731 2.35513868802566e-16
5.52805294063246 1.4142135623731 2.35513868802566e-16
5.5299582358235 1.4142135623731 2.35513868802566e-16
5.53186418769236 1.4142135623731 2.35513868802566e-16
5.53377079646538 1.4142135623731 2.35513868802566e-16
5.53567806236895 1.4142135623731 2.35513868802566e-16
5.53758598562957 1.4142135623731 2.35513868802566e-16
5.5394945664738 1.4142135623731 2.35513868802566e-16
5.54140380512828 1.4142135623731 2.35513868802566e-16
5.54331370181974 1.4142135623731 2.35513868802566e-16
5.54522425677497 1.4142135623731 2.35513868802566e-16
5.54713547022085 1.4142135623731 2.35513868802566e-16
5.54904734238433 1.4142135623731 2.35513868802566e-16
5.55095987349245 1.4142135623731 2.35513868802566e-16
5.55287306377232 1.4142135623731 2.35513868802566e-16
5.55478691345112 1.4142135623731 2.35513868802566e-16
5.55670142275613 1.4142135623731 2.35513868802566e-16
5.5586165919147 1.4142135623731 2.35513868802566e-16
5.56053242115424 1.4142135623731 2.35513868802566e-16
5.56244891070226 1.4142135623731 2.35513868802566e-16
5.56436606078635 1.4142135623731 2.35513868802566e-16
5.56628387163415 1.4142135623731 2.35513868802566e-16
5.56820234347342 1.4142135623731 2.35513868802566e-16
5.57012147653197 1.4142135623731 2.35513868802566e-16
5.57204127103768 1.4142135623731 2.35513868802566e-16
5.57396172721854 1.4142135623731 2.35513868802566e-16
5.57588284530261 1.4142135623731 2.35513868802566e-16
5.577804625518 1.4142135623731 2.35513868802566e-16
5.57972706809293 1.4142135623731 2.35513868802566e-16
5.58165017325569 1.4142135623731 2.35513868802566e-16
5.58357394123465 1.4142135623731 2.35513868802566e-16
5.58549837225824 1.4142135623731 2.35513868802566e-16
5.58742346655501 1.4142135623731 2.35513868802566e-16
5.58934922435354 1.4142135623731 2.35513868802566e-16
5.59127564588252 1.4142135623731 2.35513868802566e-16
5.59320273137072 1.4142135623731 2.35513868802566e-16
5.59513048104697 1.4142135623731 2.35513868802566e-16
5.59705889514018 1.4142135623731 2.35513868802566e-16
5.59898797387937 1.4142135623731 2.35513868802566e-16
5.6009177174936 1.4142135623731 2.35513868802566e-16
5.60284812621203 1.4142135623731 2.35513868802566e-16
5.6047792002639 1.4142135623731 2.35513868802566e-16
5.60671093987851 1.4142135623731 2.35513868802566e-16
5.60864334528526 1.4142135623731 2.35513868802566e-16
5.61057641671363 1.4142135623731 2.35513868802566e-16
5.61251015439315 1.4142135623731 2.35513868802566e-16
5.61444455855347 1.4142135623731 2.35513868802566e-16
5.61637962942429 1.4142135623731 2.35513868802566e-16
5.6183153672354 1.4142135623731 2.35513868802566e-16
5.62025177221666 1.4142135623731 2.35513868802566e-16
5.62218884459803 1.4142135623731 2.35513868802566e-16
5.62412658460952 1.4142135623731 2.35513868802566e-16
5.62606499248125 1.4142135623731 2.35513868802566e-16
5.62800406844339 1.4142135623731 2.35513868802566e-16
5.62994381272622 1.4142135623731 2.35513868802566e-16
5.63188422556007 1.4142135623731 2.35513868802566e-16
5.63382530717537 1.4142135623731 2.35513868802566e-16
5.63576705780261 1.4142135623731 2.35513868802566e-16
5.63770947767238 1.4142135623731 2.35513868802566e-16
5.63965256701535 1.4142135623731 2.35513868802566e-16
5.64159632606224 1.4142135623731 2.35513868802566e-16
5.64354075504388 1.4142135623731 2.35513868802566e-16
5.64548585419118 1.4142135623731 2.35513868802566e-16
5.6474316237351 1.4142135623731 2.35513868802566e-16
5.64937806390671 1.4142135623731 2.35513868802566e-16
5.65132517493714 1.4142135623731 2.35513868802566e-16
5.65327295705761 1.4142135623731 2.35513868802566e-16
5.65522141049943 1.4142135623731 2.35513868802566e-16
5.65717053549396 1.4142135623731 2.35513868802566e-16
5.65912033227266 1.4142135623731 2.35513868802566e-16
5.66107080106708 1.4142135623731 2.35513868802566e-16
5.66302194210883 1.4142135623731 2.35513868802566e-16
5.66497375562959 1.4142135623731 2.35513868802566e-16
5.66692624186116 1.4142135623731 2.35513868802566e-16
5.66887940103538 1.4142135623731 2.35513868802566e-16
5.6708332333842 1.4142135623731 2.35513868802566e-16
5.67278773913962 1.4142135623731 2.35513868802566e-16
5.67474291853375 1.4142135623731 2.35513868802566e-16
5.67669877179875 1.4142135623731 2.35513868802566e-16
5.67865529916689 1.4142135623731 2.35513868802566e-16
5.68061250087051 1.4142135623731 2.35513868802566e-16
5.68257037714201 1.4142135623731 2.35513868802566e-16
5.68452892821389 1.4142135623731 2.35513868802566e-16
5.68648815431873 1.4142135623731 2.35513868802566e-16
5.68844805568919 1.4142135623731 2.35513868802566e-16
5.69040863255801 1.4142135623731 2.35513868802566e-16
5.69236988515799 1.4142135623731 2.35513868802566e-16
5.69433181372204 1.4142135623731 2.35513868802566e-16
5.69629441848313 1.4142135623731 2.35513868802566e-16
5.69825769967433 1.4142135623731 2.35513868802566e-16
5.70022165752876 1.4142135623731 2.35513868802566e-16
5.70218629227965 1.4142135623731 2.35513868802566e-16
5.7041516041603 1.4142135623731 2.35513868802566e-16
5.70611759340409 1.4142135623731 2.35513868802566e-16
5.70808426024447 1.4142135623731 2.35513868802566e-16
5.71005160491499 1.4142135623731 2.35513868802566e-16
5.71201962764926 1.4142135623731 2.35513868802566e-16
5.71398832868099 1.4142135623731 2.35513868802566e-16
5.71595770824396 1.4142135623731 2.35513868802566e-16
5.71792776657202 1.4142135623731 2.35513868802566e-16
5.71989850389914 1.4142135623731 2.35513868802566e-16
5.72186992045932 1.4142135623731 2.35513868802566e-16
5.72384201648666 1.4142135623731 2.35513868802566e-16
5.72581479221537 1.4142135623731 2.35513868802566e-16
5.72778824787969 1.4142135623731 2.35513868802566e-16
5.72976238371399 1.4142135623731 2.35513868802566e-16
5.73173719995268 1.4142135623731 2.35513868802566e-16
5.73371269683026 1.4142135623731 2.35513868802566e-16
5.73568887458134 1.4142135623731 2.35513868802566e-16
5.73766573344058 1.4142135623731 2.35513868802566e-16
5.73964327364273 1.4142135623731 2.35513868802566e-16
5.74162149542262 1.4142135623731 2.35513868802566e-16
5.74360039901517 1.4142135623731 2.35513868802566e-16
5.74557998465536 1.4142135623731 2.35513868802566e-16
5.74756025257827 1.4142135623731 2.35513868802566e-16
5.74954120301906 1.4142135623731 2.35513868802566e-16
5.75152283621296 1.4142135623731 2.35513868802566e-16
5.75350515239528 1.4142135623731 2.35513868802566e-16
5.75548815180144 1.4142135623731 2.35513868802566e-16
5.7574718346669 1.4142135623731 2.35513868802566e-16
5.75945620122723 1.4142135623731 2.35513868802566e-16
5.76144125171807 1.4142135623731 2.35513868802566e-16
5.76342698637515 1.4142135623731 2.35513868802566e-16
5.76541340543426 1.4142135623731 2.35513868802566e-16
5.76740050913129 1.4142135623731 2.35513868802566e-16
5.76938829770221 1.4142135623731 2.35513868802566e-16
5.77137677138307 1.4142135623731 2.35513868802566e-16
5.77336593041 1.4142135623731 2.35513868802566e-16
5.7753557750192 1.4142135623731 2.35513868802566e-16
5.77734630544698 1.4142135623731 2.35513868802566e-16
5.7793375219297 1.4142135623731 2.35513868802566e-16
5.78132942470381 1.4142135623731 2.35513868802566e-16
5.78332201400587 1.4142135623731 2.35513868802566e-16
5.78531529007248 1.4142135623731 2.35513868802566e-16
5.78730925314034 1.4142135623731 2.35513868802566e-16
5.78930390344624 1.4142135623731 2.35513868802566e-16
5.79129924122704 1.4142135623731 2.35513868802566e-16
5.79329526671968 1.4142135623731 2.35513868802566e-16
5.79529198016119 1.4142135623731 2.35513868802566e-16
5.79728938178868 1.4142135623731 2.35513868802566e-16
5.79928747183934 1.4142135623731 2.35513868802566e-16
5.80128625055043 1.4142135623731 2.35513868802566e-16
5.80328571815932 1.4142135623731 2.35513868802566e-16
5.80528587490344 1.4142135623731 2.35513868802566e-16
5.80728672102029 1.4142135623731 2.35513868802566e-16
5.8092882567475 1.4142135623731 2.35513868802566e-16
5.81129048232272 1.4142135623731 2.35513868802566e-16
5.81329339798374 1.4142135623731 2.35513868802566e-16
5.81529700396838 1.4142135623731 2.35513868802566e-16
5.81730130051458 1.4142135623731 2.35513868802566e-16
5.81930628786034 1.4142135623731 2.35513868802566e-16
5.82131196624377 1.4142135623731 2.35513868802566e-16
5.82331833590302 1.4142135623731 2.35513868802566e-16
5.82532539707635 1.4142135623731 2.35513868802566e-16
5.82733315000211 1.4142135623731 2.35513868802566e-16
5.8293415949187 1.4142135623731 2.35513868802566e-16
5.83135073206464 1.4142135623731 2.35513868802566e-16
5.83336056167849 1.4142135623731 2.35513868802566e-16
5.83537108399894 1.4142135623731 2.35513868802566e-16
5.83738229926473 1.4142135623731 2.35513868802566e-16
5.83939420771468 1.4142135623731 2.35513868802566e-16
5.84140680958771 1.4142135623731 2.35513868802566e-16
5.84342010512282 1.4142135623731 2.35513868802566e-16
5.84543409455908 1.4142135623731 2.35513868802566e-16
5.84744877813564 1.4142135623731 2.35513868802566e-16
5.84946415609177 1.4142135623731 2.35513868802566e-16
5.85148022866676 1.4142135623731 2.35513868802566e-16
5.85349699610005 1.4142135623731 2.35513868802566e-16
5.85551445863111 1.4142135623731 2.35513868802566e-16
5.85753261649951 1.4142135623731 2.35513868802566e-16
5.85955146994491 1.4142135623731 2.35513868802566e-16
5.86157101920705 1.4142135623731 2.35513868802566e-16
5.86359126452575 1.4142135623731 2.35513868802566e-16
5.86561220614091 1.4142135623731 2.35513868802566e-16
5.86763384429251 1.4142135623731 2.35513868802566e-16
5.86965617922062 1.4142135623731 2.35513868802566e-16
5.8716792111654 1.4142135623731 2.35513868802566e-16
5.87370294036707 1.4142135623731 2.35513868802566e-16
5.87572736706596 1.4142135623731 2.35513868802566e-16
5.87775249150246 1.4142135623731 2.35513868802566e-16
5.87977831391705 1.4142135623731 2.35513868802566e-16
5.88180483455029 1.4142135623731 2.35513868802566e-16
5.88383205364285 1.4142135623731 2.35513868802566e-16
5.88585997143544 1.4142135623731 2.35513868802566e-16
5.88788858816887 1.4142135623731 2.35513868802566e-16
5.88991790408406 1.4142135623731 2.35513868802566e-16
5.89194791942197 1.4142135623731 2.35513868802566e-16
5.89397863442367 1.4142135623731 2.35513868802566e-16
5.8960100493303 1.4142135623731 2.35513868802566e-16
5.89804216438309 1.4142135623731 2.35513868802566e-16
5.90007497982336 1.4142135623731 2.35513868802566e-16
5.9021084958925 1.4142135623731 2.35513868802566e-16
5.90414271283199 1.4142135623731 2.35513868802566e-16
5.90617763088338 1.4142135623731 2.35513868802566e-16
5.90821325028833 1.4142135623731 2.35513868802566e-16
5.91024957128856 1.4142135623731 2.35513868802566e-16
5.91228659412589 1.4142135623731 2.35513868802566e-16
5.9143243190422 1.4142135623731 2.35513868802566e-16
5.91636274627948 1.4142135623731 2.35513868802566e-16
5.91840187607979 1.4142135623731 2.35513868802566e-16
5.92044170868527 1.4142135623731 2.35513868802566e-16
5.92248224433815 1.4142135623731 2.35513868802566e-16
5.92452348328075 1.4142135623731 2.35513868802566e-16
5.92656542575545 1.4142135623731 2.35513868802566e-16
5.92860807200474 1.4142135623731 2.35513868802566e-16
5.93065142227119 1.4142135623731 2.35513868802566e-16
5.93269547679742 1.4142135623731 2.35513868802566e-16
5.93474023582619 1.4142135623731 2.35513868802566e-16
5.93678569960029 1.4142135623731 2.35513868802566e-16
5.93883186836263 1.4142135623731 2.35513868802566e-16
5.94087874235618 1.4142135623731 2.35513868802566e-16
5.94292632182402 1.4142135623731 2.35513868802566e-16
5.94497460700928 1.4142135623731 2.35513868802566e-16
5.94702359815521 1.4142135623731 2.35513868802566e-16
5.94907329550512 1.4142135623731 2.35513868802566e-16
5.9511236993024 1.4142135623731 2.35513868802566e-16
5.95317480979055 1.4142135623731 2.35513868802566e-16
5.95522662721312 1.4142135623731 2.35513868802566e-16
5.95727915181378 1.4142135623731 2.35513868802566e-16
5.95933238383625 1.4142135623731 2.35513868802566e-16
5.96138632352436 1.4142135623731 2.35513868802566e-16
5.963440971122 1.4142135623731 2.35513868802566e-16
5.96549632687318 1.4142135623731 2.35513868802566e-16
5.96755239102195 1.4142135623731 2.35513868802566e-16
5.96960916381248 1.4142135623731 2.35513868802566e-16
5.971666645489 1.4142135623731 2.35513868802566e-16
5.97372483629584 1.4142135623731 2.35513868802566e-16
5.9757837364774 1.4142135623731 2.35513868802566e-16
5.97784334627819 1.4142135623731 2.35513868802566e-16
5.97990366594277 1.4142135623731 2.35513868802566e-16
5.98196469571582 1.4142135623731 2.35513868802566e-16
5.98402643584206 1.4142135623731 2.35513868802566e-16
5.98608888656634 1.4142135623731 2.35513868802566e-16
5.98815204813357 1.4142135623731 2.35513868802566e-16
5.99021592078874 1.4142135623731 2.35513868802566e-16
5.99228050477694 1.4142135623731 2.35513868802566e-16
5.99434580034334 1.4142135623731 2.35513868802566e-16
5.99641180773319 1.4142135623731 2.35513868802566e-16
5.99847852719182 1.4142135623731 2.35513868802566e-16
6.00054595896466 1.4142135623731 2.35513868802566e-16
6.00261410329721 1.4142135623731 2.35513868802566e-16
6.00468296043507 1.4142135623731 2.35513868802566e-16
6.0067525306239 1.4142135623731 2.35513868802566e-16
6.00882281410947 1.4142135623731 2.35513868802566e-16
6.01089381113763 1.4142135623731 2.35513868802566e-16
6.01296552195429 1.4142135623731 2.35513868802566e-16
6.01503794680548 1.4142135623731 2.35513868802566e-16
6.01711108593729 1.4142135623731 2.35513868802566e-16
6.01918493959591 1.4142135623731 2.35513868802566e-16
6.02125950802761 1.4142135623731 2.35513868802566e-16
6.02333479147874 1.4142135623731 2.35513868802566e-16
6.02541079019573 1.4142135623731 2.35513868802566e-16
6.02748750442511 1.4142135623731 2.35513868802566e-16
6.02956493441349 1.4142135623731 2.35513868802566e-16
6.03164308040756 1.4142135623731 2.35513868802566e-16
6.0337219426541 1.4142135623731 2.35513868802566e-16
6.03580152139998 1.4142135623731 2.35513868802566e-16
6.03788181689213 1.4142135623731 2.35513868802566e-16
6.0399628293776 1.4142135623731 2.35513868802566e-16
6.0420445591035 1.4142135623731 2.35513868802566e-16
6.04412700631703 1.4142135623731 2.35513868802566e-16
6.0462101712655 1.4142135623731 2.35513868802566e-16
6.04829405419625 1.4142135623731 2.35513868802566e-16
6.05037865535677 1.4142135623731 2.35513868802566e-16
6.05246397499459 1.4142135623731 2.35513868802566e-16
6.05455001335735 1.4142135623731 2.35513868802566e-16
6.05663677069275 1.4142135623731 2.35513868802566e-16
6.0587242472486 1.4142135623731 2.35513868802566e-16
6.06081244327278 1.4142135623731 2.35513868802566e-16
6.06290135901327 1.4142135623731 2.35513868802566e-16
6.06499099471813 1.4142135623731 2.35513868802566e-16
6.06708135063549 1.4142135623731 2.35513868802566e-16
6.06917242701358 1.4142135623731 2.35513868802566e-16
6.07126422410072 1.4142135623731 2.35513868802566e-16
6.07335674214531 1.4142135623731 2.35513868802566e-16
6.07544998139582 1.4142135623731 2.35513868802566e-16
6.07754394210084 1.4142135623731 2.35513868802566e-16
6.07963862450902 1.4142135623731 2.35513868802566e-16
6.08173402886909 1.4142135623731 2.35513868802566e-16
6.0838301554299 1.4142135623731 2.35513868802566e-16
6.08592700444034 1.4142135623731 2.35513868802566e-16
6.08802457614942 1.4142135623731 2.35513868802566e-16
6.09012287080622 1.4142135623731 2.35513868802566e-16
6.09222188865992 1.4142135623731 2.35513868802566e-16
6.09432162995977 1.4142135623731 2.35513868802566e-16
6.09642209495511 1.4142135623731 2.35513868802566e-16
6.09852328389538 1.4142135623731 2.35513868802566e-16
6.10062519703008 1.4142135623731 2.35513868802566e-16
6.10272783460882 1.4142135623731 2.35513868802566e-16
6.10483119688128 1.4142135623731 2.35513868802566e-16
6.10693528409724 1.4142135623731 2.35513868802566e-16
6.10904009650655 1.4142135623731 2.35513868802566e-16
6.11114563435916 1.4142135623731 2.35513868802566e-16
6.1132518979051 1.4142135623731 2.35513868802566e-16
6.11535888739449 1.4142135623731 2.35513868802566e-16
6.11746660307752 1.4142135623731 2.35513868802566e-16
6.1195750452045 1.4142135623731 2.35513868802566e-16
6.12168421402579 1.4142135623731 2.35513868802566e-16
6.12379410979186 1.4142135623731 2.35513868802566e-16
6.12590473275325 1.4142135623731 2.35513868802566e-16
6.1280160831606 1.4142135623731 2.35513868802566e-16
6.13012816126464 1.4142135623731 2.35513868802566e-16
6.13224096731616 1.4142135623731 2.35513868802566e-16
6.13435450156607 1.4142135623731 2.35513868802566e-16
6.13646876426533 1.4142135623731 2.35513868802566e-16
6.13858375566503 1.4142135623731 2.35513868802566e-16
6.14069947601631 1.4142135623731 2.35513868802566e-16
6.14281592557042 1.4142135623731 2.35513868802566e-16
6.14493310457867 1.4142135623731 2.35513868802566e-16
6.14705101329249 1.4142135623731 2.35513868802566e-16
6.14916965196337 1.4142135623731 2.35513868802566e-16
6.1512890208429 1.4142135623731 2.35513868802566e-16
6.15340912018275 1.4142135623731 2.35513868802566e-16
6.15552995023468 1.4142135623731 2.35513868802566e-16
6.15765151125054 1.4142135623731 2.35513868802566e-16
6.15977380348227 1.4142135623731 2.35513868802566e-16
6.16189682718188 1.4142135623731 2.35513868802566e-16
6.16402058260148 1.4142135623731 2.35513868802566e-16
6.16614506999327 1.4142135623731 2.35513868802566e-16
6.16827028960951 1.4142135623731 2.35513868802566e-16
6.1703962417026 1.4142135623731 2.35513868802566e-16
6.17252292652497 1.4142135623731 2.35513868802566e-16
6.17465034432918 1.4142135623731 2.35513868802566e-16
6.17677849536784 1.4142135623731 2.35513868802566e-16
6.17890737989368 1.4142135623731 2.35513868802566e-16
6.1810369981595 1.4142135623731 2.35513868802566e-16
6.18316735041819 1.4142135623731 2.35513868802566e-16
6.18529843692272 1.4142135623731 2.35513868802566e-16
6.18743025792617 1.4142135623731 2.35513868802566e-16
6.18956281368168 1.4142135623731 2.35513868802566e-16
6.19169610444249 1.4142135623731 2.35513868802566e-16
6.19383013046193 1.4142135623731 2.35513868802566e-16
6.19596489199342 1.4142135623731 2.35513868802566e-16
6.19810038929045 1.4142135623731 2.35513868802566e-16
6.20023662260661 1.4142135623731 2.35513868802566e-16
6.20237359219558 1.4142135623731 2.35513868802566e-16
6.20451129831113 1.4142135623731 2.35513868802566e-16
6.20664974120709 1.4142135623731 2.35513868802566e-16
6.20878892113742 1.4142135623731 2.35513868802566e-16
6.21092883835613 1.4142135623731 2.35513868802566e-16
6.21306949311734 1.4142135623731 2.35513868802566e-16
6.21521088567526 1.4142135623731 2.35513868802566e-16
6.21735301628416 1.4142135623731 2.35513868802566e-16
6.21949588519843 1.4142135623731 2.35513868802566e-16
6.22163949267253 1.4142135623731 2.35513868802566e-16
6.22378383896101 1.4142135623731 2.35513868802566e-16
6.22592892431851 1.4142135623731 2.35513868802566e-16
6.22807474899975 1.4142135623731 2.35513868802566e-16
6.23022131325956 1.4142135623731 2.35513868802566e-16
6.23236861735284 1.4142135623731 2.35513868802566e-16
6.23451666153457 1.4142135623731 2.35513868802566e-16
6.23666544605983 1.4142135623731 2.35513868802566e-16
6.2388149711838 1.4142135623731 2.35513868802566e-16
6.24096523716171 1.4142135623731 2.35513868802566e-16
6.24311624424893 1.4142135623731 2.35513868802566e-16
6.24526799270087 1.4142135623731 2.35513868802566e-16
6.24742048277306 1.4142135623731 2.35513868802566e-16
6.2495737147211 1.4142135623731 2.35513868802566e-16
6.25172768880068 1.4142135623731 2.35513868802566e-16
6.2538824052676 1.4142135623731 2.35513868802566e-16
6.25603786437771 1.4142135623731 2.35513868802566e-16
6.25819406638698 1.4142135623731 2.35513868802566e-16
6.26035101155146 1.4142135623731 2.35513868802566e-16
6.26250870012728 1.4142135623731 2.35513868802566e-16
6.26466713237066 1.4142135623731 2.35513868802566e-16
6.26682630853792 1.4142135623731 2.35513868802566e-16
6.26898622888546 1.4142135623731 2.35513868802566e-16
6.27114689366976 1.4142135623731 2.35513868802566e-16
6.2733083031474 1.4142135623731 2.35513868802566e-16
6.27547045757506 1.4142135623731 2.35513868802566e-16
6.27763335720947 1.4142135623731 2.35513868802566e-16
6.27979700230749 1.4142135623731 2.35513868802566e-16
6.28196139312605 1.4142135623731 2.35513868802566e-16
6.28412652992216 1.4142135623731 2.35513868802566e-16
6.28629241295293 1.4142135623731 2.35513868802566e-16
6.28845904247557 1.4142135623731 2.35513868802566e-16
6.29062641874735 1.4142135623731 2.35513868802566e-16
6.29279454202565 1.4142135623731 2.35513868802566e-16
6.29496341256793 1.4142135623731 2.35513868802566e-16
6.29713303063174 1.4142135623731 2.35513868802566e-16
6.29930339647473 1.4142135623731 2.35513868802566e-16
6.30147451035463 1.4142135623731 2.35513868802566e-16
6.30364637252924 1.4142135623731 2.35513868802566e-16
6.30581898325649 1.4142135623731 2.35513868802566e-16
6.30799234279435 1.4142135623731 2.35513868802566e-16
6.31016645140093 1.4142135623731 2.35513868802566e-16
6.31234130933439 1.4142135623731 2.35513868802566e-16
6.31451691685299 1.4142135623731 2.35513868802566e-16
6.31669327421509 1.4142135623731 2.35513868802566e-16
6.31887038167912 1.4142135623731 2.35513868802566e-16
6.32104823950362 1.4142135623731 2.35513868802566e-16
6.3232268479472 1.4142135623731 2.35513868802566e-16
6.32540620726858 1.4142135623731 2.35513868802566e-16
6.32758631772655 1.4142135623731 2.35513868802566e-16
6.32976717958 1.4142135623731 2.35513868802566e-16
6.33194879308789 1.4142135623731 2.35513868802566e-16
6.3341311585093 1.4142135623731 2.35513868802566e-16
6.33631427610339 1.4142135623731 2.35513868802566e-16
6.33849814612938 1.4142135623731 2.35513868802566e-16
6.34068276884662 1.4142135623731 2.35513868802566e-16
6.34286814451454 1.4142135623731 2.35513868802566e-16
6.34505427339263 1.4142135623731 2.35513868802566e-16
6.3472411557405 1.4142135623731 2.35513868802566e-16
6.34942879181784 1.4142135623731 2.35513868802566e-16
6.35161718188444 1.4142135623731 2.35513868802566e-16
6.35380632620015 1.4142135623731 2.35513868802566e-16
6.35599622502495 1.4142135623731 2.35513868802566e-16
6.35818687861887 1.4142135623731 2.35513868802566e-16
6.36037828724206 1.4142135623731 2.35513868802566e-16
6.36257045115475 1.4142135623731 2.35513868802566e-16
6.36476337061725 1.4142135623731 2.35513868802566e-16
6.36695704588996 1.4142135623731 2.35513868802566e-16
6.3691514772334 1.4142135623731 2.35513868802566e-16
6.37134666490813 1.4142135623731 2.35513868802566e-16
6.37354260917485 1.4142135623731 2.35513868802566e-16
6.37573931029431 1.4142135623731 2.35513868802566e-16
6.37793676852738 1.4142135623731 2.35513868802566e-16
6.38013498413499 1.4142135623731 2.35513868802566e-16
6.38233395737819 1.4142135623731 2.35513868802566e-16
6.38453368851811 1.4142135623731 2.35513868802566e-16
6.38673417781595 1.4142135623731 2.35513868802566e-16
6.38893542553302 1.4142135623731 2.35513868802566e-16
6.39113743193073 1.4142135623731 2.35513868802566e-16
6.39334019727055 1.4142135623731 2.35513868802566e-16
6.39554372181406 1.4142135623731 2.35513868802566e-16
6.39774800582294 1.4142135623731 2.35513868802566e-16
6.39995304955893 1.4142135623731 2.35513868802566e-16
6.40215885328388 1.4142135623731 2.35513868802566e-16
6.40436541725974 1.4142135623731 2.35513868802566e-16
6.40657274174852 1.4142135623731 2.35513868802566e-16
6.40878082701236 1.4142135623731 2.35513868802566e-16
6.41098967331344 1.4142135623731 2.35513868802566e-16
6.41319928091408 1.4142135623731 2.35513868802566e-16
6.41540965007666 1.4142135623731 2.35513868802566e-16
6.41762078106367 1.4142135623731 2.35513868802566e-16
6.41983267413766 1.4142135623731 2.35513868802566e-16
6.42204532956131 1.4142135623731 2.35513868802566e-16
6.42425874759736 1.4142135623731 2.35513868802566e-16
6.42647292850866 1.4142135623731 2.35513868802566e-16
6.42868787255813 1.4142135623731 2.35513868802566e-16
6.43090358000881 1.4142135623731 2.35513868802566e-16
6.43312005112379 1.4142135623731 2.35513868802566e-16
6.43533728616629 1.4142135623731 2.35513868802566e-16
6.43755528539961 1.4142135623731 2.35513868802566e-16
6.43977404908712 1.4142135623731 2.35513868802566e-16
6.4419935774923 1.4142135623731 2.35513868802566e-16
6.44421387087873 1.4142135623731 2.35513868802566e-16
6.44643492951005 1.4142135623731 2.35513868802566e-16
6.44865675365002 1.4142135623731 2.35513868802566e-16
6.45087934356248 1.4142135623731 2.35513868802566e-16
6.45310269951136 1.4142135623731 2.35513868802566e-16
6.45532682176068 1.4142135623731 2.35513868802566e-16
6.45755171057454 1.4142135623731 2.35513868802566e-16
6.45977736621717 1.4142135623731 2.35513868802566e-16
6.46200378895284 1.4142135623731 2.35513868802566e-16
6.46423097904595 1.4142135623731 2.35513868802566e-16
6.46645893676097 1.4142135623731 2.35513868802566e-16
6.46868766236248 1.4142135623731 2.35513868802566e-16
6.47091715611512 1.4142135623731 2.35513868802566e-16
6.47314741828366 1.4142135623731 2.35513868802566e-16
6.47537844913293 1.4142135623731 2.35513868802566e-16
6.47761024892786 1.4142135623731 2.35513868802566e-16
6.47984281793348 1.4142135623731 2.35513868802566e-16
6.48207615641491 1.4142135623731 2.35513868802566e-16
6.48431026463735 1.4142135623731 2.35513868802566e-16
6.48654514286611 1.4142135623731 2.35513868802566e-16
6.48878079136656 1.4142135623731 2.35513868802566e-16
6.4910172104042 1.4142135623731 2.35513868802566e-16
6.49325440024459 1.4142135623731 2.35513868802566e-16
6.4954923611534 1.4142135623731 2.35513868802566e-16
6.49773109339639 1.4142135623731 2.35513868802566e-16
6.4999705972394 1.4142135623731 2.35513868802566e-16
6.50221087294837 1.4142135623731 2.35513868802566e-16
6.50445192078933 1.4142135623731 2.35513868802566e-16
6.50669374102842 1.4142135623731 2.35513868802566e-16
6.50893633393183 1.4142135623731 2.35513868802566e-16
6.51117969976587 1.4142135623731 2.35513868802566e-16
6.51342383879695 1.4142135623731 2.35513868802566e-16
6.51566875129156 1.4142135623731 2.35513868802566e-16
6.51791443751627 1.4142135623731 2.35513868802566e-16
6.52016089773775 1.4142135623731 2.35513868802566e-16
6.52240813222278 1.4142135623731 2.35513868802566e-16
6.52465614123821 1.4142135623731 2.35513868802566e-16
6.52690492505099 1.4142135623731 2.35513868802566e-16
6.52915448392816 1.4142135623731 2.35513868802566e-16
6.53140481813685 1.4142135623731 2.35513868802566e-16
6.5336559279443 1.4142135623731 2.35513868802566e-16
6.5359078136178 1.4142135623731 2.35513868802566e-16
6.53816047542479 1.4142135623731 2.35513868802566e-16
6.54041391363275 1.4142135623731 2.35513868802566e-16
6.54266812850929 1.4142135623731 2.35513868802566e-16
6.54492312032208 1.4142135623731 2.35513868802566e-16
6.54717888933891 1.4142135623731 2.35513868802566e-16
6.54943543582764 1.4142135623731 2.35513868802566e-16
6.55169276005625 1.4142135623731 2.35513868802566e-16
6.55395086229278 1.4142135623731 2.35513868802566e-16
6.55620974280538 1.4142135623731 2.35513868802566e-16
6.55846940186229 1.4142135623731 2.35513868802566e-16
6.56072983973186 1.4142135623731 2.35513868802566e-16
6.56299105668249 1.4142135623731 2.35513868802566e-16
6.5652530529827 1.4142135623731 2.35513868802566e-16
6.56751582890112 1.4142135623731 2.35513868802566e-16
6.56977938470644 1.4142135623731 2.35513868802566e-16
6.57204372066746 1.4142135623731 2.35513868802566e-16
6.57430883705305 1.4142135623731 2.35513868802566e-16
6.57657473413222 1.4142135623731 2.35513868802566e-16
6.57884141217402 1.4142135623731 2.35513868802566e-16
6.58110887144762 1.4142135623731 2.35513868802566e-16
6.58337711222229 1.4142135623731 2.35513868802566e-16
6.58564613476737 1.4142135623731 2.35513868802566e-16
6.58791593935232 1.4142135623731 2.35513868802566e-16
6.59018652624666 1.4142135623731 2.35513868802566e-16
6.59245789572002 1.4142135623731 2.35513868802566e-16
6.59473004804214 1.4142135623731 2.35513868802566e-16
6.59700298348282 1.4142135623731 2.35513868802566e-16
6.59927670231198 1.4142135623731 2.35513868802566e-16
6.60155120479961 1.4142135623731 2.35513868802566e-16
6.60382649121582 1.4142135623731 2.35513868802566e-16
6.60610256183079 1.4142135623731 2.35513868802566e-16
6.6083794169148 1.4142135623731 2.35513868802566e-16
6.61065705673823 1.4142135623731 2.35513868802566e-16
6.61293548157154 1.4142135623731 2.35513868802566e-16
6.6152146916853 1.4142135623731 2.35513868802566e-16
6.61749468735016 1.4142135623731 2.35513868802566e-16
6.61977546883687 1.4142135623731 2.35513868802566e-16
6.62205703641626 1.4142135623731 2.35513868802566e-16
6.62433939035928 1.4142135623731 2.35513868802566e-16
6.62662253093695 1.4142135623731 2.35513868802566e-16
6.62890645842039 1.4142135623731 2.35513868802566e-16
6.63119117308081 1.4142135623731 2.35513868802566e-16
6.63347667518953 1.4142135623731 2.35513868802566e-16
6.63576296501795 1.4142135623731 2.35513868802566e-16
6.63805004283755 1.4142135623731 2.35513868802566e-16
6.64033790891994 1.4142135623731 2.35513868802566e-16
6.64262656353678 1.4142135623731 2.35513868802566e-16
6.64491600695986 1.4142135623731 2.35513868802566e-16
6.64720623946105 1.4142135623731 2.35513868802566e-16
6.6494972613123 1.4142135623731 2.35513868802566e-16
6.65178907278568 1.4142135623731 2.35513868802566e-16
6.65408167415334 1.4142135623731 2.35513868802566e-16
6.65637506568752 1.4142135623731 2.35513868802566e-16
6.65866924766056 1.4142135623731 2.35513868802566e-16
6.66096422034489 1.4142135623731 2.35513868802566e-16
6.66325998401304 1.4142135623731 2.35513868802566e-16
6.66555653893762 1.4142135623731 2.35513868802566e-16
6.66785388539136 1.4142135623731 2.35513868802566e-16
6.67015202364706 1.4142135623731 2.35513868802566e-16
6.67245095397761 1.4142135623731 2.35513868802566e-16
6.67475067665603 1.4142135623731 2.35513868802566e-16
6.67705119195539 1.4142135623731 2.35513868802566e-16
6.67935250014889 1.4142135623731 2.35513868802566e-16
6.68165460150979 1.4142135623731 2.35513868802566e-16
6.68395749631148 1.4142135623731 2.35513868802566e-16
6.68626118482742 1.4142135623731 2.35513868802566e-16
6.68856566733116 1.4142135623731 2.35513868802566e-16
6.69087094409638 1.4142135623731 2.35513868802566e-16
6.69317701539681 1.4142135623731 2.35513868802566e-16
6.69548388150629 1.4142135623731 2.35513868802566e-16
6.69779154269878 1.4142135623731 2.35513868802566e-16
6.7000999992483 1.4142135623731 2.35513868802566e-16
6.70240925142897 1.4142135623731 2.35513868802566e-16
6.70471929951503 1.4142135623731 2.35513868802566e-16
6.70703014378078 1.4142135623731 2.35513868802566e-16
6.70934178450064 1.4142135623731 2.35513868802566e-16
6.71165422194911 1.4142135623731 2.35513868802566e-16
6.71396745640079 1.4142135623731 2.35513868802566e-16
6.71628148813038 1.4142135623731 2.35513868802566e-16
6.71859631741266 1.4142135623731 2.35513868802566e-16
6.72091194452253 1.4142135623731 2.35513868802566e-16
6.72322836973495 1.4142135623731 2.35513868802566e-16
6.72554559332501 1.4142135623731 2.35513868802566e-16
6.72786361556786 1.4142135623731 2.35513868802566e-16
6.73018243673878 1.4142135623731 2.35513868802566e-16
6.73250205711312 1.4142135623731 2.35513868802566e-16
6.73482247696634 1.4142135623731 2.35513868802566e-16
6.73714369657398 1.4142135623731 2.35513868802566e-16
6.73946571621168 1.4142135623731 2.35513868802566e-16
6.74178853615519 1.4142135623731 2.35513868802566e-16
6.74411215668033 1.4142135623731 2.35513868802566e-16
6.74643657806304 1.4142135623731 2.35513868802566e-16
6.74876180057934 1.4142135623731 2.35513868802566e-16
6.75108782450534 1.4142135623731 2.35513868802566e-16
6.75341465011726 1.4142135623731 2.35513868802566e-16
6.7557422776914 1.4142135623731 2.35513868802566e-16
6.75807070750418 1.4142135623731 2.35513868802566e-16
6.76039993983209 1.4142135623731 2.35513868802566e-16
6.76272997495172 1.4142135623731 2.35513868802566e-16
6.76506081313976 1.4142135623731 2.35513868802566e-16
6.76739245467301 1.4142135623731 2.35513868802566e-16
6.76972489982833 1.4142135623731 2.35513868802566e-16
6.77205814888271 1.4142135623731 2.35513868802566e-16
6.77439220211322 1.4142135623731 2.35513868802566e-16
6.77672705979702 1.4142135623731 2.35513868802566e-16
6.77906272221138 1.4142135623731 2.35513868802566e-16
6.78139918963365 1.4142135623731 2.35513868802566e-16
6.78373646234129 1.4142135623731 2.35513868802566e-16
6.78607454061184 1.4142135623731 2.35513868802566e-16
6.78841342472296 1.4142135623731 2.35513868802566e-16
6.79075311495238 1.4142135623731 2.35513868802566e-16
6.79309361157793 1.4142135623731 2.35513868802566e-16
6.79543491487756 1.4142135623731 2.35513868802566e-16
6.79777702512929 1.4142135623731 2.35513868802566e-16
6.80011994261123 1.4142135623731 2.35513868802566e-16
6.80246366760162 1.4142135623731 2.35513868802566e-16
6.80480820037876 1.4142135623731 2.35513868802566e-16
6.80715354122107 1.4142135623731 2.35513868802566e-16
6.80949969040706 1.4142135623731 2.35513868802566e-16
6.81184664821532 1.4142135623731 2.35513868802566e-16
6.81419441492456 1.4142135623731 2.35513868802566e-16
6.81654299081357 1.4142135623731 2.35513868802566e-16
6.81889237616125 1.4142135623731 2.35513868802566e-16
6.82124257124658 1.4142135623731 2.35513868802566e-16
6.82359357634864 1.4142135623731 2.35513868802566e-16
6.82594539174662 1.4142135623731 2.35513868802566e-16
6.82829801771979 1.4142135623731 2.35513868802566e-16
6.83065145454752 1.4142135623731 2.35513868802566e-16
6.83300570250929 1.4142135623731 2.35513868802566e-16
6.83536076188465 1.4142135623731 2.35513868802566e-16
6.83771663295327 1.4142135623731 2.35513868802566e-16
6.8400733159949 1.4142135623731 2.35513868802566e-16
6.84243081128941 1.4142135623731 2.35513868802566e-16
6.84478911911673 1.4142135623731 2.35513868802566e-16
6.84714823975693 1.4142135623731 2.35513868802566e-16
6.84950817349013 1.4142135623731 2.35513868802566e-16
6.85186892059658 1.4142135623731 2.35513868802566e-16
6.85423048135663 1.4142135623731 2.35513868802566e-16
6.85659285605069 1.4142135623731 2.35513868802566e-16
6.85895604495931 1.4142135623731 2.35513868802566e-16
6.8613200483631 1.4142135623731 2.35513868802566e-16
6.86368486654279 1.4142135623731 2.35513868802566e-16
6.86605049977921 1.4142135623731 2.35513868802566e-16
6.86841694835326 1.4142135623731 2.35513868802566e-16
6.87078421254597 1.4142135623731 2.35513868802566e-16
6.87315229263844 1.4142135623731 2.35513868802566e-16
6.87552118891188 1.4142135623731 2.35513868802566e-16
6.87789090164759 1.4142135623731 2.35513868802566e-16
6.88026143112698 1.4142135623731 2.35513868802566e-16
6.88263277763155 1.4142135623731 2.35513868802566e-16
6.88500494144288 1.4142135623731 2.35513868802566e-16
6.88737792284268 1.4142135623731 2.35513868802566e-16
6.88975172211272 1.4142135623731 2.35513868802566e-16
6.89212633953491 1.4142135623731 2.35513868802566e-16
6.89450177539122 1.4142135623731 2.35513868802566e-16
6.89687802996373 1.4142135623731 2.35513868802566e-16
6.89925510353462 1.4142135623731 2.35513868802566e-16
6.90163299638617 1.4142135623731 2.35513868802566e-16
6.90401170880074 1.4142135623731 2.35513868802566e-16
6.90639124106082 1.4142135623731 2.35513868802566e-16
6.90877159344897 1.4142135623731 2.35513868802566e-16
6.91115276624784 1.4142135623731 2.35513868802566e-16
6.91353475974021 1.4142135623731 2.35513868802566e-16
6.91591757420893 1.4142135623731 2.35513868802566e-16
6.91830120993697 1.4142135623731 2.35513868802566e-16
6.92068566720737 1.4142135623731 2.35513868802566e-16
6.92307094630329 1.4142135623731 2.35513868802566e-16
6.92545704750797 1.4142135623731 2.35513868802566e-16
6.92784397110477 1.4142135623731 2.35513868802566e-16
6.93023171737714 1.4142135623731 2.35513868802566e-16
6.9326202866086 1.4142135623731 2.35513868802566e-16
6.93500967908281 1.4142135623731 2.35513868802566e-16
6.9373998950835 1.4142135623731 2.35513868802566e-16
6.93979093489451 1.4142135623731 2.35513868802566e-16
6.94218279879977 1.4142135623731 2.35513868802566e-16
6.94457548708331 1.4142135623731 2.35513868802566e-16
6.94696900002927 1.4142135623731 2.35513868802566e-16
6.94936333792187 1.4142135623731 2.35513868802566e-16
6.95175850104543 1.4142135623731 2.35513868802566e-16
6.95415448968439 1.4142135623731 2.35513868802566e-16
6.95655130412326 1.4142135623731 2.35513868802566e-16
6.95894894464666 1.4142135623731 2.35513868802566e-16
6.9613474115393 1.4142135623731 2.35513868802566e-16
6.96374670508602 1.4142135623731 2.35513868802566e-16
6.96614682557171 1.4142135623731 2.35513868802566e-16
6.9685477732814 1.4142135623731 2.35513868802566e-16
6.97094954850018 1.4142135623731 2.35513868802566e-16
6.97335215151328 1.4142135623731 2.35513868802566e-16
6.975755582606 1.4142135623731 2.35513868802566e-16
6.97815984206374 1.4142135623731 2.35513868802566e-16
6.980564930172 1.4142135623731 2.35513868802566e-16
6.9829708472164 1.4142135623731 2.35513868802566e-16
6.98537759348262 1.4142135623731 2.35513868802566e-16
6.98778516925648 1.4142135623731 2.35513868802566e-16
6.99019357482386 1.4142135623731 2.35513868802566e-16
6.99260281047076 1.4142135623731 2.35513868802566e-16
6.99501287648328 1.4142135623731 2.35513868802566e-16
6.99742377314761 1.4142135623731 2.35513868802566e-16
6.99983550075005 1.4142135623731 2.35513868802566e-16
7.00224805957697 1.4142135623731 2.35513868802566e-16
7.00466144991488 1.4142135623731 2.35513868802566e-16
7.00707567205036 1.4142135623731 2.35513868802566e-16
7.0094907262701 1.4142135623731 2.35513868802566e-16
7.01190661286088 1.4142135623731 2.35513868802566e-16
7.01432333210958 1.4142135623731 2.35513868802566e-16
7.0167408843032 1.4142135623731 2.35513868802566e-16
7.01915926972881 1.4142135623731 2.35513868802566e-16
7.02157848867359 1.4142135623731 2.35513868802566e-16
7.02399854142483 1.4142135623731 2.35513868802566e-16
7.0264194282699 1.4142135623731 2.35513868802566e-16
7.02884114949628 1.4142135623731 2.35513868802566e-16
7.03126370539156 1.4142135623731 2.35513868802566e-16
7.0336870962434 1.4142135623731 2.35513868802566e-16
7.03611132233958 1.4142135623731 2.35513868802566e-16
7.03853638396797 1.4142135623731 2.35513868802566e-16
7.04096228141655 1.4142135623731 2.35513868802566e-16
7.0433890149734 1.4142135623731 2.35513868802566e-16
7.04581658492669 1.4142135623731 2.35513868802566e-16
7.04824499156468 1.4142135623731 2.35513868802566e-16
7.05067423517575 1.4142135623731 2.35513868802566e-16
7.05310431604837 1.4142135623731 2.35513868802566e-16
7.05553523447111 1.4142135623731 2.35513868802566e-16
7.05796699073263 1.4142135623731 2.35513868802566e-16
7.06039958512172 1.4142135623731 2.35513868802566e-16
7.06283301792723 1.4142135623731 2.35513868802566e-16
7.06526728943814 1.4142135623731 2.35513868802566e-16
7.06770239994351 1.4142135623731 2.35513868802566e-16
7.0701383497325 1.4142135623731 2.35513868802566e-16
7.0725751390944 1.4142135623731 2.35513868802566e-16
7.07501276831856 1.4142135623731 2.35513868802566e-16
7.07745123769444 1.4142135623731 2.35513868802566e-16
7.07989054751163 1.4142135623731 2.35513868802566e-16
7.08233069805977 1.4142135623731 2.35513868802566e-16
7.08477168962864 1.4142135623731 2.35513868802566e-16
7.0872135225081 1.4142135623731 2.35513868802566e-16
7.08965619698813 1.4142135623731 2.35513868802566e-16
7.09209971335877 1.4142135623731 2.35513868802566e-16
7.09454407191021 1.4142135623731 2.35513868802566e-16
7.0969892729327 1.4142135623731 2.35513868802566e-16
7.09943531671661 1.4142135623731 2.35513868802566e-16
7.10188220355241 1.4142135623731 2.35513868802566e-16
7.10432993373066 1.4142135623731 2.35513868802566e-16
7.10677850754203 1.4142135623731 2.35513868802566e-16
7.10922792527728 1.4142135623731 2.35513868802566e-16
7.11167818722728 1.4142135623731 2.35513868802566e-16
7.114129293683 1.4142135623731 2.35513868802566e-16
7.1165812449355 1.4142135623731 2.35513868802566e-16
7.11903404127595 1.4142135623731 2.35513868802566e-16
7.12148768299562 1.4142135623731 2.35513868802566e-16
7.12394217038588 1.4142135623731 2.35513868802566e-16
7.12639750373819 1.4142135623731 2.35513868802566e-16
7.12885368334412 1.4142135623731 2.35513868802566e-16
7.13131070949535 1.4142135623731 2.35513868802566e-16
7.13376858248364 1.4142135623731 2.35513868802566e-16
7.13622730260086 1.4142135623731 2.35513868802566e-16
7.13868687013898 1.4142135623731 2.35513868802566e-16
7.14114728539008 1.4142135623731 2.35513868802566e-16
7.14360854864632 1.4142135623731 2.35513868802566e-16
7.14607066019998 1.4142135623731 2.35513868802566e-16
7.14853362034344 1.4142135623731 2.35513868802566e-16
7.15099742936917 1.4142135623731 2.35513868802566e-16
7.15346208756973 1.4142135623731 2.35513868802566e-16
7.15592759523782 1.4142135623731 2.35513868802566e-16
7.1583939526662 1.4142135623731 2.35513868802566e-16
7.16086116014776 1.4142135623731 2.35513868802566e-16
7.16332921797547 1.4142135623731 2.35513868802566e-16
7.16579812644241 1.4142135623731 2.35513868802566e-16
7.16826788584177 1.4142135623731 2.35513868802566e-16
7.17073849646682 1.4142135623731 2.35513868802566e-16
7.17320995861095 1.4142135623731 2.35513868802566e-16
7.17568227256764 1.4142135623731 2.35513868802566e-16
7.17815543863048 1.4142135623731 2.35513868802566e-16
7.18062945709315 1.4142135623731 2.35513868802566e-16
7.18310432824944 1.4142135623731 2.35513868802566e-16
7.18558005239324 1.4142135623731 2.35513868802566e-16
7.18805662981855 1.4142135623731 2.35513868802566e-16
7.19053406081944 1.4142135623731 2.35513868802566e-16
7.19301234569012 1.4142135623731 2.35513868802566e-16
7.19549148472487 1.4142135623731 2.35513868802566e-16
7.1979714782181 1.4142135623731 2.35513868802566e-16
7.20045232646431 1.4142135623731 2.35513868802566e-16
7.20293402975808 1.4142135623731 2.35513868802566e-16
7.20541658839412 1.4142135623731 2.35513868802566e-16
7.20790000266723 1.4142135623731 2.35513868802566e-16
7.21038427287232 1.4142135623731 2.35513868802566e-16
7.21286939930439 1.4142135623731 2.35513868802566e-16
7.21535538225855 1.4142135623731 2.35513868802566e-16
7.21784222203 1.4142135623731 2.35513868802566e-16
7.22032991891405 1.4142135623731 2.35513868802566e-16
7.22281847320613 1.4142135623731 2.35513868802566e-16
7.22530788520173 1.4142135623731 2.35513868802566e-16
7.22779815519648 1.4142135623731 2.35513868802566e-16
7.2302892834861 1.4142135623731 2.35513868802566e-16
7.23278127036639 1.4142135623731 2.35513868802566e-16
7.23527411613329 1.4142135623731 2.35513868802566e-16
7.23776782108282 1.4142135623731 2.35513868802566e-16
7.2402623855111 1.4142135623731 2.35513868802566e-16
7.24275780971437 1.4142135623731 2.35513868802566e-16
7.24525409398894 1.4142135623731 2.35513868802566e-16
7.24775123863125 1.4142135623731 2.35513868802566e-16
7.25024924393784 1.4142135623731 2.35513868802566e-16
7.25274811020534 1.4142135623731 2.35513868802566e-16
7.25524783773049 1.4142135623731 2.35513868802566e-16
7.25774842681013 1.4142135623731 2.35513868802566e-16
7.26024987774121 1.4142135623731 2.35513868802566e-16
7.26275219082076 1.4142135623731 2.35513868802566e-16
7.26525536634593 1.4142135623731 2.35513868802566e-16
7.26775940461399 1.4142135623731 2.35513868802566e-16
7.27026430592227 1.4142135623731 2.35513868802566e-16
7.27277007056823 1.4142135623731 2.35513868802566e-16
7.27527669884944 1.4142135623731 2.35513868802566e-16
7.27778419106354 1.4142135623731 2.35513868802566e-16
7.28029254750831 1.4142135623731 2.35513868802566e-16
7.2828017684816 1.4142135623731 2.35513868802566e-16
7.28531185428139 1.4142135623731 2.35513868802566e-16
7.28782280520575 1.4142135623731 2.35513868802566e-16
7.29033462155285 1.4142135623731 2.35513868802566e-16
7.29284730362096 1.4142135623731 2.35513868802566e-16
7.29536085170847 1.4142135623731 2.35513868802566e-16
7.29787526611385 1.4142135623731 2.35513868802566e-16
7.3003905471357 1.4142135623731 2.35513868802566e-16
7.30290669507269 1.4142135623731 2.35513868802566e-16
7.30542371022362 1.4142135623731 2.35513868802566e-16
7.30794159288738 1.4142135623731 2.35513868802566e-16
7.31046034336298 1.4142135623731 2.35513868802566e-16
7.3129799619495 1.4142135623731 2.35513868802566e-16
7.31550044894615 1.4142135623731 2.35513868802566e-16
7.31802180465224 1.4142135623731 2.35513868802566e-16
7.32054402936717 1.4142135623731 2.35513868802566e-16
7.32306712339046 1.4142135623731 2.35513868802566e-16
7.32559108702172 1.4142135623731 2.35513868802566e-16
7.32811592056067 1.4142135623731 2.35513868802566e-16
7.33064162430714 1.4142135623731 2.35513868802566e-16
7.33316819856104 1.4142135623731 2.35513868802566e-16
7.33569564362241 1.4142135623731 2.35513868802566e-16
7.33822395979138 1.4142135623731 2.35513868802566e-16
7.34075314736818 1.4142135623731 2.35513868802566e-16
7.34328320665316 1.4142135623731 2.35513868802566e-16
7.34581413794675 1.4142135623731 2.35513868802566e-16
7.3483459415495 1.4142135623731 2.35513868802566e-16
7.35087861776206 1.4142135623731 2.35513868802566e-16
7.35341216688518 1.4142135623731 2.35513868802566e-16
7.35594658921973 1.4142135623731 2.35513868802566e-16
7.35848188506666 1.4142135623731 2.35513868802566e-16
7.36101805472703 1.4142135623731 2.35513868802566e-16
7.36355509850201 1.4142135623731 2.35513868802566e-16
7.36609301669288 1.4142135623731 2.35513868802566e-16
7.36863180960101 1.4142135623731 2.35513868802566e-16
7.37117147752788 1.4142135623731 2.35513868802566e-16
7.37371202077508 1.4142135623731 2.35513868802566e-16
7.37625343964428 1.4142135623731 2.35513868802566e-16
7.37879573443729 1.4142135623731 2.35513868802566e-16
7.38133890545599 1.4142135623731 2.35513868802566e-16
7.38388295300239 1.4142135623731 2.35513868802566e-16
7.38642787737859 1.4142135623731 2.35513868802566e-16
7.3889736788868 1.4142135623731 2.35513868802566e-16
7.39152035782933 1.4142135623731 2.35513868802566e-16
7.39406791450859 1.4142135623731 2.35513868802566e-16
7.39661634922712 1.4142135623731 2.35513868802566e-16
7.39916566228752 1.4142135623731 2.35513868802566e-16
7.40171585399253 1.4142135623731 2.35513868802566e-16
7.40426692464498 1.4142135623731 2.35513868802566e-16
7.40681887454781 1.4142135623731 2.35513868802566e-16
7.40937170400406 1.4142135623731 2.35513868802566e-16
7.41192541331688 1.4142135623731 2.35513868802566e-16
7.41448000278952 1.4142135623731 2.35513868802566e-16
7.41703547272533 1.4142135623731 2.35513868802566e-16
7.41959182342777 1.4142135623731 2.35513868802566e-16
7.42214905520042 1.4142135623731 2.35513868802566e-16
7.42470716834693 1.4142135623731 2.35513868802566e-16
7.42726616317109 1.4142135623731 2.35513868802566e-16
7.42982603997676 1.4142135623731 2.35513868802566e-16
7.43238679906793 1.4142135623731 2.35513868802566e-16
7.4349484407487 1.4142135623731 2.35513868802566e-16
7.43751096532324 1.4142135623731 2.35513868802566e-16
7.44007437309587 1.4142135623731 2.35513868802566e-16
7.44263866437099 1.4142135623731 2.35513868802566e-16
7.44520383945309 1.4142135623731 2.35513868802566e-16
7.4477698986468 1.4142135623731 2.35513868802566e-16
7.45033684225683 1.4142135623731 2.35513868802566e-16
7.452904670588 1.4142135623731 2.35513868802566e-16
7.45547338394524 1.4142135623731 2.35513868802566e-16
7.45804298263358 1.4142135623731 2.35513868802566e-16
7.46061346695817 1.4142135623731 2.35513868802566e-16
7.46318483722423 1.4142135623731 2.35513868802566e-16
7.46575709373713 1.4142135623731 2.35513868802566e-16
7.46833023680232 1.4142135623731 2.35513868802566e-16
7.47090426672534 1.4142135623731 2.35513868802566e-16
7.47347918381188 1.4142135623731 2.35513868802566e-16
7.47605498836769 1.4142135623731 2.35513868802566e-16
7.47863168069865 1.4142135623731 2.35513868802566e-16
7.48120926111074 1.4142135623731 2.35513868802566e-16
7.48378772991005 1.4142135623731 2.35513868802566e-16
7.48636708740277 1.4142135623731 2.35513868802566e-16
7.48894733389519 1.4142135623731 2.35513868802566e-16
7.49152846969371 1.4142135623731 2.35513868802566e-16
7.49411049510485 1.4142135623731 2.35513868802566e-16
7.49669341043522 1.4142135623731 2.35513868802566e-16
7.49927721599153 1.4142135623731 2.35513868802566e-16
7.50186191208061 1.4142135623731 2.35513868802566e-16
7.5044474990094 1.4142135623731 2.35513868802566e-16
7.50703397708491 1.4142135623731 2.35513868802566e-16
7.50962134661432 1.4142135623731 2.35513868802566e-16
7.51220960790484 1.4142135623731 2.35513868802566e-16
7.51479876126385 1.4142135623731 2.35513868802566e-16
7.5173888069988 1.4142135623731 2.35513868802566e-16
7.51997974541726 1.4142135623731 2.35513868802566e-16
7.52257157682689 1.4142135623731 2.35513868802566e-16
7.52516430153548 1.4142135623731 2.35513868802566e-16
7.52775791985091 1.4142135623731 2.35513868802566e-16
7.53035243208117 1.4142135623731 2.35513868802566e-16
7.53294783853435 1.4142135623731 2.35513868802566e-16
7.53554413951867 1.4142135623731 2.35513868802566e-16
7.53814133534242 1.4142135623731 2.35513868802566e-16
7.54073942631402 1.4142135623731 2.35513868802566e-16
7.54333841274199 1.4142135623731 2.35513868802566e-16
7.54593829493497 1.4142135623731 2.35513868802566e-16
7.54853907320168 1.4142135623731 2.35513868802566e-16
7.55114074785096 1.4142135623731 2.35513868802566e-16
7.55374331919176 1.4142135623731 2.35513868802566e-16
7.55634678753314 1.4142135623731 2.35513868802566e-16
7.55895115318425 1.4142135623731 2.35513868802566e-16
7.56155641645436 1.4142135623731 2.35513868802566e-16
7.56416257765285 1.4142135623731 2.35513868802566e-16
7.56676963708918 1.4142135623731 2.35513868802566e-16
7.56937759507295 1.4142135623731 2.35513868802566e-16
7.57198645191386 1.4142135623731 2.35513868802566e-16
7.57459620792169 1.4142135623731 2.35513868802566e-16
7.57720686340636 1.4142135623731 2.35513868802566e-16
7.57981841867788 1.4142135623731 2.35513868802566e-16
7.58243087404637 1.4142135623731 2.35513868802566e-16
7.58504422982206 1.4142135623731 2.35513868802566e-16
7.58765848631527 1.4142135623731 2.35513868802566e-16
7.59027364383646 1.4142135623731 2.35513868802566e-16
7.59288970269617 1.4142135623731 2.35513868802566e-16
7.59550666320505 1.4142135623731 2.35513868802566e-16
7.59812452567386 1.4142135623731 2.35513868802566e-16
7.60074329041348 1.4142135623731 2.35513868802566e-16
7.60336295773488 1.4142135623731 2.35513868802566e-16
7.60598352794914 1.4142135623731 2.35513868802566e-16
7.60860500136746 1.4142135623731 2.35513868802566e-16
7.61122737830113 1.4142135623731 2.35513868802566e-16
7.61385065906156 1.4142135623731 2.35513868802566e-16
7.61647484396025 1.4142135623731 2.35513868802566e-16
7.61909993330884 1.4142135623731 2.35513868802566e-16
7.62172592741903 1.4142135623731 2.35513868802566e-16
7.62435282660269 1.4142135623731 2.35513868802566e-16
7.62698063117173 1.4142135623731 2.35513868802566e-16
7.62960934143821 1.4142135623731 2.35513868802566e-16
7.6322389577143 1.4142135623731 2.35513868802566e-16
7.63486948031225 1.4142135623731 2.35513868802566e-16
7.63750090954443 1.4142135623731 2.35513868802566e-16
7.64013324572333 1.4142135623731 2.35513868802566e-16
7.64276648916154 1.4142135623731 2.35513868802566e-16
7.64540064017174 1.4142135623731 2.35513868802566e-16
7.64803569906675 1.4142135623731 2.35513868802566e-16
7.65067166615947 1.4142135623731 2.35513868802566e-16
7.65330854176292 1.4142135623731 2.35513868802566e-16
7.65594632619023 1.4142135623731 2.35513868802566e-16
7.65858501975464 1.4142135623731 2.35513868802566e-16
7.66122462276948 1.4142135623731 2.35513868802566e-16
7.66386513554821 1.4142135623731 2.35513868802566e-16
7.66650655840438 1.4142135623731 2.35513868802566e-16
7.66914889165167 1.4142135623731 2.35513868802566e-16
7.67179213560384 1.4142135623731 2.35513868802566e-16
7.67443629057478 1.4142135623731 2.35513868802566e-16
7.67708135687849 1.4142135623731 2.35513868802566e-16
7.67972733482906 1.4142135623731 2.35513868802566e-16
7.68237422474069 1.4142135623731 2.35513868802566e-16
7.68502202692771 1.4142135623731 2.35513868802566e-16
7.68767074170453 1.4142135623731 2.35513868802566e-16
7.6903203693857 1.4142135623731 2.35513868802566e-16
7.69297091028585 1.4142135623731 2.35513868802566e-16
7.69562236471973 1.4142135623731 2.35513868802566e-16
7.6982747330022 1.4142135623731 2.35513868802566e-16
7.70092801544822 1.4142135623731 2.35513868802566e-16
7.70358221237288 1.4142135623731 2.35513868802566e-16
7.70623732409135 1.4142135623731 2.35513868802566e-16
7.70889335091893 1.4142135623731 2.35513868802566e-16
7.71155029317102 1.4142135623731 2.35513868802566e-16
7.71420815116312 1.4142135623731 2.35513868802566e-16
7.71686692521086 1.4142135623731 2.35513868802566e-16
7.71952661562996 1.4142135623731 2.35513868802566e-16
7.72218722273626 1.4142135623731 2.35513868802566e-16
7.7248487468457 1.4142135623731 2.35513868802566e-16
7.72751118827434 1.4142135623731 2.35513868802566e-16
7.73017454733835 1.4142135623731 2.35513868802566e-16
7.73283882435398 1.4142135623731 2.35513868802566e-16
7.73550401963762 1.4142135623731 2.35513868802566e-16
7.73817013350577 1.4142135623731 2.35513868802566e-16
7.74083716627502 1.4142135623731 2.35513868802566e-16
7.74350511826208 1.4142135623731 2.35513868802566e-16
7.74617398978376 1.4142135623731 2.35513868802566e-16
7.748843781157 1.4142135623731 2.35513868802566e-16
7.75151449269882 1.4142135623731 2.35513868802566e-16
7.75418612472637 1.4142135623731 2.35513868802566e-16
7.75685867755691 1.4142135623731 2.35513868802566e-16
7.7595321515078 1.4142135623731 2.35513868802566e-16
7.76220654689651 1.4142135623731 2.35513868802566e-16
7.76488186404062 1.4142135623731 2.35513868802566e-16
7.76755810325783 1.4142135623731 2.35513868802566e-16
7.77023526486594 1.4142135623731 2.35513868802566e-16
7.77291334918286 1.4142135623731 2.35513868802566e-16
7.7755923565266 1.4142135623731 2.35513868802566e-16
7.7782722872153 1.4142135623731 2.35513868802566e-16
7.7809531415672 1.4142135623731 2.35513868802566e-16
7.78363491990064 1.4142135623731 2.35513868802566e-16
7.78631762253409 1.4142135623731 2.35513868802566e-16
7.78900124978612 1.4142135623731 2.35513868802566e-16
7.79168580197539 1.4142135623731 2.35513868802566e-16
7.79437127942071 1.4142135623731 2.35513868802566e-16
7.79705768244097 1.4142135623731 2.35513868802566e-16
7.79974501135517 1.4142135623731 2.35513868802566e-16
7.80243326648244 1.4142135623731 2.35513868802566e-16
7.805122448142 1.4142135623731 2.35513868802566e-16
7.80781255665319 1.4142135623731 2.35513868802566e-16
7.81050359233546 1.4142135623731 2.35513868802566e-16
7.81319555550836 1.4142135623731 2.35513868802566e-16
7.81588844649158 1.4142135623731 2.35513868802566e-16
7.81858226560487 1.4142135623731 2.35513868802566e-16
7.82127701316814 1.4142135623731 2.35513868802566e-16
7.82397268950139 1.4142135623731 2.35513868802566e-16
7.82666929492471 1.4142135623731 2.35513868802566e-16
7.82936682975833 1.4142135623731 2.35513868802566e-16
7.83206529432259 1.4142135623731 2.35513868802566e-16
7.83476468893791 1.4142135623731 2.35513868802566e-16
7.83746501392485 1.4142135623731 2.35513868802566e-16
7.84016626960408 1.4142135623731 2.35513868802566e-16
7.84286845629637 1.4142135623731 2.35513868802566e-16
7.84557157432259 1.4142135623731 2.35513868802566e-16
7.84827562400374 1.4142135623731 2.35513868802566e-16
7.85098060566093 1.4142135623731 2.35513868802566e-16
7.85368651961536 1.4142135623731 2.35513868802566e-16
7.85639336618836 1.4142135623731 2.35513868802566e-16
7.85910114570138 1.4142135623731 2.35513868802566e-16
7.86180985847595 1.4142135623731 2.35513868802566e-16
7.86451950483373 1.4142135623731 2.35513868802566e-16
7.86723008509649 1.4142135623731 2.35513868802566e-16
7.86994159958612 1.4142135623731 2.35513868802566e-16
7.87265404862459 1.4142135623731 2.35513868802566e-16
7.87536743253401 1.4142135623731 2.35513868802566e-16
7.8780817516366 1.4142135623731 2.35513868802566e-16
7.88079700625467 1.4142135623731 2.35513868802566e-16
7.88351319671066 1.4142135623731 2.35513868802566e-16
7.88623032332712 1.4142135623731 2.35513868802566e-16
7.8889483864267 1.4142135623731 2.35513868802566e-16
7.89166738633217 1.4142135623731 2.35513868802566e-16
7.89438732336641 1.4142135623731 2.35513868802566e-16
7.8971081978524 1.4142135623731 2.35513868802566e-16
7.89983001011326 1.4142135623731 2.35513868802566e-16
7.90255276047219 1.4142135623731 2.35513868802566e-16
7.90527644925252 1.4142135623731 2.35513868802566e-16
7.90800107677768 1.4142135623731 2.35513868802566e-16
7.91072664337122 1.4142135623731 2.35513868802566e-16
7.9134531493568 1.4142135623731 2.35513868802566e-16
7.91618059505818 1.4142135623731 2.35513868802566e-16
7.91890898079926 1.4142135623731 2.35513868802566e-16
7.92163830690403 1.4142135623731 2.35513868802566e-16
7.92436857369659 1.4142135623731 2.35513868802566e-16
7.92709978150114 1.4142135623731 2.35513868802566e-16
7.92983193064204 1.4142135623731 2.35513868802566e-16
7.93256502144371 1.4142135623731 2.35513868802566e-16
7.93529905423071 1.4142135623731 2.35513868802566e-16
7.9380340293277 1.4142135623731 2.35513868802566e-16
7.94076994705946 1.4142135623731 2.35513868802566e-16
7.94350680775087 1.4142135623731 2.35513868802566e-16
7.94624461172694 1.4142135623731 2.35513868802566e-16
7.94898335931278 1.4142135623731 2.35513868802566e-16
7.95172305083361 1.4142135623731 2.35513868802566e-16
7.95446368661477 1.4142135623731 2.35513868802566e-16
7.9572052669817 1.4142135623731 2.35513868802566e-16
7.95994779225997 1.4142135623731 2.35513868802566e-16
7.96269126277524 1.4142135623731 2.35513868802566e-16
7.96543567885331 1.4142135623731 2.35513868802566e-16
7.96818104082007 1.4142135623731 2.35513868802566e-16
7.97092734900153 1.4142135623731 2.35513868802566e-16
7.97367460372381 1.4142135623731 2.35513868802566e-16
7.97642280531315 1.4142135623731 2.35513868802566e-16
7.97917195409588 1.4142135623731 2.35513868802566e-16
7.98192205039848 1.4142135623731 2.35513868802566e-16
7.98467309454752 1.4142135623731 2.35513868802566e-16
7.98742508686967 1.4142135623731 2.35513868802566e-16
7.99017802769173 1.4142135623731 2.35513868802566e-16
7.99293191734061 1.4142135623731 2.35513868802566e-16
7.99568675614335 1.4142135623731 2.35513868802566e-16
7.99844254442706 1.4142135623731 2.35513868802566e-16
8.00119928251899 1.4142135623731 2.35513868802566e-16
8.00395697074652 1.4142135623731 2.35513868802566e-16
8.00671560943711 1.4142135623731 2.35513868802566e-16
8.00947519891834 1.4142135623731 2.35513868802566e-16
8.01223573951792 1.4142135623731 2.35513868802566e-16
8.01499723156366 1.4142135623731 2.35513868802566e-16
8.01775967538348 1.4142135623731 2.35513868802566e-16
8.02052307130542 1.4142135623731 2.35513868802566e-16
8.02328741965763 1.4142135623731 2.35513868802566e-16
8.02605272076837 1.4142135623731 2.35513868802566e-16
8.02881897496603 1.4142135623731 2.35513868802566e-16
8.03158618257909 1.4142135623731 2.35513868802566e-16
8.03435434393616 1.4142135623731 2.35513868802566e-16
8.03712345936595 1.4142135623731 2.35513868802566e-16
8.03989352919729 1.4142135623731 2.35513868802566e-16
8.04266455375913 1.4142135623731 2.35513868802566e-16
8.04543653338052 1.4142135623731 2.35513868802566e-16
8.04820946839064 1.4142135623731 2.35513868802566e-16
8.05098335911876 1.4142135623731 2.35513868802566e-16
8.05375820589429 1.4142135623731 2.35513868802566e-16
8.05653400904673 1.4142135623731 2.35513868802566e-16
8.05931076890571 1.4142135623731 2.35513868802566e-16
8.06208848580097 1.4142135623731 2.35513868802566e-16
8.06486716006236 1.4142135623731 2.35513868802566e-16
8.06764679201984 1.4142135623731 2.35513868802566e-16
8.0704273820035 1.4142135623731 2.35513868802566e-16
8.07320893034351 1.4142135623731 2.35513868802566e-16
8.0759914373702 1.4142135623731 2.35513868802566e-16
8.07877490341399 1.4142135623731 2.35513868802566e-16
8.0815593288054 1.4142135623731 2.35513868802566e-16
8.08434471387508 1.4142135623731 2.35513868802566e-16
8.0871310589538 1.4142135623731 2.35513868802566e-16
8.08991836437244 1.4142135623731 2.35513868802566e-16
8.09270663046198 1.4142135623731 2.35513868802566e-16
8.09549585755352 1.4142135623731 2.35513868802566e-16
8.09828604597829 1.4142135623731 2.35513868802566e-16
8.10107719606762 1.4142135623731 2.35513868802566e-16
8.10386930815295 1.4142135623731 2.35513868802566e-16
8.10666238256585 1.4142135623731 2.35513868802566e-16
8.10945641963799 1.4142135623731 2.35513868802566e-16
8.11225141970116 1.4142135623731 2.35513868802566e-16
8.11504738308726 1.4142135623731 2.35513868802566e-16
8.11784431012832 1.4142135623731 2.35513868802566e-16
8.12064220115646 1.4142135623731 2.35513868802566e-16
8.12344105650393 1.4142135623731 2.35513868802566e-16
8.1262408765031 1.4142135623731 2.35513868802566e-16
8.12904166148644 1.4142135623731 2.35513868802566e-16
8.13184341178654 1.4142135623731 2.35513868802566e-16
8.1346461277361 1.4142135623731 2.35513868802566e-16
8.13744980966796 1.4142135623731 2.35513868802566e-16
8.14025445791503 1.4142135623731 2.35513868802566e-16
8.14306007281037 1.4142135623731 2.35513868802566e-16
8.14586665468716 1.4142135623731 2.35513868802566e-16
8.14867420387865 1.4142135623731 2.35513868802566e-16
8.15148272071825 1.4142135623731 2.35513868802566e-16
8.15429220553948 1.4142135623731 2.35513868802566e-16
8.15710265867594 1.4142135623731 2.35513868802566e-16
8.15991408046138 1.4142135623731 2.35513868802566e-16
8.16272647122966 1.4142135623731 2.35513868802566e-16
8.16553983131474 1.4142135623731 2.35513868802566e-16
8.16835416105071 1.4142135623731 2.35513868802566e-16
8.17116946077177 1.4142135623731 2.35513868802566e-16
8.17398573081223 1.4142135623731 2.35513868802566e-16
8.17680297150651 1.4142135623731 2.35513868802566e-16
8.17962118318918 1.4142135623731 2.35513868802566e-16
8.18244036619488 1.4142135623731 2.35513868802566e-16
8.1852605208584 1.4142135623731 2.35513868802566e-16
8.18808164751461 1.4142135623731 2.35513868802566e-16
8.19090374649853 1.4142135623731 2.35513868802566e-16
8.19372681814529 1.4142135623731 2.35513868802566e-16
8.19655086279011 1.4142135623731 2.35513868802566e-16
8.19937588076836 1.4142135623731 2.35513868802566e-16
8.20220187241549 1.4142135623731 2.35513868802566e-16
8.2050288380671 1.4142135623731 2.35513868802566e-16
8.20785677805888 1.4142135623731 2.35513868802566e-16
8.21068569272665 1.4142135623731 2.35513868802566e-16
8.21351558240634 1.4142135623731 2.35513868802566e-16
8.216346447434 1.4142135623731 2.35513868802566e-16
8.21917828814579 1.4142135623731 2.35513868802566e-16
8.22201110487799 1.4142135623731 2.35513868802566e-16
8.22484489796698 1.4142135623731 2.35513868802566e-16
8.2276796677493 1.4142135623731 2.35513868802566e-16
8.23051541456155 1.4142135623731 2.35513868802566e-16
8.23335213874049 1.4142135623731 2.35513868802566e-16
8.23618984062296 1.4142135623731 2.35513868802566e-16
8.23902852054596 1.4142135623731 2.35513868802566e-16
8.24186817884656 1.4142135623731 2.35513868802566e-16
8.24470881586197 1.4142135623731 2.35513868802566e-16
8.24755043192952 1.4142135623731 2.35513868802566e-16
8.25039302738665 1.4142135623731 2.35513868802566e-16
8.25323660257091 1.4142135623731 2.35513868802566e-16
8.25608115781997 1.4142135623731 2.35513868802566e-16
8.25892669347163 1.4142135623731 2.35513868802566e-16
8.26177320986379 1.4142135623731 2.35513868802566e-16
8.26462070733446 1.4142135623731 2.35513868802566e-16
8.26746918622179 1.4142135623731 2.35513868802566e-16
8.27031864686404 1.4142135623731 2.35513868802566e-16
8.27316908959956 1.4142135623731 2.35513868802566e-16
8.27602051476686 1.4142135623731 2.35513868802566e-16
8.27887292270453 1.4142135623731 2.35513868802566e-16
8.28172631375129 1.4142135623731 2.35513868802566e-16
8.28458068824599 1.4142135623731 2.35513868802566e-16
8.28743604652758 1.4142135623731 2.35513868802566e-16
8.29029238893512 1.4142135623731 2.35513868802566e-16
8.29314971580781 1.4142135623731 2.35513868802566e-16
8.29600802748496 1.4142135623731 2.35513868802566e-16
8.29886732430598 1.4142135623731 2.35513868802566e-16
8.30172760661041 1.4142135623731 2.35513868802566e-16
8.30458887473792 1.4142135623731 2.35513868802566e-16
8.30745112902827 1.4142135623731 2.35513868802566e-16
8.31031436982135 1.4142135623731 2.35513868802566e-16
8.31317859745717 1.4142135623731 2.35513868802566e-16
8.31604381227585 1.4142135623731 2.35513868802566e-16
8.31891001461765 1.4142135623731 2.35513868802566e-16
8.3217772048229 1.4142135623731 2.35513868802566e-16
8.3246453832321 1.4142135623731 2.35513868802566e-16
8.32751455018584 1.4142135623731 2.35513868802566e-16
8.33038470602482 1.4142135623731 2.35513868802566e-16
8.33325585108989 1.4142135623731 2.35513868802566e-16
8.33612798572197 1.4142135623731 2.35513868802566e-16
8.33900111026213 1.4142135623731 2.35513868802566e-16
8.34187522505157 1.4142135623731 2.35513868802566e-16
8.34475033043157 1.4142135623731 2.35513868802566e-16
8.34762642674355 1.4142135623731 2.35513868802566e-16
8.35050351432904 1.4142135623731 2.35513868802566e-16
8.35338159352971 1.4142135623731 2.35513868802566e-16
8.35626066468731 1.4142135623731 2.35513868802566e-16
8.35914072814373 1.4142135623731 2.35513868802566e-16
8.36202178424099 1.4142135623731 2.35513868802566e-16
8.36490383332119 1.4142135623731 2.35513868802566e-16
8.36778687572659 1.4142135623731 2.35513868802566e-16
8.37067091179954 1.4142135623731 2.35513868802566e-16
8.37355594188251 1.4142135623731 2.35513868802566e-16
8.37644196631812 1.4142135623731 2.35513868802566e-16
8.37932898544905 1.4142135623731 2.35513868802566e-16
8.38221699961816 1.4142135623731 2.35513868802566e-16
8.38510600916838 1.4142135623731 2.35513868802566e-16
8.38799601444278 1.4142135623731 2.35513868802566e-16
8.39088701578456 1.4142135623731 2.35513868802566e-16
8.393779013537 1.4142135623731 2.35513868802566e-16
8.39667200804355 1.4142135623731 2.35513868802566e-16
8.39956599964773 1.4142135623731 2.35513868802566e-16
8.4024609886932 1.4142135623731 2.35513868802566e-16
8.40535697552375 1.4142135623731 2.35513868802566e-16
8.40825396048327 1.4142135623731 2.35513868802566e-16
8.41115194391577 1.4142135623731 2.35513868802566e-16
8.41405092616539 1.4142135623731 2.35513868802566e-16
8.41695090757637 1.4142135623731 2.35513868802566e-16
8.41985188849309 1.4142135623731 2.35513868802566e-16
8.42275386926004 1.4142135623731 2.35513868802566e-16
8.42565685022183 1.4142135623731 2.35513868802566e-16
8.42856083172318 1.4142135623731 2.35513868802566e-16
8.43146581410893 1.4142135623731 2.35513868802566e-16
8.43437179772406 1.4142135623731 2.35513868802566e-16
8.43727878291364 1.4142135623731 2.35513868802566e-16
8.44018677002287 1.4142135623731 2.35513868802566e-16
8.44309575939709 1.4142135623731 2.35513868802566e-16
8.44600575138172 1.4142135623731 2.35513868802566e-16
8.44891674632233 1.4142135623731 2.35513868802566e-16
8.45182874456459 1.4142135623731 2.35513868802566e-16
8.4547417464543 1.4142135623731 2.35513868802566e-16
8.45765575233738 1.4142135623731 2.35513868802566e-16
8.46057076255987 1.4142135623731 2.35513868802566e-16
8.46348677746792 1.4142135623731 2.35513868802566e-16
8.46640379740779 1.4142135623731 2.35513868802566e-16
8.4693218227259 1.4142135623731 2.35513868802566e-16
8.47224085376874 1.4142135623731 2.35513868802566e-16
8.47516089088296 1.4142135623731 2.35513868802566e-16
8.4780819344153 1.4142135623731 2.35513868802566e-16
8.48100398471264 1.4142135623731 2.35513868802566e-16
8.48392704212196 1.4142135623731 2.35513868802566e-16
8.48685110699038 1.4142135623731 2.35513868802566e-16
8.48977617966513 1.4142135623731 2.35513868802566e-16
8.49270226049356 1.4142135623731 2.35513868802566e-16
8.49562934982313 1.4142135623731 2.35513868802566e-16
8.49855744800144 1.4142135623731 2.35513868802566e-16
8.50148655537619 1.4142135623731 2.35513868802566e-16
8.50441667229522 1.4142135623731 2.35513868802566e-16
8.50734779910647 1.4142135623731 2.35513868802566e-16
8.51027993615802 1.4142135623731 2.35513868802566e-16
8.51321308379805 1.4142135623731 2.35513868802566e-16
8.51614724237486 1.4142135623731 2.35513868802566e-16
8.51908241223689 1.4142135623731 2.35513868802566e-16
8.5220185937327 1.4142135623731 2.35513868802566e-16
8.52495578721093 1.4142135623731 2.35513868802566e-16
8.5278939930204 1.4142135623731 2.35513868802566e-16
8.53083321151 1.4142135623731 2.35513868802566e-16
8.53377344302876 1.4142135623731 2.35513868802566e-16
8.53671468792584 1.4142135623731 2.35513868802566e-16
8.5396569465505 1.4142135623731 2.35513868802566e-16
8.54260021925214 1.4142135623731 2.35513868802566e-16
8.54554450638027 1.4142135623731 2.35513868802566e-16
8.54848980828451 1.4142135623731 2.35513868802566e-16
8.55143612531463 1.4142135623731 2.35513868802566e-16
8.55438345782048 1.4142135623731 2.35513868802566e-16
8.55733180615208 1.4142135623731 2.35513868802566e-16
8.56028117065953 1.4142135623731 2.35513868802566e-16
8.56323155169306 1.4142135623731 2.35513868802566e-16
8.56618294960303 1.4142135623731 2.35513868802566e-16
8.56913536473991 1.4142135623731 2.35513868802566e-16
8.57208879745431 1.4142135623731 2.35513868802566e-16
8.57504324809694 1.4142135623731 2.35513868802566e-16
8.57799871701864 1.4142135623731 2.35513868802566e-16
8.58095520457037 1.4142135623731 2.35513868802566e-16
8.5839127111032 1.4142135623731 2.35513868802566e-16
8.58687123696835 1.4142135623731 2.35513868802566e-16
8.58983078251713 1.4142135623731 2.35513868802566e-16
8.59279134810098 1.4142135623731 2.35513868802566e-16
8.59575293407148 1.4142135623731 2.35513868802566e-16
8.5987155407803 1.4142135623731 2.35513868802566e-16
8.60167916857926 1.4142135623731 2.35513868802566e-16
8.60464381782027 1.4142135623731 2.35513868802566e-16
8.6076094888554 1.4142135623731 2.35513868802566e-16
8.61057618203681 1.4142135623731 2.35513868802566e-16
8.6135438977168 1.4142135623731 2.35513868802566e-16
8.61651263624777 1.4142135623731 2.35513868802566e-16
8.61948239798227 1.4142135623731 2.35513868802566e-16
8.62245318327295 1.4142135623731 2.35513868802566e-16
8.62542499247258 1.4142135623731 2.35513868802566e-16
8.62839782593408 1.4142135623731 2.35513868802566e-16
8.63137168401045 1.4142135623731 2.35513868802566e-16
8.63434656705484 1.4142135623731 2.35513868802566e-16
8.63732247542053 1.4142135623731 2.35513868802566e-16
8.64029940946089 1.4142135623731 2.35513868802566e-16
8.64327736952942 1.4142135623731 2.35513868802566e-16
8.64625635597978 1.4142135623731 2.35513868802566e-16
8.6492363691657 1.4142135623731 2.35513868802566e-16
8.65221740944105 1.4142135623731 2.35513868802566e-16
8.65519947715984 1.4142135623731 2.35513868802566e-16
8.65818257267619 1.4142135623731 2.35513868802566e-16
8.66116669634432 1.4142135623731 2.35513868802566e-16
8.66415184851861 1.4142135623731 2.35513868802566e-16
8.66713802955354 1.4142135623731 2.35513868802566e-16
8.67012523980372 1.4142135623731 2.35513868802566e-16
8.67311347962387 1.4142135623731 2.35513868802566e-16
8.67610274936884 1.4142135623731 2.35513868802566e-16
8.67909304939362 1.4142135623731 2.35513868802566e-16
8.68208438005329 1.4142135623731 2.35513868802566e-16
8.68507674170307 1.4142135623731 2.35513868802566e-16
8.6880701346983 1.4142135623731 2.35513868802566e-16
8.69106455939445 1.4142135623731 2.35513868802566e-16
8.6940600161471 1.4142135623731 2.35513868802566e-16
8.69705650531196 1.4142135623731 2.35513868802566e-16
8.70005402724485 1.4142135623731 2.35513868802566e-16
8.70305258230174 1.4142135623731 2.35513868802566e-16
8.7060521708387 1.4142135623731 2.35513868802566e-16
8.70905279321192 1.4142135623731 2.35513868802566e-16
8.71205444977774 1.4142135623731 2.35513868802566e-16
8.71505714089258 1.4142135623731 2.35513868802566e-16
8.71806086691302 1.4142135623731 2.35513868802566e-16
8.72106562819576 1.4142135623731 2.35513868802566e-16
8.72407142509759 1.4142135623731 2.35513868802566e-16
8.72707825797546 1.4142135623731 2.35513868802566e-16
8.73008612718643 1.4142135623731 2.35513868802566e-16
8.73309503308768 1.4142135623731 2.35513868802566e-16
8.73610497603651 1.4142135623731 2.35513868802566e-16
8.73911595639036 1.4142135623731 2.35513868802566e-16
8.74212797450676 1.4142135623731 2.35513868802566e-16
8.7451410307434 1.4142135623731 2.35513868802566e-16
8.74815512545808 1.4142135623731 2.35513868802566e-16
8.75117025900872 1.4142135623731 2.35513868802566e-16
8.75418643175336 1.4142135623731 2.35513868802566e-16
8.75720364405016 1.4142135623731 2.35513868802566e-16
8.76022189625743 1.4142135623731 2.35513868802566e-16
8.76324118873358 1.4142135623731 2.35513868802566e-16
8.76626152183713 1.4142135623731 2.35513868802566e-16
8.76928289592676 1.4142135623731 2.35513868802566e-16
8.77230531136126 1.4142135623731 2.35513868802566e-16
8.77532876849952 1.4142135623731 2.35513868802566e-16
8.77835326770059 1.4142135623731 2.35513868802566e-16
8.78137880932362 1.4142135623731 2.35513868802566e-16
8.78440539372788 1.4142135623731 2.35513868802566e-16
8.7874330212728 1.4142135623731 2.35513868802566e-16
8.79046169231789 1.4142135623731 2.35513868802566e-16
8.7934914072228 1.4142135623731 2.35513868802566e-16
8.79652216634731 1.4142135623731 2.35513868802566e-16
8.79955397005133 1.4142135623731 2.35513868802566e-16
8.80258681869487 1.4142135623731 2.35513868802566e-16
8.80562071263808 1.4142135623731 2.35513868802566e-16
8.80865565224124 1.4142135623731 2.35513868802566e-16
8.81169163786475 1.4142135623731 2.35513868802566e-16
8.81472866986912 1.4142135623731 2.35513868802566e-16
8.81776674861499 1.4142135623731 2.35513868802566e-16
8.82080587446314 1.4142135623731 2.35513868802566e-16
8.82384604777447 1.4142135623731 2.35513868802566e-16
8.82688726890998 1.4142135623731 2.35513868802566e-16
8.82992953823083 1.4142135623731 2.35513868802566e-16
8.83297285609827 1.4142135623731 2.35513868802566e-16
8.8360172228737 1.4142135623731 2.35513868802566e-16
8.83906263891864 1.4142135623731 2.35513868802566e-16
8.84210910459473 1.4142135623731 2.35513868802566e-16
8.84515662026373 1.4142135623731 2.35513868802566e-16
8.84820518628752 1.4142135623731 2.35513868802566e-16
8.85125480302814 1.4142135623731 2.35513868802566e-16
8.85430547084771 1.4142135623731 2.35513868802566e-16
8.85735719010849 1.4142135623731 2.35513868802566e-16
8.86040996117289 1.4142135623731 2.35513868802566e-16
8.86346378440341 1.4142135623731 2.35513868802566e-16
8.86651866016269 1.4142135623731 2.35513868802566e-16
8.8695745888135 1.4142135623731 2.35513868802566e-16
8.87263157071873 1.4142135623731 2.35513868802566e-16
8.87568960624138 1.4142135623731 2.35513868802566e-16
8.87874869574459 1.4142135623731 2.35513868802566e-16
8.88180883959164 1.4142135623731 2.35513868802566e-16
8.88487003814591 1.4142135623731 2.35513868802566e-16
8.88793229177092 1.4142135623731 2.35513868802566e-16
8.8909956008303 1.4142135623731 2.35513868802566e-16
8.89405996568783 1.4142135623731 2.35513868802566e-16
8.89712538670738 1.4142135623731 2.35513868802566e-16
8.90019186425299 1.4142135623731 2.35513868802566e-16
8.90325939868878 1.4142135623731 2.35513868802566e-16
8.90632799037903 1.4142135623731 2.35513868802566e-16
8.90939763968813 1.4142135623731 2.35513868802566e-16
8.9124683469806 1.4142135623731 2.35513868802566e-16
8.91554011262108 1.4142135623731 2.35513868802566e-16
8.91861293697434 1.4142135623731 2.35513868802566e-16
8.92168682040527 1.4142135623731 2.35513868802566e-16
8.92476176327891 1.4142135623731 2.35513868802566e-16
8.92783776596039 1.4142135623731 2.35513868802566e-16
8.93091482881498 1.4142135623731 2.35513868802566e-16
8.93399295220809 1.4142135623731 2.35513868802566e-16
8.93707213650524 1.4142135623731 2.35513868802566e-16
8.94015238207208 1.4142135623731 2.35513868802566e-16
8.94323368927439 1.4142135623731 2.35513868802566e-16
8.94631605847807 1.4142135623731 2.35513868802566e-16
8.94939949004914 1.4142135623731 2.35513868802566e-16
8.95248398435377 1.4142135623731 2.35513868802566e-16
8.95556954175824 1.4142135623731 2.35513868802566e-16
8.95865616262895 1.4142135623731 2.35513868802566e-16
8.96174384733242 1.4142135623731 2.35513868802566e-16
8.96483259623534 1.4142135623731 2.35513868802566e-16
8.96792240970448 1.4142135623731 2.35513868802566e-16
8.97101328810675 1.4142135623731 2.35513868802566e-16
8.9741052318092 1.4142135623731 2.35513868802566e-16
8.97719824117898 1.4142135623731 2.35513868802566e-16
8.98029231658339 1.4142135623731 2.35513868802566e-16
8.98338745838986 1.4142135623731 2.35513868802566e-16
8.98648366696592 1.4142135623731 2.35513868802566e-16
8.98958094267925 1.4142135623731 2.35513868802566e-16
8.99267928589764 1.4142135623731 2.35513868802566e-16
8.99577869698903 1.4142135623731 2.35513868802566e-16
8.99887917632146 1.4142135623731 2.35513868802566e-16
9.00198072426312 1.4142135623731 2.35513868802566e-16
9.0050833411823 1.4142135623731 2.35513868802566e-16
9.00818702744745 1.4142135623731 2.35513868802566e-16
9.01129178342712 1.4142135623731 2.35513868802566e-16
9.01439760949001 1.4142135623731 2.35513868802566e-16
9.01750450600491 1.4142135623731 2.35513868802566e-16
9.02061247334079 1.4142135623731 2.35513868802566e-16
9.02372151186669 1.4142135623731 2.35513868802566e-16
9.02683162195183 1.4142135623731 2.35513868802566e-16
9.02994280396552 1.4142135623731 2.35513868802566e-16
9.03305505827721 1.4142135623731 2.35513868802566e-16
9.03616838525648 1.4142135623731 2.35513868802566e-16
9.03928278527304 1.4142135623731 2.35513868802566e-16
9.04239825869672 1.4142135623731 2.35513868802566e-16
9.04551480589747 1.4142135623731 2.35513868802566e-16
9.04863242724539 1.4142135623731 2.35513868802566e-16
9.05175112311069 1.4142135623731 2.35513868802566e-16
9.05487089386371 1.4142135623731 2.35513868802566e-16
9.05799173987493 1.4142135623731 2.35513868802566e-16
9.06111366151493 1.4142135623731 2.35513868802566e-16
9.06423665915445 1.4142135623731 2.35513868802566e-16
9.06736073316434 1.4142135623731 2.35513868802566e-16
9.07048588391558 1.4142135623731 2.35513868802566e-16
9.07361211177928 1.4142135623731 2.35513868802566e-16
9.07673941712667 1.4142135623731 2.35513868802566e-16
9.07986780032913 1.4142135623731 2.35513868802566e-16
9.08299726175814 1.4142135623731 2.35513868802566e-16
9.08612780178532 1.4142135623731 2.35513868802566e-16
9.08925942078243 1.4142135623731 2.35513868802566e-16
9.09239211912134 1.4142135623731 2.35513868802566e-16
9.09552589717405 1.4142135623731 2.35513868802566e-16
9.0986607553127 1.4142135623731 2.35513868802566e-16
9.10179669390956 1.4142135623731 2.35513868802566e-16
9.10493371333701 1.4142135623731 2.35513868802566e-16
9.10807181396756 1.4142135623731 2.35513868802566e-16
9.11121099617387 1.4142135623731 2.35513868802566e-16
9.11435126032872 1.4142135623731 2.35513868802566e-16
9.11749260680499 1.4142135623731 2.35513868802566e-16
9.12063503597574 1.4142135623731 2.35513868802566e-16
9.12377854821412 1.4142135623731 2.35513868802566e-16
9.12692314389341 1.4142135623731 2.35513868802566e-16
9.13006882338704 1.4142135623731 2.35513868802566e-16
9.13321558706855 1.4142135623731 2.35513868802566e-16
9.13636343531162 1.4142135623731 2.35513868802566e-16
9.13951236849004 1.4142135623731 2.35513868802566e-16
9.14266238697777 1.4142135623731 2.35513868802566e-16
9.14581349114886 1.4142135623731 2.35513868802566e-16
9.14896568137748 1.4142135623731 2.35513868802566e-16
9.15211895803799 1.4142135623731 2.35513868802566e-16
9.1552733215048 1.4142135623731 2.35513868802566e-16
9.15842877215251 1.4142135623731 2.35513868802566e-16
9.16158531035583 1.4142135623731 2.35513868802566e-16
9.16474293648958 1.4142135623731 2.35513868802566e-16
9.16790165092874 1.4142135623731 2.35513868802566e-16
9.17106145404839 1.4142135623731 2.35513868802566e-16
9.17422234622377 1.4142135623731 2.35513868802566e-16
9.17738432783022 1.4142135623731 2.35513868802566e-16
9.18054739924323 1.4142135623731 2.35513868802566e-16
9.18371156083841 1.4142135623731 2.35513868802566e-16
9.18687681299151 1.4142135623731 2.35513868802566e-16
9.19004315607838 1.4142135623731 2.35513868802566e-16
9.19321059047504 1.4142135623731 2.35513868802566e-16
9.19637911655762 1.4142135623731 2.35513868802566e-16
9.19954873470236 1.4142135623731 2.35513868802566e-16
9.20271944528567 1.4142135623731 2.35513868802566e-16
9.20589124868406 1.4142135623731 2.35513868802566e-16
9.20906414527418 1.4142135623731 2.35513868802566e-16
9.21223813543281 1.4142135623731 2.35513868802566e-16
9.21541321953686 1.4142135623731 2.35513868802566e-16
9.21858939796337 1.4142135623731 2.35513868802566e-16
9.2217666710895 1.4142135623731 2.35513868802566e-16
9.22494503929255 1.4142135623731 2.35513868802566e-16
9.22812450294995 1.4142135623731 2.35513868802566e-16
9.23130506243927 1.4142135623731 2.35513868802566e-16
9.23448671813819 1.4142135623731 2.35513868802566e-16
9.23766947042452 1.4142135623731 2.35513868802566e-16
9.24085331967622 1.4142135623731 2.35513868802566e-16
9.24403826627137 1.4142135623731 2.35513868802566e-16
9.24722431058818 1.4142135623731 2.35513868802566e-16
9.25041145300498 1.4142135623731 2.35513868802566e-16
9.25359969390025 1.4142135623731 2.35513868802566e-16
9.25678903365258 1.4142135623731 2.35513868802566e-16
9.25997947264072 1.4142135623731 2.35513868802566e-16
9.26317101124352 1.4142135623731 2.35513868802566e-16
9.26636364983997 1.4142135623731 2.35513868802566e-16
9.2695573888092 1.4142135623731 2.35513868802566e-16
9.27275222853046 1.4142135623731 2.35513868802566e-16
9.27594816938313 1.4142135623731 2.35513868802566e-16
9.27914521174673 1.4142135623731 2.35513868802566e-16
9.28234335600091 1.4142135623731 2.35513868802566e-16
9.28554260252545 1.4142135623731 2.35513868802566e-16
9.28874295170024 1.4142135623731 2.35513868802566e-16
9.29194440390534 1.4142135623731 2.35513868802566e-16
9.2951469595209 1.4142135623731 2.35513868802566e-16
9.29835061892723 1.4142135623731 2.35513868802566e-16
9.30155538250477 1.4142135623731 2.35513868802566e-16
9.30476125063407 1.4142135623731 2.35513868802566e-16
9.30796822369583 1.4142135623731 2.35513868802566e-16
9.31117630207088 1.4142135623731 2.35513868802566e-16
9.31438548614016 1.4142135623731 2.35513868802566e-16
9.31759577628478 1.4142135623731 2.35513868802566e-16
9.32080717288594 1.4142135623731 2.35513868802566e-16
9.324019676325 1.4142135623731 2.35513868802566e-16
9.32723328698345 1.4142135623731 2.35513868802566e-16
9.33044800524288 1.4142135623731 2.35513868802566e-16
9.33366383148506 1.4142135623731 2.35513868802566e-16
9.33688076609185 1.4142135623731 2.35513868802566e-16
9.34009880944526 1.4142135623731 2.35513868802566e-16
9.34331796192744 1.4142135623731 2.35513868802566e-16
9.34653822392066 1.4142135623731 2.35513868802566e-16
9.34975959580732 1.4142135623731 2.35513868802566e-16
9.35298207796994 1.4142135623731 2.35513868802566e-16
9.35620567079121 1.4142135623731 2.35513868802566e-16
9.35943037465393 1.4142135623731 2.35513868802566e-16
9.362656189941 1.4142135623731 2.35513868802566e-16
9.36588311703552 1.4142135623731 2.35513868802566e-16
9.36911115632067 1.4142135623731 2.35513868802566e-16
9.37234030817977 1.4142135623731 2.35513868802566e-16
9.37557057299628 1.4142135623731 2.35513868802566e-16
9.3788019511538 1.4142135623731 2.35513868802566e-16
9.38203444303605 1.4142135623731 2.35513868802566e-16
9.38526804902688 1.4142135623731 2.35513868802566e-16
9.38850276951028 1.4142135623731 2.35513868802566e-16
9.39173860487039 1.4142135623731 2.35513868802566e-16
9.39497555549143 1.4142135623731 2.35513868802566e-16
9.3982136217578 1.4142135623731 2.35513868802566e-16
9.40145280405403 1.4142135623731 2.35513868802566e-16
9.40469310276475 1.4142135623731 2.35513868802566e-16
9.40793451827475 1.4142135623731 2.35513868802566e-16
9.41117705096896 1.4142135623731 2.35513868802566e-16
9.4144207012324 1.4142135623731 2.35513868802566e-16
9.41766546945027 1.4142135623731 2.35513868802566e-16
9.42091135600788 1.4142135623731 2.35513868802566e-16
9.42415836129068 1.4142135623731 2.35513868802566e-16
9.42740648568423 1.4142135623731 2.35513868802566e-16
9.43065572957427 1.4142135623731 2.35513868802566e-16
9.43390609334662 1.4142135623731 2.35513868802566e-16
9.43715757738728 1.4142135623731 2.35513868802566e-16
9.44041018208234 1.4142135623731 2.35513868802566e-16
9.44366390781806 1.4142135623731 2.35513868802566e-16
9.44691875498081 1.4142135623731 2.35513868802566e-16
9.4501747239571 1.4142135623731 2.35513868802566e-16
9.45343181513358 1.4142135623731 2.35513868802566e-16
9.45669002889702 1.4142135623731 2.35513868802566e-16
9.45994936563433 1.4142135623731 2.35513868802566e-16
9.46320982573255 1.4142135623731 2.35513868802566e-16
9.46647140957887 1.4142135623731 2.35513868802566e-16
9.46973411756059 1.4142135623731 2.35513868802566e-16
9.47299795006516 1.4142135623731 2.35513868802566e-16
9.47626290748015 1.4142135623731 2.35513868802566e-16
9.47952899019327 1.4142135623731 2.35513868802566e-16
9.48279619859237 1.4142135623731 2.35513868802566e-16
9.48606453306544 1.4142135623731 2.35513868802566e-16
9.48933399400057 1.4142135623731 2.35513868802566e-16
9.49260458178601 1.4142135623731 2.35513868802566e-16
9.49587629681015 1.4142135623731 2.35513868802566e-16
9.4991491394615 1.4142135623731 2.35513868802566e-16
9.5024231101287 1.4142135623731 2.35513868802566e-16
9.50569820920054 1.4142135623731 2.35513868802566e-16
9.50897443706593 1.4142135623731 2.35513868802566e-16
9.51225179411392 1.4142135623731 2.35513868802566e-16
9.51553028073369 1.4142135623731 2.35513868802566e-16
9.51880989731457 1.4142135623731 2.35513868802566e-16
9.522090644246 1.4142135623731 2.35513868802566e-16
9.52537252191757 1.4142135623731 2.35513868802566e-16
9.528655530719 1.4142135623731 2.35513868802566e-16
9.53193967104014 1.4142135623731 2.35513868802566e-16
9.53522494327099 1.4142135623731 2.35513868802566e-16
9.53851134780166 1.4142135623731 2.35513868802566e-16
9.54179888502241 1.4142135623731 2.35513868802566e-16
9.54508755532364 1.4142135623731 2.35513868802566e-16
9.54837735909588 1.4142135623731 2.35513868802566e-16
9.55166829672977 1.4142135623731 2.35513868802566e-16
9.55496036861613 1.4142135623731 2.35513868802566e-16
9.55825357514588 1.4142135623731 2.35513868802566e-16
9.56154791671008 1.4142135623731 2.35513868802566e-16
9.56484339369995 1.4142135623731 2.35513868802566e-16
9.5681400065068 1.4142135623731 2.35513868802566e-16
9.57143775552211 1.4142135623731 2.35513868802566e-16
9.5747366411375 1.4142135623731 2.35513868802566e-16
9.57803666374468 1.4142135623731 2.35513868802566e-16
9.58133782373555 1.4142135623731 2.35513868802566e-16
9.58464012150211 1.4142135623731 2.35513868802566e-16
9.58794355743651 1.4142135623731 2.35513868802566e-16
9.59124813193102 1.4142135623731 2.35513868802566e-16
9.59455384537807 1.4142135623731 2.35513868802566e-16
9.59786069817019 1.4142135623731 2.35513868802566e-16
9.60116869070009 1.4142135623731 2.35513868802566e-16
9.60447782336057 1.4142135623731 2.35513868802566e-16
9.60778809654461 1.4142135623731 2.35513868802566e-16
9.61109951064528 1.4142135623731 2.35513868802566e-16
9.61441206605581 1.4142135623731 2.35513868802566e-16
9.61772576316958 1.4142135623731 2.35513868802566e-16
9.62104060238007 1.4142135623731 2.35513868802566e-16
9.62435658408093 1.4142135623731 2.35513868802566e-16
9.62767370866592 1.4142135623731 2.35513868802566e-16
9.63099197652894 1.4142135623731 2.35513868802566e-16
9.63431138806405 1.4142135623731 2.35513868802566e-16
9.63763194366541 1.4142135623731 2.35513868802566e-16
9.64095364372734 1.4142135623731 2.35513868802566e-16
9.6442764886443 1.4142135623731 2.35513868802566e-16
9.64760047881085 1.4142135623731 2.35513868802566e-16
9.65092561462173 1.4142135623731 2.35513868802566e-16
9.65425189647179 1.4142135623731 2.35513868802566e-16
9.65757932475603 1.4142135623731 2.35513868802566e-16
9.66090789986957 1.4142135623731 2.35513868802566e-16
9.66423762220768 1.4142135623731 2.35513868802566e-16
9.66756849216577 1.4142135623731 2.35513868802566e-16
9.67090051013936 1.4142135623731 2.35513868802566e-16
9.67423367652413 1.4142135623731 2.35513868802566e-16
9.67756799171591 1.4142135623731 2.35513868802566e-16
9.68090345611062 1.4142135623731 2.35513868802566e-16
9.68424007010435 1.4142135623731 2.35513868802566e-16
9.68757783409334 1.4142135623731 2.35513868802566e-16
9.69091674847392 1.4142135623731 2.35513868802566e-16
9.6942568136426 1.4142135623731 2.35513868802566e-16
9.697598029996 1.4142135623731 2.35513868802566e-16
9.7009403979309 1.4142135623731 2.35513868802566e-16
9.70428391784419 1.4142135623731 2.35513868802566e-16
9.70762859013291 1.4142135623731 2.35513868802566e-16
9.71097441519425 1.4142135623731 2.35513868802566e-16
9.71432139342552 1.4142135623731 2.35513868802566e-16
9.71766952522415 1.4142135623731 2.35513868802566e-16
9.72101881098776 1.4142135623731 2.35513868802566e-16
9.72436925111405 1.4142135623731 2.35513868802566e-16
9.72772084600089 1.4142135623731 2.35513868802566e-16
9.73107359604629 1.4142135623731 2.35513868802566e-16
9.73442750164837 1.4142135623731 2.35513868802566e-16
9.73778256320541 1.4142135623731 2.35513868802566e-16
9.74113878111582 1.4142135623731 2.35513868802566e-16
9.74449615577815 1.4142135623731 2.35513868802566e-16
9.74785468759109 1.4142135623731 2.35513868802566e-16
9.75121437695345 1.4142135623731 2.35513868802566e-16
9.7545752242642 1.4142135623731 2.35513868802566e-16
9.75793722992243 1.4142135623731 2.35513868802566e-16
9.76130039432738 1.4142135623731 2.35513868802566e-16
9.76466471787842 1.4142135623731 2.35513868802566e-16
9.76803020097507 1.4142135623731 2.35513868802566e-16
9.77139684401697 1.4142135623731 2.35513868802566e-16
9.77476464740391 1.4142135623731 2.35513868802566e-16
9.77813361153581 1.4142135623731 2.35513868802566e-16
9.78150373681273 1.4142135623731 2.35513868802566e-16
9.78487502363487 1.4142135623731 2.35513868802566e-16
9.78824747240258 1.4142135623731 2.35513868802566e-16
9.79162108351632 1.4142135623731 2.35513868802566e-16
9.79499585737671 1.4142135623731 2.35513868802566e-16
9.7983717943845 1.4142135623731 2.35513868802566e-16
9.80174889494058 1.4142135623731 2.35513868802566e-16
9.80512715944598 1.4142135623731 2.35513868802566e-16
9.80850658830186 1.4142135623731 2.35513868802566e-16
9.81188718190953 1.4142135623731 2.35513868802566e-16
9.81526894067043 1.4142135623731 2.35513868802566e-16
9.81865186498614 1.4142135623731 2.35513868802566e-16
9.82203595525838 1.4142135623731 2.35513868802566e-16
9.82542121188902 1.4142135623731 2.35513868802566e-16
9.82880763528003 1.4142135623731 2.35513868802566e-16
9.83219522583357 1.4142135623731 2.35513868802566e-16
9.8355839839519 1.4142135623731 2.35513868802566e-16
9.83897391003744 1.4142135623731 2.35513868802566e-16
9.84236500449273 1.4142135623731 2.35513868802566e-16
9.84575726772047 1.4142135623731 2.35513868802566e-16
9.84915070012348 1.4142135623731 2.35513868802566e-16
9.85254530210474 1.4142135623731 2.35513868802566e-16
9.85594107406734 1.4142135623731 2.35513868802566e-16
9.85933801641454 1.4142135623731 2.35513868802566e-16
9.86273612954971 1.4142135623731 2.35513868802566e-16
9.86613541387638 1.4142135623731 2.35513868802566e-16
9.86953586979822 1.4142135623731 2.35513868802566e-16
9.87293749771902 1.4142135623731 2.35513868802566e-16
9.87634029804272 1.4142135623731 2.35513868802566e-16
9.87974427117341 1.4142135623731 2.35513868802566e-16
9.88314941751529 1.4142135623731 2.35513868802566e-16
9.88655573747274 1.4142135623731 2.35513868802566e-16
9.88996323145025 1.4142135623731 2.35513868802566e-16
9.89337189985245 1.4142135623731 2.35513868802566e-16
9.89678174308412 1.4142135623731 2.35513868802566e-16
9.90019276155018 1.4142135623731 2.35513868802566e-16
9.90360495565568 1.4142135623731 2.35513868802566e-16
9.90701832580583 1.4142135623731 2.35513868802566e-16
9.91043287240594 1.4142135623731 2.35513868802566e-16
9.9138485958615 1.4142135623731 2.35513868802566e-16
9.91726549657812 1.4142135623731 2.35513868802566e-16
9.92068357496156 1.4142135623731 2.35513868802566e-16
9.92410283141771 1.4142135623731 2.35513868802566e-16
9.9275232663526 1.4142135623731 2.35513868802566e-16
9.93094488017241 1.4142135623731 2.35513868802566e-16
9.93436767328345 1.4142135623731 2.35513868802566e-16
9.93779164609218 1.4142135623731 2.35513868802566e-16
9.94121679900518 1.4142135623731 2.35513868802566e-16
9.94464313242919 1.4142135623731 2.35513868802566e-16
9.94807064677109 1.4142135623731 2.35513868802566e-16
9.9514993424379 1.4142135623731 2.35513868802566e-16
9.95492921983675 1.4142135623731 2.35513868802566e-16
9.95836027937496 1.4142135623731 2.35513868802566e-16
9.96179252145996 1.4142135623731 2.35513868802566e-16
9.96522594649932 1.4142135623731 2.35513868802566e-16
9.96866055490075 1.4142135623731 2.35513868802566e-16
9.97209634707212 1.4142135623731 2.35513868802566e-16
9.97553332342143 1.4142135623731 2.35513868802566e-16
9.9789714843568 1.4142135623731 2.35513868802566e-16
9.98241083028652 1.4142135623731 2.35513868802566e-16
9.98585136161901 1.4142135623731 2.35513868802566e-16
9.98929307876283 1.4142135623731 2.35513868802566e-16
9.99273598212668 1.4142135623731 2.35513868802566e-16
9.9961800721194 1.4142135623731 2.35513868802566e-16
9.99962534914998 1.4142135623731 2.35513868802566e-16
10.0030718136275 1.4142135623731 2.35513868802566e-16
10.0065194659613 1.4142135623731 2.35513868802566e-16
10.0099683065608 1.4142135623731 2.35513868802566e-16
10.0134183358354 1.4142135623731 2.35513868802566e-16
10.0168695541949 1.4142135623731 2.35513868802566e-16
10.0203219620492 1.4142135623731 2.35513868802566e-16
10.0237755598081 1.4142135623731 2.35513868802566e-16
10.0272303478818 1.4142135623731 2.35513868802566e-16
10.0306863266806 1.4142135623731 2.35513868802566e-16
10.0341434966148 1.4142135623731 2.35513868802566e-16
10.0376018580949 1.4142135623731 2.35513868802566e-16
10.0410614115318 1.4142135623731 2.35513868802566e-16
10.0445221573361 1.4142135623731 2.35513868802566e-16
10.0479840959188 1.4142135623731 2.35513868802566e-16
10.0514472276911 1.4142135623731 2.35513868802566e-16
10.0549115530642 1.4142135623731 2.35513868802566e-16
10.0583770724494 1.4142135623731 2.35513868802566e-16
10.0618437862584 1.4142135623731 2.35513868802566e-16
10.0653116949027 1.4142135623731 2.35513868802566e-16
10.0687807987941 1.4142135623731 2.35513868802566e-16
10.0722510983447 1.4142135623731 2.35513868802566e-16
10.0757225939665 1.4142135623731 2.35513868802566e-16
10.0791952860718 1.4142135623731 2.35513868802566e-16
10.082669175073 1.4142135623731 2.35513868802566e-16
10.0861442613824 1.4142135623731 2.35513868802566e-16
10.0896205454129 1.4142135623731 2.35513868802566e-16
10.0930980275773 1.4142135623731 2.35513868802566e-16
10.0965767082884 1.4142135623731 2.35513868802566e-16
10.1000565879594 1.4142135623731 2.35513868802566e-16
10.1035376670035 1.4142135623731 2.35513868802566e-16
10.1070199458341 1.4142135623731 2.35513868802566e-16
10.1105034248646 1.4142135623731 2.35513868802566e-16
10.1139881045088 1.4142135623731 2.35513868802566e-16
10.1174739851805 1.4142135623731 2.35513868802566e-16
10.1209610672936 1.4142135623731 2.35513868802566e-16
10.1244493512621 1.4142135623731 2.35513868802566e-16
10.1279388375004 1.4142135623731 2.35513868802566e-16
10.1314295264228 1.4142135623731 2.35513868802566e-16
10.1349214184438 1.4142135623731 2.35513868802566e-16
10.1384145139781 1.4142135623731 2.35513868802566e-16
10.1419088134404 1.4142135623731 2.35513868802566e-16
10.1454043172458 1.4142135623731 2.35513868802566e-16
10.1489010258092 1.4142135623731 2.35513868802566e-16
10.152398939546 1.4142135623731 2.35513868802566e-16
10.1558980588716 1.4142135623731 2.35513868802566e-16
10.1593983842013 1.4142135623731 2.35513868802566e-16
10.1628999159509 1.4142135623731 2.35513868802566e-16
10.1664026545362 1.4142135623731 2.35513868802566e-16
10.1699066003732 1.4142135623731 2.35513868802566e-16
10.1734117538779 1.4142135623731 2.35513868802566e-16
10.1769181154666 1.4142135623731 2.35513868802566e-16
10.1804256855556 1.4142135623731 2.35513868802566e-16
10.1839344645614 1.4142135623731 2.35513868802566e-16
10.1874444529008 1.4142135623731 2.35513868802566e-16
10.1909556509906 1.4142135623731 2.35513868802566e-16
10.1944680592476 1.4142135623731 2.35513868802566e-16
10.197981678089 1.4142135623731 2.35513868802566e-16
10.201496507932 1.4142135623731 2.35513868802566e-16
10.205012549194 1.4142135623731 2.35513868802566e-16
10.2085298022926 1.4142135623731 2.35513868802566e-16
10.2120482676454 1.4142135623731 2.35513868802566e-16
10.2155679456702 1.4142135623731 2.35513868802566e-16
10.2190888367849 1.4142135623731 2.35513868802566e-16
10.2226109414078 1.4142135623731 2.35513868802566e-16
10.2261342599569 1.4142135623731 2.35513868802566e-16
10.2296587928508 1.4142135623731 2.35513868802566e-16
10.233184540508 1.4142135623731 2.35513868802566e-16
10.236711503347 1.4142135623731 2.35513868802566e-16
10.2402396817869 1.4142135623731 2.35513868802566e-16
10.2437690762464 1.4142135623731 2.35513868802566e-16
10.2472996871448 1.4142135623731 2.35513868802566e-16
10.2508315149013 1.4142135623731 2.35513868802566e-16
10.2543645599353 1.4142135623731 2.35513868802566e-16
10.2578988226663 1.4142135623731 2.35513868802566e-16
10.2614343035141 1.4142135623731 2.35513868802566e-16
10.2649710028984 1.4142135623731 2.35513868802566e-16
10.2685089212393 1.4142135623731 2.35513868802566e-16
10.2720480589568 1.4142135623731 2.35513868802566e-16
10.2755884164713 1.4142135623731 2.35513868802566e-16
10.2791299942031 1.4142135623731 2.35513868802566e-16
10.2826727925729 1.4142135623731 2.35513868802566e-16
10.2862168120013 1.4142135623731 2.35513868802566e-16
10.2897620529091 1.4142135623731 2.35513868802566e-16
10.2933085157174 1.4142135623731 2.35513868802566e-16
10.2968562008473 1.4142135623731 2.35513868802566e-16
10.3004051087201 1.4142135623731 2.35513868802566e-16
10.3039552397573 1.4142135623731 2.35513868802566e-16
10.3075065943803 1.4142135623731 2.35513868802566e-16
10.3110591730109 1.4142135623731 2.35513868802566e-16
10.314612976071 1.4142135623731 2.35513868802566e-16
10.3181680039826 1.4142135623731 2.35513868802566e-16
10.3217242571679 1.4142135623731 2.35513868802566e-16
10.325281736049 1.4142135623731 2.35513868802566e-16
10.3288404410486 1.4142135623731 2.35513868802566e-16
10.3324003725892 1.4142135623731 2.35513868802566e-16
10.3359615310935 1.4142135623731 2.35513868802566e-16
10.3395239169844 1.4142135623731 2.35513868802566e-16
10.343087530685 1.4142135623731 2.35513868802566e-16
10.3466523726184 1.4142135623731 2.35513868802566e-16
10.3502184432079 1.4142135623731 2.35513868802566e-16
10.353785742877 1.4142135623731 2.35513868802566e-16
10.3573542720494 1.4142135623731 2.35513868802566e-16
10.3609240311487 1.4142135623731 2.35513868802566e-16
10.3644950205989 1.4142135623731 2.35513868802566e-16
10.3680672408241 1.4142135623731 2.35513868802566e-16
10.3716406922484 1.4142135623731 2.35513868802566e-16
10.3752153752962 1.4142135623731 2.35513868802566e-16
10.3787912903919 1.4142135623731 2.35513868802566e-16
10.3823684379603 1.4142135623731 2.35513868802566e-16
10.385946818426 1.4142135623731 2.35513868802566e-16
10.3895264322141 1.4142135623731 2.35513868802566e-16
10.3931072797496 1.4142135623731 2.35513868802566e-16
10.3966893614577 1.4142135623731 2.35513868802566e-16
10.4002726777638 1.4142135623731 2.35513868802566e-16
10.4038572290934 1.4142135623731 2.35513868802566e-16
10.4074430158722 1.4142135623731 2.35513868802566e-16
10.4110300385259 1.4142135623731 2.35513868802566e-16
10.4146182974806 1.4142135623731 2.35513868802566e-16
10.4182077931623 1.4142135623731 2.35513868802566e-16
10.4217985259973 1.4142135623731 2.35513868802566e-16
10.425390496412 1.4142135623731 2.35513868802566e-16
10.4289837048329 1.4142135623731 2.35513868802566e-16
10.4325781516867 1.4142135623731 2.35513868802566e-16
10.4361738374003 1.4142135623731 2.35513868802566e-16
10.4397707624006 1.4142135623731 2.35513868802566e-16
10.4433689271148 1.4142135623731 2.35513868802566e-16
10.4469683319701 1.4142135623731 2.35513868802566e-16
10.450568977394 1.4142135623731 2.35513868802566e-16
10.4541708638141 1.4142135623731 2.35513868802566e-16
10.457773991658 1.4142135623731 2.35513868802566e-16
10.4613783613537 1.4142135623731 2.35513868802566e-16
10.4649839733291 1.4142135623731 2.35513868802566e-16
10.4685908280125 1.4142135623731 2.35513868802566e-16
10.472198925832 1.4142135623731 2.35513868802566e-16
10.4758082672163 1.4142135623731 2.35513868802566e-16
10.4794188525938 1.4142135623731 2.35513868802566e-16
10.4830306823934 1.4142135623731 2.35513868802566e-16
10.486643757044 1.4142135623731 2.35513868802566e-16
10.4902580769745 1.4142135623731 2.35513868802566e-16
10.4938736426143 1.4142135623731 2.35513868802566e-16
10.4974904543926 1.4142135623731 2.35513868802566e-16
10.5011085127389 1.4142135623731 2.35513868802566e-16
10.5047278180829 1.4142135623731 2.35513868802566e-16
10.5083483708543 1.4142135623731 2.35513868802566e-16
10.5119701714832 1.4142135623731 2.35513868802566e-16
10.5155932203995 1.4142135623731 2.35513868802566e-16
10.5192175180336 1.4142135623731 2.35513868802566e-16
10.5228430648158 1.4142135623731 2.35513868802566e-16
10.5264698611766 1.4142135623731 2.35513868802566e-16
10.5300979075467 1.4142135623731 2.35513868802566e-16
10.533727204357 1.4142135623731 2.35513868802566e-16
10.5373577520383 1.4142135623731 2.35513868802566e-16
10.540989551022 1.4142135623731 2.35513868802566e-16
10.5446226017391 1.4142135623731 2.35513868802566e-16
10.5482569046212 1.4142135623731 2.35513868802566e-16
10.5518924600998 1.4142135623731 2.35513868802566e-16
10.5555292686066 1.4142135623731 2.35513868802566e-16
10.5591673305735 1.4142135623731 2.35513868802566e-16
10.5628066464325 1.4142135623731 2.35513868802566e-16
10.5664472166158 1.4142135623731 2.35513868802566e-16
10.5700890415557 1.4142135623731 2.35513868802566e-16
10.5737321216846 1.4142135623731 2.35513868802566e-16
10.5773764574352 1.4142135623731 2.35513868802566e-16
10.5810220492402 1.4142135623731 2.35513868802566e-16
10.5846688975326 1.4142135623731 2.35513868802566e-16
10.5883170027454 1.4142135623731 2.35513868802566e-16
10.5919663653118 1.4142135623731 2.35513868802566e-16
10.5956169856651 1.4142135623731 2.35513868802566e-16
10.5992688642389 1.4142135623731 2.35513868802566e-16
10.6029220014669 1.4142135623731 2.35513868802566e-16
10.6065763977828 1.4142135623731 2.35513868802566e-16
10.6102320536206 1.4142135623731 2.35513868802566e-16
10.6138889694144 1.4142135623731 2.35513868802566e-16
10.6175471455985 1.4142135623731 2.35513868802566e-16
10.6212065826072 1.4142135623731 2.35513868802566e-16
10.6248672808751 1.4142135623731 2.35513868802566e-16
10.628529240837 1.4142135623731 2.35513868802566e-16
10.6321924629276 1.4142135623731 2.35513868802566e-16
10.6358569475821 1.4142135623731 2.35513868802566e-16
10.6395226952354 1.4142135623731 2.35513868802566e-16
10.643189706323 1.4142135623731 2.35513868802566e-16
10.6468579812803 1.4142135623731 2.35513868802566e-16
10.6505275205429 1.4142135623731 2.35513868802566e-16
10.6541983245466 1.4142135623731 2.35513868802566e-16
10.6578703937272 1.4142135623731 2.35513868802566e-16
10.6615437285208 1.4142135623731 2.35513868802566e-16
10.6652183293637 1.4142135623731 2.35513868802566e-16
10.6688941966921 1.4142135623731 2.35513868802566e-16
10.6725713309426 1.4142135623731 2.35513868802566e-16
10.6762497325519 1.4142135623731 2.35513868802566e-16
10.6799294019567 1.4142135623731 2.35513868802566e-16
10.683610339594 1.4142135623731 2.35513868802566e-16
10.6872925459009 1.4142135623731 2.35513868802566e-16
10.6909760213147 1.4142135623731 2.35513868802566e-16
10.6946607662728 1.4142135623731 2.35513868802566e-16
10.6983467812127 1.4142135623731 2.35513868802566e-16
10.7020340665721 1.4142135623731 2.35513868802566e-16
10.705722622789 1.4142135623731 2.35513868802566e-16
10.7094124503013 1.4142135623731 2.35513868802566e-16
10.7131035495472 1.4142135623731 2.35513868802566e-16
10.716795920965 1.4142135623731 2.35513868802566e-16
10.7204895649932 1.4142135623731 2.35513868802566e-16
10.7241844820703 1.4142135623731 2.35513868802566e-16
10.7278806726352 1.4142135623731 2.35513868802566e-16
10.7315781371268 1.4142135623731 2.35513868802566e-16
10.7352768759841 1.4142135623731 2.35513868802566e-16
10.7389768896464 1.4142135623731 2.35513868802566e-16
10.7426781785531 1.4142135623731 2.35513868802566e-16
10.7463807431436 1.4142135623731 2.35513868802566e-16
10.7500845838577 1.4142135623731 2.35513868802566e-16
10.7537897011351 1.4142135623731 2.35513868802566e-16
10.7574960954159 1.4142135623731 2.35513868802566e-16
10.7612037671401 1.4142135623731 2.35513868802566e-16
10.7649127167482 1.4142135623731 2.35513868802566e-16
10.7686229446804 1.4142135623731 2.35513868802566e-16
10.7723344513774 1.4142135623731 2.35513868802566e-16
10.7760472372799 1.4142135623731 2.35513868802566e-16
10.7797613028289 1.4142135623731 2.35513868802566e-16
10.7834766484653 1.4142135623731 2.35513868802566e-16
10.7871932746304 1.4142135623731 2.35513868802566e-16
10.7909111817654 1.4142135623731 2.35513868802566e-16
10.794630370312 1.4142135623731 2.35513868802566e-16
10.7983508407117 1.4142135623731 2.35513868802566e-16
10.8020725934063 1.4142135623731 2.35513868802566e-16
10.8057956288379 1.4142135623731 2.35513868802566e-16
10.8095199474484 1.4142135623731 2.35513868802566e-16
10.8132455496803 1.4142135623731 2.35513868802566e-16
10.8169724359758 1.4142135623731 2.35513868802566e-16
10.8207006067775 1.4142135623731 2.35513868802566e-16
10.8244300625283 1.4142135623731 2.35513868802566e-16
10.8281608036708 1.4142135623731 2.35513868802566e-16
10.8318928306482 1.4142135623731 2.35513868802566e-16
10.8356261439037 1.4142135623731 2.35513868802566e-16
10.8393607438805 1.4142135623731 2.35513868802566e-16
10.8430966310221 1.4142135623731 2.35513868802566e-16
10.8468338057723 1.4142135623731 2.35513868802566e-16
10.8505722685746 1.4142135623731 2.35513868802566e-16
10.8543120198732 1.4142135623731 2.35513868802566e-16
10.8580530601121 1.4142135623731 2.35513868802566e-16
10.8617953897355 1.4142135623731 2.35513868802566e-16
10.8655390091878 1.4142135623731 2.35513868802566e-16
10.8692839189137 1.4142135623731 2.35513868802566e-16
10.8730301193577 1.4142135623731 2.35513868802566e-16
10.8767776109647 1.4142135623731 2.35513868802566e-16
10.8805263941799 1.4142135623731 2.35513868802566e-16
10.8842764694482 1.4142135623731 2.35513868802566e-16
10.8880278372151 1.4142135623731 2.35513868802566e-16
10.891780497926 1.4142135623731 2.35513868802566e-16
10.8955344520266 1.4142135623731 2.35513868802566e-16
10.8992896999625 1.4142135623731 2.35513868802566e-16
10.9030462421799 1.4142135623731 2.35513868802566e-16
10.9068040791246 1.4142135623731 2.35513868802566e-16
10.910563211243 1.4142135623731 2.35513868802566e-16
10.9143236389816 1.4142135623731 2.35513868802566e-16
10.9180853627867 1.4142135623731 2.35513868802566e-16
10.9218483831051 1.4142135623731 2.35513868802566e-16
10.9256127003838 1.4142135623731 2.35513868802566e-16
10.9293783150696 1.4142135623731 2.35513868802566e-16
10.9331452276097 1.4142135623731 2.35513868802566e-16
10.9369134384516 1.4142135623731 2.35513868802566e-16
10.9406829480425 1.4142135623731 2.35513868802566e-16
10.9444537568303 1.4142135623731 2.35513868802566e-16
10.9482258652625 1.4142135623731 2.35513868802566e-16
10.9519992737873 1.4142135623731 2.35513868802566e-16
10.9557739828526 1.4142135623731 2.35513868802566e-16
10.9595499929068 1.4142135623731 2.35513868802566e-16
10.9633273043981 1.4142135623731 2.35513868802566e-16
10.9671059177752 1.4142135623731 2.35513868802566e-16
10.9708858334868 1.4142135623731 2.35513868802566e-16
10.9746670519817 1.4142135623731 2.35513868802566e-16
10.978449573709 1.4142135623731 2.35513868802566e-16
10.9822333991177 1.4142135623731 2.35513868802566e-16
10.9860185286574 1.4142135623731 2.35513868802566e-16
10.9898049627773 1.4142135623731 2.35513868802566e-16
10.9935927019272 1.4142135623731 2.35513868802566e-16
10.9973817465569 1.4142135623731 2.35513868802566e-16
11.0011720971163 1.4142135623731 2.35513868802566e-16
11.0049637540554 1.4142135623731 2.35513868802566e-16
11.0087567178247 1.4142135623731 2.35513868802566e-16
11.0125509888743 1.4142135623731 2.35513868802566e-16
11.0163465676551 1.4142135623731 2.35513868802566e-16
11.0201434546175 1.4142135623731 2.35513868802566e-16
11.0239416502126 1.4142135623731 2.35513868802566e-16
11.0277411548914 1.4142135623731 2.35513868802566e-16
11.031541969105 1.4142135623731 2.35513868802566e-16
11.0353440933049 1.4142135623731 2.35513868802566e-16
11.0391475279424 1.4142135623731 2.35513868802566e-16
11.0429522734693 1.4142135623731 2.35513868802566e-16
11.0467583303373 1.4142135623731 2.35513868802566e-16
11.0505656989984 1.4142135623731 2.35513868802566e-16
11.0543743799048 1.4142135623731 2.35513868802566e-16
11.0581843735088 1.4142135623731 2.35513868802566e-16
11.0619956802626 1.4142135623731 2.35513868802566e-16
11.0658083006191 1.4142135623731 2.35513868802566e-16
11.0696222350308 1.4142135623731 2.35513868802566e-16
11.0734374839507 1.4142135623731 2.35513868802566e-16
11.0772540478319 1.4142135623731 2.35513868802566e-16
11.0810719271275 1.4142135623731 2.35513868802566e-16
11.084891122291 1.4142135623731 2.35513868802566e-16
11.0887116337758 1.4142135623731 2.35513868802566e-16
11.0925334620357 1.4142135623731 2.35513868802566e-16
11.0963566075245 1.4142135623731 2.35513868802566e-16
11.1001810706961 1.4142135623731 2.35513868802566e-16
11.1040068520048 1.4142135623731 2.35513868802566e-16
11.1078339519048 1.4142135623731 2.35513868802566e-16
11.1116623708507 1.4142135623731 2.35513868802566e-16
11.1154921092969 1.4142135623731 2.35513868802566e-16
11.1193231676984 1.4142135623731 2.35513868802566e-16
11.1231555465099 1.4142135623731 2.35513868802566e-16
11.1269892461868 1.4142135623731 2.35513868802566e-16
11.1308242671841 1.4142135623731 2.35513868802566e-16
11.1346606099572 1.4142135623731 2.35513868802566e-16
11.1384982749619 1.4142135623731 2.35513868802566e-16
11.1423372626537 1.4142135623731 2.35513868802566e-16
11.1461775734885 1.4142135623731 2.35513868802566e-16
11.1500192079224 1.4142135623731 2.35513868802566e-16
11.1538621664116 1.4142135623731 2.35513868802566e-16
11.1577064494124 1.4142135623731 2.35513868802566e-16
11.1615520573813 1.4142135623731 2.35513868802566e-16
11.165398990775 1.4142135623731 2.35513868802566e-16
11.1692472500503 1.4142135623731 2.35513868802566e-16
11.1730968356642 1.4142135623731 2.35513868802566e-16
11.1769477480738 1.4142135623731 2.35513868802566e-16
11.1807999877364 1.4142135623731 2.35513868802566e-16
11.1846535551095 1.4142135623731 2.35513868802566e-16
11.1885084506506 1.4142135623731 2.35513868802566e-16
11.1923646748176 1.4142135623731 2.35513868802566e-16
11.1962222280683 1.4142135623731 2.35513868802566e-16
11.2000811108608 1.4142135623731 2.35513868802566e-16
11.2039413236535 1.4142135623731 2.35513868802566e-16
11.2078028669046 1.4142135623731 2.35513868802566e-16
11.2116657410727 1.4142135623731 2.35513868802566e-16
11.2155299466166 1.4142135623731 2.35513868802566e-16
11.219395483995 1.4142135623731 2.35513868802566e-16
11.2232623536672 1.4142135623731 2.35513868802566e-16
11.2271305560921 1.4142135623731 2.35513868802566e-16
11.2310000917292 1.4142135623731 2.35513868802566e-16
11.234870961038 1.4142135623731 2.35513868802566e-16
11.2387431644782 1.4142135623731 2.35513868802566e-16
11.2426167025095 1.4142135623731 2.35513868802566e-16
11.2464915755919 1.4142135623731 2.35513868802566e-16
11.2503677841856 1.4142135623731 2.35513868802566e-16
11.2542453287509 1.4142135623731 2.35513868802566e-16
11.2581242097483 1.4142135623731 2.35513868802566e-16
11.2620044276382 1.4142135623731 2.35513868802566e-16
11.2658859828816 1.4142135623731 2.35513868802566e-16
11.2697688759394 1.4142135623731 2.35513868802566e-16
11.2736531072725 1.4142135623731 2.35513868802566e-16
11.2775386773424 1.4142135623731 2.35513868802566e-16
11.2814255866103 1.4142135623731 2.35513868802566e-16
11.285313835538 1.4142135623731 2.35513868802566e-16
11.289203424587 1.4142135623731 2.35513868802566e-16
11.2930943542192 1.4142135623731 2.35513868802566e-16
11.2969866248968 1.4142135623731 2.35513868802566e-16
11.300880237082 1.4142135623731 2.35513868802566e-16
11.304775191237 1.4142135623731 2.35513868802566e-16
11.3086714878244 1.4142135623731 2.35513868802566e-16
11.3125691273069 1.4142135623731 2.35513868802566e-16
11.3164681101473 1.4142135623731 2.35513868802566e-16
11.3203684368087 1.4142135623731 2.35513868802566e-16
11.3242701077542 1.4142135623731 2.35513868802566e-16
11.328173123447 1.4142135623731 2.35513868802566e-16
11.3320774843508 1.4142135623731 2.35513868802566e-16
11.3359831909291 1.4142135623731 2.35513868802566e-16
11.3398902436457 1.4142135623731 2.35513868802566e-16
11.3437986429646 1.4142135623731 2.35513868802566e-16
11.34770838935 1.4142135623731 2.35513868802566e-16
11.351619483266 1.4142135623731 2.35513868802566e-16
11.3555319251771 1.4142135623731 2.35513868802566e-16
11.359445715548 1.4142135623731 2.35513868802566e-16
11.3633608548434 1.4142135623731 2.35513868802566e-16
11.3672773435281 1.4142135623731 2.35513868802566e-16
11.3711951820674 1.4142135623731 2.35513868802566e-16
11.3751143709264 1.4142135623731 2.35513868802566e-16
11.3790349105705 1.4142135623731 2.35513868802566e-16
11.3829568014652 1.4142135623731 2.35513868802566e-16
11.3868800440764 1.4142135623731 2.35513868802566e-16
11.3908046388699 1.4142135623731 2.35513868802566e-16
11.3947305863117 1.4142135623731 2.35513868802566e-16
11.3986578868681 1.4142135623731 2.35513868802566e-16
11.4025865410053 1.4142135623731 2.35513868802566e-16
11.40651654919 1.4142135623731 2.35513868802566e-16
11.4104479118888 1.4142135623731 2.35513868802566e-16
11.4143806295685 1.4142135623731 2.35513868802566e-16
11.4183147026962 1.4142135623731 2.35513868802566e-16
11.422250131739 1.4142135623731 2.35513868802566e-16
11.4261869171643 1.4142135623731 2.35513868802566e-16
11.4301250594395 1.4142135623731 2.35513868802566e-16
11.4340645590324 1.4142135623731 2.35513868802566e-16
11.4380054164106 1.4142135623731 2.35513868802566e-16
11.4419476320422 1.4142135623731 2.35513868802566e-16
11.4458912063953 1.4142135623731 2.35513868802566e-16
11.4498361399383 1.4142135623731 2.35513868802566e-16
11.4537824331395 1.4142135623731 2.35513868802566e-16
11.4577300864676 1.4142135623731 2.35513868802566e-16
11.4616791003914 1.4142135623731 2.35513868802566e-16
11.4656294753798 1.4142135623731 2.35513868802566e-16
11.4695812119019 1.4142135623731 2.35513868802566e-16
11.473534310427 1.4142135623731 2.35513868802566e-16
11.4774887714245 1.4142135623731 2.35513868802566e-16
11.481444595364 1.4142135623731 2.35513868802566e-16
11.4854017827153 1.4142135623731 2.35513868802566e-16
11.4893603339482 1.4142135623731 2.35513868802566e-16
11.4933202495328 1.4142135623731 2.35513868802566e-16
11.4972815299394 1.4142135623731 2.35513868802566e-16
11.5012441756384 1.4142135623731 2.35513868802566e-16
11.5052081871004 1.4142135623731 2.35513868802566e-16
11.5091735647959 1.4142135623731 2.35513868802566e-16
11.5131403091961 1.4142135623731 2.35513868802566e-16
11.5171084207718 1.4142135623731 2.35513868802566e-16
11.5210778999943 1.4142135623731 2.35513868802566e-16
11.525048747335 1.4142135623731 2.35513868802566e-16
11.5290209632653 1.4142135623731 2.35513868802566e-16
11.5329945482571 1.4142135623731 2.35513868802566e-16
11.5369695027822 1.4142135623731 2.35513868802566e-16
11.5409458273125 1.4142135623731 2.35513868802566e-16
11.5449235223203 1.4142135623731 2.35513868802566e-16
11.5489025882779 1.4142135623731 2.35513868802566e-16
11.5528830256579 1.4142135623731 2.35513868802566e-16
11.5568648349328 1.4142135623731 2.35513868802566e-16
11.5608480165756 1.4142135623731 2.35513868802566e-16
11.5648325710592 1.4142135623731 2.35513868802566e-16
11.5688184988569 1.4142135623731 2.35513868802566e-16
11.5728058004418 1.4142135623731 2.35513868802566e-16
11.5767944762876 1.4142135623731 2.35513868802566e-16
11.5807845268678 1.4142135623731 2.35513868802566e-16
11.5847759526563 1.4142135623731 2.35513868802566e-16
11.5887687541271 1.4142135623731 2.35513868802566e-16
11.5927629317542 1.4142135623731 2.35513868802566e-16
11.5967584860121 1.4142135623731 2.35513868802566e-16
11.6007554173752 1.4142135623731 2.35513868802566e-16
11.604753726318 1.4142135623731 2.35513868802566e-16
11.6087534133155 1.4142135623731 2.35513868802566e-16
11.6127544788425 1.4142135623731 2.35513868802566e-16
11.6167569233742 1.4142135623731 2.35513868802566e-16
11.6207607473859 1.4142135623731 2.35513868802566e-16
11.624765951353 1.4142135623731 2.35513868802566e-16
11.6287725357512 1.4142135623731 2.35513868802566e-16
11.6327805010561 1.4142135623731 2.35513868802566e-16
11.6367898477439 1.4142135623731 2.35513868802566e-16
11.6408005762904 1.4142135623731 2.35513868802566e-16
11.6448126871722 1.4142135623731 2.35513868802566e-16
11.6488261808655 1.4142135623731 2.35513868802566e-16
11.6528410578469 1.4142135623731 2.35513868802566e-16
11.6568573185933 1.4142135623731 2.35513868802566e-16
11.6608749635816 1.4142135623731 2.35513868802566e-16
11.6648939932888 1.4142135623731 2.35513868802566e-16
11.6689144081922 1.4142135623731 2.35513868802566e-16
11.6729362087692 1.4142135623731 2.35513868802566e-16
11.6769593954975 1.4142135623731 2.35513868802566e-16
11.6809839688547 1.4142135623731 2.35513868802566e-16
11.6850099293188 1.4142135623731 2.35513868802566e-16
11.6890372773679 1.4142135623731 2.35513868802566e-16
11.6930660134801 1.4142135623731 2.35513868802566e-16
11.697096138134 1.4142135623731 2.35513868802566e-16
11.7011276518081 1.4142135623731 2.35513868802566e-16
11.7051605549811 1.4142135623731 2.35513868802566e-16
11.7091948481319 1.4142135623731 2.35513868802566e-16
11.7132305317396 1.4142135623731 2.35513868802566e-16
11.7172676062834 1.4142135623731 2.35513868802566e-16
11.7213060722428 1.4142135623731 2.35513868802566e-16
11.7253459300973 1.4142135623731 2.35513868802566e-16
11.7293871803266 1.4142135623731 2.35513868802566e-16
11.7334298234106 1.4142135623731 2.35513868802566e-16
11.7374738598294 1.4142135623731 2.35513868802566e-16
11.7415192900632 1.4142135623731 2.35513868802566e-16
11.7455661145924 1.4142135623731 2.35513868802566e-16
11.7496143338975 1.4142135623731 2.35513868802566e-16
11.7536639484594 1.4142135623731 2.35513868802566e-16
11.7577149587587 1.4142135623731 2.35513868802566e-16
11.7617673652768 1.4142135623731 2.35513868802566e-16
11.7658211684946 1.4142135623731 2.35513868802566e-16
11.7698763688937 1.4142135623731 2.35513868802566e-16
11.7739329669555 1.4142135623731 2.35513868802566e-16
11.7779909631619 1.4142135623731 2.35513868802566e-16
11.7820503579946 1.4142135623731 2.35513868802566e-16
11.7861111519357 1.4142135623731 2.35513868802566e-16
11.7901733454675 1.4142135623731 2.35513868802566e-16
11.7942369390723 1.4142135623731 2.35513868802566e-16
11.7983019332327 1.4142135623731 2.35513868802566e-16
11.8023683284314 1.4142135623731 2.35513868802566e-16
11.8064361251512 1.4142135623731 2.35513868802566e-16
11.8105053238753 1.4142135623731 2.35513868802566e-16
11.8145759250868 1.4142135623731 2.35513868802566e-16
11.8186479292691 1.4142135623731 2.35513868802566e-16
11.8227213369057 1.4142135623731 2.35513868802566e-16
11.8267961484805 1.4142135623731 2.35513868802566e-16
11.8308723644772 1.4142135623731 2.35513868802566e-16
11.8349499853798 1.4142135623731 2.35513868802566e-16
11.8390290116727 1.4142135623731 2.35513868802566e-16
11.8431094438402 1.4142135623731 2.35513868802566e-16
11.8471912823668 1.4142135623731 2.35513868802566e-16
11.8512745277373 1.4142135623731 2.35513868802566e-16
11.8553591804365 1.4142135623731 2.35513868802566e-16
11.8594452409495 1.4142135623731 2.35513868802566e-16
11.8635327097615 1.4142135623731 2.35513868802566e-16
11.8676215873579 1.4142135623731 2.35513868802566e-16
11.8717118742243 1.4142135623731 2.35513868802566e-16
11.8758035708463 1.4142135623731 2.35513868802566e-16
11.8798966777098 1.4142135623731 2.35513868802566e-16
11.8839911953009 1.4142135623731 2.35513868802566e-16
11.8880871241058 1.4142135623731 2.35513868802566e-16
11.892184464611 1.4142135623731 2.35513868802566e-16
11.8962832173029 1.4142135623731 2.35513868802566e-16
11.9003833826682 1.4142135623731 2.35513868802566e-16
11.904484961194 1.4142135623731 2.35513868802566e-16
11.9085879533672 1.4142135623731 2.35513868802566e-16
11.912692359675 1.4142135623731 2.35513868802566e-16
11.9167981806049 1.4142135623731 2.35513868802566e-16
11.9209054166444 1.4142135623731 2.35513868802566e-16
11.9250140682813 1.4142135623731 2.35513868802566e-16
11.9291241360034 1.4142135623731 2.35513868802566e-16
11.9332356202988 1.4142135623731 2.35513868802566e-16
11.9373485216558 1.4142135623731 2.35513868802566e-16
11.9414628405627 1.4142135623731 2.35513868802566e-16
11.9455785775081 1.4142135623731 2.35513868802566e-16
11.9496957329808 1.4142135623731 2.35513868802566e-16
11.9538143074697 1.4142135623731 2.35513868802566e-16
11.9579343014638 1.4142135623731 2.35513868802566e-16
11.9620557154524 1.4142135623731 2.35513868802566e-16
11.9661785499249 1.4142135623731 2.35513868802566e-16
11.970302805371 1.4142135623731 2.35513868802566e-16
11.9744284822802 1.4142135623731 2.35513868802566e-16
11.9785555811426 1.4142135623731 2.35513868802566e-16
11.9826841024483 1.4142135623731 2.35513868802566e-16
11.9868140466875 1.4142135623731 2.35513868802566e-16
11.9909454143507 1.4142135623731 2.35513868802566e-16
11.9950782059283 1.4142135623731 2.35513868802566e-16
11.9992124219113 1.4142135623731 2.35513868802566e-16
12.0033480627905 1.4142135623731 2.35513868802566e-16
12.0074851290571 1.4142135623731 2.35513868802566e-16
12.0116236212022 1.4142135623731 2.35513868802566e-16
12.0157635397174 1.4142135623731 2.35513868802566e-16
12.0199048850943 1.4142135623731 2.35513868802566e-16
12.0240476578247 1.4142135623731 2.35513868802566e-16
12.0281918584004 1.4142135623731 2.35513868802566e-16
12.0323374873137 1.4142135623731 2.35513868802566e-16
12.0364845450567 1.4142135623731 2.35513868802566e-16
12.0406330321221 1.4142135623731 2.35513868802566e-16
12.0447829490023 1.4142135623731 2.35513868802566e-16
12.0489342961902 1.4142135623731 2.35513868802566e-16
12.0530870741788 1.4142135623731 2.35513868802566e-16
12.0572412834612 1.4142135623731 2.35513868802566e-16
12.0613969245308 1.4142135623731 2.35513868802566e-16
12.0655539978809 1.4142135623731 2.35513868802566e-16
12.0697125040052 1.4142135623731 2.35513868802566e-16
12.0738724433976 1.4142135623731 2.35513868802566e-16
12.0780338165521 1.4142135623731 2.35513868802566e-16
12.0821966239628 1.4142135623731 2.35513868802566e-16
12.086360866124 1.4142135623731 2.35513868802566e-16
12.0905265435303 1.4142135623731 2.35513868802566e-16
12.0946936566762 1.4142135623731 2.35513868802566e-16
12.0988622060567 1.4142135623731 2.35513868802566e-16
12.1030321921668 1.4142135623731 2.35513868802566e-16
12.1072036155016 1.4142135623731 2.35513868802566e-16
12.1113764765566 1.4142135623731 2.35513868802566e-16
12.1155507758271 1.4142135623731 2.35513868802566e-16
12.119726513809 1.4142135623731 2.35513868802566e-16
12.123903690998 1.4142135623731 2.35513868802566e-16
12.1280823078903 1.4142135623731 2.35513868802566e-16
12.132262364982 1.4142135623731 2.35513868802566e-16
12.1364438627695 1.4142135623731 2.35513868802566e-16
12.1406268017493 1.4142135623731 2.35513868802566e-16
12.1448111824183 1.4142135623731 2.35513868802566e-16
12.1489970052732 1.4142135623731 2.35513868802566e-16
12.1531842708111 1.4142135623731 2.35513868802566e-16
12.1573729795292 1.4142135623731 2.35513868802566e-16
12.1615631319251 1.4142135623731 2.35513868802566e-16
12.1657547284962 1.4142135623731 2.35513868802566e-16
12.1699477697403 1.4142135623731 2.35513868802566e-16
12.1741422561553 1.4142135623731 2.35513868802566e-16
12.1783381882393 1.4142135623731 2.35513868802566e-16
12.1825355664905 1.4142135623731 2.35513868802566e-16
12.1867343914075 1.4142135623731 2.35513868802566e-16
12.1909346634888 1.4142135623731 2.35513868802566e-16
12.1951363832332 1.4142135623731 2.35513868802566e-16
12.1993395511396 1.4142135623731 2.35513868802566e-16
12.2035441677072 1.4142135623731 2.35513868802566e-16
12.2077502334352 1.4142135623731 2.35513868802566e-16
12.2119577488232 1.4142135623731 2.35513868802566e-16
12.2161667143707 1.4142135623731 2.35513868802566e-16
12.2203771305776 1.4142135623731 2.35513868802566e-16
12.2245889979438 1.4142135623731 2.35513868802566e-16
12.2288023169696 1.4142135623731 2.35513868802566e-16
12.2330170881552 1.4142135623731 2.35513868802566e-16
12.2372333120012 1.4142135623731 2.35513868802566e-16
12.2414509890081 1.4142135623731 2.35513868802566e-16
12.2456701196769 1.4142135623731 2.35513868802566e-16
12.2498907045086 1.4142135623731 2.35513868802566e-16
12.2541127440044 1.4142135623731 2.35513868802566e-16
12.2583362386656 1.4142135623731 2.35513868802566e-16
12.2625611889938 1.4142135623731 2.35513868802566e-16
12.2667875954906 1.4142135623731 2.35513868802566e-16
12.271015458658 1.4142135623731 2.35513868802566e-16
12.275244778998 1.4142135623731 2.35513868802566e-16
12.2794755570129 1.4142135623731 2.35513868802566e-16
12.283707793205 1.4142135623731 2.35513868802566e-16
12.287941488077 1.4142135623731 2.35513868802566e-16
12.2921766421315 1.4142135623731 2.35513868802566e-16
12.2964132558714 1.4142135623731 2.35513868802566e-16
12.3006513298 1.4142135623731 2.35513868802566e-16
12.3048908644204 1.4142135623731 2.35513868802566e-16
12.3091318602361 1.4142135623731 2.35513868802566e-16
12.3133743177507 1.4142135623731 2.35513868802566e-16
12.3176182374681 1.4142135623731 2.35513868802566e-16
12.321863619892 1.4142135623731 2.35513868802566e-16
12.3261104655268 1.4142135623731 2.35513868802566e-16
12.3303587748766 1.4142135623731 2.35513868802566e-16
12.3346085484461 1.4142135623731 2.35513868802566e-16
12.3388597867397 1.4142135623731 2.35513868802566e-16
12.3431124902625 1.4142135623731 2.35513868802566e-16
12.3473666595193 1.4142135623731 2.35513868802566e-16
12.3516222950154 1.4142135623731 2.35513868802566e-16
12.3558793972561 1.4142135623731 2.35513868802566e-16
12.3601379667469 1.4142135623731 2.35513868802566e-16
12.3643980039936 1.4142135623731 2.35513868802566e-16
12.3686595095019 1.4142135623731 2.35513868802566e-16
12.3729224837781 1.4142135623731 2.35513868802566e-16
12.3771869273282 1.4142135623731 2.35513868802566e-16
12.3814528406587 1.4142135623731 2.35513868802566e-16
12.3857202242762 1.4142135623731 2.35513868802566e-16
12.3899890786874 1.4142135623731 2.35513868802566e-16
12.3942594043992 1.4142135623731 2.35513868802566e-16
12.3985312019187 1.4142135623731 2.35513868802566e-16
12.4028044717533 1.4142135623731 2.35513868802566e-16
12.4070792144103 1.4142135623731 2.35513868802566e-16
12.4113554303973 1.4142135623731 2.35513868802566e-16
12.4156331202222 1.4142135623731 2.35513868802566e-16
12.419912284393 1.4142135623731 2.35513868802566e-16
12.4241929234178 1.4142135623731 2.35513868802566e-16
12.4284750378048 1.4142135623731 2.35513868802566e-16
12.4327586280627 1.4142135623731 2.35513868802566e-16
12.4370436947 1.4142135623731 2.35513868802566e-16
12.4413302382257 1.4142135623731 2.35513868802566e-16
12.4456182591487 1.4142135623731 2.35513868802566e-16
12.4499077579783 1.4142135623731 2.35513868802566e-16
12.4541987352238 1.4142135623731 2.35513868802566e-16
12.4584911913948 1.4142135623731 2.35513868802566e-16
12.4627851270009 1.4142135623731 2.35513868802566e-16
12.4670805425522 1.4142135623731 2.35513868802566e-16
12.4713774385587 1.4142135623731 2.35513868802566e-16
12.4756758155305 1.4142135623731 2.35513868802566e-16
12.4799756739783 1.4142135623731 2.35513868802566e-16
12.4842770144125 1.4142135623731 2.35513868802566e-16
12.4885798373439 1.4142135623731 2.35513868802566e-16
12.4928841432835 1.4142135623731 2.35513868802566e-16
12.4971899327425 1.4142135623731 2.35513868802566e-16
12.5014972062321 1.4142135623731 2.35513868802566e-16
12.5058059642638 1.4142135623731 2.35513868802566e-16
12.5101162073494 1.4142135623731 2.35513868802566e-16
12.5144279360005 1.4142135623731 2.35513868802566e-16
12.5187411507293 1.4142135623731 2.35513868802566e-16
12.5230558520479 1.4142135623731 2.35513868802566e-16
12.5273720404687 1.4142135623731 2.35513868802566e-16
12.5316897165043 1.4142135623731 2.35513868802566e-16
12.5360088806673 1.4142135623731 2.35513868802566e-16
12.5403295334707 1.4142135623731 2.35513868802566e-16
12.5446516754275 1.4142135623731 2.35513868802566e-16
12.548975307051 1.4142135623731 2.35513868802566e-16
12.5533004288546 1.4142135623731 2.35513868802566e-16
12.5576270413519 1.4142135623731 2.35513868802566e-16
12.5619551450567 1.4142135623731 2.35513868802566e-16
12.566284740483 1.4142135623731 2.35513868802566e-16
12.5706158281448 1.4142135623731 2.35513868802566e-16
12.5749484085566 1.4142135623731 2.35513868802566e-16
12.5792824822327 1.4142135623731 2.35513868802566e-16
12.583618049688 1.4142135623731 2.35513868802566e-16
12.5879551114371 1.4142135623731 2.35513868802566e-16
12.5922936679951 1.4142135623731 2.35513868802566e-16
12.5966337198773 1.4142135623731 2.35513868802566e-16
12.600975267599 1.4142135623731 2.35513868802566e-16
12.6053183116757 1.4142135623731 2.35513868802566e-16
12.6096628526233 1.4142135623731 2.35513868802566e-16
12.6140088909575 1.4142135623731 2.35513868802566e-16
12.6183564271945 1.4142135623731 2.35513868802566e-16
12.6227054618506 1.4142135623731 2.35513868802566e-16
12.6270559954422 1.4142135623731 2.35513868802566e-16
12.631408028486 1.4142135623731 2.35513868802566e-16
12.6357615614986 1.4142135623731 2.35513868802566e-16
12.6401165949972 1.4142135623731 2.35513868802566e-16
12.6444731294988 1.4142135623731 2.35513868802566e-16
12.6488311655208 1.4142135623731 2.35513868802566e-16
12.6531907035807 1.4142135623731 2.35513868802566e-16
12.6575517441962 1.4142135623731 2.35513868802566e-16
12.6619142878852 1.4142135623731 2.35513868802566e-16
12.6662783351657 1.4142135623731 2.35513868802566e-16
12.670643886556 1.4142135623731 2.35513868802566e-16
12.6750109425744 1.4142135623731 2.35513868802566e-16
12.6793795037395 1.4142135623731 2.35513868802566e-16
12.6837495705701 1.4142135623731 2.35513868802566e-16
12.6881211435852 1.4142135623731 2.35513868802566e-16
12.6924942233038 1.4142135623731 2.35513868802566e-16
12.6968688102453 1.4142135623731 2.35513868802566e-16
12.7012449049291 1.4142135623731 2.35513868802566e-16
12.705622507875 1.4142135623731 2.35513868802566e-16
12.7100016196026 1.4142135623731 2.35513868802566e-16
12.7143822406321 1.4142135623731 2.35513868802566e-16
12.7187643714837 1.4142135623731 2.35513868802566e-16
12.7231480126776 1.4142135623731 2.35513868802566e-16
12.7275331647345 1.4142135623731 2.35513868802566e-16
12.7319198281752 1.4142135623731 2.35513868802566e-16
12.7363080035204 1.4142135623731 2.35513868802566e-16
12.7406976912914 1.4142135623731 2.35513868802566e-16
12.7450888920093 1.4142135623731 2.35513868802566e-16
12.7494816061957 1.4142135623731 2.35513868802566e-16
12.7538758343721 1.4142135623731 2.35513868802566e-16
12.7582715770604 1.4142135623731 2.35513868802566e-16
12.7626688347826 1.4142135623731 2.35513868802566e-16
12.7670676080608 1.4142135623731 2.35513868802566e-16
12.7714678974174 1.4142135623731 2.35513868802566e-16
12.7758697033749 1.4142135623731 2.35513868802566e-16
12.780273026456 1.4142135623731 2.35513868802566e-16
12.7846778671836 1.4142135623731 2.35513868802566e-16
12.7890842260809 1.4142135623731 2.35513868802566e-16
12.7934921036709 1.4142135623731 2.35513868802566e-16
12.7979015004773 1.4142135623731 2.35513868802566e-16
12.8023124170235 1.4142135623731 2.35513868802566e-16
12.8067248538334 1.4142135623731 2.35513868802566e-16
12.8111388114309 1.4142135623731 2.35513868802566e-16
12.8155542903403 1.4142135623731 2.35513868802566e-16
12.8199712910858 1.4142135623731 2.35513868802566e-16
12.8243898141919 1.4142135623731 2.35513868802566e-16
12.8288098601834 1.4142135623731 2.35513868802566e-16
12.8332314295851 1.4142135623731 2.35513868802566e-16
12.8376545229221 1.4142135623731 2.35513868802566e-16
12.8420791407196 1.4142135623731 2.35513868802566e-16
12.8465052835031 1.4142135623731 2.35513868802566e-16
12.8509329517981 1.4142135623731 2.35513868802566e-16
12.8553621461304 1.4142135623731 2.35513868802566e-16
12.859792867026 1.4142135623731 2.35513868802566e-16
12.8642251150111 1.4142135623731 2.35513868802566e-16
12.8686588906118 1.4142135623731 2.35513868802566e-16
12.8730941943549 1.4142135623731 2.35513868802566e-16
12.8775310267669 1.4142135623731 2.35513868802566e-16
12.8819693883747 1.4142135623731 2.35513868802566e-16
12.8864092797054 1.4142135623731 2.35513868802566e-16
12.8908507012863 1.4142135623731 2.35513868802566e-16
12.8952936536446 1.4142135623731 2.35513868802566e-16
12.899738137308 1.4142135623731 2.35513868802566e-16
12.9041841528044 1.4142135623731 2.35513868802566e-16
12.9086317006616 1.4142135623731 2.35513868802566e-16
12.9130807814078 1.4142135623731 2.35513868802566e-16
12.9175313955713 1.4142135623731 2.35513868802566e-16
12.9219835436807 1.4142135623731 2.35513868802566e-16
12.9264372262645 1.4142135623731 2.35513868802566e-16
12.9308924438518 1.4142135623731 2.35513868802566e-16
12.9353491969715 1.4142135623731 2.35513868802566e-16
12.9398074861529 1.4142135623731 2.35513868802566e-16
12.9442673119254 1.4142135623731 2.35513868802566e-16
12.9487286748186 1.4142135623731 2.35513868802566e-16
12.9531915753623 1.4142135623731 2.35513868802566e-16
12.9576560140864 1.4142135623731 2.35513868802566e-16
12.9621219915211 1.4142135623731 2.35513868802566e-16
12.9665895081967 1.4142135623731 2.35513868802566e-16
12.9710585646438 1.4142135623731 2.35513868802566e-16
12.975529161393 1.4142135623731 2.35513868802566e-16
12.9800012989753 1.4142135623731 2.35513868802566e-16
12.9844749779216 1.4142135623731 2.35513868802566e-16
12.9889501987632 1.4142135623731 2.35513868802566e-16
12.9934269620316 1.4142135623731 2.35513868802566e-16
12.9979052682584 1.4142135623731 2.35513868802566e-16
13.0023851179753 1.4142135623731 2.35513868802566e-16
13.0068665117143 1.4142135623731 2.35513868802566e-16
13.0113494500077 1.4142135623731 2.35513868802566e-16
13.0158339333877 1.4142135623731 2.35513868802566e-16
13.0203199623869 1.4142135623731 2.35513868802566e-16
13.0248075375379 1.4142135623731 2.35513868802566e-16
13.0292966593738 1.4142135623731 2.35513868802566e-16
13.0337873284275 1.4142135623731 2.35513868802566e-16
13.0382795452323 1.4142135623731 2.35513868802566e-16
13.0427733103217 1.4142135623731 2.35513868802566e-16
13.0472686242293 1.4142135623731 2.35513868802566e-16
13.0517654874889 1.4142135623731 2.35513868802566e-16
13.0562639006345 1.4142135623731 2.35513868802566e-16
13.0607638642004 1.4142135623731 2.35513868802566e-16
13.0652653787207 1.4142135623731 2.35513868802566e-16
13.0697684447302 1.4142135623731 2.35513868802566e-16
13.0742730627636 1.4142135623731 2.35513868802566e-16
13.0787792333557 1.4142135623731 2.35513868802566e-16
13.0832869570417 1.4142135623731 2.35513868802566e-16
13.0877962343569 1.4142135623731 2.35513868802566e-16
13.0923070658367 1.4142135623731 2.35513868802566e-16
13.0968194520168 1.4142135623731 2.35513868802566e-16
13.101333393433 1.4142135623731 2.35513868802566e-16
13.1058488906214 1.4142135623731 2.35513868802566e-16
13.1103659441182 1.4142135623731 2.35513868802566e-16
13.1148845544597 1.4142135623731 2.35513868802566e-16
13.1194047221826 1.4142135623731 2.35513868802566e-16
13.1239264478236 1.4142135623731 2.35513868802566e-16
13.1284497319197 1.4142135623731 2.35513868802566e-16
13.1329745750079 1.4142135623731 2.35513868802566e-16
13.1375009776257 1.4142135623731 2.35513868802566e-16
13.1420289403106 1.4142135623731 2.35513868802566e-16
13.1465584636001 1.4142135623731 2.35513868802566e-16
13.1510895480323 1.4142135623731 2.35513868802566e-16
13.1556221941451 1.4142135623731 2.35513868802566e-16
13.1601564024768 1.4142135623731 2.35513868802566e-16
13.1646921735659 1.4142135623731 2.35513868802566e-16
13.1692295079509 1.4142135623731 2.35513868802566e-16
13.1737684061707 1.4142135623731 2.35513868802566e-16
13.1783088687642 1.4142135623731 2.35513868802566e-16
13.1828508962707 1.4142135623731 2.35513868802566e-16
13.1873944892295 1.4142135623731 2.35513868802566e-16
13.1919396481801 1.4142135623731 2.35513868802566e-16
13.1964863736623 1.4142135623731 2.35513868802566e-16
13.201034666216 1.4142135623731 2.35513868802566e-16
13.2055845263813 1.4142135623731 2.35513868802566e-16
13.2101359546985 1.4142135623731 2.35513868802566e-16
13.2146889517081 1.4142135623731 2.35513868802566e-16
13.2192435179507 1.4142135623731 2.35513868802566e-16
13.2237996539672 1.4142135623731 2.35513868802566e-16
13.2283573602986 1.4142135623731 2.35513868802566e-16
13.2329166374862 1.4142135623731 2.35513868802566e-16
13.2374774860713 1.4142135623731 2.35513868802566e-16
13.2420399065956 1.4142135623731 2.35513868802566e-16
13.2466038996009 1.4142135623731 2.35513868802566e-16
13.251169465629 1.4142135623731 2.35513868802566e-16
13.2557366052222 1.4142135623731 2.35513868802566e-16
13.2603053189228 1.4142135623731 2.35513868802566e-16
13.2648756072734 1.4142135623731 2.35513868802566e-16
13.2694474708166 1.4142135623731 2.35513868802566e-16
13.2740209100954 1.4142135623731 2.35513868802566e-16
13.2785959256528 1.4142135623731 2.35513868802566e-16
13.2831725180322 1.4142135623731 2.35513868802566e-16
13.287750687777 1.4142135623731 2.35513868802566e-16
13.2923304354308 1.4142135623731 2.35513868802566e-16
13.2969117615375 1.4142135623731 2.35513868802566e-16
13.3014946666412 1.4142135623731 2.35513868802566e-16
13.306079151286 1.4142135623731 2.35513868802566e-16
13.3106652160163 1.4142135623731 2.35513868802566e-16
13.3152528613768 1.4142135623731 2.35513868802566e-16
13.3198420879122 1.4142135623731 2.35513868802566e-16
13.3244328961675 1.4142135623731 2.35513868802566e-16
13.3290252866878 1.4142135623731 2.35513868802566e-16
13.3336192600185 1.4142135623731 2.35513868802566e-16
13.3382148167051 1.4142135623731 2.35513868802566e-16
13.3428119572934 1.4142135623731 2.35513868802566e-16
13.3474106823292 1.4142135623731 2.35513868802566e-16
13.3520109923586 1.4142135623731 2.35513868802566e-16
13.3566128879279 1.4142135623731 2.35513868802566e-16
13.3612163695836 1.4142135623731 2.35513868802566e-16
13.3658214378723 1.4142135623731 2.35513868802566e-16
13.3704280933409 1.4142135623731 2.35513868802566e-16
13.3750363365365 1.4142135623731 2.35513868802566e-16
13.3796461680062 1.4142135623731 2.35513868802566e-16
13.3842575882975 1.4142135623731 2.35513868802566e-16
13.3888705979579 1.4142135623731 2.35513868802566e-16
13.3934851975353 1.4142135623731 2.35513868802566e-16
13.3981013875777 1.4142135623731 2.35513868802566e-16
13.4027191686331 1.4142135623731 2.35513868802566e-16
13.4073385412501 1.4142135623731 2.35513868802566e-16
13.411959505977 1.4142135623731 2.35513868802566e-16
13.4165820633627 1.4142135623731 2.35513868802566e-16
13.421206213956 1.4142135623731 2.35513868802566e-16
13.4258319583062 1.4142135623731 2.35513868802566e-16
13.4304592969624 1.4142135623731 2.35513868802566e-16
13.4350882304742 1.4142135623731 2.35513868802566e-16
13.4397187593913 1.4142135623731 2.35513868802566e-16
13.4443508842635 1.4142135623731 2.35513868802566e-16
13.4489846056409 1.4142135623731 2.35513868802566e-16
13.4536199240737 1.4142135623731 2.35513868802566e-16
13.4582568401125 1.4142135623731 2.35513868802566e-16
13.4628953543077 1.4142135623731 2.35513868802566e-16
13.4675354672103 1.4142135623731 2.35513868802566e-16
13.4721771793712 1.4142135623731 2.35513868802566e-16
13.4768204913417 1.4142135623731 2.35513868802566e-16
13.4814654036731 1.4142135623731 2.35513868802566e-16
13.486111916917 1.4142135623731 2.35513868802566e-16
13.4907600316253 1.4142135623731 2.35513868802566e-16
13.4954097483497 1.4142135623731 2.35513868802566e-16
13.5000610676425 1.4142135623731 2.35513868802566e-16
13.5047139900561 1.4142135623731 2.35513868802566e-16
13.509368516143 1.4142135623731 2.35513868802566e-16
13.5140246464558 1.4142135623731 2.35513868802566e-16
13.5186823815475 1.4142135623731 2.35513868802566e-16
13.5233417219712 1.4142135623731 2.35513868802566e-16
13.5280026682802 1.4142135623731 2.35513868802566e-16
13.532665221028 1.4142135623731 2.35513868802566e-16
13.5373293807682 1.4142135623731 2.35513868802566e-16
13.5419951480548 1.4142135623731 2.35513868802566e-16
13.5466625234417 1.4142135623731 2.35513868802566e-16
13.5513315074832 1.4142135623731 2.35513868802566e-16
13.5560021007338 1.4142135623731 2.35513868802566e-16
13.5606743037481 1.4142135623731 2.35513868802566e-16
13.5653481170808 1.4142135623731 2.35513868802566e-16
13.5700235412871 1.4142135623731 2.35513868802566e-16
13.5747005769221 1.4142135623731 2.35513868802566e-16
13.5793792245412 1.4142135623731 2.35513868802566e-16
13.5840594847 1.4142135623731 2.35513868802566e-16
13.5887413579543 1.4142135623731 2.35513868802566e-16
13.59342484486 1.4142135623731 2.35513868802566e-16
13.5981099459733 1.4142135623731 2.35513868802566e-16
13.6027966618506 1.4142135623731 2.35513868802566e-16
13.6074849930484 1.4142135623731 2.35513868802566e-16
13.6121749401234 1.4142135623731 2.35513868802566e-16
13.6168665036326 1.4142135623731 2.35513868802566e-16
13.621559684133 1.4142135623731 2.35513868802566e-16
13.626254482182 1.4142135623731 2.35513868802566e-16
13.6309508983372 1.4142135623731 2.35513868802566e-16
13.6356489331561 1.4142135623731 2.35513868802566e-16
13.6403485871966 1.4142135623731 2.35513868802566e-16
13.645049861017 1.4142135623731 2.35513868802566e-16
13.6497527551754 1.4142135623731 2.35513868802566e-16
13.6544572702302 1.4142135623731 2.35513868802566e-16
13.6591634067402 1.4142135623731 2.35513868802566e-16
13.6638711652643 1.4142135623731 2.35513868802566e-16
13.6685805463613 1.4142135623731 2.35513868802566e-16
13.6732915505907 1.4142135623731 2.35513868802566e-16
13.6780041785117 1.4142135623731 2.35513868802566e-16
13.6827184306841 1.4142135623731 2.35513868802566e-16
13.6874343076676 1.4142135623731 2.35513868802566e-16
13.6921518100222 1.4142135623731 2.35513868802566e-16
13.6968709383082 1.4142135623731 2.35513868802566e-16
13.7015916930859 1.4142135623731 2.35513868802566e-16
13.706314074916 1.4142135623731 2.35513868802566e-16
13.7110380843591 1.4142135623731 2.35513868802566e-16
13.7157637219764 1.4142135623731 2.35513868802566e-16
13.7204909883288 1.4142135623731 2.35513868802566e-16
13.7252198839779 1.4142135623731 2.35513868802566e-16
13.7299504094851 1.4142135623731 2.35513868802566e-16
13.7346825654122 1.4142135623731 2.35513868802566e-16
13.7394163523212 1.4142135623731 2.35513868802566e-16
13.7441517707741 1.4142135623731 2.35513868802566e-16
13.7488888213333 1.4142135623731 2.35513868802566e-16
13.7536275045613 1.4142135623731 2.35513868802566e-16
13.7583678210209 1.4142135623731 2.35513868802566e-16
13.7631097712749 1.4142135623731 2.35513868802566e-16
13.7678533558864 1.4142135623731 2.35513868802566e-16
13.7725985754188 1.4142135623731 2.35513868802566e-16
13.7773454304355 1.4142135623731 2.35513868802566e-16
13.7820939215002 1.4142135623731 2.35513868802566e-16
13.7868440491768 1.4142135623731 2.35513868802566e-16
13.7915958140294 1.4142135623731 2.35513868802566e-16
13.7963492166222 1.4142135623731 2.35513868802566e-16
13.8011042575197 1.4142135623731 2.35513868802566e-16
13.8058609372866 1.4142135623731 2.35513868802566e-16
13.8106192564876 1.4142135623731 2.35513868802566e-16
13.815379215688 1.4142135623731 2.35513868802566e-16
13.8201408154528 1.4142135623731 2.35513868802566e-16
13.8249040563475 1.4142135623731 2.35513868802566e-16
13.8296689389378 1.4142135623731 2.35513868802566e-16
13.8344354637895 1.4142135623731 2.35513868802566e-16
13.8392036314686 1.4142135623731 2.35513868802566e-16
13.8439734425414 1.4142135623731 2.35513868802566e-16
13.8487448975741 1.4142135623731 2.35513868802566e-16
13.8535179971335 1.4142135623731 2.35513868802566e-16
13.8582927417864 1.4142135623731 2.35513868802566e-16
13.8630691320996 1.4142135623731 2.35513868802566e-16
13.8678471686406 1.4142135623731 2.35513868802566e-16
13.8726268519765 1.4142135623731 2.35513868802566e-16
13.877408182675 1.4142135623731 2.35513868802566e-16
13.8821911613039 1.4142135623731 2.35513868802566e-16
13.8869757884312 1.4142135623731 2.35513868802566e-16
13.891762064625 1.4142135623731 2.35513868802566e-16
13.8965499904537 1.4142135623731 2.35513868802566e-16
13.9013395664858 1.4142135623731 2.35513868802566e-16
13.9061307932901 1.4142135623731 2.35513868802566e-16
13.9109236714357 1.4142135623731 2.35513868802566e-16
13.9157182014915 1.4142135623731 2.35513868802566e-16
13.920514384027 1.4142135623731 2.35513868802566e-16
13.9253122196117 1.4142135623731 2.35513868802566e-16
13.9301117088153 1.4142135623731 2.35513868802566e-16
13.9349128522078 1.4142135623731 2.35513868802566e-16
13.9397156503594 1.4142135623731 2.35513868802566e-16
13.9445201038403 1.4142135623731 2.35513868802566e-16
13.949326213221 1.4142135623731 2.35513868802566e-16
13.9541339790723 1.4142135623731 2.35513868802566e-16
13.9589434019651 1.4142135623731 2.35513868802566e-16
13.9637544824706 1.4142135623731 2.35513868802566e-16
13.96856722116 1.4142135623731 2.35513868802566e-16
13.9733816186048 1.4142135623731 2.35513868802566e-16
13.9781976753767 1.4142135623731 2.35513868802566e-16
13.9830153920477 1.4142135623731 2.35513868802566e-16
13.9878347691899 1.4142135623731 2.35513868802566e-16
13.9926558073755 1.4142135623731 2.35513868802566e-16
13.997478507177 1.4142135623731 2.35513868802566e-16
14.0023028691672 1.4142135623731 2.35513868802566e-16
14.0071288939189 1.4142135623731 2.35513868802566e-16
14.0119565820051 1.4142135623731 2.35513868802566e-16
14.0167859339993 1.4142135623731 2.35513868802566e-16
14.0216169504748 1.4142135623731 2.35513868802566e-16
14.0264496320054 1.4142135623731 2.35513868802566e-16
14.031283979165 1.4142135623731 2.35513868802566e-16
14.0361199925275 1.4142135623731 2.35513868802566e-16
14.0409576726673 1.4142135623731 2.35513868802566e-16
14.0457970201588 1.4142135623731 2.35513868802566e-16
14.0506380355767 1.4142135623731 2.35513868802566e-16
14.055480719496 1.4142135623731 2.35513868802566e-16
14.0603250724915 1.4142135623731 2.35513868802566e-16
14.0651710951387 1.4142135623731 2.35513868802566e-16
14.0700187880129 1.4142135623731 2.35513868802566e-16
14.0748681516899 1.4142135623731 2.35513868802566e-16
14.0797191867454 1.4142135623731 2.35513868802566e-16
14.0845718937556 1.4142135623731 2.35513868802566e-16
14.0894262732967 1.4142135623731 2.35513868802566e-16
14.0942823259451 1.4142135623731 2.35513868802566e-16
14.0991400522776 1.4142135623731 2.35513868802566e-16
14.1039994528708 1.4142135623731 2.35513868802566e-16
14.108860528302 1.4142135623731 2.35513868802566e-16
14.1137232791483 1.4142135623731 2.35513868802566e-16
14.1185877059873 1.4142135623731 2.35513868802566e-16
14.1234538093964 1.4142135623731 2.35513868802566e-16
14.1283215899537 1.4142135623731 2.35513868802566e-16
14.1331910482371 1.4142135623731 2.35513868802566e-16
14.1380621848248 1.4142135623731 2.35513868802566e-16
14.1429350002954 1.4142135623731 2.35513868802566e-16
14.1478094952275 1.4142135623731 2.35513868802566e-16
14.1526856701998 1.4142135623731 2.35513868802566e-16
14.1575635257915 1.4142135623731 2.35513868802566e-16
14.1624430625818 1.4142135623731 2.35513868802566e-16
14.1673242811502 1.4142135623731 2.35513868802566e-16
14.1722071820762 1.4142135623731 2.35513868802566e-16
14.1770917659397 1.4142135623731 2.35513868802566e-16
14.1819780333207 1.4142135623731 2.35513868802566e-16
14.1868659847996 1.4142135623731 2.35513868802566e-16
14.1917556209566 1.4142135623731 2.35513868802566e-16
14.1966469423726 1.4142135623731 2.35513868802566e-16
14.2015399496282 1.4142135623731 2.35513868802566e-16
14.2064346433047 1.4142135623731 2.35513868802566e-16
14.2113310239831 1.4142135623731 2.35513868802566e-16
14.2162290922449 1.4142135623731 2.35513868802566e-16
14.2211288486718 1.4142135623731 2.35513868802566e-16
14.2260302938456 1.4142135623731 2.35513868802566e-16
14.2309334283484 1.4142135623731 2.35513868802566e-16
14.2358382527624 1.4142135623731 2.35513868802566e-16
14.24074476767 1.4142135623731 2.35513868802566e-16
14.2456529736539 1.4142135623731 2.35513868802566e-16
14.250562871297 1.4142135623731 2.35513868802566e-16
14.2554744611822 1.4142135623731 2.35513868802566e-16
14.2603877438929 1.4142135623731 2.35513868802566e-16
14.2653027200124 1.4142135623731 2.35513868802566e-16
14.2702193901245 1.4142135623731 2.35513868802566e-16
14.275137754813 1.4142135623731 2.35513868802566e-16
14.2800578146618 1.4142135623731 2.35513868802566e-16
14.2849795702554 1.4142135623731 2.35513868802566e-16
14.2899030221781 1.4142135623731 2.35513868802566e-16
14.2948281710146 1.4142135623731 2.35513868802566e-16
14.2997550173497 1.4142135623731 2.35513868802566e-16
14.3046835617685 1.4142135623731 2.35513868802566e-16
14.3096138048563 1.4142135623731 2.35513868802566e-16
14.3145457471986 1.4142135623731 2.35513868802566e-16
14.3194793893809 1.4142135623731 2.35513868802566e-16
14.3244147319892 1.4142135623731 2.35513868802566e-16
14.3293517756095 1.4142135623731 2.35513868802566e-16
14.3342905208281 1.4142135623731 2.35513868802566e-16
14.3392309682315 1.4142135623731 2.35513868802566e-16
14.3441731184063 1.4142135623731 2.35513868802566e-16
14.3491169719394 1.4142135623731 2.35513868802566e-16
14.354062529418 1.4142135623731 2.35513868802566e-16
14.3590097914292 1.4142135623731 2.35513868802566e-16
14.3639587585605 1.4142135623731 2.35513868802566e-16
14.3689094313998 1.4142135623731 2.35513868802566e-16
14.3738618105347 1.4142135623731 2.35513868802566e-16
14.3788158965535 1.4142135623731 2.35513868802566e-16
14.3837716900444 1.4142135623731 2.35513868802566e-16
14.3887291915959 1.4142135623731 2.35513868802566e-16
14.3936884017967 1.4142135623731 2.35513868802566e-16
14.3986493212358 1.4142135623731 2.35513868802566e-16
14.4036119505022 1.4142135623731 2.35513868802566e-16
14.4085762901852 1.4142135623731 2.35513868802566e-16
14.4135423408743 1.4142135623731 2.35513868802566e-16
14.4185101031593 1.4142135623731 2.35513868802566e-16
14.42347957763 1.4142135623731 2.35513868802566e-16
14.4284507648767 1.4142135623731 2.35513868802566e-16
14.4334236654896 1.4142135623731 2.35513868802566e-16
14.4383982800592 1.4142135623731 2.35513868802566e-16
14.4433746091763 1.4142135623731 2.35513868802566e-16
14.4483526534318 1.4142135623731 2.35513868802566e-16
14.4533324134168 1.4142135623731 2.35513868802566e-16
14.4583138897228 1.4142135623731 2.35513868802566e-16
14.4632970829411 1.4142135623731 2.35513868802566e-16
14.4682819936637 1.4142135623731 2.35513868802566e-16
14.4732686224824 1.4142135623731 2.35513868802566e-16
14.4782569699894 1.4142135623731 2.35513868802566e-16
14.4832470367771 1.4142135623731 2.35513868802566e-16
14.488238823438 1.4142135623731 2.35513868802566e-16
14.4932323305649 1.4142135623731 2.35513868802566e-16
14.4982275587508 1.4142135623731 2.35513868802566e-16
14.5032245085888 1.4142135623731 2.35513868802566e-16
14.5082231806724 1.4142135623731 2.35513868802566e-16
14.513223575595 1.4142135623731 2.35513868802566e-16
14.5182256939506 1.4142135623731 2.35513868802566e-16
14.5232295363331 1.4142135623731 2.35513868802566e-16
14.5282351033368 1.4142135623731 2.35513868802566e-16
14.5332423955559 1.4142135623731 2.35513868802566e-16
14.5382514135852 1.4142135623731 2.35513868802566e-16
14.5432621580194 1.4142135623731 2.35513868802566e-16
14.5482746294536 1.4142135623731 2.35513868802566e-16
14.553288828483 1.4142135623731 2.35513868802566e-16
14.5583047557031 1.4142135623731 2.35513868802566e-16
14.5633224117094 1.4142135623731 2.35513868802566e-16
14.5683417970978 1.4142135623731 2.35513868802566e-16
14.5733629124643 1.4142135623731 2.35513868802566e-16
14.5783857584053 1.4142135623731 2.35513868802566e-16
14.5834103355172 1.4142135623731 2.35513868802566e-16
14.5884366443966 1.4142135623731 2.35513868802566e-16
14.5934646856403 1.4142135623731 2.35513868802566e-16
14.5984944598456 1.4142135623731 2.35513868802566e-16
14.6035259676096 1.4142135623731 2.35513868802566e-16
14.6085592095299 1.4142135623731 2.35513868802566e-16
14.6135941862041 1.4142135623731 2.35513868802566e-16
14.6186308982302 1.4142135623731 2.35513868802566e-16
14.6236693462062 1.4142135623731 2.35513868802566e-16
14.6287095307304 1.4142135623731 2.35513868802566e-16
14.6337514524015 1.4142135623731 2.35513868802566e-16
14.638795111818 1.4142135623731 2.35513868802566e-16
14.643840509579 1.4142135623731 2.35513868802566e-16
14.6488876462835 1.4142135623731 2.35513868802566e-16
14.6539365225309 1.4142135623731 2.35513868802566e-16
14.6589871389208 1.4142135623731 2.35513868802566e-16
14.6640394960529 1.4142135623731 2.35513868802566e-16
14.6690935945272 1.4142135623731 2.35513868802566e-16
14.6741494349439 1.4142135623731 2.35513868802566e-16
14.6792070179032 1.4142135623731 2.35513868802566e-16
14.6842663440059 1.4142135623731 2.35513868802566e-16
14.6893274138526 1.4142135623731 2.35513868802566e-16
14.6943902280445 1.4142135623731 2.35513868802566e-16
14.6994547871827 1.4142135623731 2.35513868802566e-16
14.7045210918685 1.4142135623731 2.35513868802566e-16
14.7095891427038 1.4142135623731 2.35513868802566e-16
14.7146589402901 1.4142135623731 2.35513868802566e-16
14.7197304852297 1.4142135623731 2.35513868802566e-16
14.7248037781247 1.4142135623731 2.35513868802566e-16
14.7298788195776 1.4142135623731 2.35513868802566e-16
14.734955610191 1.4142135623731 2.35513868802566e-16
14.7400341505678 1.4142135623731 2.35513868802566e-16
14.7451144413111 1.4142135623731 2.35513868802566e-16
14.7501964830242 1.4142135623731 2.35513868802566e-16
14.7552802763105 1.4142135623731 2.35513868802566e-16
14.7603658217738 1.4142135623731 2.35513868802566e-16
14.7654531200179 1.4142135623731 2.35513868802566e-16
14.7705421716469 1.4142135623731 2.35513868802566e-16
14.7756329772653 1.4142135623731 2.35513868802566e-16
14.7807255374774 1.4142135623731 2.35513868802566e-16
14.7858198528881 1.4142135623731 2.35513868802566e-16
14.7909159241023 1.4142135623731 2.35513868802566e-16
14.7960137517252 1.4142135623731 2.35513868802566e-16
14.801113336362 1.4142135623731 2.35513868802566e-16
14.8062146786184 1.4142135623731 2.35513868802566e-16
14.8113177791002 1.4142135623731 2.35513868802566e-16
14.8164226384133 1.4142135623731 2.35513868802566e-16
14.821529257164 1.4142135623731 2.35513868802566e-16
14.8266376359586 1.4142135623731 2.35513868802566e-16
14.8317477754038 1.4142135623731 2.35513868802566e-16
14.8368596761064 1.4142135623731 2.35513868802566e-16
14.8419733386734 1.4142135623731 2.35513868802566e-16
14.8470887637121 1.4142135623731 2.35513868802566e-16
14.8522059518299 1.4142135623731 2.35513868802566e-16
14.8573249036345 1.4142135623731 2.35513868802566e-16
14.8624456197338 1.4142135623731 2.35513868802566e-16
14.8675681007358 1.4142135623731 2.35513868802566e-16
14.8726923472488 1.4142135623731 2.35513868802566e-16
14.8778183598813 1.4142135623731 2.35513868802566e-16
14.8829461392421 1.4142135623731 2.35513868802566e-16
14.88807568594 1.4142135623731 2.35513868802566e-16
14.8932070005842 1.4142135623731 2.35513868802566e-16
14.898340083784 1.4142135623731 2.35513868802566e-16
14.9034749361491 1.4142135623731 2.35513868802566e-16
14.908611558289 1.4142135623731 2.35513868802566e-16
14.9137499508138 1.4142135623731 2.35513868802566e-16
14.9188901143338 1.4142135623731 2.35513868802566e-16
14.9240320494591 1.4142135623731 2.35513868802566e-16
14.9291757568006 1.4142135623731 2.35513868802566e-16
14.934321236969 1.4142135623731 2.35513868802566e-16
14.9394684905752 1.4142135623731 2.35513868802566e-16
14.9446175182306 1.4142135623731 2.35513868802566e-16
14.9497683205466 1.4142135623731 2.35513868802566e-16
14.9549208981348 1.4142135623731 2.35513868802566e-16
14.9600752516071 1.4142135623731 2.35513868802566e-16
14.9652313815755 1.4142135623731 2.35513868802566e-16
14.9703892886524 1.4142135623731 2.35513868802566e-16
14.9755489734503 1.4142135623731 2.35513868802566e-16
14.9807104365819 1.4142135623731 2.35513868802566e-16
14.98587367866 1.4142135623731 2.35513868802566e-16
14.9910387002978 1.4142135623731 2.35513868802566e-16
14.9962055021087 1.4142135623731 2.35513868802566e-16
15.0013740847062 1.4142135623731 2.35513868802566e-16
15.0065444487041 1.4142135623731 2.35513868802566e-16
15.0117165947163 1.4142135623731 2.35513868802566e-16
15.016890523357 1.4142135623731 2.35513868802566e-16
15.0220662352407 1.4142135623731 2.35513868802566e-16
15.027243730982 1.4142135623731 2.35513868802566e-16
15.0324230111956 1.4142135623731 2.35513868802566e-16
15.0376040764966 1.4142135623731 2.35513868802566e-16
15.0427869275003 1.4142135623731 2.35513868802566e-16
15.047971564822 1.4142135623731 2.35513868802566e-16
15.0531579890776 1.4142135623731 2.35513868802566e-16
15.0583462008828 1.4142135623731 2.35513868802566e-16
15.0635362008538 1.4142135623731 2.35513868802566e-16
15.0687279896069 1.4142135623731 2.35513868802566e-16
15.0739215677586 1.4142135623731 2.35513868802566e-16
15.0791169359255 1.4142135623731 2.35513868802566e-16
15.0843140947248 1.4142135623731 2.35513868802566e-16
15.0895130447735 1.4142135623731 2.35513868802566e-16
15.0947137866889 1.4142135623731 2.35513868802566e-16
15.0999163210888 1.4142135623731 2.35513868802566e-16
15.1051206485908 1.4142135623731 2.35513868802566e-16
15.1103267698131 1.4142135623731 2.35513868802566e-16
15.1155346853737 1.4142135623731 2.35513868802566e-16
15.1207443958912 1.4142135623731 2.35513868802566e-16
15.1259559019842 1.4142135623731 2.35513868802566e-16
15.1311692042715 1.4142135623731 2.35513868802566e-16
15.1363843033723 1.4142135623731 2.35513868802566e-16
15.1416011999057 1.4142135623731 2.35513868802566e-16
15.1468198944915 1.4142135623731 2.35513868802566e-16
15.1520403877491 1.4142135623731 2.35513868802566e-16
15.1572626802986 1.4142135623731 2.35513868802566e-16
15.1624867727601 1.4142135623731 2.35513868802566e-16
15.167712665754 1.4142135623731 2.35513868802566e-16
15.1729403599009 1.4142135623731 2.35513868802566e-16
15.1781698558214 1.4142135623731 2.35513868802566e-16
15.1834011541367 1.4142135623731 2.35513868802566e-16
15.1886342554679 1.4142135623731 2.35513868802566e-16
15.1938691604365 1.4142135623731 2.35513868802566e-16
15.199105869664 1.4142135623731 2.35513868802566e-16
15.2043443837724 1.4142135623731 2.35513868802566e-16
15.2095847033838 1.4142135623731 2.35513868802566e-16
15.2148268291203 1.4142135623731 2.35513868802566e-16
15.2200707616045 1.4142135623731 2.35513868802566e-16
15.2253165014592 1.4142135623731 2.35513868802566e-16
15.2305640493072 1.4142135623731 2.35513868802566e-16
15.2358134057717 1.4142135623731 2.35513868802566e-16
15.241064571476 1.4142135623731 2.35513868802566e-16
15.2463175470438 1.4142135623731 2.35513868802566e-16
15.2515723330987 1.4142135623731 2.35513868802566e-16
15.2568289302649 1.4142135623731 2.35513868802566e-16
15.2620873391664 1.4142135623731 2.35513868802566e-16
15.2673475604278 1.4142135623731 2.35513868802566e-16
15.2726095946737 1.4142135623731 2.35513868802566e-16
15.277873442529 1.4142135623731 2.35513868802566e-16
15.2831391046187 1.4142135623731 2.35513868802566e-16
15.2884065815681 1.4142135623731 2.35513868802566e-16
15.2936758740028 1.4142135623731 2.35513868802566e-16
15.2989469825484 1.4142135623731 2.35513868802566e-16
15.304219907831 1.4142135623731 2.35513868802566e-16
15.3094946504765 1.4142135623731 2.35513868802566e-16
15.3147712111115 1.4142135623731 2.35513868802566e-16
15.3200495903626 1.4142135623731 2.35513868802566e-16
15.3253297888564 1.4142135623731 2.35513868802566e-16
15.3306118072201 1.4142135623731 2.35513868802566e-16
15.3358956460808 1.4142135623731 2.35513868802566e-16
15.3411813060661 1.4142135623731 2.35513868802566e-16
15.3464687878035 1.4142135623731 2.35513868802566e-16
15.3517580919211 1.4142135623731 2.35513868802566e-16
15.3570492190468 1.4142135623731 2.35513868802566e-16
15.362342169809 1.4142135623731 2.35513868802566e-16
15.3676369448362 1.4142135623731 2.35513868802566e-16
15.3729335447572 1.4142135623731 2.35513868802566e-16
15.3782319702009 1.4142135623731 2.35513868802566e-16
15.3835322217966 1.4142135623731 2.35513868802566e-16
15.3888343001736 1.4142135623731 2.35513868802566e-16
15.3941382059615 1.4142135623731 2.35513868802566e-16
15.3994439397902 1.4142135623731 2.35513868802566e-16
15.4047515022898 1.4142135623731 2.35513868802566e-16
15.4100608940904 1.4142135623731 2.35513868802566e-16
15.4153721158226 1.4142135623731 2.35513868802566e-16
15.4206851681171 1.4142135623731 2.35513868802566e-16
15.4260000516048 1.4142135623731 2.35513868802566e-16
15.4313167669169 1.4142135623731 2.35513868802566e-16
15.4366353146846 1.4142135623731 2.35513868802566e-16
15.4419556955396 1.4142135623731 2.35513868802566e-16
15.4472779101137 1.4142135623731 2.35513868802566e-16
15.4526019590389 1.4142135623731 2.35513868802566e-16
15.4579278429473 1.4142135623731 2.35513868802566e-16
15.4632555624715 1.4142135623731 2.35513868802566e-16
15.4685851182441 1.4142135623731 2.35513868802566e-16
15.473916510898 1.4142135623731 2.35513868802566e-16
15.4792497410663 1.4142135623731 2.35513868802566e-16
15.4845848093822 1.4142135623731 2.35513868802566e-16
15.4899217164794 1.4142135623731 2.35513868802566e-16
15.4952604629916 1.4142135623731 2.35513868802566e-16
15.5006010495528 1.4142135623731 2.35513868802566e-16
15.505943476797 1.4142135623731 2.35513868802566e-16
15.5112877453589 1.4142135623731 2.35513868802566e-16
15.5166338558729 1.4142135623731 2.35513868802566e-16
15.521981808974 1.4142135623731 2.35513868802566e-16
15.5273316052971 1.4142135623731 2.35513868802566e-16
15.5326832454777 1.4142135623731 2.35513868802566e-16
15.5380367301511 1.4142135623731 2.35513868802566e-16
15.5433920599531 1.4142135623731 2.35513868802566e-16
15.5487492355197 1.4142135623731 2.35513868802566e-16
15.554108257487 1.4142135623731 2.35513868802566e-16
15.5594691264913 1.4142135623731 2.35513868802566e-16
15.5648318431694 1.4142135623731 2.35513868802566e-16
15.5701964081579 1.4142135623731 2.35513868802566e-16
15.575562822094 1.4142135623731 2.35513868802566e-16
15.5809310856149 1.4142135623731 2.35513868802566e-16
15.586301199358 1.4142135623731 2.35513868802566e-16
15.5916731639611 1.4142135623731 2.35513868802566e-16
15.5970469800621 1.4142135623731 2.35513868802566e-16
15.6024226482991 1.4142135623731 2.35513868802566e-16
15.6078001693105 1.4142135623731 2.35513868802566e-16
15.6131795437349 1.4142135623731 2.35513868802566e-16
15.618560772211 1.4142135623731 2.35513868802566e-16
15.6239438553778 1.4142135623731 2.35513868802566e-16
15.6293287938747 1.4142135623731 2.35513868802566e-16
15.634715588341 1.4142135623731 2.35513868802566e-16
15.6401042394165 1.4142135623731 2.35513868802566e-16
15.645494747741 1.4142135623731 2.35513868802566e-16
15.6508871139546 1.4142135623731 2.35513868802566e-16
15.6562813386977 1.4142135623731 2.35513868802566e-16
15.6616774226109 1.4142135623731 2.35513868802566e-16
15.6670753663349 1.4142135623731 2.35513868802566e-16
15.6724751705108 1.4142135623731 2.35513868802566e-16
15.6778768357797 1.4142135623731 2.35513868802566e-16
15.6832803627831 1.4142135623731 2.35513868802566e-16
15.6886857521626 1.4142135623731 2.35513868802566e-16
15.6940930045602 1.4142135623731 2.35513868802566e-16
15.699502120618 1.4142135623731 2.35513868802566e-16
15.7049131009782 1.4142135623731 2.35513868802566e-16
15.7103259462835 1.4142135623731 2.35513868802566e-16
15.7157406571765 1.4142135623731 2.35513868802566e-16
15.7211572343004 1.4142135623731 2.35513868802566e-16
15.7265756782983 1.4142135623731 2.35513868802566e-16
15.7319959898136 1.4142135623731 2.35513868802566e-16
15.73741816949 1.4142135623731 2.35513868802566e-16
15.7428422179714 1.4142135623731 2.35513868802566e-16
15.7482681359019 1.4142135623731 2.35513868802566e-16
15.7536959239257 1.4142135623731 2.35513868802566e-16
15.7591255826876 1.4142135623731 2.35513868802566e-16
15.7645571128321 1.4142135623731 2.35513868802566e-16
15.7699905150044 1.4142135623731 2.35513868802566e-16
15.7754257898495 1.4142135623731 2.35513868802566e-16
15.780862938013 1.4142135623731 2.35513868802566e-16
15.7863019601406 1.4142135623731 2.35513868802566e-16
15.791742856878 1.4142135623731 2.35513868802566e-16
15.7971856288714 1.4142135623731 2.35513868802566e-16
15.8026302767671 1.4142135623731 2.35513868802566e-16
15.8080768012117 1.4142135623731 2.35513868802566e-16
15.8135252028519 1.4142135623731 2.35513868802566e-16
15.8189754823347 1.4142135623731 2.35513868802566e-16
15.8244276403074 1.4142135623731 2.35513868802566e-16
15.8298816774174 1.4142135623731 2.35513868802566e-16
15.8353375943123 1.4142135623731 2.35513868802566e-16
15.84079539164 1.4142135623731 2.35513868802566e-16
15.8462550700486 1.4142135623731 2.35513868802566e-16
15.8517166301866 1.4142135623731 2.35513868802566e-16
15.8571800727023 1.4142135623731 2.35513868802566e-16
15.8626453982447 1.4142135623731 2.35513868802566e-16
15.8681126074626 1.4142135623731 2.35513868802566e-16
15.8735817010054 1.4142135623731 2.35513868802566e-16
15.8790526795225 1.4142135623731 2.35513868802566e-16
15.8845255436636 1.4142135623731 2.35513868802566e-16
15.8900002940785 1.4142135623731 2.35513868802566e-16
15.8954769314173 1.4142135623731 2.35513868802566e-16
15.9009554563305 1.4142135623731 2.35513868802566e-16
15.9064358694686 1.4142135623731 2.35513868802566e-16
15.9119181714824 1.4142135623731 2.35513868802566e-16
15.9174023630228 1.4142135623731 2.35513868802566e-16
15.9228884447413 1.4142135623731 2.35513868802566e-16
15.9283764172891 1.4142135623731 2.35513868802566e-16
15.9338662813181 1.4142135623731 2.35513868802566e-16
15.93935803748 1.4142135623731 2.35513868802566e-16
15.9448516864272 1.4142135623731 2.35513868802566e-16
15.9503472288119 1.4142135623731 2.35513868802566e-16
15.9558446652867 1.4142135623731 2.35513868802566e-16
15.9613439965044 1.4142135623731 2.35513868802566e-16
15.9668452231181 1.4142135623731 2.35513868802566e-16
15.9723483457811 1.4142135623731 2.35513868802566e-16
15.9778533651468 1.4142135623731 2.35513868802566e-16
15.9833602818689 1.4142135623731 2.35513868802566e-16
15.9888690966015 1.4142135623731 2.35513868802566e-16
15.9943798099986 1.4142135623731 2.35513868802566e-16
15.9998924227147 1.4142135623731 2.35513868802566e-16
16.0054069354043 1.4142135623731 2.35513868802566e-16
16.0109233487224 1.4142135623731 2.35513868802566e-16
16.0164416633239 1.4142135623731 2.35513868802566e-16
16.0219618798642 1.4142135623731 2.35513868802566e-16
16.0274839989989 1.4142135623731 2.35513868802566e-16
16.0330080213835 1.4142135623731 2.35513868802566e-16
16.0385339476742 1.4142135623731 2.35513868802566e-16
16.0440617785272 1.4142135623731 2.35513868802566e-16
16.0495915145987 1.4142135623731 2.35513868802566e-16
16.0551231565456 1.4142135623731 2.35513868802566e-16
16.0606567050246 1.4142135623731 2.35513868802566e-16
16.066192160693 1.4142135623731 2.35513868802566e-16
16.0717295242079 1.4142135623731 2.35513868802566e-16
16.077268796227 1.4142135623731 2.35513868802566e-16
16.082809977408 1.4142135623731 2.35513868802566e-16
16.088353068409 1.4142135623731 2.35513868802566e-16
16.0938980698883 1.4142135623731 2.35513868802566e-16
16.0994449825041 1.4142135623731 2.35513868802566e-16
16.1049938069154 1.4142135623731 2.35513868802566e-16
16.1105445437809 1.4142135623731 2.35513868802566e-16
16.1160971937598 1.4142135623731 2.35513868802566e-16
16.1216517575115 1.4142135623731 2.35513868802566e-16
16.1272082356956 1.4142135623731 2.35513868802566e-16
16.1327666289719 1.4142135623731 2.35513868802566e-16
16.1383269380005 1.4142135623731 2.35513868802566e-16
16.1438891634416 1.4142135623731 2.35513868802566e-16
16.1494533059559 1.4142135623731 2.35513868802566e-16
16.1550193662039 1.4142135623731 2.35513868802566e-16
16.1605873448466 1.4142135623731 2.35513868802566e-16
16.1661572425454 1.4142135623731 2.35513868802566e-16
16.1717290599615 1.4142135623731 2.35513868802566e-16
16.1773027977566 1.4142135623731 2.35513868802566e-16
16.1828784565927 1.4142135623731 2.35513868802566e-16
16.1884560371317 1.4142135623731 2.35513868802566e-16
16.1940355400361 1.4142135623731 2.35513868802566e-16
16.1996169659684 1.4142135623731 2.35513868802566e-16
16.2052003155914 1.4142135623731 2.35513868802566e-16
16.2107855895681 1.4142135623731 2.35513868802566e-16
16.2163727885617 1.4142135623731 2.35513868802566e-16
16.2219619132358 1.4142135623731 2.35513868802566e-16
16.227552964254 1.4142135623731 2.35513868802566e-16
16.2331459422803 1.4142135623731 2.35513868802566e-16
16.2387408479788 1.4142135623731 2.35513868802566e-16
16.244337682014 1.4142135623731 2.35513868802566e-16
16.2499364450503 1.4142135623731 2.35513868802566e-16
16.2555371377528 1.4142135623731 2.35513868802566e-16
16.2611397607864 1.4142135623731 2.35513868802566e-16
16.2667443148165 1.4142135623731 2.35513868802566e-16
16.2723508005087 1.4142135623731 2.35513868802566e-16
16.2779592185285 1.4142135623731 2.35513868802566e-16
16.2835695695422 1.4142135623731 2.35513868802566e-16
16.2891818542158 1.4142135623731 2.35513868802566e-16
16.2947960732159 1.4142135623731 2.35513868802566e-16
16.3004122272091 1.4142135623731 2.35513868802566e-16
16.3060303168624 1.4142135623731 2.35513868802566e-16
16.3116503428428 1.4142135623731 2.35513868802566e-16
16.3172723058178 1.4142135623731 2.35513868802566e-16
16.322896206455 1.4142135623731 2.35513868802566e-16
16.3285220454222 1.4142135623731 2.35513868802566e-16
16.3341498233874 1.4142135623731 2.35513868802566e-16
16.339779541019 1.4142135623731 2.35513868802566e-16
16.3454111989855 1.4142135623731 2.35513868802566e-16
16.3510447979555 1.4142135623731 2.35513868802566e-16
16.3566803385983 1.4142135623731 2.35513868802566e-16
16.3623178215828 1.4142135623731 2.35513868802566e-16
16.3679572475786 1.4142135623731 2.35513868802566e-16
16.3735986172554 1.4142135623731 2.35513868802566e-16
16.3792419312831 1.4142135623731 2.35513868802566e-16
16.3848871903317 1.4142135623731 2.35513868802566e-16
16.3905343950717 1.4142135623731 2.35513868802566e-16
16.3961835461737 1.4142135623731 2.35513868802566e-16
16.4018346443085 1.4142135623731 2.35513868802566e-16
16.4074876901472 1.4142135623731 2.35513868802566e-16
16.413142684361 1.4142135623731 2.35513868802566e-16
16.4187996276216 1.4142135623731 2.35513868802566e-16
16.4244585206005 1.4142135623731 2.35513868802566e-16
16.4301193639699 1.4142135623731 2.35513868802566e-16
16.435782158402 1.4142135623731 2.35513868802566e-16
16.4414469045692 1.4142135623731 2.35513868802566e-16
16.4471136031441 1.4142135623731 2.35513868802566e-16
16.4527822547998 1.4142135623731 2.35513868802566e-16
16.4584528602093 1.4142135623731 2.35513868802566e-16
16.4641254200461 1.4142135623731 2.35513868802566e-16
16.4697999349837 1.4142135623731 2.35513868802566e-16
16.475476405696 1.4142135623731 2.35513868802566e-16
16.481154832857 1.4142135623731 2.35513868802566e-16
16.4868352171412 1.4142135623731 2.35513868802566e-16
16.4925175592229 1.4142135623731 2.35513868802566e-16
16.498201859777 1.4142135623731 2.35513868802566e-16
16.5038881194786 1.4142135623731 2.35513868802566e-16
16.5095763390027 1.4142135623731 2.35513868802566e-16
16.515266519025 1.4142135623731 2.35513868802566e-16
16.520958660221 1.4142135623731 2.35513868802566e-16
16.5266527632669 1.4142135623731 2.35513868802566e-16
16.5323488288386 1.4142135623731 2.35513868802566e-16
16.5380468576126 1.4142135623731 2.35513868802566e-16
16.5437468502656 1.4142135623731 2.35513868802566e-16
16.5494488074744 1.4142135623731 2.35513868802566e-16
16.5551527299162 1.4142135623731 2.35513868802566e-16
16.5608586182682 1.4142135623731 2.35513868802566e-16
16.566566473208 1.4142135623731 2.35513868802566e-16
16.5722762954135 1.4142135623731 2.35513868802566e-16
16.5779880855626 1.4142135623731 2.35513868802566e-16
16.5837018443337 1.4142135623731 2.35513868802566e-16
16.5894175724052 1.4142135623731 2.35513868802566e-16
16.5951352704559 1.4142135623731 2.35513868802566e-16
16.6008549391648 1.4142135623731 2.35513868802566e-16
16.606576579211 1.4142135623731 2.35513868802566e-16
16.612300191274 1.4142135623731 2.35513868802566e-16
16.6180257760335 1.4142135623731 2.35513868802566e-16
16.6237533341694 1.4142135623731 2.35513868802566e-16
16.6294828663618 1.4142135623731 2.35513868802566e-16
16.635214373291 1.4142135623731 2.35513868802566e-16
16.6409478556378 1.4142135623731 2.35513868802566e-16
16.646683314083 1.4142135623731 2.35513868802566e-16
16.6524207493076 1.4142135623731 2.35513868802566e-16
16.658160161993 1.4142135623731 2.35513868802566e-16
16.6639015528206 1.4142135623731 2.35513868802566e-16
16.6696449224724 1.4142135623731 2.35513868802566e-16
16.6753902716303 1.4142135623731 2.35513868802566e-16
16.6811376009765 1.4142135623731 2.35513868802566e-16
16.6868869111936 1.4142135623731 2.35513868802566e-16
16.6926382029643 1.4142135623731 2.35513868802566e-16
16.6983914769715 1.4142135623731 2.35513868802566e-16
16.7041467338984 1.4142135623731 2.35513868802566e-16
16.7099039744286 1.4142135623731 2.35513868802566e-16
16.7156631992455 1.4142135623731 2.35513868802566e-16
16.7214244090332 1.4142135623731 2.35513868802566e-16
16.7271876044758 1.4142135623731 2.35513868802566e-16
16.7329527862577 1.4142135623731 2.35513868802566e-16
16.7387199550634 1.4142135623731 2.35513868802566e-16
16.7444891115778 1.4142135623731 2.35513868802566e-16
16.750260256486 1.4142135623731 2.35513868802566e-16
16.7560333904733 1.4142135623731 2.35513868802566e-16
16.7618085142253 1.4142135623731 2.35513868802566e-16
16.7675856284278 1.4142135623731 2.35513868802566e-16
16.7733647337667 1.4142135623731 2.35513868802566e-16
16.7791458309284 1.4142135623731 2.35513868802566e-16
16.7849289205994 1.4142135623731 2.35513868802566e-16
16.7907140034663 1.4142135623731 2.35513868802566e-16
16.7965010802162 1.4142135623731 2.35513868802566e-16
16.8022901515363 1.4142135623731 2.35513868802566e-16
16.8080812181139 1.4142135623731 2.35513868802566e-16
16.8138742806369 1.4142135623731 2.35513868802566e-16
16.8196693397931 1.4142135623731 2.35513868802566e-16
16.8254663962707 1.4142135623731 2.35513868802566e-16
16.8312654507581 1.4142135623731 2.35513868802566e-16
16.8370665039439 1.4142135623731 2.35513868802566e-16
16.8428695565169 1.4142135623731 2.35513868802566e-16
16.8486746091664 1.4142135623731 2.35513868802566e-16
16.8544816625816 1.4142135623731 2.35513868802566e-16
16.8602907174521 1.4142135623731 2.35513868802566e-16
16.8661017744677 1.4142135623731 2.35513868802566e-16
16.8719148343185 1.4142135623731 2.35513868802566e-16
16.8777298976949 1.4142135623731 2.35513868802566e-16
16.8835469652872 1.4142135623731 2.35513868802566e-16
16.8893660377863 1.4142135623731 2.35513868802566e-16
16.8951871158833 1.4142135623731 2.35513868802566e-16
16.9010102002693 1.4142135623731 2.35513868802566e-16
16.9068352916358 1.4142135623731 2.35513868802566e-16
16.9126623906746 1.4142135623731 2.35513868802566e-16
16.9184914980777 1.4142135623731 2.35513868802566e-16
16.9243226145371 1.4142135623731 2.35513868802566e-16
16.9301557407455 1.4142135623731 2.35513868802566e-16
16.9359908773954 1.4142135623731 2.35513868802566e-16
16.9418280251797 1.4142135623731 2.35513868802566e-16
16.9476671847917 1.4142135623731 2.35513868802566e-16
16.9535083569247 1.4142135623731 2.35513868802566e-16
16.9593515422723 1.4142135623731 2.35513868802566e-16
16.9651967415285 1.4142135623731 2.35513868802566e-16
16.9710439553873 1.4142135623731 2.35513868802566e-16
16.9768931845431 1.4142135623731 2.35513868802566e-16
16.9827444296904 1.4142135623731 2.35513868802566e-16
16.9885976915242 1.4142135623731 2.35513868802566e-16
16.9944529707395 1.4142135623731 2.35513868802566e-16
17.0003102680315 1.4142135623731 2.35513868802566e-16
17.0061695840959 1.4142135623731 2.35513868802566e-16
17.0120309196284 1.4142135623731 2.35513868802566e-16
17.0178942753251 1.4142135623731 2.35513868802566e-16
17.0237596518822 1.4142135623731 2.35513868802566e-16
17.0296270499962 1.4142135623731 2.35513868802566e-16
17.0354964703639 1.4142135623731 2.35513868802566e-16
17.0413679136823 1.4142135623731 2.35513868802566e-16
17.0472413806486 1.4142135623731 2.35513868802566e-16
17.0531168719602 1.4142135623731 2.35513868802566e-16
17.058994388315 1.4142135623731 2.35513868802566e-16
17.0648739304107 1.4142135623731 2.35513868802566e-16
17.0707554989457 1.4142135623731 2.35513868802566e-16
17.0766390946183 1.4142135623731 2.35513868802566e-16
17.0825247181273 1.4142135623731 2.35513868802566e-16
17.0884123701714 1.4142135623731 2.35513868802566e-16
17.09430205145 1.4142135623731 2.35513868802566e-16
17.1001937626624 1.4142135623731 2.35513868802566e-16
17.1060875045081 1.4142135623731 2.35513868802566e-16
17.1119832776872 1.4142135623731 2.35513868802566e-16
17.1178810828997 1.4142135623731 2.35513868802566e-16
17.1237809208459 1.4142135623731 2.35513868802566e-16
17.1296827922265 1.4142135623731 2.35513868802566e-16
17.1355866977424 1.4142135623731 2.35513868802566e-16
17.1414926380945 1.4142135623731 2.35513868802566e-16
17.1474006139843 1.4142135623731 2.35513868802566e-16
17.1533106261132 1.4142135623731 2.35513868802566e-16
17.1592226751832 1.4142135623731 2.35513868802566e-16
17.1651367618962 1.4142135623731 2.35513868802566e-16
17.1710528869545 1.4142135623731 2.35513868802566e-16
17.1769710510608 1.4142135623731 2.35513868802566e-16
17.1828912549177 1.4142135623731 2.35513868802566e-16
17.1888134992282 1.4142135623731 2.35513868802566e-16
17.1947377846957 1.4142135623731 2.35513868802566e-16
17.2006641120236 1.4142135623731 2.35513868802566e-16
17.2065924819158 1.4142135623731 2.35513868802566e-16
17.2125228950761 1.4142135623731 2.35513868802566e-16
17.2184553522088 1.4142135623731 2.35513868802566e-16
17.2243898540184 1.4142135623731 2.35513868802566e-16
17.2303264012095 1.4142135623731 2.35513868802566e-16
17.2362649944873 1.4142135623731 2.35513868802566e-16
17.2422056345568 1.4142135623731 2.35513868802566e-16
17.2481483221235 1.4142135623731 2.35513868802566e-16
17.2540930578931 1.4142135623731 2.35513868802566e-16
17.2600398425715 1.4142135623731 2.35513868802566e-16
17.265988676865 1.4142135623731 2.35513868802566e-16
17.2719395614798 1.4142135623731 2.35513868802566e-16
17.2778924971228 1.4142135623731 2.35513868802566e-16
17.2838474845007 1.4142135623731 2.35513868802566e-16
17.2898045243208 1.4142135623731 2.35513868802566e-16
17.2957636172904 1.4142135623731 2.35513868802566e-16
17.3017247641172 1.4142135623731 2.35513868802566e-16
17.307687965509 1.4142135623731 2.35513868802566e-16
17.3136532221741 1.4142135623731 2.35513868802566e-16
17.3196205348206 1.4142135623731 2.35513868802566e-16
17.3255899041574 1.4142135623731 2.35513868802566e-16
17.3315613308931 1.4142135623731 2.35513868802566e-16
17.337534815737 1.4142135623731 2.35513868802566e-16
17.3435103593983 1.4142135623731 2.35513868802566e-16
17.3494879625867 1.4142135623731 2.35513868802566e-16
17.355467626012 1.4142135623731 2.35513868802566e-16
17.3614493503842 1.4142135623731 2.35513868802566e-16
17.3674331364137 1.4142135623731 2.35513868802566e-16
17.3734189848112 1.4142135623731 2.35513868802566e-16
17.3794068962873 1.4142135623731 2.35513868802566e-16
17.3853968715531 1.4142135623731 2.35513868802566e-16
17.39138891132 1.4142135623731 2.35513868802566e-16
17.3973830162994 1.4142135623731 2.35513868802566e-16
17.4033791872033 1.4142135623731 2.35513868802566e-16
17.4093774247436 1.4142135623731 2.35513868802566e-16
17.4153777296326 1.4142135623731 2.35513868802566e-16
17.4213801025828 1.4142135623731 2.35513868802566e-16
17.4273845443071 1.4142135623731 2.35513868802566e-16
17.4333910555184 1.4142135623731 2.35513868802566e-16
17.43939963693 1.4142135623731 2.35513868802566e-16
17.4454102892555 1.4142135623731 2.35513868802566e-16
17.4514230132085 1.4142135623731 2.35513868802566e-16
17.4574378095032 1.4142135623731 2.35513868802566e-16
17.4634546788536 1.4142135623731 2.35513868802566e-16
17.4694736219744 1.4142135623731 2.35513868802566e-16
17.4754946395804 1.4142135623731 2.35513868802566e-16
17.4815177323863 1.4142135623731 2.35513868802566e-16
17.4875429011076 1.4142135623731 2.35513868802566e-16
17.4935701464597 1.4142135623731 2.35513868802566e-16
17.4995994691583 1.4142135623731 2.35513868802566e-16
17.5056308699195 1.4142135623731 2.35513868802566e-16
17.5116643494593 1.4142135623731 2.35513868802566e-16
17.5176999084944 1.4142135623731 2.35513868802566e-16
17.5237375477414 1.4142135623731 2.35513868802566e-16
17.5297772679172 1.4142135623731 2.35513868802566e-16
17.5358190697392 1.4142135623731 2.35513868802566e-16
17.5418629539247 1.4142135623731 2.35513868802566e-16
17.5479089211914 1.4142135623731 2.35513868802566e-16
17.5539569722574 1.4142135623731 2.35513868802566e-16
17.5600071078408 1.4142135623731 2.35513868802566e-16
17.56605932866 1.4142135623731 2.35513868802566e-16
17.5721136354338 1.4142135623731 2.35513868802566e-16
17.5781700288811 1.4142135623731 2.35513868802566e-16
17.5842285097211 1.4142135623731 2.35513868802566e-16
17.5902890786732 1.4142135623731 2.35513868802566e-16
17.5963517364572 1.4142135623731 2.35513868802566e-16
17.6024164837929 1.4142135623731 2.35513868802566e-16
17.6084833214005 1.4142135623731 2.35513868802566e-16
17.6145522500005 1.4142135623731 2.35513868802566e-16
17.6206232703136 1.4142135623731 2.35513868802566e-16
17.6266963830606 1.4142135623731 2.35513868802566e-16
17.6327715889628 1.4142135623731 2.35513868802566e-16
17.6388488887415 1.4142135623731 2.35513868802566e-16
17.6449282831186 1.4142135623731 2.35513868802566e-16
17.6510097728158 1.4142135623731 2.35513868802566e-16
17.6570933585553 1.4142135623731 2.35513868802566e-16
17.6631790410596 1.4142135623731 2.35513868802566e-16
17.6692668210514 1.4142135623731 2.35513868802566e-16
17.6753566992535 1.4142135623731 2.35513868802566e-16
17.6814486763892 1.4142135623731 2.35513868802566e-16
17.6875427531818 1.4142135623731 2.35513868802566e-16
17.693638930355 1.4142135623731 2.35513868802566e-16
17.6997372086327 1.4142135623731 2.35513868802566e-16
17.7058375887391 1.4142135623731 2.35513868802566e-16
17.7119400713986 1.4142135623731 2.35513868802566e-16
17.7180446573359 1.4142135623731 2.35513868802566e-16
17.7241513472759 1.4142135623731 2.35513868802566e-16
17.7302601419437 1.4142135623731 2.35513868802566e-16
17.7363710420648 1.4142135623731 2.35513868802566e-16
17.7424840483648 1.4142135623731 2.35513868802566e-16
17.7485991615697 1.4142135623731 2.35513868802566e-16
17.7547163824056 1.4142135623731 2.35513868802566e-16
17.7608357115988 1.4142135623731 2.35513868802566e-16
17.7669571498762 1.4142135623731 2.35513868802566e-16
17.7730806979646 1.4142135623731 2.35513868802566e-16
17.7792063565911 1.4142135623731 2.35513868802566e-16
17.7853341264833 1.4142135623731 2.35513868802566e-16
17.7914640083686 1.4142135623731 2.35513868802566e-16
17.7975960029752 1.4142135623731 2.35513868802566e-16
17.8037301110311 1.4142135623731 2.35513868802566e-16
17.8098663332647 1.4142135623731 2.35513868802566e-16
17.8160046704048 1.4142135623731 2.35513868802566e-16
17.8221451231802 1.4142135623731 2.35513868802566e-16
17.8282876923202 1.4142135623731 2.35513868802566e-16
17.8344323785541 1.4142135623731 2.35513868802566e-16
17.8405791826116 1.4142135623731 2.35513868802566e-16
17.8467281052227 1.4142135623731 2.35513868802566e-16
17.8528791471176 1.4142135623731 2.35513868802566e-16
17.8590323090266 1.4142135623731 2.35513868802566e-16
17.8651875916804 1.4142135623731 2.35513868802566e-16
17.87134499581 1.4142135623731 2.35513868802566e-16
17.8775045221466 1.4142135623731 2.35513868802566e-16
17.8836661714216 1.4142135623731 2.35513868802566e-16
17.8898299443667 1.4142135623731 2.35513868802566e-16
17.8959958417138 1.4142135623731 2.35513868802566e-16
17.9021638641952 1.4142135623731 2.35513868802566e-16
17.9083340125433 1.4142135623731 2.35513868802566e-16
17.9145062874907 1.4142135623731 2.35513868802566e-16
17.9206806897705 1.4142135623731 2.35513868802566e-16
17.9268572201158 1.4142135623731 2.35513868802566e-16
17.9330358792602 1.4142135623731 2.35513868802566e-16
17.9392166679372 1.4142135623731 2.35513868802566e-16
17.9453995868809 1.4142135623731 2.35513868802566e-16
17.9515846368255 1.4142135623731 2.35513868802566e-16
17.9577718185054 1.4142135623731 2.35513868802566e-16
17.9639611326554 1.4142135623731 2.35513868802566e-16
17.9701525800105 1.4142135623731 2.35513868802566e-16
17.9763461613059 1.4142135623731 2.35513868802566e-16
17.982541877277 1.4142135623731 2.35513868802566e-16
17.9887397286597 1.4142135623731 2.35513868802566e-16
17.9949397161898 1.4142135623731 2.35513868802566e-16
18.0011418406037 1.4142135623731 2.35513868802566e-16
18.0073461026378 1.4142135623731 2.35513868802566e-16
18.0135525030289 1.4142135623731 2.35513868802566e-16
18.019761042514 1.4142135623731 2.35513868802566e-16
18.0259717218303 1.4142135623731 2.35513868802566e-16
18.0321845417154 1.4142135623731 2.35513868802566e-16
18.038399502907 1.4142135623731 2.35513868802566e-16
18.0446166061432 1.4142135623731 2.35513868802566e-16
18.0508358521622 1.4142135623731 2.35513868802566e-16
18.0570572417025 1.4142135623731 2.35513868802566e-16
18.063280775503 1.4142135623731 2.35513868802566e-16
18.0695064543027 1.4142135623731 2.35513868802566e-16
18.0757342788408 1.4142135623731 2.35513868802566e-16
18.081964249857 1.4142135623731 2.35513868802566e-16
18.088196368091 1.4142135623731 2.35513868802566e-16
18.0944306342829 1.4142135623731 2.35513868802566e-16
18.1006670491729 1.4142135623731 2.35513868802566e-16
18.1069056135018 1.4142135623731 2.35513868802566e-16
18.1131463280102 1.4142135623731 2.35513868802566e-16
18.1193891934393 1.4142135623731 2.35513868802566e-16
18.1256342105304 1.4142135623731 2.35513868802566e-16
18.1318813800251 1.4142135623731 2.35513868802566e-16
18.1381307026653 1.4142135623731 2.35513868802566e-16
18.144382179193 1.4142135623731 2.35513868802566e-16
18.1506358103506 1.4142135623731 2.35513868802566e-16
18.1568915968807 1.4142135623731 2.35513868802566e-16
18.1631495395262 1.4142135623731 2.35513868802566e-16
18.1694096390302 1.4142135623731 2.35513868802566e-16
18.1756718961361 1.4142135623731 2.35513868802566e-16
18.1819363115875 1.4142135623731 2.35513868802566e-16
18.1882028861283 1.4142135623731 2.35513868802566e-16
18.1944716205028 1.4142135623731 2.35513868802566e-16
18.2007425154552 1.4142135623731 2.35513868802566e-16
18.2070155717302 1.4142135623731 2.35513868802566e-16
18.2132907900728 1.4142135623731 2.35513868802566e-16
18.2195681712282 1.4142135623731 2.35513868802566e-16
18.2258477159417 1.4142135623731 2.35513868802566e-16
18.2321294249591 1.4142135623731 2.35513868802566e-16
18.2384132990263 1.4142135623731 2.35513868802566e-16
18.2446993388895 1.4142135623731 2.35513868802566e-16
18.2509875452952 1.4142135623731 2.35513868802566e-16
18.2572779189901 1.4142135623731 2.35513868802566e-16
18.2635704607212 1.4142135623731 2.35513868802566e-16
18.2698651712357 1.4142135623731 2.35513868802566e-16
18.276162051281 1.4142135623731 2.35513868802566e-16
18.2824611016051 1.4142135623731 2.35513868802566e-16
18.2887623229558 1.4142135623731 2.35513868802566e-16
18.2950657160814 1.4142135623731 2.35513868802566e-16
18.3013712817304 1.4142135623731 2.35513868802566e-16
18.3076790206517 1.4142135623731 2.35513868802566e-16
18.3139889335942 1.4142135623731 2.35513868802566e-16
18.3203010213073 1.4142135623731 2.35513868802566e-16
18.3266152845405 1.4142135623731 2.35513868802566e-16
18.3329317240437 1.4142135623731 2.35513868802566e-16
18.3392503405668 1.4142135623731 2.35513868802566e-16
18.3455711348603 1.4142135623731 2.35513868802566e-16
18.3518941076747 1.4142135623731 2.35513868802566e-16
18.3582192597608 1.4142135623731 2.35513868802566e-16
18.3645465918698 1.4142135623731 2.35513868802566e-16
18.3708761047531 1.4142135623731 2.35513868802566e-16
18.3772077991622 1.4142135623731 2.35513868802566e-16
18.3835416758491 1.4142135623731 2.35513868802566e-16
18.3898777355659 1.4142135623731 2.35513868802566e-16
18.3962159790649 1.4142135623731 2.35513868802566e-16
18.4025564070989 1.4142135623731 2.35513868802566e-16
18.4088990204208 1.4142135623731 2.35513868802566e-16
18.4152438197837 1.4142135623731 2.35513868802566e-16
18.4215908059411 1.4142135623731 2.35513868802566e-16
18.4279399796467 1.4142135623731 2.35513868802566e-16
18.4342913416545 1.4142135623731 2.35513868802566e-16
18.4406448927186 1.4142135623731 2.35513868802566e-16
18.4470006335935 1.4142135623731 2.35513868802566e-16
18.4533585650341 1.4142135623731 2.35513868802566e-16
18.4597186877952 1.4142135623731 2.35513868802566e-16
18.4660810026322 1.4142135623731 2.35513868802566e-16
18.4724455103005 1.4142135623731 2.35513868802566e-16
18.478812211556 1.4142135623731 2.35513868802566e-16
18.4851811071547 1.4142135623731 2.35513868802566e-16
18.4915521978528 1.4142135623731 2.35513868802566e-16
18.497925484407 1.4142135623731 2.35513868802566e-16
18.5043009675741 1.4142135623731 2.35513868802566e-16
18.5106786481111 1.4142135623731 2.35513868802566e-16
18.5170585267754 1.4142135623731 2.35513868802566e-16
18.5234406043246 1.4142135623731 2.35513868802566e-16
18.5298248815166 1.4142135623731 2.35513868802566e-16
18.5362113591095 1.4142135623731 2.35513868802566e-16
18.5426000378616 1.4142135623731 2.35513868802566e-16
18.5489909185317 1.4142135623731 2.35513868802566e-16
18.5553840018786 1.4142135623731 2.35513868802566e-16
18.5617792886616 1.4142135623731 2.35513868802566e-16
18.56817677964 1.4142135623731 2.35513868802566e-16
18.5745764755735 1.4142135623731 2.35513868802566e-16
18.5809783772222 1.4142135623731 2.35513868802566e-16
18.5873824853461 1.4142135623731 2.35513868802566e-16
18.5937888007059 1.4142135623731 2.35513868802566e-16
18.6001973240623 1.4142135623731 2.35513868802566e-16
18.6066080561762 1.4142135623731 2.35513868802566e-16
18.6130209978089 1.4142135623731 2.35513868802566e-16
18.619436149722 1.4142135623731 2.35513868802566e-16
18.6258535126773 1.4142135623731 2.35513868802566e-16
18.6322730874368 1.4142135623731 2.35513868802566e-16
18.6386948747628 1.4142135623731 2.35513868802566e-16
18.6451188754179 1.4142135623731 2.35513868802566e-16
18.6515450901649 1.4142135623731 2.35513868802566e-16
18.6579735197671 1.4142135623731 2.35513868802566e-16
18.6644041649876 1.4142135623731 2.35513868802566e-16
18.6708370265903 1.4142135623731 2.35513868802566e-16
18.6772721053389 1.4142135623731 2.35513868802566e-16
18.6837094019976 1.4142135623731 2.35513868802566e-16
18.6901489173309 1.4142135623731 2.35513868802566e-16
18.6965906521034 1.4142135623731 2.35513868802566e-16
18.7030346070801 1.4142135623731 2.35513868802566e-16
18.7094807830262 1.4142135623731 2.35513868802566e-16
18.7159291807072 1.4142135623731 2.35513868802566e-16
18.7223798008888 1.4142135623731 2.35513868802566e-16
18.728832644337 1.4142135623731 2.35513868802566e-16
18.7352877118182 1.4142135623731 2.35513868802566e-16
18.7417450040987 1.4142135623731 2.35513868802566e-16
18.7482045219455 1.4142135623731 2.35513868802566e-16
18.7546662661256 1.4142135623731 2.35513868802566e-16
18.7611302374063 1.4142135623731 2.35513868802566e-16
18.7675964365552 1.4142135623731 2.35513868802566e-16
18.7740648643401 1.4142135623731 2.35513868802566e-16
18.7805355215293 1.4142135623731 2.35513868802566e-16
18.787008408891 1.4142135623731 2.35513868802566e-16
18.7934835271939 1.4142135623731 2.35513868802566e-16
18.799960877207 1.4142135623731 2.35513868802566e-16
18.8064404596993 1.4142135623731 2.35513868802566e-16
18.8129222754405 1.4142135623731 2.35513868802566e-16
18.8194063252001 1.4142135623731 2.35513868802566e-16
18.8258926097481 1.4142135623731 2.35513868802566e-16
18.8323811298549 1.4142135623731 2.35513868802566e-16
18.8388718862908 1.4142135623731 2.35513868802566e-16
18.8453648798267 1.4142135623731 2.35513868802566e-16
18.8518601112335 1.4142135623731 2.35513868802566e-16
18.8583575812827 1.4142135623731 2.35513868802566e-16
18.8648572907458 1.4142135623731 2.35513868802566e-16
18.8713592403945 1.4142135623731 2.35513868802566e-16
18.8778634310011 1.4142135623731 2.35513868802566e-16
18.8843698633379 1.4142135623731 2.35513868802566e-16
18.8908785381774 1.4142135623731 2.35513868802566e-16
18.8973894562927 1.4142135623731 2.35513868802566e-16
18.9039026184568 1.4142135623731 2.35513868802566e-16
18.9104180254432 1.4142135623731 2.35513868802566e-16
18.9169356780257 1.4142135623731 2.35513868802566e-16
18.9234555769781 1.4142135623731 2.35513868802566e-16
18.9299777230747 1.4142135623731 2.35513868802566e-16
18.93650211709 1.4142135623731 2.35513868802566e-16
18.9430287597988 1.4142135623731 2.35513868802566e-16
18.9495576519761 1.4142135623731 2.35513868802566e-16
18.9560887943972 1.4142135623731 2.35513868802566e-16
18.9626221878377 1.4142135623731 2.35513868802566e-16
18.9691578330733 1.4142135623731 2.35513868802566e-16
18.9756957308803 1.4142135623731 2.35513868802566e-16
18.982235882035 1.4142135623731 2.35513868802566e-16
18.9887782873139 1.4142135623731 2.35513868802566e-16
18.9953229474941 1.4142135623731 2.35513868802566e-16
19.0018698633527 1.4142135623731 2.35513868802566e-16
19.0084190356671 1.4142135623731 2.35513868802566e-16
19.0149704652151 1.4142135623731 2.35513868802566e-16
19.0215241527745 1.4142135623731 2.35513868802566e-16
19.0280800991238 1.4142135623731 2.35513868802566e-16
19.0346383050413 1.4142135623731 2.35513868802566e-16
19.0411987713058 1.4142135623731 2.35513868802566e-16
19.0477614986965 1.4142135623731 2.35513868802566e-16
19.0543264879926 1.4142135623731 2.35513868802566e-16
19.0608937399737 1.4142135623731 2.35513868802566e-16
19.0674632554197 1.4142135623731 2.35513868802566e-16
19.0740350351107 1.4142135623731 2.35513868802566e-16
19.080609079827 1.4142135623731 2.35513868802566e-16
19.0871853903494 1.4142135623731 2.35513868802566e-16
19.0937639674588 1.4142135623731 2.35513868802566e-16
19.1003448119364 1.4142135623731 2.35513868802566e-16
19.1069279245636 1.4142135623731 2.35513868802566e-16
19.1135133061222 1.4142135623731 2.35513868802566e-16
19.1201009573942 1.4142135623731 2.35513868802566e-16
19.1266908791618 1.4142135623731 2.35513868802566e-16
19.1332830722077 1.4142135623731 2.35513868802566e-16
19.1398775373146 1.4142135623731 2.35513868802566e-16
19.1464742752657 1.4142135623731 2.35513868802566e-16
19.1530732868442 1.4142135623731 2.35513868802566e-16
19.1596745728339 1.4142135623731 2.35513868802566e-16
19.1662781340185 1.4142135623731 2.35513868802566e-16
19.1728839711824 1.4142135623731 2.35513868802566e-16
19.1794920851098 1.4142135623731 2.35513868802566e-16
19.1861024765856 1.4142135623731 2.35513868802566e-16
19.1927151463946 1.4142135623731 2.35513868802566e-16
19.1993300953222 1.4142135623731 2.35513868802566e-16
19.2059473241539 1.4142135623731 2.35513868802566e-16
19.2125668336754 1.4142135623731 2.35513868802566e-16
19.2191886246729 1.4142135623731 2.35513868802566e-16
19.2258126979326 1.4142135623731 2.35513868802566e-16
19.2324390542411 1.4142135623731 2.35513868802566e-16
19.2390676943854 1.4142135623731 2.35513868802566e-16
19.2456986191526 1.4142135623731 2.35513868802566e-16
19.25233182933 1.4142135623731 2.35513868802566e-16
19.2589673257054 1.4142135623731 2.35513868802566e-16
19.2656051090668 1.4142135623731 2.35513868802566e-16
19.2722451802023 1.4142135623731 2.35513868802566e-16
19.2788875399005 1.4142135623731 2.35513868802566e-16
19.2855321889502 1.4142135623731 2.35513868802566e-16
19.2921791281403 1.4142135623731 2.35513868802566e-16
19.2988283582602 1.4142135623731 2.35513868802566e-16
19.3054798800996 1.4142135623731 2.35513868802566e-16
19.3121336944482 1.4142135623731 2.35513868802566e-16
19.3187898020962 1.4142135623731 2.35513868802566e-16
19.325448203834 1.4142135623731 2.35513868802566e-16
19.3321089004523 1.4142135623731 2.35513868802566e-16
19.338771892742 1.4142135623731 2.35513868802566e-16
19.3454371814944 1.4142135623731 2.35513868802566e-16
19.352104767501 1.4142135623731 2.35513868802566e-16
19.3587746515535 1.4142135623731 2.35513868802566e-16
19.3654468344439 1.4142135623731 2.35513868802566e-16
19.3721213169647 1.4142135623731 2.35513868802566e-16
19.3787980999083 1.4142135623731 2.35513868802566e-16
19.3854771840676 1.4142135623731 2.35513868802566e-16
19.3921585702359 1.4142135623731 2.35513868802566e-16
19.3988422592064 1.4142135623731 2.35513868802566e-16
19.4055282517728 1.4142135623731 2.35513868802566e-16
19.4122165487292 1.4142135623731 2.35513868802566e-16
19.4189071508698 1.4142135623731 2.35513868802566e-16
19.425600058989 1.4142135623731 2.35513868802566e-16
19.4322952738816 1.4142135623731 2.35513868802566e-16
19.4389927963428 1.4142135623731 2.35513868802566e-16
19.4456926271677 1.4142135623731 2.35513868802566e-16
19.452394767152 1.4142135623731 2.35513868802566e-16
19.4590992170917 1.4142135623731 2.35513868802566e-16
19.4658059777827 1.4142135623731 2.35513868802566e-16
19.4725150500216 1.4142135623731 2.35513868802566e-16
19.4792264346051 1.4142135623731 2.35513868802566e-16
19.48594013233 1.4142135623731 2.35513868802566e-16
19.4926561439937 1.4142135623731 2.35513868802566e-16
19.4993744703938 1.4142135623731 2.35513868802566e-16
19.5060951123278 1.4142135623731 2.35513868802566e-16
19.5128180705941 1.4142135623731 2.35513868802566e-16
19.5195433459908 1.4142135623731 2.35513868802566e-16
19.5262709393167 1.4142135623731 2.35513868802566e-16
19.5330008513706 1.4142135623731 2.35513868802566e-16
19.5397330829516 1.4142135623731 2.35513868802566e-16
19.5464676348593 1.4142135623731 2.35513868802566e-16
19.5532045078933 1.4142135623731 2.35513868802566e-16
19.5599437028537 1.4142135623731 2.35513868802566e-16
19.5666852205407 1.4142135623731 2.35513868802566e-16
19.5734290617549 1.4142135623731 2.35513868802566e-16
19.5801752272971 1.4142135623731 2.35513868802566e-16
19.5869237179684 1.4142135623731 2.35513868802566e-16
19.5936745345702 1.4142135623731 2.35513868802566e-16
19.6004276779041 1.4142135623731 2.35513868802566e-16
19.6071831487721 1.4142135623731 2.35513868802566e-16
19.6139409479763 1.4142135623731 2.35513868802566e-16
19.6207010763193 1.4142135623731 2.35513868802566e-16
19.6274635346038 1.4142135623731 2.35513868802566e-16
19.6342283236328 1.4142135623731 2.35513868802566e-16
19.6409954442097 1.4142135623731 2.35513868802566e-16
19.6477648971381 1.4142135623731 2.35513868802566e-16
19.6545366832217 1.4142135623731 2.35513868802566e-16
19.6613108032649 1.4142135623731 2.35513868802566e-16
19.6680872580719 1.4142135623731 2.35513868802566e-16
19.6748660484475 1.4142135623731 2.35513868802566e-16
19.6816471751966 1.4142135623731 2.35513868802566e-16
19.6884306391246 1.4142135623731 2.35513868802566e-16
19.6952164410369 1.4142135623731 2.35513868802566e-16
19.7020045817393 1.4142135623731 2.35513868802566e-16
19.708795062038 1.4142135623731 2.35513868802566e-16
19.7155878827393 1.4142135623731 2.35513868802566e-16
19.7223830446498 1.4142135623731 2.35513868802566e-16
19.7291805485764 1.4142135623731 2.35513868802566e-16
19.7359803953265 1.4142135623731 2.35513868802566e-16
19.7427825857073 1.4142135623731 2.35513868802566e-16
19.7495871205268 1.4142135623731 2.35513868802566e-16
19.7563940005928 1.4142135623731 2.35513868802566e-16
19.7632032267138 1.4142135623731 2.35513868802566e-16
19.7700147996983 1.4142135623731 2.35513868802566e-16
19.7768287203552 1.4142135623731 2.35513868802566e-16
19.7836449894937 1.4142135623731 2.35513868802566e-16
19.7904636079231 1.4142135623731 2.35513868802566e-16
19.7972845764531 1.4142135623731 2.35513868802566e-16
19.8041078958939 1.4142135623731 2.35513868802566e-16
19.8109335670555 1.4142135623731 2.35513868802566e-16
19.8177615907486 1.4142135623731 2.35513868802566e-16
19.824591967784 1.4142135623731 2.35513868802566e-16
19.8314246989727 1.4142135623731 2.35513868802566e-16
19.8382597851262 1.4142135623731 2.35513868802566e-16
19.8450972270561 1.4142135623731 2.35513868802566e-16
19.8519370255744 1.4142135623731 2.35513868802566e-16
19.8587791814933 1.4142135623731 2.35513868802566e-16
19.8656236956253 1.4142135623731 2.35513868802566e-16
19.8724705687831 1.4142135623731 2.35513868802566e-16
19.8793198017799 1.4142135623731 2.35513868802566e-16
19.8861713954289 1.4142135623731 2.35513868802566e-16
19.8930253505438 1.4142135623731 2.35513868802566e-16
19.8998816679385 1.4142135623731 2.35513868802566e-16
19.9067403484271 1.4142135623731 2.35513868802566e-16
19.9136013928242 1.4142135623731 2.35513868802566e-16
19.9204648019445 1.4142135623731 2.35513868802566e-16
19.9273305766029 1.4142135623731 2.35513868802566e-16
19.9341987176149 1.4142135623731 2.35513868802566e-16
19.9410692257959 1.4142135623731 2.35513868802566e-16
19.9479421019619 1.4142135623731 2.35513868802566e-16
19.954817346929 1.4142135623731 2.35513868802566e-16
19.9616949615137 1.4142135623731 2.35513868802566e-16
19.9685749465325 1.4142135623731 2.35513868802566e-16
19.9754573028027 1.4142135623731 2.35513868802566e-16
19.9823420311413 1.4142135623731 2.35513868802566e-16
19.989229132366 1.4142135623731 2.35513868802566e-16
19.9961186072946 1.4142135623731 2.35513868802566e-16
20.0030104567452 1.4142135623731 2.35513868802566e-16
20.0099046815363 1.4142135623731 2.35513868802566e-16
20.0168012824864 1.4142135623731 2.35513868802566e-16
20.0237002604146 1.4142135623731 2.35513868802566e-16
20.0306016161402 1.4142135623731 2.35513868802566e-16
20.0375053504826 1.4142135623731 2.35513868802566e-16
20.0444114642616 1.4142135623731 2.35513868802566e-16
20.0513199582975 1.4142135623731 2.35513868802566e-16
20.0582308334104 1.4142135623731 2.35513868802566e-16
20.0651440904212 1.4142135623731 2.35513868802566e-16
20.0720597301507 1.4142135623731 2.35513868802566e-16
20.0789777534201 1.4142135623731 2.35513868802566e-16
20.0858981610511 1.4142135623731 2.35513868802566e-16
20.0928209538653 1.4142135623731 2.35513868802566e-16
20.0997461326848 1.4142135623731 2.35513868802566e-16
20.1066736983321 1.4142135623731 2.35513868802566e-16
20.1136036516296 1.4142135623731 2.35513868802566e-16
20.1205359934005 1.4142135623731 2.35513868802566e-16
20.1274707244679 1.4142135623731 2.35513868802566e-16
20.1344078456552 1.4142135623731 2.35513868802566e-16
20.1413473577862 1.4142135623731 2.35513868802566e-16
20.1482892616851 1.4142135623731 2.35513868802566e-16
20.1552335581762 1.4142135623731 2.35513868802566e-16
20.162180248084 1.4142135623731 2.35513868802566e-16
20.1691293322335 1.4142135623731 2.35513868802566e-16
20.17608081145 1.4142135623731 2.35513868802566e-16
20.1830346865588 1.4142135623731 2.35513868802566e-16
20.1899909583857 1.4142135623731 2.35513868802566e-16
20.1969496277569 1.4142135623731 2.35513868802566e-16
20.2039106954986 1.4142135623731 2.35513868802566e-16
20.2108741624374 1.4142135623731 2.35513868802566e-16
20.2178400294004 1.4142135623731 2.35513868802566e-16
20.2248082972145 1.4142135623731 2.35513868802566e-16
20.2317789667074 1.4142135623731 2.35513868802566e-16
20.2387520387068 1.4142135623731 2.35513868802566e-16
20.2457275140407 1.4142135623731 2.35513868802566e-16
20.2527053935375 1.4142135623731 2.35513868802566e-16
20.2596856780258 1.4142135623731 2.35513868802566e-16
20.2666683683344 1.4142135623731 2.35513868802566e-16
20.2736534652927 1.4142135623731 2.35513868802566e-16
20.2806409697299 1.4142135623731 2.35513868802566e-16
20.287630882476 1.4142135623731 2.35513868802566e-16
20.294623204361 1.4142135623731 2.35513868802566e-16
20.3016179362151 1.4142135623731 2.35513868802566e-16
20.3086150788691 1.4142135623731 2.35513868802566e-16
20.3156146331537 1.4142135623731 2.35513868802566e-16
20.3226165999003 1.4142135623731 2.35513868802566e-16
20.3296209799402 1.4142135623731 2.35513868802566e-16
20.3366277741053 1.4142135623731 2.35513868802566e-16
20.3436369832276 1.4142135623731 2.35513868802566e-16
20.3506486081394 1.4142135623731 2.35513868802566e-16
20.3576626496734 1.4142135623731 2.35513868802566e-16
20.3646791086624 1.4142135623731 2.35513868802566e-16
20.3716979859397 1.4142135623731 2.35513868802566e-16
20.3787192823388 1.4142135623731 2.35513868802566e-16
20.3857429986934 1.4142135623731 2.35513868802566e-16
20.3927691358376 1.4142135623731 2.35513868802566e-16
20.3997976946057 1.4142135623731 2.35513868802566e-16
20.4068286758324 1.4142135623731 2.35513868802566e-16
20.4138620803525 1.4142135623731 2.35513868802566e-16
20.4208979090014 1.4142135623731 2.35513868802566e-16
20.4279361626145 1.4142135623731 2.35513868802566e-16
20.4349768420276 1.4142135623731 2.35513868802566e-16
20.4420199480767 1.4142135623731 2.35513868802566e-16
20.4490654815982 1.4142135623731 2.35513868802566e-16
20.4561134434289 1.4142135623731 2.35513868802566e-16
20.4631638344055 1.4142135623731 2.35513868802566e-16
20.4702166553654 1.4142135623731 2.35513868802566e-16
20.4772719071461 1.4142135623731 2.35513868802566e-16
20.4843295905853 1.4142135623731 2.35513868802566e-16
20.4913897065212 1.4142135623731 2.35513868802566e-16
20.4984522557921 1.4142135623731 2.35513868802566e-16
20.5055172392368 1.4142135623731 2.35513868802566e-16
20.5125846576941 1.4142135623731 2.35513868802566e-16
20.5196545120034 1.4142135623731 2.35513868802566e-16
20.5267268030041 1.4142135623731 2.35513868802566e-16
20.5338015315361 1.4142135623731 2.35513868802566e-16
20.5408786984395 1.4142135623731 2.35513868802566e-16
20.5479583045547 1.4142135623731 2.35513868802566e-16
20.5550403507225 1.4142135623731 2.35513868802566e-16
20.5621248377837 1.4142135623731 2.35513868802566e-16
20.5692117665798 1.4142135623731 2.35513868802566e-16
20.5763011379521 1.4142135623731 2.35513868802566e-16
20.5833929527427 1.4142135623731 2.35513868802566e-16
20.5904872117936 1.4142135623731 2.35513868802566e-16
20.5975839159474 1.4142135623731 2.35513868802566e-16
20.6046830660466 1.4142135623731 2.35513868802566e-16
20.6117846629344 1.4142135623731 2.35513868802566e-16
20.618888707454 1.4142135623731 2.35513868802566e-16
20.625995200449 1.4142135623731 2.35513868802566e-16
20.6331041427634 1.4142135623731 2.35513868802566e-16
20.6402155352413 1.4142135623731 2.35513868802566e-16
20.6473293787272 1.4142135623731 2.35513868802566e-16
20.6544456740658 1.4142135623731 2.35513868802566e-16
20.6615644221022 1.4142135623731 2.35513868802566e-16
20.6686856236818 1.4142135623731 2.35513868802566e-16
20.6758092796501 1.4142135623731 2.35513868802566e-16
20.6829353908532 1.4142135623731 2.35513868802566e-16
20.6900639581372 1.4142135623731 2.35513868802566e-16
20.6971949823486 1.4142135623731 2.35513868802566e-16
20.7043284643343 1.4142135623731 2.35513868802566e-16
20.7114644049413 1.4142135623731 2.35513868802566e-16
20.718602805017 1.4142135623731 2.35513868802566e-16
20.7257436654092 1.4142135623731 2.35513868802566e-16
20.7328869869657 1.4142135623731 2.35513868802566e-16
20.7400327705349 1.4142135623731 2.35513868802566e-16
20.7471810169652 1.4142135623731 2.35513868802566e-16
20.7543317271056 1.4142135623731 2.35513868802566e-16
20.7614849018052 1.4142135623731 2.35513868802566e-16
20.7686405419134 1.4142135623731 2.35513868802566e-16
20.7757986482799 1.4142135623731 2.35513868802566e-16
20.7829592217548 1.4142135623731 2.35513868802566e-16
20.7901222631884 1.4142135623731 2.35513868802566e-16
20.7972877734313 1.4142135623731 2.35513868802566e-16
20.8044557533343 1.4142135623731 2.35513868802566e-16
20.8116262037487 1.4142135623731 2.35513868802566e-16
20.818799125526 1.4142135623731 2.35513868802566e-16
20.8259745195178 1.4142135623731 2.35513868802566e-16
20.8331523865764 1.4142135623731 2.35513868802566e-16
20.8403327275541 1.4142135623731 2.35513868802566e-16
20.8475155433035 1.4142135623731 2.35513868802566e-16
20.8547008346776 1.4142135623731 2.35513868802566e-16
20.8618886025296 1.4142135623731 2.35513868802566e-16
20.869078847713 1.4142135623731 2.35513868802566e-16
20.8762715710818 1.4142135623731 2.35513868802566e-16
20.88346677349 1.4142135623731 2.35513868802566e-16
20.8906644557921 1.4142135623731 2.35513868802566e-16
20.8978646188428 1.4142135623731 2.35513868802566e-16
20.905067263497 1.4142135623731 2.35513868802566e-16
20.9122723906102 1.4142135623731 2.35513868802566e-16
20.9194800010378 1.4142135623731 2.35513868802566e-16
20.9266900956359 1.4142135623731 2.35513868802566e-16
20.9339026752605 1.4142135623731 2.35513868802566e-16
20.9411177407683 1.4142135623731 2.35513868802566e-16
20.9483352930158 1.4142135623731 2.35513868802566e-16
20.9555553328604 1.4142135623731 2.35513868802566e-16
20.9627778611592 1.4142135623731 2.35513868802566e-16
20.97000287877 1.4142135623731 2.35513868802566e-16
20.9772303865508 1.4142135623731 2.35513868802566e-16
20.9844603853598 1.4142135623731 2.35513868802566e-16
20.9916928760556 1.4142135623731 2.35513868802566e-16
20.9989278594969 1.4142135623731 2.35513868802566e-16
21.0061653365431 1.4142135623731 2.35513868802566e-16
21.0134053080534 1.4142135623731 2.35513868802566e-16
21.0206477748877 1.4142135623731 2.35513868802566e-16
21.027892737906 1.4142135623731 2.35513868802566e-16
21.0351401979686 1.4142135623731 2.35513868802566e-16
21.0423901559362 1.4142135623731 2.35513868802566e-16
21.0496426126696 1.4142135623731 2.35513868802566e-16
21.0568975690301 1.4142135623731 2.35513868802566e-16
21.0641550258793 1.4142135623731 2.35513868802566e-16
21.0714149840789 1.4142135623731 2.35513868802566e-16
21.078677444491 1.4142135623731 2.35513868802566e-16
21.0859424079781 1.4142135623731 2.35513868802566e-16
21.0932098754029 1.4142135623731 2.35513868802566e-16
21.1004798476283 1.4142135623731 2.35513868802566e-16
21.1077523255177 1.4142135623731 2.35513868802566e-16
21.1150273099347 1.4142135623731 2.35513868802566e-16
21.1223048017432 1.4142135623731 2.35513868802566e-16
21.1295848018074 1.4142135623731 2.35513868802566e-16
21.1368673109917 1.4142135623731 2.35513868802566e-16
21.1441523301609 1.4142135623731 2.35513868802566e-16
21.1514398601803 1.4142135623731 2.35513868802566e-16
21.158729901915 1.4142135623731 2.35513868802566e-16
21.1660224562309 1.4142135623731 2.35513868802566e-16
21.1733175239939 1.4142135623731 2.35513868802566e-16
21.1806151060702 1.4142135623731 2.35513868802566e-16
21.1879152033266 1.4142135623731 2.35513868802566e-16
21.1952178166298 1.4142135623731 2.35513868802566e-16
21.202522946847 1.4142135623731 2.35513868802566e-16
21.2098305948457 1.4142135623731 2.35513868802566e-16
21.2171407614937 1.4142135623731 2.35513868802566e-16
21.2244534476591 1.4142135623731 2.35513868802566e-16
21.2317686542103 1.4142135623731 2.35513868802566e-16
21.2390863820158 1.4142135623731 2.35513868802566e-16
21.2464066319447 1.4142135623731 2.35513868802566e-16
21.2537294048663 1.4142135623731 2.35513868802566e-16
21.2610547016501 1.4142135623731 2.35513868802566e-16
21.268382523166 1.4142135623731 2.35513868802566e-16
21.2757128702842 1.4142135623731 2.35513868802566e-16
21.2830457438751 1.4142135623731 2.35513868802566e-16
21.2903811448096 1.4142135623731 2.35513868802566e-16
21.2977190739586 1.4142135623731 2.35513868802566e-16
21.3050595321936 1.4142135623731 2.35513868802566e-16
21.3124025203863 1.4142135623731 2.35513868802566e-16
21.3197480394086 1.4142135623731 2.35513868802566e-16
21.3270960901327 1.4142135623731 2.35513868802566e-16
21.3344466734314 1.4142135623731 2.35513868802566e-16
21.3417997901773 1.4142135623731 2.35513868802566e-16
21.3491554412438 1.4142135623731 2.35513868802566e-16
21.3565136275043 1.4142135623731 2.35513868802566e-16
21.3638743498325 1.4142135623731 2.35513868802566e-16
21.3712376091026 1.4142135623731 2.35513868802566e-16
21.378603406189 1.4142135623731 2.35513868802566e-16
21.3859717419662 1.4142135623731 2.35513868802566e-16
21.3933426173093 1.4142135623731 2.35513868802566e-16
21.4007160330936 1.4142135623731 2.35513868802566e-16
21.4080919901947 1.4142135623731 2.35513868802566e-16
21.4154704894885 1.4142135623731 2.35513868802566e-16
21.4228515318511 1.4142135623731 2.35513868802566e-16
21.430235118159 1.4142135623731 2.35513868802566e-16
21.4376212492891 1.4142135623731 2.35513868802566e-16
21.4450099261184 1.4142135623731 2.35513868802566e-16
21.4524011495243 1.4142135623731 2.35513868802566e-16
21.4597949203845 1.4142135623731 2.35513868802566e-16
21.4671912395771 1.4142135623731 2.35513868802566e-16
21.4745901079804 1.4142135623731 2.35513868802566e-16
21.4819915264729 1.4142135623731 2.35513868802566e-16
21.4893954959335 1.4142135623731 2.35513868802566e-16
21.4968020172415 1.4142135623731 2.35513868802566e-16
21.5042110912765 1.4142135623731 2.35513868802566e-16
21.5116227189181 1.4142135623731 2.35513868802566e-16
21.5190369010466 1.4142135623731 2.35513868802566e-16
21.5264536385424 1.4142135623731 2.35513868802566e-16
21.5338729322861 1.4142135623731 2.35513868802566e-16
21.5412947831589 1.4142135623731 2.35513868802566e-16
21.5487191920421 1.4142135623731 2.35513868802566e-16
21.5561461598173 1.4142135623731 2.35513868802566e-16
21.5635756873665 1.4142135623731 2.35513868802566e-16
21.5710077755718 1.4142135623731 2.35513868802566e-16
21.578442425316 1.4142135623731 2.35513868802566e-16
21.5858796374817 1.4142135623731 2.35513868802566e-16
21.5933194129523 1.4142135623731 2.35513868802566e-16
21.6007617526111 1.4142135623731 2.35513868802566e-16
21.6082066573419 1.4142135623731 2.35513868802566e-16
21.6156541280289 1.4142135623731 2.35513868802566e-16
21.6231041655563 1.4142135623731 2.35513868802566e-16
21.6305567708089 1.4142135623731 2.35513868802566e-16
21.6380119446716 1.4142135623731 2.35513868802566e-16
21.6454696880298 1.4142135623731 2.35513868802566e-16
21.6529300017691 1.4142135623731 2.35513868802566e-16
21.6603928867753 1.4142135623731 2.35513868802566e-16
21.6678583439347 1.4142135623731 2.35513868802566e-16
21.6753263741338 1.4142135623731 2.35513868802566e-16
21.6827969782594 1.4142135623731 2.35513868802566e-16
21.6902701571986 1.4142135623731 2.35513868802566e-16
21.697745911839 1.4142135623731 2.35513868802566e-16
21.7052242430681 1.4142135623731 2.35513868802566e-16
21.7127051517741 1.4142135623731 2.35513868802566e-16
21.7201886388453 1.4142135623731 2.35513868802566e-16
21.7276747051703 1.4142135623731 2.35513868802566e-16
21.7351633516382 1.4142135623731 2.35513868802566e-16
21.7426545791382 1.4142135623731 2.35513868802566e-16
21.7501483885599 1.4142135623731 2.35513868802566e-16
21.7576447807931 1.4142135623731 2.35513868802566e-16
21.7651437567281 1.4142135623731 2.35513868802566e-16
21.7726453172554 1.4142135623731 2.35513868802566e-16
21.7801494632657 1.4142135623731 2.35513868802566e-16
21.7876561956501 1.4142135623731 2.35513868802566e-16
21.7951655153002 1.4142135623731 2.35513868802566e-16
21.8026774231075 1.4142135623731 2.35513868802566e-16
21.8101919199642 1.4142135623731 2.35513868802566e-16
21.8177090067626 1.4142135623731 2.35513868802566e-16
21.8252286843953 1.4142135623731 2.35513868802566e-16
21.8327509537553 1.4142135623731 2.35513868802566e-16
21.8402758157358 1.4142135623731 2.35513868802566e-16
21.8478032712305 1.4142135623731 2.35513868802566e-16
21.8553333211331 1.4142135623731 2.35513868802566e-16
21.8628659663379 1.4142135623731 2.35513868802566e-16
21.8704012077394 1.4142135623731 2.35513868802566e-16
21.8779390462324 1.4142135623731 2.35513868802566e-16
21.885479482712 1.4142135623731 2.35513868802566e-16
21.8930225180736 1.4142135623731 2.35513868802566e-16
21.9005681532129 1.4142135623731 2.35513868802566e-16
21.9081163890261 1.4142135623731 2.35513868802566e-16
21.9156672264093 1.4142135623731 2.35513868802566e-16
21.9232206662594 1.4142135623731 2.35513868802566e-16
21.9307767094731 1.4142135623731 2.35513868802566e-16
21.9383353569479 1.4142135623731 2.35513868802566e-16
21.9458966095814 1.4142135623731 2.35513868802566e-16
21.9534604682713 1.4142135623731 2.35513868802566e-16
21.9610269339159 1.4142135623731 2.35513868802566e-16
21.9685960074137 1.4142135623731 2.35513868802566e-16
21.9761676896635 1.4142135623731 2.35513868802566e-16
21.9837419815645 1.4142135623731 2.35513868802566e-16
21.9913188840161 1.4142135623731 2.35513868802566e-16
21.9988983979181 1.4142135623731 2.35513868802566e-16
22.0064805241705 1.4142135623731 2.35513868802566e-16
22.0140652636736 1.4142135623731 2.35513868802566e-16
22.0216526173283 1.4142135623731 2.35513868802566e-16
22.0292425860354 1.4142135623731 2.35513868802566e-16
22.0368351706962 1.4142135623731 2.35513868802566e-16
22.0444303722124 1.4142135623731 2.35513868802566e-16
22.0520281914859 1.4142135623731 2.35513868802566e-16
22.059628629419 1.4142135623731 2.35513868802566e-16
22.0672316869141 1.4142135623731 2.35513868802566e-16
22.0748373648742 1.4142135623731 2.35513868802566e-16
22.0824456642023 1.4142135623731 2.35513868802566e-16
22.0900565858021 1.4142135623731 2.35513868802566e-16
22.0976701305772 1.4142135623731 2.35513868802566e-16
22.1052862994318 1.4142135623731 2.35513868802566e-16
22.1129050932702 1.4142135623731 2.35513868802566e-16
22.1205265129973 1.4142135623731 2.35513868802566e-16
22.128150559518 1.4142135623731 2.35513868802566e-16
22.1357772337378 1.4142135623731 2.35513868802566e-16
22.1434065365622 1.4142135623731 2.35513868802566e-16
22.1510384688972 1.4142135623731 2.35513868802566e-16
22.1586730316491 1.4142135623731 2.35513868802566e-16
22.1663102257246 1.4142135623731 2.35513868802566e-16
22.1739500520305 1.4142135623731 2.35513868802566e-16
22.181592511474 1.4142135623731 2.35513868802566e-16
22.1892376049627 1.4142135623731 2.35513868802566e-16
22.1968853334044 1.4142135623731 2.35513868802566e-16
22.2045356977074 1.4142135623731 2.35513868802566e-16
22.21218869878 1.4142135623731 2.35513868802566e-16
22.219844337531 1.4142135623731 2.35513868802566e-16
22.2275026148697 1.4142135623731 2.35513868802566e-16
22.2351635317053 1.4142135623731 2.35513868802566e-16
22.2428270889475 1.4142135623731 2.35513868802566e-16
22.2504932875066 1.4142135623731 2.35513868802566e-16
22.2581621282927 1.4142135623731 2.35513868802566e-16
22.2658336122165 1.4142135623731 2.35513868802566e-16
22.2735077401892 1.4142135623731 2.35513868802566e-16
22.2811845131218 1.4142135623731 2.35513868802566e-16
22.2888639319261 1.4142135623731 2.35513868802566e-16
22.296545997514 1.4142135623731 2.35513868802566e-16
22.3042307107977 1.4142135623731 2.35513868802566e-16
22.3119180726898 1.4142135623731 2.35513868802566e-16
22.319608084103 1.4142135623731 2.35513868802566e-16
22.3273007459507 1.4142135623731 2.35513868802566e-16
22.3349960591464 1.4142135623731 2.35513868802566e-16
22.3426940246037 1.4142135623731 2.35513868802566e-16
22.3503946432369 1.4142135623731 2.35513868802566e-16
22.3580979159604 1.4142135623731 2.35513868802566e-16
22.3658038436889 1.4142135623731 2.35513868802566e-16
22.3735124273376 1.4142135623731 2.35513868802566e-16
22.3812236678218 1.4142135623731 2.35513868802566e-16
22.3889375660571 1.4142135623731 2.35513868802566e-16
22.3966541229598 1.4142135623731 2.35513868802566e-16
22.4043733394459 1.4142135623731 2.35513868802566e-16
22.4120952164323 1.4142135623731 2.35513868802566e-16
22.4198197548359 1.4142135623731 2.35513868802566e-16
22.427546955574 1.4142135623731 2.35513868802566e-16
22.4352768195641 1.4142135623731 2.35513868802566e-16
22.4430093477242 1.4142135623731 2.35513868802566e-16
22.4507445409725 1.4142135623731 2.35513868802566e-16
22.4584824002276 1.4142135623731 2.35513868802566e-16
22.4662229264082 1.4142135623731 2.35513868802566e-16
22.4739661204337 1.4142135623731 2.35513868802566e-16
22.4817119832235 1.4142135623731 2.35513868802566e-16
22.4894605156974 1.4142135623731 2.35513868802566e-16
22.4972117187756 1.4142135623731 2.35513868802566e-16
22.5049655933784 1.4142135623731 2.35513868802566e-16
22.5127221404267 1.4142135623731 2.35513868802566e-16
22.5204813608416 1.4142135623731 2.35513868802566e-16
22.5282432555444 1.4142135623731 2.35513868802566e-16
22.5360078254568 1.4142135623731 2.35513868802566e-16
22.543775071501 1.4142135623731 2.35513868802566e-16
22.5515449945992 1.4142135623731 2.35513868802566e-16
22.5593175956741 1.4142135623731 2.35513868802566e-16
22.5670928756488 1.4142135623731 2.35513868802566e-16
22.5748708354465 1.4142135623731 2.35513868802566e-16
22.5826514759908 1.4142135623731 2.35513868802566e-16
22.5904347982057 1.4142135623731 2.35513868802566e-16
22.5982208030155 1.4142135623731 2.35513868802566e-16
22.6060094913447 1.4142135623731 2.35513868802566e-16
22.6138008641183 1.4142135623731 2.35513868802566e-16
22.6215949222614 1.4142135623731 2.35513868802566e-16
22.6293916666996 1.4142135623731 2.35513868802566e-16
22.6371910983588 1.4142135623731 2.35513868802566e-16
22.6449932181651 1.4142135623731 2.35513868802566e-16
22.652798027045 1.4142135623731 2.35513868802566e-16
22.6606055259253 1.4142135623731 2.35513868802566e-16
22.6684157157332 1.4142135623731 2.35513868802566e-16
22.6762285973962 1.4142135623731 2.35513868802566e-16
22.6840441718419 1.4142135623731 2.35513868802566e-16
22.6918624399986 1.4142135623731 2.35513868802566e-16
22.6996834027945 1.4142135623731 2.35513868802566e-16
22.7075070611585 1.4142135623731 2.35513868802566e-16
22.7153334160195 1.4142135623731 2.35513868802566e-16
22.723162468307 1.4142135623731 2.35513868802566e-16
22.7309942189507 1.4142135623731 2.35513868802566e-16
22.7388286688805 1.4142135623731 2.35513868802566e-16
22.7466658190269 1.4142135623731 2.35513868802566e-16
22.7545056703204 1.4142135623731 2.35513868802566e-16
22.762348223692 1.4142135623731 2.35513868802566e-16
22.7701934800731 1.4142135623731 2.35513868802566e-16
22.7780414403952 1.4142135623731 2.35513868802566e-16
22.7858921055903 1.4142135623731 2.35513868802566e-16
22.7937454765906 1.4142135623731 2.35513868802566e-16
22.8016015543288 1.4142135623731 2.35513868802566e-16
22.8094603397377 1.4142135623731 2.35513868802566e-16
22.8173218337505 1.4142135623731 2.35513868802566e-16
22.8251860373009 1.4142135623731 2.35513868802566e-16
22.8330529513226 1.4142135623731 2.35513868802566e-16
22.8409225767499 1.4142135623731 2.35513868802566e-16
22.8487949145172 1.4142135623731 2.35513868802566e-16
22.8566699655594 1.4142135623731 2.35513868802566e-16
22.8645477308117 1.4142135623731 2.35513868802566e-16
22.8724282112095 1.4142135623731 2.35513868802566e-16
22.8803114076887 1.4142135623731 2.35513868802566e-16
22.8881973211853 1.4142135623731 2.35513868802566e-16
22.8960859526358 1.4142135623731 2.35513868802566e-16
22.903977302977 1.4142135623731 2.35513868802566e-16
22.911871373146 1.4142135623731 2.35513868802566e-16
22.9197681640801 1.4142135623731 2.35513868802566e-16
22.9276676767171 1.4142135623731 2.35513868802566e-16
22.9355699119951 1.4142135623731 2.35513868802566e-16
22.9434748708525 1.4142135623731 2.35513868802566e-16
22.9513825542279 1.4142135623731 2.35513868802566e-16
22.9592929630605 1.4142135623731 2.35513868802566e-16
22.9672060982894 1.4142135623731 2.35513868802566e-16
22.9751219608545 1.4142135623731 2.35513868802566e-16
22.9830405516958 1.4142135623731 2.35513868802566e-16
22.9909618717535 1.4142135623731 2.35513868802566e-16
22.9988859219682 1.4142135623731 2.35513868802566e-16
23.0068127032811 1.4142135623731 2.35513868802566e-16
23.0147422166334 1.4142135623731 2.35513868802566e-16
23.0226744629666 1.4142135623731 2.35513868802566e-16
23.0306094432228 1.4142135623731 2.35513868802566e-16
23.0385471583442 1.4142135623731 2.35513868802566e-16
23.0464876092735 1.4142135623731 2.35513868802566e-16
23.0544307969534 1.4142135623731 2.35513868802566e-16
23.0623767223274 1.4142135623731 2.35513868802566e-16
23.0703253863389 1.4142135623731 2.35513868802566e-16
23.0782767899319 1.4142135623731 2.35513868802566e-16
23.0862309340505 1.4142135623731 2.35513868802566e-16
23.0941878196394 1.4142135623731 2.35513868802566e-16
23.1021474476434 1.4142135623731 2.35513868802566e-16
23.1101098190076 1.4142135623731 2.35513868802566e-16
23.1180749346777 1.4142135623731 2.35513868802566e-16
23.1260427955995 1.4142135623731 2.35513868802566e-16
23.1340134027191 1.4142135623731 2.35513868802566e-16
23.1419867569831 1.4142135623731 2.35513868802566e-16
23.1499628593382 1.4142135623731 2.35513868802566e-16
23.1579417107317 1.4142135623731 2.35513868802566e-16
23.165923312111 1.4142135623731 2.35513868802566e-16
23.1739076644239 1.4142135623731 2.35513868802566e-16
23.1818947686186 1.4142135623731 2.35513868802566e-16
23.1898846256435 1.4142135623731 2.35513868802566e-16
23.1978772364475 1.4142135623731 2.35513868802566e-16
23.2058726019795 1.4142135623731 2.35513868802566e-16
23.2138707231892 1.4142135623731 2.35513868802566e-16
23.2218716010261 1.4142135623731 2.35513868802566e-16
23.2298752364405 1.4142135623731 2.35513868802566e-16
23.2378816303828 1.4142135623731 2.35513868802566e-16
23.2458907838037 1.4142135623731 2.35513868802566e-16
23.2539026976542 1.4142135623731 2.35513868802566e-16
23.2619173728859 1.4142135623731 2.35513868802566e-16
23.2699348104504 1.4142135623731 2.35513868802566e-16
23.2779550112999 1.4142135623731 2.35513868802566e-16
23.2859779763866 1.4142135623731 2.35513868802566e-16
23.2940037066633 1.4142135623731 2.35513868802566e-16
23.3020322030831 1.4142135623731 2.35513868802566e-16
23.3100634665994 1.4142135623731 2.35513868802566e-16
23.3180974981658 1.4142135623731 2.35513868802566e-16
23.3261342987363 1.4142135623731 2.35513868802566e-16
23.3341738692654 1.4142135623731 2.35513868802566e-16
23.3422162107078 1.4142135623731 2.35513868802566e-16
23.3502613240184 1.4142135623731 2.35513868802566e-16
23.3583092101526 1.4142135623731 2.35513868802566e-16
23.3663598700661 1.4142135623731 2.35513868802566e-16
23.3744133047149 1.4142135623731 2.35513868802566e-16
23.3824695150554 1.4142135623731 2.35513868802566e-16
23.3905285020441 1.4142135623731 2.35513868802566e-16
23.3985902666382 1.4142135623731 2.35513868802566e-16
23.4066548097948 1.4142135623731 2.35513868802566e-16
23.4147221324718 1.4142135623731 2.35513868802566e-16
23.422792235627 1.4142135623731 2.35513868802566e-16
23.4308651202189 1.4142135623731 2.35513868802566e-16
23.4389407872059 1.4142135623731 2.35513868802566e-16
23.4470192375472 1.4142135623731 2.35513868802566e-16
23.455100472202 1.4142135623731 2.35513868802566e-16
23.46318449213 1.4142135623731 2.35513868802566e-16
23.4712712982911 1.4142135623731 2.35513868802566e-16
23.4793608916457 1.4142135623731 2.35513868802566e-16
23.4874532731543 1.4142135623731 2.35513868802566e-16
23.495548443778 1.4142135623731 2.35513868802566e-16
23.503646404478 1.4142135623731 2.35513868802566e-16
23.5117471562159 1.4142135623731 2.35513868802566e-16
23.5198506999538 1.4142135623731 2.35513868802566e-16
23.5279570366539 1.4142135623731 2.35513868802566e-16
23.5360661672788 1.4142135623731 2.35513868802566e-16
23.5441780927914 1.4142135623731 2.35513868802566e-16
23.5522928141551 1.4142135623731 2.35513868802566e-16
23.5604103323335 1.4142135623731 2.35513868802566e-16
23.5685306482906 1.4142135623731 2.35513868802566e-16
23.5766537629905 1.4142135623731 2.35513868802566e-16
23.5847796773979 1.4142135623731 2.35513868802566e-16
23.5929083924778 1.4142135623731 2.35513868802566e-16
23.6010399091955 1.4142135623731 2.35513868802566e-16
23.6091742285165 1.4142135623731 2.35513868802566e-16
23.6173113514068 1.4142135623731 2.35513868802566e-16
23.6254512788326 1.4142135623731 2.35513868802566e-16
23.6335940117607 1.4142135623731 2.35513868802566e-16
23.6417395511579 1.4142135623731 2.35513868802566e-16
23.6498878979914 1.4142135623731 2.35513868802566e-16
23.658039053229 1.4142135623731 2.35513868802566e-16
23.6661930178385 1.4142135623731 2.35513868802566e-16
23.6743497927883 1.4142135623731 2.35513868802566e-16
23.6825093790469 1.4142135623731 2.35513868802566e-16
23.6906717775833 1.4142135623731 2.35513868802566e-16
23.6988369893667 1.4142135623731 2.35513868802566e-16
23.7070050153668 1.4142135623731 2.35513868802566e-16
23.7151758565535 1.4142135623731 2.35513868802566e-16
23.7233495138971 1.4142135623731 2.35513868802566e-16
23.7315259883683 1.4142135623731 2.35513868802566e-16
23.7397052809379 1.4142135623731 2.35513868802566e-16
23.7478873925772 1.4142135623731 2.35513868802566e-16
23.7560723242579 1.4142135623731 2.35513868802566e-16
23.7642600769519 1.4142135623731 2.35513868802566e-16
23.7724506516316 1.4142135623731 2.35513868802566e-16
23.7806440492694 1.4142135623731 2.35513868802566e-16
23.7888402708385 1.4142135623731 2.35513868802566e-16
23.797039317312 1.4142135623731 2.35513868802566e-16
23.8052411896637 1.4142135623731 2.35513868802566e-16
23.8134458888674 1.4142135623731 2.35513868802566e-16
23.8216534158975 1.4142135623731 2.35513868802566e-16
23.8298637717286 1.4142135623731 2.35513868802566e-16
23.8380769573357 1.4142135623731 2.35513868802566e-16
23.8462929736942 1.4142135623731 2.35513868802566e-16
23.8545118217795 1.4142135623731 2.35513868802566e-16
23.8627335025678 1.4142135623731 2.35513868802566e-16
23.8709580170353 1.4142135623731 2.35513868802566e-16
23.8791853661587 1.4142135623731 2.35513868802566e-16
23.8874155509151 1.4142135623731 2.35513868802566e-16
23.8956485722816 1.4142135623731 2.35513868802566e-16
23.903884431236 1.4142135623731 2.35513868802566e-16
23.9121231287563 1.4142135623731 2.35513868802566e-16
23.9203646658208 1.4142135623731 2.35513868802566e-16
23.9286090434081 1.4142135623731 2.35513868802566e-16
23.9368562624974 1.4142135623731 2.35513868802566e-16
23.945106324068 1.4142135623731 2.35513868802566e-16
23.9533592290995 1.4142135623731 2.35513868802566e-16
23.961614978572 1.4142135623731 2.35513868802566e-16
23.9698735734658 1.4142135623731 2.35513868802566e-16
23.9781350147616 1.4142135623731 2.35513868802566e-16
23.9863993034405 1.4142135623731 2.35513868802566e-16
23.9946664404839 1.4142135623731 2.35513868802566e-16
24.0029364268734 1.4142135623731 2.35513868802566e-16
24.0112092635912 1.4142135623731 2.35513868802566e-16
24.0194849516195 1.4142135623731 2.35513868802566e-16
24.0277634919412 1.4142135623731 2.35513868802566e-16
24.0360448855393 1.4142135623731 2.35513868802566e-16
24.0443291333973 1.4142135623731 2.35513868802566e-16
24.0526162364988 1.4142135623731 2.35513868802566e-16
24.060906195828 1.4142135623731 2.35513868802566e-16
24.0691990123692 1.4142135623731 2.35513868802566e-16
24.0774946871073 1.4142135623731 2.35513868802566e-16
24.0857932210273 1.4142135623731 2.35513868802566e-16
24.0940946151147 1.4142135623731 2.35513868802566e-16
24.1023988703554 1.4142135623731 2.35513868802566e-16
24.1107059877353 1.4142135623731 2.35513868802566e-16
24.1190159682409 1.4142135623731 2.35513868802566e-16
24.1273288128592 1.4142135623731 2.35513868802566e-16
24.1356445225771 1.4142135623731 2.35513868802566e-16
24.1439630983823 1.4142135623731 2.35513868802566e-16
24.1522845412624 1.4142135623731 2.35513868802566e-16
24.1606088522058 1.4142135623731 2.35513868802566e-16
24.1689360322008 1.4142135623731 2.35513868802566e-16
24.1772660822363 1.4142135623731 2.35513868802566e-16
24.1855990033016 1.4142135623731 2.35513868802566e-16
24.1939347963861 1.4142135623731 2.35513868802566e-16
24.2022734624798 1.4142135623731 2.35513868802566e-16
24.2106150025727 1.4142135623731 2.35513868802566e-16
24.2189594176555 1.4142135623731 2.35513868802566e-16
24.2273067087191 1.4142135623731 2.35513868802566e-16
24.2356568767547 1.4142135623731 2.35513868802566e-16
24.2440099227539 1.4142135623731 2.35513868802566e-16
24.2523658477086 1.4142135623731 2.35513868802566e-16
24.260724652611 1.4142135623731 2.35513868802566e-16
24.2690863384537 1.4142135623731 2.35513868802566e-16
24.2774509062298 1.4142135623731 2.35513868802566e-16
24.2858183569324 1.4142135623731 2.35513868802566e-16
24.2941886915553 1.4142135623731 2.35513868802566e-16
24.3025619110923 1.4142135623731 2.35513868802566e-16
24.3109380165378 1.4142135623731 2.35513868802566e-16
24.3193170088865 1.4142135623731 2.35513868802566e-16
24.3276988891333 1.4142135623731 2.35513868802566e-16
24.3360836582736 1.4142135623731 2.35513868802566e-16
24.344471317303 1.4142135623731 2.35513868802566e-16
24.3528618672177 1.4142135623731 2.35513868802566e-16
24.3612553090139 1.4142135623731 2.35513868802566e-16
24.3696516436884 1.4142135623731 2.35513868802566e-16
24.3780508722382 1.4142135623731 2.35513868802566e-16
24.3864529956608 1.4142135623731 2.35513868802566e-16
24.3948580149539 1.4142135623731 2.35513868802566e-16
24.4032659311155 1.4142135623731 2.35513868802566e-16
24.4116767451442 1.4142135623731 2.35513868802566e-16
24.4200904580386 1.4142135623731 2.35513868802566e-16
24.4285070707979 1.4142135623731 2.35513868802566e-16
24.4369265844216 1.4142135623731 2.35513868802566e-16
24.4453489999095 1.4142135623731 2.35513868802566e-16
24.4537743182618 1.4142135623731 2.35513868802566e-16
24.4622025404788 1.4142135623731 2.35513868802566e-16
24.4706336675616 1.4142135623731 2.35513868802566e-16
24.4790677005112 1.4142135623731 2.35513868802566e-16
24.4875046403292 1.4142135623731 2.35513868802566e-16
24.4959444880175 1.4142135623731 2.35513868802566e-16
24.5043872445783 1.4142135623731 2.35513868802566e-16
24.5128329110141 1.4142135623731 2.35513868802566e-16
24.521281488328 1.4142135623731 2.35513868802566e-16
24.5297329775231 1.4142135623731 2.35513868802566e-16
24.5381873796031 1.4142135623731 2.35513868802566e-16
24.5466446955719 1.4142135623731 2.35513868802566e-16
24.5551049264338 1.4142135623731 2.35513868802566e-16
24.5635680731935 1.4142135623731 2.35513868802566e-16
24.5720341368559 1.4142135623731 2.35513868802566e-16
24.5805031184264 1.4142135623731 2.35513868802566e-16
24.5889750189107 1.4142135623731 2.35513868802566e-16
24.5974498393148 1.4142135623731 2.35513868802566e-16
24.605927580645 1.4142135623731 2.35513868802566e-16
24.6144082439082 1.4142135623731 2.35513868802566e-16
24.6228918301113 1.4142135623731 2.35513868802566e-16
24.6313783402618 1.4142135623731 2.35513868802566e-16
24.6398677753675 1.4142135623731 2.35513868802566e-16
24.6483601364365 1.4142135623731 2.35513868802566e-16
24.6568554244772 1.4142135623731 2.35513868802566e-16
24.6653536404985 1.4142135623731 2.35513868802566e-16
24.6738547855094 1.4142135623731 2.35513868802566e-16
24.6823588605196 1.4142135623731 2.35513868802566e-16
24.6908658665388 1.4142135623731 2.35513868802566e-16
24.6993758045772 1.4142135623731 2.35513868802566e-16
24.7078886756455 1.4142135623731 2.35513868802566e-16
24.7164044807544 1.4142135623731 2.35513868802566e-16
24.7249232209153 1.4142135623731 2.35513868802566e-16
24.7334448971398 1.4142135623731 2.35513868802566e-16
24.7419695104397 1.4142135623731 2.35513868802566e-16
24.7504970618274 1.4142135623731 2.35513868802566e-16
24.7590275523154 1.4142135623731 2.35513868802566e-16
24.7675609829169 1.4142135623731 2.35513868802566e-16
24.7760973546451 1.4142135623731 2.35513868802566e-16
24.7846366685138 1.4142135623731 2.35513868802566e-16
24.7931789255369 1.4142135623731 2.35513868802566e-16
24.8017241267288 1.4142135623731 2.35513868802566e-16
24.8102722731043 1.4142135623731 2.35513868802566e-16
24.8188233656785 1.4142135623731 2.35513868802566e-16
24.8273774054668 1.4142135623731 2.35513868802566e-16
24.8359343934849 1.4142135623731 2.35513868802566e-16
24.8444943307491 1.4142135623731 2.35513868802566e-16
24.8530572182758 1.4142135623731 2.35513868802566e-16
24.8616230570818 1.4142135623731 2.35513868802566e-16
24.8701918481843 1.4142135623731 2.35513868802566e-16
24.878763592601 1.4142135623731 2.35513868802566e-16
24.8873382913495 1.4142135623731 2.35513868802566e-16
24.8959159454482 1.4142135623731 2.35513868802566e-16
24.9044965559158 1.4142135623731 2.35513868802566e-16
24.913080123771 1.4142135623731 2.35513868802566e-16
24.9216666500332 1.4142135623731 2.35513868802566e-16
24.9302561357221 1.4142135623731 2.35513868802566e-16
24.9388485818576 1.4142135623731 2.35513868802566e-16
24.9474439894601 1.4142135623731 2.35513868802566e-16
24.9560423595504 1.4142135623731 2.35513868802566e-16
24.9646436931493 1.4142135623731 2.35513868802566e-16
24.9732479912784 1.4142135623731 2.35513868802566e-16
24.9818552549594 1.4142135623731 2.35513868802566e-16
24.9904654852143 1.4142135623731 2.35513868802566e-16
24.9990786830657 1.4142135623731 2.35513868802566e-16
25.0076948495364 1.4142135623731 2.35513868802566e-16
25.0163139856495 1.4142135623731 2.35513868802566e-16
25.0249360924286 1.4142135623731 2.35513868802566e-16
25.0335611708974 1.4142135623731 2.35513868802566e-16
25.0421892220803 1.4142135623731 2.35513868802566e-16
25.0508202470018 1.4142135623731 2.35513868802566e-16
25.0594542466868 1.4142135623731 2.35513868802566e-16
25.0680912221607 1.4142135623731 2.35513868802566e-16
25.0767311744489 1.4142135623731 2.35513868802566e-16
25.0853741045776 1.4142135623731 2.35513868802566e-16
25.0940200135731 1.4142135623731 2.35513868802566e-16
25.102668902462 1.4142135623731 2.35513868802566e-16
25.1113207722715 1.4142135623731 2.35513868802566e-16
25.1199756240288 1.4142135623731 2.35513868802566e-16
25.1286334587619 1.4142135623731 2.35513868802566e-16
25.1372942774987 1.4142135623731 2.35513868802566e-16
25.1459580812678 1.4142135623731 2.35513868802566e-16
25.1546248710979 1.4142135623731 2.35513868802566e-16
25.1632946480183 1.4142135623731 2.35513868802566e-16
25.1719674130584 1.4142135623731 2.35513868802566e-16
25.1806431672482 1.4142135623731 2.35513868802566e-16
25.1893219116179 1.4142135623731 2.35513868802566e-16
25.198003647198 1.4142135623731 2.35513868802566e-16
25.2066883750196 1.4142135623731 2.35513868802566e-16
25.215376096114 1.4142135623731 2.35513868802566e-16
25.2240668115127 1.4142135623731 2.35513868802566e-16
25.2327605222478 1.4142135623731 2.35513868802566e-16
25.2414572293518 1.4142135623731 2.35513868802566e-16
25.2501569338572 1.4142135623731 2.35513868802566e-16
25.2588596367972 1.4142135623731 2.35513868802566e-16
25.2675653392053 1.4142135623731 2.35513868802566e-16
25.2762740421151 1.4142135623731 2.35513868802566e-16
25.284985746561 1.4142135623731 2.35513868802566e-16
25.2937004535773 1.4142135623731 2.35513868802566e-16
25.302418164199 1.4142135623731 2.35513868802566e-16
25.3111388794613 1.4142135623731 2.35513868802566e-16
25.3198626003997 1.4142135623731 2.35513868802566e-16
25.3285893280501 1.4142135623731 2.35513868802566e-16
25.337319063449 1.4142135623731 2.35513868802566e-16
25.3460518076328 1.4142135623731 2.35513868802566e-16
25.3547875616387 1.4142135623731 2.35513868802566e-16
25.363526326504 1.4142135623731 2.35513868802566e-16
25.3722681032664 1.4142135623731 2.35513868802566e-16
25.3810128929639 1.4142135623731 2.35513868802566e-16
25.3897606966351 1.4142135623731 2.35513868802566e-16
25.3985115153188 1.4142135623731 2.35513868802566e-16
25.407265350054 1.4142135623731 2.35513868802566e-16
25.4160222018802 1.4142135623731 2.35513868802566e-16
25.4247820718374 1.4142135623731 2.35513868802566e-16
25.4335449609658 1.4142135623731 2.35513868802566e-16
25.442310870306 1.4142135623731 2.35513868802566e-16
25.4510798008989 1.4142135623731 2.35513868802566e-16
25.4598517537857 1.4142135623731 2.35513868802566e-16
25.4686267300083 1.4142135623731 2.35513868802566e-16
25.4774047306085 1.4142135623731 2.35513868802566e-16
25.4861857566288 1.4142135623731 2.35513868802566e-16
25.494969809112 1.4142135623731 2.35513868802566e-16
25.503756889101 1.4142135623731 2.35513868802566e-16
25.5125469976394 1.4142135623731 2.35513868802566e-16
25.521340135771 1.4142135623731 2.35513868802566e-16
25.53013630454 1.4142135623731 2.35513868802566e-16
25.5389355049908 1.4142135623731 2.35513868802566e-16
25.5477377381685 1.4142135623731 2.35513868802566e-16
25.5565430051182 1.4142135623731 2.35513868802566e-16
25.5653513068856 1.4142135623731 2.35513868802566e-16
25.5741626445167 1.4142135623731 2.35513868802566e-16
25.5829770190577 1.4142135623731 2.35513868802566e-16
25.5917944315554 1.4142135623731 2.35513868802566e-16
25.6006148830569 1.4142135623731 2.35513868802566e-16
25.6094383746096 1.4142135623731 2.35513868802566e-16
25.6182649072612 1.4142135623731 2.35513868802566e-16
25.6270944820599 1.4142135623731 2.35513868802566e-16
25.6359271000542 1.4142135623731 2.35513868802566e-16
25.644762762293 1.4142135623731 2.35513868802566e-16
25.6536014698255 1.4142135623731 2.35513868802566e-16
25.6624432237012 1.4142135623731 2.35513868802566e-16
25.6712880249702 1.4142135623731 2.35513868802566e-16
25.6801358746828 1.4142135623731 2.35513868802566e-16
25.6889867738896 1.4142135623731 2.35513868802566e-16
25.6978407236416 1.4142135623731 2.35513868802566e-16
25.7066977249903 1.4142135623731 2.35513868802566e-16
25.7155577789874 1.4142135623731 2.35513868802566e-16
25.7244208866851 1.4142135623731 2.35513868802566e-16
25.7332870491357 1.4142135623731 2.35513868802566e-16
25.7421562673923 1.4142135623731 2.35513868802566e-16
25.751028542508 1.4142135623731 2.35513868802566e-16
25.7599038755363 1.4142135623731 2.35513868802566e-16
25.7687822675312 1.4142135623731 2.35513868802566e-16
25.7776637195471 1.4142135623731 2.35513868802566e-16
25.7865482326385 1.4142135623731 2.35513868802566e-16
25.7954358078605 1.4142135623731 2.35513868802566e-16
25.8043264462685 1.4142135623731 2.35513868802566e-16
25.8132201489182 1.4142135623731 2.35513868802566e-16
25.8221169168659 1.4142135623731 2.35513868802566e-16
25.8310167511678 1.4142135623731 2.35513868802566e-16
25.839919652881 1.4142135623731 2.35513868802566e-16
25.8488256230626 1.4142135623731 2.35513868802566e-16
25.8577346627701 1.4142135623731 2.35513868802566e-16
25.8666467730616 1.4142135623731 2.35513868802566e-16
25.8755619549953 1.4142135623731 2.35513868802566e-16
25.88448020963 1.4142135623731 2.35513868802566e-16
25.8934015380245 1.4142135623731 2.35513868802566e-16
25.9023259412384 1.4142135623731 2.35513868802566e-16
25.9112534203315 1.4142135623731 2.35513868802566e-16
25.9201839763637 1.4142135623731 2.35513868802566e-16
25.9291176103957 1.4142135623731 2.35513868802566e-16
25.9380543234882 1.4142135623731 2.35513868802566e-16
25.9469941167026 1.4142135623731 2.35513868802566e-16
25.9559369911004 1.4142135623731 2.35513868802566e-16
25.9648829477436 1.4142135623731 2.35513868802566e-16
25.9738319876945 1.4142135623731 2.35513868802566e-16
25.9827841120157 1.4142135623731 2.35513868802566e-16
25.9917393217704 1.4142135623731 2.35513868802566e-16
26.000697618022 1.4142135623731 2.35513868802566e-16
26.0096590018342 1.4142135623731 2.35513868802566e-16
26.0186234742712 1.4142135623731 2.35513868802566e-16
26.0275910363976 1.4142135623731 2.35513868802566e-16
26.0365616892782 1.4142135623731 2.35513868802566e-16
26.0455354339782 1.4142135623731 2.35513868802566e-16
26.0545122715634 1.4142135623731 2.35513868802566e-16
26.0634922030997 1.4142135623731 2.35513868802566e-16
26.0724752296535 1.4142135623731 2.35513868802566e-16
26.0814613522914 1.4142135623731 2.35513868802566e-16
26.0904505720806 1.4142135623731 2.35513868802566e-16
26.0994428900886 1.4142135623731 2.35513868802566e-16
26.1084383073831 1.4142135623731 2.35513868802566e-16
26.1174368250324 1.4142135623731 2.35513868802566e-16
26.1264384441051 1.4142135623731 2.35513868802566e-16
26.13544316567 1.4142135623731 2.35513868802566e-16
26.1444509907965 1.4142135623731 2.35513868802566e-16
26.1534619205542 1.4142135623731 2.35513868802566e-16
26.1624759560132 1.4142135623731 2.35513868802566e-16
26.171493098244 1.4142135623731 2.35513868802566e-16
26.1805133483172 1.4142135623731 2.35513868802566e-16
26.189536707304 1.4142135623731 2.35513868802566e-16
26.1985631762759 1.4142135623731 2.35513868802566e-16
26.2075927563049 1.4142135623731 2.35513868802566e-16
26.2166254484632 1.4142135623731 2.35513868802566e-16
26.2256612538233 1.4142135623731 2.35513868802566e-16
26.2347001734584 1.4142135623731 2.35513868802566e-16
26.2437422084417 1.4142135623731 2.35513868802566e-16
26.252787359847 1.4142135623731 2.35513868802566e-16
26.2618356287484 1.4142135623731 2.35513868802566e-16
26.2708870162204 1.4142135623731 2.35513868802566e-16
26.2799415233378 1.4142135623731 2.35513868802566e-16
26.2889991511758 1.4142135623731 2.35513868802566e-16
26.2980599008101 1.4142135623731 2.35513868802566e-16
26.3071237733165 1.4142135623731 2.35513868802566e-16
26.3161907697714 1.4142135623731 2.35513868802566e-16
26.3252608912516 1.4142135623731 2.35513868802566e-16
26.334334138834 1.4142135623731 2.35513868802566e-16
26.3434105135961 1.4142135623731 2.35513868802566e-16
26.3524900166157 1.4142135623731 2.35513868802566e-16
26.361572648971 1.4142135623731 2.35513868802566e-16
26.3706584117406 1.4142135623731 2.35513868802566e-16
26.3797473060034 1.4142135623731 2.35513868802566e-16
26.3888393328386 1.4142135623731 2.35513868802566e-16
26.397934493326 1.4142135623731 2.35513868802566e-16
26.4070327885456 1.4142135623731 2.35513868802566e-16
26.4161342195779 1.4142135623731 2.35513868802566e-16
26.4252387875035 1.4142135623731 2.35513868802566e-16
26.4343464934036 1.4142135623731 2.35513868802566e-16
26.4434573383599 1.4142135623731 2.35513868802566e-16
26.4525713234542 1.4142135623731 2.35513868802566e-16
26.4616884497687 1.4142135623731 2.35513868802566e-16
26.4708087183862 1.4142135623731 2.35513868802566e-16
26.4799321303896 1.4142135623731 2.35513868802566e-16
26.4890586868623 1.4142135623731 2.35513868802566e-16
26.4981883888882 1.4142135623731 2.35513868802566e-16
26.5073212375513 1.4142135623731 2.35513868802566e-16
26.5164572339362 1.4142135623731 2.35513868802566e-16
26.5255963791278 1.4142135623731 2.35513868802566e-16
26.5347386742113 1.4142135623731 2.35513868802566e-16
26.5438841202724 1.4142135623731 2.35513868802566e-16
26.5530327183971 1.4142135623731 2.35513868802566e-16
26.5621844696718 1.4142135623731 2.35513868802566e-16
26.5713393751832 1.4142135623731 2.35513868802566e-16
26.5804974360185 1.4142135623731 2.35513868802566e-16
26.5896586532651 1.4142135623731 2.35513868802566e-16
26.5988230280111 1.4142135623731 2.35513868802566e-16
26.6079905613446 1.4142135623731 2.35513868802566e-16
26.6171612543542 1.4142135623731 2.35513868802566e-16
26.6263351081291 1.4142135623731 2.35513868802566e-16
26.6355121237585 1.4142135623731 2.35513868802566e-16
26.6446923023323 1.4142135623731 2.35513868802566e-16
26.6538756449405 1.4142135623731 2.35513868802566e-16
26.6630621526738 1.4142135623731 2.35513868802566e-16
26.6722518266229 1.4142135623731 2.35513868802566e-16
26.6814446678791 1.4142135623731 2.35513868802566e-16
26.6906406775342 1.4142135623731 2.35513868802566e-16
26.6998398566801 1.4142135623731 2.35513868802566e-16
26.7090422064091 1.4142135623731 2.35513868802566e-16
26.7182477278141 1.4142135623731 2.35513868802566e-16
26.7274564219883 1.4142135623731 2.35513868802566e-16
26.7366682900251 1.4142135623731 2.35513868802566e-16
26.7458833330184 1.4142135623731 2.35513868802566e-16
26.7551015520626 1.4142135623731 2.35513868802566e-16
26.7643229482522 1.4142135623731 2.35513868802566e-16
26.7735475226824 1.4142135623731 2.35513868802566e-16
26.7827752764484 1.4142135623731 2.35513868802566e-16
26.7920062106462 1.4142135623731 2.35513868802566e-16
26.8012403263719 1.4142135623731 2.35513868802566e-16
26.810477624722 1.4142135623731 2.35513868802566e-16
26.8197181067934 1.4142135623731 2.35513868802566e-16
26.8289617736835 1.4142135623731 2.35513868802566e-16
26.8382086264899 1.4142135623731 2.35513868802566e-16
26.8474586663106 1.4142135623731 2.35513868802566e-16
26.8567118942442 1.4142135623731 2.35513868802566e-16
26.8659683113894 1.4142135623731 2.35513868802566e-16
26.8752279188454 1.4142135623731 2.35513868802566e-16
26.8844907177118 1.4142135623731 2.35513868802566e-16
26.8937567090885 1.4142135623731 2.35513868802566e-16
26.9030258940759 1.4142135623731 2.35513868802566e-16
26.9122982737747 1.4142135623731 2.35513868802566e-16
26.9215738492859 1.4142135623731 2.35513868802566e-16
26.930852621711 1.4142135623731 2.35513868802566e-16
26.9401345921519 1.4142135623731 2.35513868802566e-16
26.9494197617108 1.4142135623731 2.35513868802566e-16
26.9587081314903 1.4142135623731 2.35513868802566e-16
26.9679997025934 1.4142135623731 2.35513868802566e-16
26.9772944761235 1.4142135623731 2.35513868802566e-16
26.9865924531842 1.4142135623731 2.35513868802566e-16
26.9958936348798 1.4142135623731 2.35513868802566e-16
27.0051980223147 1.4142135623731 2.35513868802566e-16
27.0145056165938 1.4142135623731 2.35513868802566e-16
27.0238164188224 1.4142135623731 2.35513868802566e-16
27.0331304301062 1.4142135623731 2.35513868802566e-16
27.0424476515511 1.4142135623731 2.35513868802566e-16
27.0517680842636 1.4142135623731 2.35513868802566e-16
27.0610917293505 1.4142135623731 2.35513868802566e-16
27.070418587919 1.4142135623731 2.35513868802566e-16
27.0797486610765 1.4142135623731 2.35513868802566e-16
27.0890819499312 1.4142135623731 2.35513868802566e-16
27.0984184555911 1.4142135623731 2.35513868802566e-16
27.1077581791652 1.4142135623731 2.35513868802566e-16
27.1171011217624 1.4142135623731 2.35513868802566e-16
27.1264472844922 1.4142135623731 2.35513868802566e-16
27.1357966684645 1.4142135623731 2.35513868802566e-16
27.1451492747895 1.4142135623731 2.35513868802566e-16
27.1545051045778 1.4142135623731 2.35513868802566e-16
27.1638641589404 1.4142135623731 2.35513868802566e-16
27.1732264389887 1.4142135623731 2.35513868802566e-16
27.1825919458344 1.4142135623731 2.35513868802566e-16
27.1919606805898 1.4142135623731 2.35513868802566e-16
27.2013326443673 1.4142135623731 2.35513868802566e-16
27.2107078382798 1.4142135623731 2.35513868802566e-16
27.2200862634407 1.4142135623731 2.35513868802566e-16
27.2294679209636 1.4142135623731 2.35513868802566e-16
27.2388528119625 1.4142135623731 2.35513868802566e-16
27.248240937552 1.4142135623731 2.35513868802566e-16
27.2576322988469 1.4142135623731 2.35513868802566e-16
27.2670268969623 1.4142135623731 2.35513868802566e-16
27.2764247330139 1.4142135623731 2.35513868802566e-16
27.2858258081177 1.4142135623731 2.35513868802566e-16
27.29523012339 1.4142135623731 2.35513868802566e-16
27.3046376799476 1.4142135623731 2.35513868802566e-16
27.3140484789076 1.4142135623731 2.35513868802566e-16
27.3234625213876 1.4142135623731 2.35513868802566e-16
27.3328798085054 1.4142135623731 2.35513868802566e-16
27.3423003413794 1.4142135623731 2.35513868802566e-16
27.3517241211282 1.4142135623731 2.35513868802566e-16
27.361151148871 1.4142135623731 2.35513868802566e-16
27.370581425727 1.4142135623731 2.35513868802566e-16
27.3800149528163 1.4142135623731 2.35513868802566e-16
27.389451731259 1.4142135623731 2.35513868802566e-16
27.3988917621757 1.4142135623731 2.35513868802566e-16
27.4083350466874 1.4142135623731 2.35513868802566e-16
27.4177815859155 1.4142135623731 2.35513868802566e-16
27.4272313809818 1.4142135623731 2.35513868802566e-16
27.4366844330084 1.4142135623731 2.35513868802566e-16
27.4461407431179 1.4142135623731 2.35513868802566e-16
27.4556003124332 1.4142135623731 2.35513868802566e-16
27.4650631420776 1.4142135623731 2.35513868802566e-16
27.4745292331748 1.4142135623731 2.35513868802566e-16
27.4839985868489 1.4142135623731 2.35513868802566e-16
27.4934712042244 1.4142135623731 2.35513868802566e-16
27.5029470864261 1.4142135623731 2.35513868802566e-16
27.5124262345793 1.4142135623731 2.35513868802566e-16
27.5219086498097 1.4142135623731 2.35513868802566e-16
27.5313943332432 1.4142135623731 2.35513868802566e-16
27.5408832860064 1.4142135623731 2.35513868802566e-16
27.5503755092259 1.4142135623731 2.35513868802566e-16
27.559871004029 1.4142135623731 2.35513868802566e-16
27.5693697715432 1.4142135623731 2.35513868802566e-16
27.5788718128966 1.4142135623731 2.35513868802566e-16
27.5883771292175 1.4142135623731 2.35513868802566e-16
27.5978857216347 1.4142135623731 2.35513868802566e-16
27.6073975912772 1.4142135623731 2.35513868802566e-16
27.6169127392746 1.4142135623731 2.35513868802566e-16
27.6264311667569 1.4142135623731 2.35513868802566e-16
27.6359528748543 1.4142135623731 2.35513868802566e-16
27.6454778646975 1.4142135623731 2.35513868802566e-16
27.6550061374176 1.4142135623731 2.35513868802566e-16
27.6645376941461 1.4142135623731 2.35513868802566e-16
27.6740725360148 1.4142135623731 2.35513868802566e-16
27.6836106641561 1.4142135623731 2.35513868802566e-16
27.6931520797024 1.4142135623731 2.35513868802566e-16
27.702696783787 1.4142135623731 2.35513868802566e-16
27.7122447775432 1.4142135623731 2.35513868802566e-16
27.7217960621048 1.4142135623731 2.35513868802566e-16
27.731350638606 1.4142135623731 2.35513868802566e-16
27.7409085081814 1.4142135623731 2.35513868802566e-16
27.7504696719661 1.4142135623731 2.35513868802566e-16
27.7600341310954 1.4142135623731 2.35513868802566e-16
27.769601886705 1.4142135623731 2.35513868802566e-16
27.7791729399311 1.4142135623731 2.35513868802566e-16
27.7887472919104 1.4142135623731 2.35513868802566e-16
27.7983249437796 1.4142135623731 2.35513868802566e-16
27.8079058966763 1.4142135623731 2.35513868802566e-16
27.817490151738 1.4142135623731 2.35513868802566e-16
27.827077710103 1.4142135623731 2.35513868802566e-16
27.8366685729097 1.4142135623731 2.35513868802566e-16
27.846262741297 1.4142135623731 2.35513868802566e-16
27.8558602164043 1.4142135623731 2.35513868802566e-16
27.8654609993712 1.4142135623731 2.35513868802566e-16
27.8750650913378 1.4142135623731 2.35513868802566e-16
27.8846724934446 1.4142135623731 2.35513868802566e-16
27.8942832068325 1.4142135623731 2.35513868802566e-16
27.9038972326427 1.4142135623731 2.35513868802566e-16
27.9135145720169 1.4142135623731 2.35513868802566e-16
27.9231352260971 1.4142135623731 2.35513868802566e-16
27.9327591960258 1.4142135623731 2.35513868802566e-16
27.9423864829458 1.4142135623731 2.35513868802566e-16
27.9520170880004 1.4142135623731 2.35513868802566e-16
27.9616510123332 1.4142135623731 2.35513868802566e-16
27.9712882570882 1.4142135623731 2.35513868802566e-16
27.9809288234098 1.4142135623731 2.35513868802566e-16
27.9905727124428 1.4142135623731 2.35513868802566e-16
28.0002199253324 1.4142135623731 2.35513868802566e-16
28.0098704632242 1.4142135623731 2.35513868802566e-16
28.0195243272643 1.4142135623731 2.35513868802566e-16
28.029181518599 1.4142135623731 2.35513868802566e-16
28.0388420383751 1.4142135623731 2.35513868802566e-16
28.0485058877397 1.4142135623731 2.35513868802566e-16
28.0581730678405 1.4142135623731 2.35513868802566e-16
28.0678435798254 1.4142135623731 2.35513868802566e-16
28.0775174248427 1.4142135623731 2.35513868802566e-16
28.0871946040413 1.4142135623731 2.35513868802566e-16
28.0968751185703 1.4142135623731 2.35513868802566e-16
28.1065589695793 1.4142135623731 2.35513868802566e-16
28.1162461582181 1.4142135623731 2.35513868802566e-16
28.1259366856372 1.4142135623731 2.35513868802566e-16
28.1356305529872 1.4142135623731 2.35513868802566e-16
28.1453277614194 1.4142135623731 2.35513868802566e-16
28.1550283120853 1.4142135623731 2.35513868802566e-16
28.1647322061367 1.4142135623731 2.35513868802566e-16
28.174439444726 1.4142135623731 2.35513868802566e-16
28.184150029006 1.4142135623731 2.35513868802566e-16
28.1938639601298 1.4142135623731 2.35513868802566e-16
28.2035812392508 1.4142135623731 2.35513868802566e-16
28.2133018675231 1.4142135623731 2.35513868802566e-16
28.2230258461008 1.4142135623731 2.35513868802566e-16
28.2327531761388 1.4142135623731 2.35513868802566e-16
28.2424838587922 1.4142135623731 2.35513868802566e-16
28.2522178952164 1.4142135623731 2.35513868802566e-16
28.2619552865674 1.4142135623731 2.35513868802566e-16
28.2716960340015 1.4142135623731 2.35513868802566e-16
28.2814401386753 1.4142135623731 2.35513868802566e-16
28.2911876017461 1.4142135623731 2.35513868802566e-16
28.3009384243712 1.4142135623731 2.35513868802566e-16
28.3106926077086 1.4142135623731 2.35513868802566e-16
28.3204501529166 1.4142135623731 2.35513868802566e-16
28.3302110611539 1.4142135623731 2.35513868802566e-16
28.3399753335795 1.4142135623731 2.35513868802566e-16
28.3497429713531 1.4142135623731 2.35513868802566e-16
28.3595139756345 1.4142135623731 2.35513868802566e-16
28.3692883475839 1.4142135623731 2.35513868802566e-16
28.3790660883621 1.4142135623731 2.35513868802566e-16
28.3888471991303 1.4142135623731 2.35513868802566e-16
28.3986316810497 1.4142135623731 2.35513868802566e-16
28.4084195352825 1.4142135623731 2.35513868802566e-16
28.4182107629909 1.4142135623731 2.35513868802566e-16
28.4280053653375 1.4142135623731 2.35513868802566e-16
28.4378033434855 1.4142135623731 2.35513868802566e-16
28.4476046985984 1.4142135623731 2.35513868802566e-16
28.4574094318401 1.4142135623731 2.35513868802566e-16
28.4672175443749 1.4142135623731 2.35513868802566e-16
28.4770290373674 1.4142135623731 2.35513868802566e-16
28.4868439119829 1.4142135623731 2.35513868802566e-16
28.4966621693868 1.4142135623731 2.35513868802566e-16
28.506483810745 1.4142135623731 2.35513868802566e-16
28.5163088372238 1.4142135623731 2.35513868802566e-16
28.5261372499899 1.4142135623731 2.35513868802566e-16
28.5359690502106 1.4142135623731 2.35513868802566e-16
28.5458042390532 1.4142135623731 2.35513868802566e-16
28.5556428176857 1.4142135623731 2.35513868802566e-16
28.5654847872764 1.4142135623731 2.35513868802566e-16
28.575330148994 1.4142135623731 2.35513868802566e-16
28.5851789040078 1.4142135623731 2.35513868802566e-16
28.5950310534871 1.4142135623731 2.35513868802566e-16
28.604886598602 1.4142135623731 2.35513868802566e-16
28.6147455405227 1.4142135623731 2.35513868802566e-16
28.6246078804201 1.4142135623731 2.35513868802566e-16
28.6344736194652 1.4142135623731 2.35513868802566e-16
28.6443427588296 1.4142135623731 2.35513868802566e-16
28.6542152996853 1.4142135623731 2.35513868802566e-16
28.6640912432046 1.4142135623731 2.35513868802566e-16
28.6739705905603 1.4142135623731 2.35513868802566e-16
28.6838533429256 1.4142135623731 2.35513868802566e-16
28.6937395014739 1.4142135623731 2.35513868802566e-16
28.7036290673793 1.4142135623731 2.35513868802566e-16
28.7135220418162 1.4142135623731 2.35513868802566e-16
28.7234184259593 1.4142135623731 2.35513868802566e-16
28.7333182209839 1.4142135623731 2.35513868802566e-16
28.7432214280655 1.4142135623731 2.35513868802566e-16
28.7531280483801 1.4142135623731 2.35513868802566e-16
28.7630380831041 1.4142135623731 2.35513868802566e-16
28.7729515334144 1.4142135623731 2.35513868802566e-16
28.7828684004881 1.4142135623731 2.35513868802566e-16
28.7927886855028 1.4142135623731 2.35513868802566e-16
28.8027123896367 1.4142135623731 2.35513868802566e-16
28.812639514068 1.4142135623731 2.35513868802566e-16
28.8225700599758 1.4142135623731 2.35513868802566e-16
28.8325040285391 1.4142135623731 2.35513868802566e-16
28.8424414209377 1.4142135623731 2.35513868802566e-16
28.8523822383515 1.4142135623731 2.35513868802566e-16
28.8623264819612 1.4142135623731 2.35513868802566e-16
28.8722741529475 1.4142135623731 2.35513868802566e-16
28.8822252524917 1.4142135623731 2.35513868802566e-16
28.8921797817755 1.4142135623731 2.35513868802566e-16
28.9021377419811 1.4142135623731 2.35513868802566e-16
28.9120991342908 1.4142135623731 2.35513868802566e-16
28.9220639598876 1.4142135623731 2.35513868802566e-16
28.9320322199548 1.4142135623731 2.35513868802566e-16
28.9420039156762 1.4142135623731 2.35513868802566e-16
28.9519790482359 1.4142135623731 2.35513868802566e-16
28.9619576188183 1.4142135623731 2.35513868802566e-16
28.9719396286085 1.4142135623731 2.35513868802566e-16
28.9819250787918 1.4142135623731 2.35513868802566e-16
28.991913970554 1.4142135623731 2.35513868802566e-16
29.0019063050813 1.4142135623731 2.35513868802566e-16
29.0119020835601 1.4142135623731 2.35513868802566e-16
29.0219013071776 1.4142135623731 2.35513868802566e-16
29.0319039771211 1.4142135623731 2.35513868802566e-16
29.0419100945785 1.4142135623731 2.35513868802566e-16
29.0519196607378 1.4142135623731 2.35513868802566e-16
29.0619326767879 1.4142135623731 2.35513868802566e-16
29.0719491439176 1.4142135623731 2.35513868802566e-16
29.0819690633165 1.4142135623731 2.35513868802566e-16
29.0919924361744 1.4142135623731 2.35513868802566e-16
29.1020192636816 1.4142135623731 2.35513868802566e-16
29.1120495470288 1.4142135623731 2.35513868802566e-16
29.122083287407 1.4142135623731 2.35513868802566e-16
29.1321204860077 1.4142135623731 2.35513868802566e-16
29.1421611440229 1.4142135623731 2.35513868802566e-16
29.1522052626449 1.4142135623731 2.35513868802566e-16
29.1622528430663 1.4142135623731 2.35513868802566e-16
29.1723038864804 1.4142135623731 2.35513868802566e-16
29.1823583940807 1.4142135623731 2.35513868802566e-16
29.1924163670612 1.4142135623731 2.35513868802566e-16
29.2024778066162 1.4142135623731 2.35513868802566e-16
29.2125427139405 1.4142135623731 2.35513868802566e-16
29.2226110902293 1.4142135623731 2.35513868802566e-16
29.2326829366783 1.4142135623731 2.35513868802566e-16
29.2427582544834 1.4142135623731 2.35513868802566e-16
29.2528370448411 1.4142135623731 2.35513868802566e-16
29.2629193089482 1.4142135623731 2.35513868802566e-16
29.2730050480021 1.4142135623731 2.35513868802566e-16
29.2830942632003 1.4142135623731 2.35513868802566e-16
29.293186955741 1.4142135623731 2.35513868802566e-16
29.3032831268226 1.4142135623731 2.35513868802566e-16
29.3133827776441 1.4142135623731 2.35513868802566e-16
29.3234859094048 1.4142135623731 2.35513868802566e-16
29.3335925233045 1.4142135623731 2.35513868802566e-16
29.3437026205432 1.4142135623731 2.35513868802566e-16
29.3538162023215 1.4142135623731 2.35513868802566e-16
29.3639332698405 1.4142135623731 2.35513868802566e-16
29.3740538243015 1.4142135623731 2.35513868802566e-16
29.3841778669064 1.4142135623731 2.35513868802566e-16
29.3943053988573 1.4142135623731 2.35513868802566e-16
29.4044364213568 1.4142135623731 2.35513868802566e-16
29.4145709356081 1.4142135623731 2.35513868802566e-16
29.4247089428146 1.4142135623731 2.35513868802566e-16
29.4348504441802 1.4142135623731 2.35513868802566e-16
29.4449954409092 1.4142135623731 2.35513868802566e-16
29.4551439342062 1.4142135623731 2.35513868802566e-16
29.4652959252765 1.4142135623731 2.35513868802566e-16
29.4754514153255 1.4142135623731 2.35513868802566e-16
29.4856104055592 1.4142135623731 2.35513868802566e-16
29.495772897184 1.4142135623731 2.35513868802566e-16
29.5059388914066 1.4142135623731 2.35513868802566e-16
29.5161083894343 1.4142135623731 2.35513868802566e-16
29.5262813924747 1.4142135623731 2.35513868802566e-16
29.5364579017358 1.4142135623731 2.35513868802566e-16
29.5466379184261 1.4142135623731 2.35513868802566e-16
29.5568214437545 1.4142135623731 2.35513868802566e-16
29.5670084789301 1.4142135623731 2.35513868802566e-16
29.5771990251628 1.4142135623731 2.35513868802566e-16
29.5873930836627 1.4142135623731 2.35513868802566e-16
29.5975906556402 1.4142135623731 2.35513868802566e-16
29.6077917423064 1.4142135623731 2.35513868802566e-16
29.6179963448725 1.4142135623731 2.35513868802566e-16
29.6282044645505 1.4142135623731 2.35513868802566e-16
29.6384161025525 1.4142135623731 2.35513868802566e-16
29.648631260091 1.4142135623731 2.35513868802566e-16
29.6588499383793 1.4142135623731 2.35513868802566e-16
29.6690721386307 1.4142135623731 2.35513868802566e-16
29.679297862059 1.4142135623731 2.35513868802566e-16
29.6895271098787 1.4142135623731 2.35513868802566e-16
29.6997598833044 1.4142135623731 2.35513868802566e-16
29.7099961835512 1.4142135623731 2.35513868802566e-16
29.7202360118347 1.4142135623731 2.35513868802566e-16
29.7304793693709 1.4142135623731 2.35513868802566e-16
29.7407262573762 1.4142135623731 2.35513868802566e-16
29.7509766770673 1.4142135623731 2.35513868802566e-16
29.7612306296615 1.4142135623731 2.35513868802566e-16
29.7714881163764 1.4142135623731 2.35513868802566e-16
29.7817491384302 1.4142135623731 2.35513868802566e-16
29.7920136970412 1.4142135623731 2.35513868802566e-16
29.8022817934285 1.4142135623731 2.35513868802566e-16
29.8125534288113 1.4142135623731 2.35513868802566e-16
29.8228286044094 1.4142135623731 2.35513868802566e-16
29.8331073214429 1.4142135623731 2.35513868802566e-16
29.8433895811325 1.4142135623731 2.35513868802566e-16
29.8536753846991 1.4142135623731 2.35513868802566e-16
29.8639647333642 1.4142135623731 2.35513868802566e-16
29.8742576283496 1.4142135623731 2.35513868802566e-16
29.8845540708777 1.4142135623731 2.35513868802566e-16
29.894854062171 1.4142135623731 2.35513868802566e-16
29.9051576034527 1.4142135623731 2.35513868802566e-16
29.9154646959464 1.4142135623731 2.35513868802566e-16
29.925775340876 1.4142135623731 2.35513868802566e-16
29.9360895394659 1.4142135623731 2.35513868802566e-16
29.9464072929409 1.4142135623731 2.35513868802566e-16
29.9567286025262 1.4142135623731 2.35513868802566e-16
29.9670534694474 1.4142135623731 2.35513868802566e-16
29.9773818949307 1.4142135623731 2.35513868802566e-16
29.9877138802025 1.4142135623731 2.35513868802566e-16
29.9980494264897 1.4142135623731 2.35513868802566e-16
30.0083885350197 1.4142135623731 2.35513868802566e-16
30.0187312070203 1.4142135623731 2.35513868802566e-16
30.0290774437195 1.4142135623731 2.35513868802566e-16
30.0394272463461 1.4142135623731 2.35513868802566e-16
30.049780616129 1.4142135623731 2.35513868802566e-16
30.0601375542978 1.4142135623731 2.35513868802566e-16
30.0704980620822 1.4142135623731 2.35513868802566e-16
30.0808621407126 1.4142135623731 2.35513868802566e-16
30.0912297914197 1.4142135623731 2.35513868802566e-16
30.1016010154347 1.4142135623731 2.35513868802566e-16
30.1119758139892 1.4142135623731 2.35513868802566e-16
30.122354188315 1.4142135623731 2.35513868802566e-16
30.1327361396447 1.4142135623731 2.35513868802566e-16
30.1431216692112 1.4142135623731 2.35513868802566e-16
30.1535107782476 1.4142135623731 2.35513868802566e-16
30.1639034679876 1.4142135623731 2.35513868802566e-16
30.1742997396655 1.4142135623731 2.35513868802566e-16
30.1846995945158 1.4142135623731 2.35513868802566e-16
30.1951030337733 1.4142135623731 2.35513868802566e-16
30.2055100586736 1.4142135623731 2.35513868802566e-16
30.2159206704524 1.4142135623731 2.35513868802566e-16
30.226334870346 1.4142135623731 2.35513868802566e-16
30.2367526595911 1.4142135623731 2.35513868802566e-16
30.2471740394247 1.4142135623731 2.35513868802566e-16
30.2575990110845 1.4142135623731 2.35513868802566e-16
30.2680275758083 1.4142135623731 2.35513868802566e-16
30.2784597348346 1.4142135623731 2.35513868802566e-16
30.2888954894022 1.4142135623731 2.35513868802566e-16
30.2993348407502 1.4142135623731 2.35513868802566e-16
30.3097777901184 1.4142135623731 2.35513868802566e-16
30.3202243387469 1.4142135623731 2.35513868802566e-16
30.3306744878761 1.4142135623731 2.35513868802566e-16
30.341128238747 1.4142135623731 2.35513868802566e-16
30.351585592601 1.4142135623731 2.35513868802566e-16
30.36204655068 1.4142135623731 2.35513868802566e-16
30.372511114226 1.4142135623731 2.35513868802566e-16
30.3829792844818 1.4142135623731 2.35513868802566e-16
30.3934510626905 1.4142135623731 2.35513868802566e-16
30.4039264500955 1.4142135623731 2.35513868802566e-16
30.4144054479409 1.4142135623731 2.35513868802566e-16
30.424888057471 1.4142135623731 2.35513868802566e-16
30.4353742799306 1.4142135623731 2.35513868802566e-16
30.4458641165649 1.4142135623731 2.35513868802566e-16
30.4563575686196 1.4142135623731 2.35513868802566e-16
30.4668546373407 1.4142135623731 2.35513868802566e-16
30.4773553239749 1.4142135623731 2.35513868802566e-16
30.487859629769 1.4142135623731 2.35513868802566e-16
30.4983675559704 1.4142135623731 2.35513868802566e-16
30.5088791038269 1.4142135623731 2.35513868802566e-16
30.5193942745868 1.4142135623731 2.35513868802566e-16
30.5299130694987 1.4142135623731 2.35513868802566e-16
30.5404354898118 1.4142135623731 2.35513868802566e-16
30.5509615367755 1.4142135623731 2.35513868802566e-16
30.5614912116398 1.4142135623731 2.35513868802566e-16
30.5720245156551 1.4142135623731 2.35513868802566e-16
30.5825614500723 1.4142135623731 2.35513868802566e-16
30.5931020161425 1.4142135623731 2.35513868802566e-16
30.6036462151175 1.4142135623731 2.35513868802566e-16
30.6141940482494 1.4142135623731 2.35513868802566e-16
30.6247455167907 1.4142135623731 2.35513868802566e-16
30.6353006219944 1.4142135623731 2.35513868802566e-16
30.6458593651138 1.4142135623731 2.35513868802566e-16
30.656421747403 1.4142135623731 2.35513868802566e-16
30.6669877701161 1.4142135623731 2.35513868802566e-16
30.6775574345078 1.4142135623731 2.35513868802566e-16
30.6881307418332 1.4142135623731 2.35513868802566e-16
30.698707693348 1.4142135623731 2.35513868802566e-16
30.7092882903082 1.4142135623731 2.35513868802566e-16
30.7198725339701 1.4142135623731 2.35513868802566e-16
30.7304604255907 1.4142135623731 2.35513868802566e-16
30.7410519664273 1.4142135623731 2.35513868802566e-16
30.7516471577375 1.4142135623731 2.35513868802566e-16
30.7622460007796 1.4142135623731 2.35513868802566e-16
30.7728484968121 1.4142135623731 2.35513868802566e-16
30.7834546470942 1.4142135623731 2.35513868802566e-16
30.7940644528852 1.4142135623731 2.35513868802566e-16
30.8046779154451 1.4142135623731 2.35513868802566e-16
30.8152950360343 1.4142135623731 2.35513868802566e-16
30.8259158159134 1.4142135623731 2.35513868802566e-16
30.8365402563437 1.4142135623731 2.35513868802566e-16
30.8471683585869 1.4142135623731 2.35513868802566e-16
30.857800123905 1.4142135623731 2.35513868802566e-16
30.8684355535605 1.4142135623731 2.35513868802566e-16
30.8790746488164 1.4142135623731 2.35513868802566e-16
30.8897174109361 1.4142135623731 2.35513868802566e-16
30.9003638411833 1.4142135623731 2.35513868802566e-16
30.9110139408224 1.4142135623731 2.35513868802566e-16
30.9216677111181 1.4142135623731 2.35513868802566e-16
30.9323251533353 1.4142135623731 2.35513868802566e-16
30.9429862687398 1.4142135623731 2.35513868802566e-16
30.9536510585976 1.4142135623731 2.35513868802566e-16
30.9643195241749 1.4142135623731 2.35513868802566e-16
30.9749916667388 1.4142135623731 2.35513868802566e-16
30.9856674875565 1.4142135623731 2.35513868802566e-16
30.9963469878959 1.4142135623731 2.35513868802566e-16
31.0070301690249 1.4142135623731 2.35513868802566e-16
31.0177170322123 1.4142135623731 2.35513868802566e-16
31.0284075787272 1.4142135623731 2.35513868802566e-16
31.039101809839 1.4142135623731 2.35513868802566e-16
31.0497997268176 1.4142135623731 2.35513868802566e-16
31.0605013309335 1.4142135623731 2.35513868802566e-16
31.0712066234574 1.4142135623731 2.35513868802566e-16
31.0819156056606 1.4142135623731 2.35513868802566e-16
31.0926282788147 1.4142135623731 2.35513868802566e-16
31.1033446441919 1.4142135623731 2.35513868802566e-16
31.1140647030648 1.4142135623731 2.35513868802566e-16
31.1247884567062 1.4142135623731 2.35513868802566e-16
31.1355159063898 1.4142135623731 2.35513868802566e-16
31.1462470533893 1.4142135623731 2.35513868802566e-16
31.1569818989791 1.4142135623731 2.35513868802566e-16
31.1677204444338 1.4142135623731 2.35513868802566e-16
31.1784626910288 1.4142135623731 2.35513868802566e-16
31.1892086400396 1.4142135623731 2.35513868802566e-16
31.1999582927424 1.4142135623731 2.35513868802566e-16
31.2107116504136 1.4142135623731 2.35513868802566e-16
31.2214687143301 1.4142135623731 2.35513868802566e-16
31.2322294857694 1.4142135623731 2.35513868802566e-16
31.2429939660093 1.4142135623731 2.35513868802566e-16
31.2537621563281 1.4142135623731 2.35513868802566e-16
31.2645340580045 1.4142135623731 2.35513868802566e-16
31.2753096723176 1.4142135623731 2.35513868802566e-16
31.2860890005471 1.4142135623731 2.35513868802566e-16
31.2968720439729 1.4142135623731 2.35513868802566e-16
31.3076588038756 1.4142135623731 2.35513868802566e-16
31.318449281536 1.4142135623731 2.35513868802566e-16
31.3292434782356 1.4142135623731 2.35513868802566e-16
31.3400413952561 1.4142135623731 2.35513868802566e-16
31.3508430338798 1.4142135623731 2.35513868802566e-16
31.3616483953894 1.4142135623731 2.35513868802566e-16
31.3724574810679 1.4142135623731 2.35513868802566e-16
31.383270292199 1.4142135623731 2.35513868802566e-16
31.3940868300667 1.4142135623731 2.35513868802566e-16
31.4049070959553 1.4142135623731 2.35513868802566e-16
31.4157310911499 1.4142135623731 2.35513868802566e-16
31.4265588169358 1.4142135623731 2.35513868802566e-16
31.4373902745987 1.4142135623731 2.35513868802566e-16
31.4482254654249 1.4142135623731 2.35513868802566e-16
31.459064390701 1.4142135623731 2.35513868802566e-16
31.4699070517142 1.4142135623731 2.35513868802566e-16
31.480753449752 1.4142135623731 2.35513868802566e-16
31.4916035861024 1.4142135623731 2.35513868802566e-16
31.5024574620538 1.4142135623731 2.35513868802566e-16
31.5133150788952 1.4142135623731 2.35513868802566e-16
31.5241764379159 1.4142135623731 2.35513868802566e-16
31.5350415404056 1.4142135623731 2.35513868802566e-16
31.5459103876546 1.4142135623731 2.35513868802566e-16
31.5567829809536 1.4142135623731 2.35513868802566e-16
31.5676593215936 1.4142135623731 2.35513868802566e-16
31.5785394108662 1.4142135623731 2.35513868802566e-16
31.5894232500634 1.4142135623731 2.35513868802566e-16
31.6003108404777 1.4142135623731 2.35513868802566e-16
31.6112021834019 1.4142135623731 2.35513868802566e-16
31.6220972801294 1.4142135623731 2.35513868802566e-16
31.632996131954 1.4142135623731 2.35513868802566e-16
31.6438987401699 1.4142135623731 2.35513868802566e-16
31.6548051060717 1.4142135623731 2.35513868802566e-16
31.6657152309547 1.4142135623731 2.35513868802566e-16
31.6766291161143 1.4142135623731 2.35513868802566e-16
31.6875467628466 1.4142135623731 2.35513868802566e-16
31.698468172448 1.4142135623731 2.35513868802566e-16
31.7093933462155 1.4142135623731 2.35513868802566e-16
31.7203222854464 1.4142135623731 2.35513868802566e-16
31.7312549914385 1.4142135623731 2.35513868802566e-16
31.74219146549 1.4142135623731 2.35513868802566e-16
31.7531317088997 1.4142135623731 2.35513868802566e-16
31.7640757229667 1.4142135623731 2.35513868802566e-16
31.7750235089906 1.4142135623731 2.35513868802566e-16
31.7859750682714 1.4142135623731 2.35513868802566e-16
31.7969304021096 1.4142135623731 2.35513868802566e-16
31.8078895118062 1.4142135623731 2.35513868802566e-16
31.8188523986625 1.4142135623731 2.35513868802566e-16
31.8298190639804 1.4142135623731 2.35513868802566e-16
31.8407895090622 1.4142135623731 2.35513868802566e-16
31.8517637352105 1.4142135623731 2.35513868802566e-16
31.8627417437286 1.4142135623731 2.35513868802566e-16
31.8737235359201 1.4142135623731 2.35513868802566e-16
31.8847091130891 1.4142135623731 2.35513868802566e-16
31.8956984765401 1.4142135623731 2.35513868802566e-16
31.906691627578 1.4142135623731 2.35513868802566e-16
31.9176885675084 1.4142135623731 2.35513868802566e-16
31.928689297637 1.4142135623731 2.35513868802566e-16
31.9396938192703 1.4142135623731 2.35513868802566e-16
31.9507021337149 1.4142135623731 2.35513868802566e-16
31.9617142422782 1.4142135623731 2.35513868802566e-16
31.9727301462677 1.4142135623731 2.35513868802566e-16
31.9837498469917 1.4142135623731 2.35513868802566e-16
31.9947733457587 1.4142135623731 2.35513868802566e-16
32.0058006438777 1.4142135623731 2.35513868802566e-16
32.0168317426582 1.4142135623731 2.35513868802566e-16
32.0278666434102 1.4142135623731 2.35513868802566e-16
32.038905347444 1.4142135623731 2.35513868802566e-16
32.0499478560705 1.4142135623731 2.35513868802566e-16
32.0609941706009 1.4142135623731 2.35513868802566e-16
32.0720442923471 1.4142135623731 2.35513868802566e-16
32.0830982226211 1.4142135623731 2.35513868802566e-16
32.0941559627357 1.4142135623731 2.35513868802566e-16
32.1052175140039 1.4142135623731 2.35513868802566e-16
32.1162828777393 1.4142135623731 2.35513868802566e-16
32.1273520552559 1.4142135623731 2.35513868802566e-16
32.1384250478682 1.4142135623731 2.35513868802566e-16
32.149501856891 1.4142135623731 2.35513868802566e-16
32.1605824836397 1.4142135623731 2.35513868802566e-16
32.1716669294301 1.4142135623731 2.35513868802566e-16
32.1827551955785 1.4142135623731 2.35513868802566e-16
32.1938472834017 1.4142135623731 2.35513868802566e-16
32.2049431942167 1.4142135623731 2.35513868802566e-16
32.2160429293413 1.4142135623731 2.35513868802566e-16
32.2271464900934 1.4142135623731 2.35513868802566e-16
32.2382538777918 1.4142135623731 2.35513868802566e-16
32.2493650937552 1.4142135623731 2.35513868802566e-16
32.2604801393033 1.4142135623731 2.35513868802566e-16
32.2715990157558 1.4142135623731 2.35513868802566e-16
32.2827217244332 1.4142135623731 2.35513868802566e-16
32.2938482666563 1.4142135623731 2.35513868802566e-16
32.3049786437462 1.4142135623731 2.35513868802566e-16
32.3161128570249 1.4142135623731 2.35513868802566e-16
32.3272509078143 1.4142135623731 2.35513868802566e-16
32.3383927974372 1.4142135623731 2.35513868802566e-16
32.3495385272167 1.4142135623731 2.35513868802566e-16
32.3606880984763 1.4142135623731 2.35513868802566e-16
32.3718415125399 1.4142135623731 2.35513868802566e-16
32.3829987707321 1.4142135623731 2.35513868802566e-16
32.3941598743778 1.4142135623731 2.35513868802566e-16
32.4053248248024 1.4142135623731 2.35513868802566e-16
32.4164936233316 1.4142135623731 2.35513868802566e-16
32.4276662712918 1.4142135623731 2.35513868802566e-16
32.4388427700096 1.4142135623731 2.35513868802566e-16
32.4500231208124 1.4142135623731 2.35513868802566e-16
32.4612073250277 1.4142135623731 2.35513868802566e-16
32.4723953839837 1.4142135623731 2.35513868802566e-16
32.483587299009 1.4142135623731 2.35513868802566e-16
32.4947830714325 1.4142135623731 2.35513868802566e-16
32.5059827025838 1.4142135623731 2.35513868802566e-16
32.5171861937927 1.4142135623731 2.35513868802566e-16
32.5283935463899 1.4142135623731 2.35513868802566e-16
32.5396047617059 1.4142135623731 2.35513868802566e-16
32.5508198410723 1.4142135623731 2.35513868802566e-16
32.5620387858208 1.4142135623731 2.35513868802566e-16
32.5732615972836 1.4142135623731 2.35513868802566e-16
32.5844882767934 1.4142135623731 2.35513868802566e-16
32.5957188256834 1.4142135623731 2.35513868802566e-16
32.6069532452872 1.4142135623731 2.35513868802566e-16
32.6181915369388 1.4142135623731 2.35513868802566e-16
32.6294337019729 1.4142135623731 2.35513868802566e-16
32.6406797417244 1.4142135623731 2.35513868802566e-16
32.6519296575287 1.4142135623731 2.35513868802566e-16
32.6631834507219 1.4142135623731 2.35513868802566e-16
32.6744411226402 1.4142135623731 2.35513868802566e-16
32.6857026746205 1.4142135623731 2.35513868802566e-16
32.6969681080001 1.4142135623731 2.35513868802566e-16
32.7082374241168 1.4142135623731 2.35513868802566e-16
32.7195106243087 1.4142135623731 2.35513868802566e-16
32.7307877099147 1.4142135623731 2.35513868802566e-16
32.7420686822737 1.4142135623731 2.35513868802566e-16
32.7533535427255 1.4142135623731 2.35513868802566e-16
32.76464229261 1.4142135623731 2.35513868802566e-16
32.7759349332679 1.4142135623731 2.35513868802566e-16
32.7872314660401 1.4142135623731 2.35513868802566e-16
32.798531892268 1.4142135623731 2.35513868802566e-16
32.8098362132936 1.4142135623731 2.35513868802566e-16
32.8211444304592 1.4142135623731 2.35513868802566e-16
32.8324565451078 1.4142135623731 2.35513868802566e-16
32.8437725585826 1.4142135623731 2.35513868802566e-16
32.8550924722273 1.4142135623731 2.35513868802566e-16
32.8664162873862 1.4142135623731 2.35513868802566e-16
32.877744005404 1.4142135623731 2.35513868802566e-16
32.8890756276259 1.4142135623731 2.35513868802566e-16
32.9004111553974 1.4142135623731 2.35513868802566e-16
32.9117505900647 1.4142135623731 2.35513868802566e-16
32.9230939329743 1.4142135623731 2.35513868802566e-16
32.9344411854732 1.4142135623731 2.35513868802566e-16
32.9457923489088 1.4142135623731 2.35513868802566e-16
32.9571474246293 1.4142135623731 2.35513868802566e-16
32.9685064139828 1.4142135623731 2.35513868802566e-16
32.9798693183184 1.4142135623731 2.35513868802566e-16
32.9912361389853 1.4142135623731 2.35513868802566e-16
33.0026068773333 1.4142135623731 2.35513868802566e-16
33.0139815347127 1.4142135623731 2.35513868802566e-16
33.0253601124743 1.4142135623731 2.35513868802566e-16
33.0367426119692 1.4142135623731 2.35513868802566e-16
33.0481290345491 1.4142135623731 2.35513868802566e-16
33.0595193815662 1.4142135623731 2.35513868802566e-16
33.0709136543729 1.4142135623731 2.35513868802566e-16
33.0823118543224 1.4142135623731 2.35513868802566e-16
33.0937139827683 1.4142135623731 2.35513868802566e-16
33.1051200410644 1.4142135623731 2.35513868802566e-16
33.1165300305653 1.4142135623731 2.35513868802566e-16
33.1279439526259 1.4142135623731 2.35513868802566e-16
33.1393618086015 1.4142135623731 2.35513868802566e-16
33.1507835998481 1.4142135623731 2.35513868802566e-16
33.162209327722 1.4142135623731 2.35513868802566e-16
33.1736389935799 1.4142135623731 2.35513868802566e-16
33.1850725987792 1.4142135623731 2.35513868802566e-16
33.1965101446774 1.4142135623731 2.35513868802566e-16
33.207951632633 1.4142135623731 2.35513868802566e-16
33.2193970640045 1.4142135623731 2.35513868802566e-16
33.230846440151 1.4142135623731 2.35513868802566e-16
33.2422997624322 1.4142135623731 2.35513868802566e-16
33.2537570322081 1.4142135623731 2.35513868802566e-16
33.2652182508393 1.4142135623731 2.35513868802566e-16
33.2766834196868 1.4142135623731 2.35513868802566e-16
33.2881525401121 1.4142135623731 2.35513868802566e-16
33.299625613477 1.4142135623731 2.35513868802566e-16
33.3111026411441 1.4142135623731 2.35513868802566e-16
33.3225836244762 1.4142135623731 2.35513868802566e-16
33.3340685648367 1.4142135623731 2.35513868802566e-16
33.3455574635893 1.4142135623731 2.35513868802566e-16
33.3570503220985 1.4142135623731 2.35513868802566e-16
33.3685471417289 1.4142135623731 2.35513868802566e-16
33.3800479238459 1.4142135623731 2.35513868802566e-16
33.391552669815 1.4142135623731 2.35513868802566e-16
33.4030613810025 1.4142135623731 2.35513868802566e-16
33.4145740587751 1.4142135623731 2.35513868802566e-16
33.4260907044998 1.4142135623731 2.35513868802566e-16
33.4376113195443 1.4142135623731 2.35513868802566e-16
33.4491359052766 1.4142135623731 2.35513868802566e-16
33.4606644630652 1.4142135623731 2.35513868802566e-16
33.4721969942792 1.4142135623731 2.35513868802566e-16
33.483733500288 1.4142135623731 2.35513868802566e-16
33.4952739824616 1.4142135623731 2.35513868802566e-16
33.5068184421704 1.4142135623731 2.35513868802566e-16
33.5183668807853 1.4142135623731 2.35513868802566e-16
33.5299192996777 1.4142135623731 2.35513868802566e-16
33.5414757002194 1.4142135623731 2.35513868802566e-16
33.5530360837827 1.4142135623731 2.35513868802566e-16
33.5646004517404 1.4142135623731 2.35513868802566e-16
33.5761688054658 1.4142135623731 2.35513868802566e-16
33.5877411463326 1.4142135623731 2.35513868802566e-16
33.5993174757149 1.4142135623731 2.35513868802566e-16
33.6108977949876 1.4142135623731 2.35513868802566e-16
33.6224821055257 1.4142135623731 2.35513868802566e-16
33.6340704087048 1.4142135623731 2.35513868802566e-16
33.6456627059011 1.4142135623731 2.35513868802566e-16
33.6572589984912 1.4142135623731 2.35513868802566e-16
33.668859287852 1.4142135623731 2.35513868802566e-16
33.6804635753612 1.4142135623731 2.35513868802566e-16
33.6920718623966 1.4142135623731 2.35513868802566e-16
33.7036841503369 1.4142135623731 2.35513868802566e-16
33.7153004405608 1.4142135623731 2.35513868802566e-16
33.726920734448 1.4142135623731 2.35513868802566e-16
33.7385450333782 1.4142135623731 2.35513868802566e-16
33.7501733387318 1.4142135623731 2.35513868802566e-16
33.7618056518897 1.4142135623731 2.35513868802566e-16
33.7734419742333 1.4142135623731 2.35513868802566e-16
33.7850823071442 1.4142135623731 2.35513868802566e-16
33.7967266520049 1.4142135623731 2.35513868802566e-16
33.808375010198 1.4142135623731 2.35513868802566e-16
33.8200273831067 1.4142135623731 2.35513868802566e-16
33.8316837721149 1.4142135623731 2.35513868802566e-16
33.8433441786067 1.4142135623731 2.35513868802566e-16
33.8550086039667 1.4142135623731 2.35513868802566e-16
33.8666770495801 1.4142135623731 2.35513868802566e-16
33.8783495168325 1.4142135623731 2.35513868802566e-16
33.89002600711 1.4142135623731 2.35513868802566e-16
33.9017065217991 1.4142135623731 2.35513868802566e-16
33.913391062287 1.4142135623731 2.35513868802566e-16
33.9250796299611 1.4142135623731 2.35513868802566e-16
33.9367722262095 1.4142135623731 2.35513868802566e-16
33.9484688524207 1.4142135623731 2.35513868802566e-16
33.9601695099835 1.4142135623731 2.35513868802566e-16
33.9718742002875 1.4142135623731 2.35513868802566e-16
33.9835829247226 1.4142135623731 2.35513868802566e-16
33.9952956846791 1.4142135623731 2.35513868802566e-16
34.0070124815481 1.4142135623731 2.35513868802566e-16
34.0187333167207 1.4142135623731 2.35513868802566e-16
34.0304581915888 1.4142135623731 2.35513868802566e-16
34.0421871075449 1.4142135623731 2.35513868802566e-16
34.0539200659816 1.4142135623731 2.35513868802566e-16
34.0656570682923 1.4142135623731 2.35513868802566e-16
34.0773981158707 1.4142135623731 2.35513868802566e-16
34.089143210111 1.4142135623731 2.35513868802566e-16
34.100892352408 1.4142135623731 2.35513868802566e-16
34.1126455441569 1.4142135623731 2.35513868802566e-16
34.1244027867533 1.4142135623731 2.35513868802566e-16
34.1361640815934 1.4142135623731 2.35513868802566e-16
34.1479294300739 1.4142135623731 2.35513868802566e-16
34.1596988335919 1.4142135623731 2.35513868802566e-16
34.171472293545 1.4142135623731 2.35513868802566e-16
34.1832498113312 1.4142135623731 2.35513868802566e-16
34.1950313883492 1.4142135623731 2.35513868802566e-16
34.206817025998 1.4142135623731 2.35513868802566e-16
34.2186067256771 1.4142135623731 2.35513868802566e-16
34.2304004887866 1.4142135623731 2.35513868802566e-16
34.2421983167269 1.4142135623731 2.35513868802566e-16
34.2540002108991 1.4142135623731 2.35513868802566e-16
34.2658061727045 1.4142135623731 2.35513868802566e-16
34.2776162035452 1.4142135623731 2.35513868802566e-16
34.2894303048236 1.4142135623731 2.35513868802566e-16
34.3012484779426 1.4142135623731 2.35513868802566e-16
34.3130707243056 1.4142135623731 2.35513868802566e-16
34.3248970453164 1.4142135623731 2.35513868802566e-16
34.3367274423794 1.4142135623731 2.35513868802566e-16
34.3485619168996 1.4142135623731 2.35513868802566e-16
34.3604004702822 1.4142135623731 2.35513868802566e-16
34.372243103933 1.4142135623731 2.35513868802566e-16
34.3840898192583 1.4142135623731 2.35513868802566e-16
34.395940617665 1.4142135623731 2.35513868802566e-16
34.4077955005603 1.4142135623731 2.35513868802566e-16
34.4196544693519 1.4142135623731 2.35513868802566e-16
34.4315175254481 1.4142135623731 2.35513868802566e-16
34.4433846702577 1.4142135623731 2.35513868802566e-16
34.4552559051898 1.4142135623731 2.35513868802566e-16
34.4671312316541 1.4142135623731 2.35513868802566e-16
34.4790106510609 1.4142135623731 2.35513868802566e-16
34.4908941648207 1.4142135623731 2.35513868802566e-16
34.5027817743449 1.4142135623731 2.35513868802566e-16
34.5146734810449 1.4142135623731 2.35513868802566e-16
34.5265692863329 1.4142135623731 2.35513868802566e-16
34.5384691916216 1.4142135623731 2.35513868802566e-16
34.550373198324 1.4142135623731 2.35513868802566e-16
34.5622813078538 1.4142135623731 2.35513868802566e-16
34.5741935216249 1.4142135623731 2.35513868802566e-16
34.5861098410521 1.4142135623731 2.35513868802566e-16
34.5980302675503 1.4142135623731 2.35513868802566e-16
34.609954802535 1.4142135623731 2.35513868802566e-16
34.6218834474224 1.4142135623731 2.35513868802566e-16
34.6338162036289 1.4142135623731 2.35513868802566e-16
34.6457530725714 1.4142135623731 2.35513868802566e-16
34.6576940556677 1.4142135623731 2.35513868802566e-16
34.6696391543355 1.4142135623731 2.35513868802566e-16
34.6815883699934 1.4142135623731 2.35513868802566e-16
34.6935417040603 1.4142135623731 2.35513868802566e-16
34.7054991579556 1.4142135623731 2.35513868802566e-16
34.7174607330994 1.4142135623731 2.35513868802566e-16
34.7294264309121 1.4142135623731 2.35513868802566e-16
34.7413962528145 1.4142135623731 2.35513868802566e-16
34.753370200228 1.4142135623731 2.35513868802566e-16
34.7653482745746 1.4142135623731 2.35513868802566e-16
34.7773304772767 1.4142135623731 2.35513868802566e-16
34.789316809757 1.4142135623731 2.35513868802566e-16
34.8013072734391 1.4142135623731 2.35513868802566e-16
34.8133018697467 1.4142135623731 2.35513868802566e-16
34.8253006001042 1.4142135623731 2.35513868802566e-16
34.8373034659364 1.4142135623731 2.35513868802566e-16
34.8493104686687 1.4142135623731 2.35513868802566e-16
34.8613216097269 1.4142135623731 2.35513868802566e-16
34.8733368905372 1.4142135623731 2.35513868802566e-16
34.8853563125266 1.4142135623731 2.35513868802566e-16
34.8973798771222 1.4142135623731 2.35513868802566e-16
34.909407585752 1.4142135623731 2.35513868802566e-16
34.9214394398441 1.4142135623731 2.35513868802566e-16
34.9334754408273 1.4142135623731 2.35513868802566e-16
34.945515590131 1.4142135623731 2.35513868802566e-16
34.9575598891848 1.4142135623731 2.35513868802566e-16
34.969608339419 1.4142135623731 2.35513868802566e-16
34.9816609422644 1.4142135623731 2.35513868802566e-16
34.9937176991521 1.4142135623731 2.35513868802566e-16
35.005778611514 1.4142135623731 2.35513868802566e-16
35.0178436807822 1.4142135623731 2.35513868802566e-16
35.0299129083895 1.4142135623731 2.35513868802566e-16
35.041986295769 1.4142135623731 2.35513868802566e-16
35.0540638443545 1.4142135623731 2.35513868802566e-16
35.0661455555802 1.4142135623731 2.35513868802566e-16
35.0782314308807 1.4142135623731 2.35513868802566e-16
35.0903214716913 1.4142135623731 2.35513868802566e-16
35.1024156794477 1.4142135623731 2.35513868802566e-16
35.1145140555859 1.4142135623731 2.35513868802566e-16
35.1266166015427 1.4142135623731 2.35513868802566e-16
35.1387233187553 1.4142135623731 2.35513868802566e-16
35.1508342086613 1.4142135623731 2.35513868802566e-16
35.1629492726988 1.4142135623731 2.35513868802566e-16
35.1750685123066 1.4142135623731 2.35513868802566e-16
35.1871919289238 1.4142135623731 2.35513868802566e-16
35.1993195239899 1.4142135623731 2.35513868802566e-16
35.2114512989453 1.4142135623731 2.35513868802566e-16
35.2235872552304 1.4142135623731 2.35513868802566e-16
35.2357273942864 1.4142135623731 2.35513868802566e-16
35.2478717175551 1.4142135623731 2.35513868802566e-16
35.2600202264784 1.4142135623731 2.35513868802566e-16
35.272172922499 1.4142135623731 2.35513868802566e-16
35.2843298070601 1.4142135623731 2.35513868802566e-16
35.2964908816052 1.4142135623731 2.35513868802566e-16
35.3086561475785 1.4142135623731 2.35513868802566e-16
35.3208256064246 1.4142135623731 2.35513868802566e-16
35.3329992595885 1.4142135623731 2.35513868802566e-16
35.345177108516 1.4142135623731 2.35513868802566e-16
35.3573591546532 1.4142135623731 2.35513868802566e-16
35.3695453994465 1.4142135623731 2.35513868802566e-16
35.3817358443432 1.4142135623731 2.35513868802566e-16
35.3939304907909 1.4142135623731 2.35513868802566e-16
35.4061293402375 1.4142135623731 2.35513868802566e-16
35.4183323941319 1.4142135623731 2.35513868802566e-16
35.4305396539229 1.4142135623731 2.35513868802566e-16
35.4427511210604 1.4142135623731 2.35513868802566e-16
35.4549667969942 1.4142135623731 2.35513868802566e-16
35.4671866831752 1.4142135623731 2.35513868802566e-16
35.4794107810543 1.4142135623731 2.35513868802566e-16
35.4916390920831 1.4142135623731 2.35513868802566e-16
35.5038716177138 1.4142135623731 2.35513868802566e-16
35.516108359399 1.4142135623731 2.35513868802566e-16
35.5283493185918 1.4142135623731 2.35513868802566e-16
35.5405944967457 1.4142135623731 2.35513868802566e-16
35.5528438953148 1.4142135623731 2.35513868802566e-16
35.5650975157539 1.4142135623731 2.35513868802566e-16
35.5773553595179 1.4142135623731 2.35513868802566e-16
35.5896174280625 1.4142135623731 2.35513868802566e-16
35.6018837228439 1.4142135623731 2.35513868802566e-16
35.6141542453185 1.4142135623731 2.35513868802566e-16
35.6264289969436 1.4142135623731 2.35513868802566e-16
35.6387079791767 1.4142135623731 2.35513868802566e-16
35.650991193476 1.4142135623731 2.35513868802566e-16
35.6632786413 1.4142135623731 2.35513868802566e-16
35.675570324108 1.4142135623731 2.35513868802566e-16
35.6878662433595 1.4142135623731 2.35513868802566e-16
35.7001664005147 1.4142135623731 2.35513868802566e-16
35.7124707970342 1.4142135623731 2.35513868802566e-16
35.7247794343791 1.4142135623731 2.35513868802566e-16
35.7370923140111 1.4142135623731 2.35513868802566e-16
35.7494094373922 1.4142135623731 2.35513868802566e-16
35.7617308059853 1.4142135623731 2.35513868802566e-16
35.7740564212534 1.4142135623731 2.35513868802566e-16
35.7863862846602 1.4142135623731 2.35513868802566e-16
35.7987203976698 1.4142135623731 2.35513868802566e-16
35.8110587617469 1.4142135623731 2.35513868802566e-16
35.8234013783566 1.4142135623731 2.35513868802566e-16
35.8357482489648 1.4142135623731 2.35513868802566e-16
35.8480993750374 1.4142135623731 2.35513868802566e-16
35.8604547580413 1.4142135623731 2.35513868802566e-16
35.8728143994435 1.4142135623731 2.35513868802566e-16
35.8851783007119 1.4142135623731 2.35513868802566e-16
35.8975464633146 1.4142135623731 2.35513868802566e-16
35.9099188887202 1.4142135623731 2.35513868802566e-16
35.9222955783981 1.4142135623731 2.35513868802566e-16
35.934676533818 1.4142135623731 2.35513868802566e-16
35.94706175645 1.4142135623731 2.35513868802566e-16
35.959451247765 1.4142135623731 2.35513868802566e-16
35.9718450092341 1.4142135623731 2.35513868802566e-16
35.9842430423291 1.4142135623731 2.35513868802566e-16
35.9966453485222 1.4142135623731 2.35513868802566e-16
36.0090519292863 1.4142135623731 2.35513868802566e-16
36.0214627860946 1.4142135623731 2.35513868802566e-16
36.0338779204208 1.4142135623731 2.35513868802566e-16
36.0462973337393 1.4142135623731 2.35513868802566e-16
36.0587210275249 1.4142135623731 2.35513868802566e-16
36.0711490032528 1.4142135623731 2.35513868802566e-16
36.0835812623988 1.4142135623731 2.35513868802566e-16
36.0960178064394 1.4142135623731 2.35513868802566e-16
36.1084586368513 1.4142135623731 2.35513868802566e-16
36.1209037551118 1.4142135623731 2.35513868802566e-16
36.1333531626988 1.4142135623731 2.35513868802566e-16
36.1458068610907 1.4142135623731 2.35513868802566e-16
36.1582648517663 1.4142135623731 2.35513868802566e-16
36.170727136205 1.4142135623731 2.35513868802566e-16
36.1831937158867 1.4142135623731 2.35513868802566e-16
36.1956645922918 1.4142135623731 2.35513868802566e-16
36.2081397669011 1.4142135623731 2.35513868802566e-16
36.2206192411962 1.4142135623731 2.35513868802566e-16
36.2331030166588 1.4142135623731 2.35513868802566e-16
36.2455910947716 1.4142135623731 2.35513868802566e-16
36.2580834770174 1.4142135623731 2.35513868802566e-16
36.2705801648796 1.4142135623731 2.35513868802566e-16
36.2830811598423 1.4142135623731 2.35513868802566e-16
36.2955864633899 1.4142135623731 2.35513868802566e-16
36.3080960770074 1.4142135623731 2.35513868802566e-16
36.3206100021804 1.4142135623731 2.35513868802566e-16
36.3331282403948 1.4142135623731 2.35513868802566e-16
36.3456507931372 1.4142135623731 2.35513868802566e-16
36.3581776618946 1.4142135623731 2.35513868802566e-16
36.3707088481546 1.4142135623731 2.35513868802566e-16
36.3832443534052 1.4142135623731 2.35513868802566e-16
36.3957841791351 1.4142135623731 2.35513868802566e-16
36.4083283268333 1.4142135623731 2.35513868802566e-16
36.4208767979893 1.4142135623731 2.35513868802566e-16
36.4334295940935 1.4142135623731 2.35513868802566e-16
36.4459867166363 1.4142135623731 2.35513868802566e-16
36.4585481671089 1.4142135623731 2.35513868802566e-16
36.471113947003 1.4142135623731 2.35513868802566e-16
36.4836840578108 1.4142135623731 2.35513868802566e-16
36.496258501025 1.4142135623731 2.35513868802566e-16
36.5088372781386 1.4142135623731 2.35513868802566e-16
36.5214203906456 1.4142135623731 2.35513868802566e-16
36.5340078400401 1.4142135623731 2.35513868802566e-16
36.5465996278168 1.4142135623731 2.35513868802566e-16
36.5591957554711 1.4142135623731 2.35513868802566e-16
36.5717962244986 1.4142135623731 2.35513868802566e-16
36.5844010363958 1.4142135623731 2.35513868802566e-16
36.5970101926593 1.4142135623731 2.35513868802566e-16
36.6096236947866 1.4142135623731 2.35513868802566e-16
36.6222415442755 1.4142135623731 2.35513868802566e-16
36.6348637426243 1.4142135623731 2.35513868802566e-16
36.6474902913319 1.4142135623731 2.35513868802566e-16
36.6601211918978 1.4142135623731 2.35513868802566e-16
36.6727564458217 1.4142135623731 2.35513868802566e-16
36.6853960546041 1.4142135623731 2.35513868802566e-16
36.6980400197461 1.4142135623731 2.35513868802566e-16
36.710688342749 1.4142135623731 2.35513868802566e-16
36.7233410251148 1.4142135623731 2.35513868802566e-16
36.735998068346 1.4142135623731 2.35513868802566e-16
36.7486594739456 1.4142135623731 2.35513868802566e-16
36.7613252434172 1.4142135623731 2.35513868802566e-16
36.7739953782648 1.4142135623731 2.35513868802566e-16
36.786669879993 1.4142135623731 2.35513868802566e-16
36.7993487501068 1.4142135623731 2.35513868802566e-16
36.8120319901119 1.4142135623731 2.35513868802566e-16
36.8247196015144 1.4142135623731 2.35513868802566e-16
36.8374115858209 1.4142135623731 2.35513868802566e-16
36.8501079445386 1.4142135623731 2.35513868802566e-16
36.8628086791752 1.4142135623731 2.35513868802566e-16
36.8755137912389 1.4142135623731 2.35513868802566e-16
36.8882232822383 1.4142135623731 2.35513868802566e-16
36.9009371536828 1.4142135623731 2.35513868802566e-16
36.9136554070821 1.4142135623731 2.35513868802566e-16
36.9263780439465 1.4142135623731 2.35513868802566e-16
36.9391050657868 1.4142135623731 2.35513868802566e-16
36.9518364741143 1.4142135623731 2.35513868802566e-16
36.9645722704408 1.4142135623731 2.35513868802566e-16
36.9773124562787 1.4142135623731 2.35513868802566e-16
36.990057033141 1.4142135623731 2.35513868802566e-16
37.002806002541 1.4142135623731 2.35513868802566e-16
37.0155593659925 1.4142135623731 2.35513868802566e-16
37.0283171250102 1.4142135623731 2.35513868802566e-16
37.041079281109 1.4142135623731 2.35513868802566e-16
37.0538458358043 1.4142135623731 2.35513868802566e-16
37.0666167906122 1.4142135623731 2.35513868802566e-16
37.0793921470492 1.4142135623731 2.35513868802566e-16
37.0921719066324 1.4142135623731 2.35513868802566e-16
37.1049560708793 1.4142135623731 2.35513868802566e-16
37.1177446413082 1.4142135623731 2.35513868802566e-16
37.1305376194375 1.4142135623731 2.35513868802566e-16
37.1433350067865 1.4142135623731 2.35513868802566e-16
37.1561368048748 1.4142135623731 2.35513868802566e-16
37.1689430152227 1.4142135623731 2.35513868802566e-16
37.1817536393508 1.4142135623731 2.35513868802566e-16
37.1945686787805 1.4142135623731 2.35513868802566e-16
37.2073881350334 1.4142135623731 2.35513868802566e-16
37.220212009632 1.4142135623731 2.35513868802566e-16
37.2330403040989 1.4142135623731 2.35513868802566e-16
37.2458730199576 1.4142135623731 2.35513868802566e-16
37.258710158732 1.4142135623731 2.35513868802566e-16
37.2715517219464 1.4142135623731 2.35513868802566e-16
37.2843977111258 1.4142135623731 2.35513868802566e-16
37.2972481277956 1.4142135623731 2.35513868802566e-16
37.3101029734817 1.4142135623731 2.35513868802566e-16
37.3229622497108 1.4142135623731 2.35513868802566e-16
37.3358259580098 1.4142135623731 2.35513868802566e-16
37.3486940999063 1.4142135623731 2.35513868802566e-16
37.3615666769283 1.4142135623731 2.35513868802566e-16
37.3744436906045 1.4142135623731 2.35513868802566e-16
37.387325142464 1.4142135623731 2.35513868802566e-16
37.4002110340364 1.4142135623731 2.35513868802566e-16
37.413101366852 1.4142135623731 2.35513868802566e-16
37.4259961424415 1.4142135623731 2.35513868802566e-16
37.438895362336 1.4142135623731 2.35513868802566e-16
37.4517990280675 1.4142135623731 2.35513868802566e-16
37.4647071411681 1.4142135623731 2.35513868802566e-16
37.4776197031707 1.4142135623731 2.35513868802566e-16
37.4905367156087 1.4142135623731 2.35513868802566e-16
37.503458180016 1.4142135623731 2.35513868802566e-16
37.5163840979269 1.4142135623731 2.35513868802566e-16
37.5293144708763 1.4142135623731 2.35513868802566e-16
37.5422493003999 1.4142135623731 2.35513868802566e-16
37.5551885880336 1.4142135623731 2.35513868802566e-16
37.5681323353138 1.4142135623731 2.35513868802566e-16
37.5810805437777 1.4142135623731 2.35513868802566e-16
37.5940332149628 1.4142135623731 2.35513868802566e-16
37.6069903504073 1.4142135623731 2.35513868802566e-16
37.6199519516499 1.4142135623731 2.35513868802566e-16
37.6329180202296 1.4142135623731 2.35513868802566e-16
37.6458885576862 1.4142135623731 2.35513868802566e-16
37.65886356556 1.4142135623731 2.35513868802566e-16
37.6718430453917 1.4142135623731 2.35513868802566e-16
37.6848269987226 1.4142135623731 2.35513868802566e-16
37.6978154270945 1.4142135623731 2.35513868802566e-16
37.7108083320499 1.4142135623731 2.35513868802566e-16
37.7238057151316 1.4142135623731 2.35513868802566e-16
37.736807577883 1.4142135623731 2.35513868802566e-16
37.7498139218481 1.4142135623731 2.35513868802566e-16
37.7628247485714 1.4142135623731 2.35513868802566e-16
37.775840059598 1.4142135623731 2.35513868802566e-16
37.7888598564733 1.4142135623731 2.35513868802566e-16
37.8018841407435 1.4142135623731 2.35513868802566e-16
37.8149129139551 1.4142135623731 2.35513868802566e-16
37.8279461776554 1.4142135623731 2.35513868802566e-16
37.8409839333921 1.4142135623731 2.35513868802566e-16
37.8540261827132 1.4142135623731 2.35513868802566e-16
37.8670729271677 1.4142135623731 2.35513868802566e-16
37.8801241683048 1.4142135623731 2.35513868802566e-16
37.8931799076744 1.4142135623731 2.35513868802566e-16
37.9062401468267 1.4142135623731 2.35513868802566e-16
37.9193048873126 1.4142135623731 2.35513868802566e-16
37.9323741306837 1.4142135623731 2.35513868802566e-16
37.9454478784919 1.4142135623731 2.35513868802566e-16
37.9585261322896 1.4142135623731 2.35513868802566e-16
37.9716088936298 1.4142135623731 2.35513868802566e-16
37.9846961640663 1.4142135623731 2.35513868802566e-16
37.997787945153 1.4142135623731 2.35513868802566e-16
38.0108842384446 1.4142135623731 2.35513868802566e-16
38.0239850454962 1.4142135623731 2.35513868802566e-16
38.0370903678637 1.4142135623731 2.35513868802566e-16
38.0502002071031 1.4142135623731 2.35513868802566e-16
38.0633145647714 1.4142135623731 2.35513868802566e-16
38.0764334424258 1.4142135623731 2.35513868802566e-16
38.0895568416242 1.4142135623731 2.35513868802566e-16
38.102684763925 1.4142135623731 2.35513868802566e-16
38.1158172108871 1.4142135623731 2.35513868802566e-16
38.1289541840699 1.4142135623731 2.35513868802566e-16
38.1420956850335 1.4142135623731 2.35513868802566e-16
38.1552417153384 1.4142135623731 2.35513868802566e-16
38.1683922765458 1.4142135623731 2.35513868802566e-16
38.1815473702171 1.4142135623731 2.35513868802566e-16
38.1947069979146 1.4142135623731 2.35513868802566e-16
38.207871161201 1.4142135623731 2.35513868802566e-16
38.2210398616395 1.4142135623731 2.35513868802566e-16
38.2342131007938 1.4142135623731 2.35513868802566e-16
38.2473908802284 1.4142135623731 2.35513868802566e-16
38.260573201508 1.4142135623731 2.35513868802566e-16
38.2737600661979 1.4142135623731 2.35513868802566e-16
38.2869514758643 1.4142135623731 2.35513868802566e-16
38.3001474320734 1.4142135623731 2.35513868802566e-16
38.3133479363924 1.4142135623731 2.35513868802566e-16
38.3265529903888 1.4142135623731 2.35513868802566e-16
38.3397625956306 1.4142135623731 2.35513868802566e-16
38.3529767536865 1.4142135623731 2.35513868802566e-16
38.3661954661257 1.4142135623731 2.35513868802566e-16
38.3794187345179 1.4142135623731 2.35513868802566e-16
38.3926465604332 1.4142135623731 2.35513868802566e-16
38.4058789454426 1.4142135623731 2.35513868802566e-16
38.4191158911174 1.4142135623731 2.35513868802566e-16
38.4323573990294 1.4142135623731 2.35513868802566e-16
38.4456034707511 1.4142135623731 2.35513868802566e-16
38.4588541078553 1.4142135623731 2.35513868802566e-16
38.4721093119157 1.4142135623731 2.35513868802566e-16
38.4853690845062 1.4142135623731 2.35513868802566e-16
38.4986334272014 1.4142135623731 2.35513868802566e-16
38.5119023415765 1.4142135623731 2.35513868802566e-16
38.5251758292072 1.4142135623731 2.35513868802566e-16
38.5384538916696 1.4142135623731 2.35513868802566e-16
38.5517365305406 1.4142135623731 2.35513868802566e-16
38.5650237473973 1.4142135623731 2.35513868802566e-16
38.5783155438177 1.4142135623731 2.35513868802566e-16
38.5916119213802 1.4142135623731 2.35513868802566e-16
38.6049128816637 1.4142135623731 2.35513868802566e-16
38.6182184262476 1.4142135623731 2.35513868802566e-16
38.631528556712 1.4142135623731 2.35513868802566e-16
38.6448432746375 1.4142135623731 2.35513868802566e-16
38.6581625816051 1.4142135623731 2.35513868802566e-16
38.6714864791966 1.4142135623731 2.35513868802566e-16
38.684814968994 1.4142135623731 2.35513868802566e-16
38.6981480525803 1.4142135623731 2.35513868802566e-16
38.7114857315386 1.4142135623731 2.35513868802566e-16
38.7248280074528 1.4142135623731 2.35513868802566e-16
38.7381748819073 1.4142135623731 2.35513868802566e-16
38.751526356487 1.4142135623731 2.35513868802566e-16
38.7648824327774 1.4142135623731 2.35513868802566e-16
38.7782431123645 1.4142135623731 2.35513868802566e-16
38.7916083968349 1.4142135623731 2.35513868802566e-16
38.8049782877756 1.4142135623731 2.35513868802566e-16
38.8183527867745 1.4142135623731 2.35513868802566e-16
38.8317318954196 1.4142135623731 2.35513868802566e-16
38.8451156152998 1.4142135623731 2.35513868802566e-16
38.8585039480042 1.4142135623731 2.35513868802566e-16
38.8718968951229 1.4142135623731 2.35513868802566e-16
38.8852944582462 1.4142135623731 2.35513868802566e-16
38.8986966389649 1.4142135623731 2.35513868802566e-16
38.9121034388708 1.4142135623731 2.35513868802566e-16
38.9255148595557 1.4142135623731 2.35513868802566e-16
38.9389309026123 1.4142135623731 2.35513868802566e-16
38.9523515696337 1.4142135623731 2.35513868802566e-16
38.9657768622136 1.4142135623731 2.35513868802566e-16
38.9792067819463 1.4142135623731 2.35513868802566e-16
38.9926413304265 1.4142135623731 2.35513868802566e-16
39.0060805092496 1.4142135623731 2.35513868802566e-16
39.0195243200115 1.4142135623731 2.35513868802566e-16
39.0329727643086 1.4142135623731 2.35513868802566e-16
39.0464258437379 1.4142135623731 2.35513868802566e-16
39.0598835598969 1.4142135623731 2.35513868802566e-16
39.0733459143839 1.4142135623731 2.35513868802566e-16
39.0868129087972 1.4142135623731 2.35513868802566e-16
39.1002845447363 1.4142135623731 2.35513868802566e-16
39.1137608238008 1.4142135623731 2.35513868802566e-16
39.1272417475911 1.4142135623731 2.35513868802566e-16
39.1407273177078 1.4142135623731 2.35513868802566e-16
39.1542175357526 1.4142135623731 2.35513868802566e-16
39.1677124033273 1.4142135623731 2.35513868802566e-16
39.1812119220344 1.4142135623731 2.35513868802566e-16
39.1947160934771 1.4142135623731 2.35513868802566e-16
39.2082249192588 1.4142135623731 2.35513868802566e-16
39.2217384009837 1.4142135623731 2.35513868802566e-16
39.2352565402566 1.4142135623731 2.35513868802566e-16
39.2487793386828 1.4142135623731 2.35513868802566e-16
39.262306797868 1.4142135623731 2.35513868802566e-16
39.2758389194186 1.4142135623731 2.35513868802566e-16
39.2893757049417 1.4142135623731 2.35513868802566e-16
39.3029171560445 1.4142135623731 2.35513868802566e-16
39.3164632743352 1.4142135623731 2.35513868802566e-16
39.3300140614224 1.4142135623731 2.35513868802566e-16
39.3435695189152 1.4142135623731 2.35513868802566e-16
39.3571296484233 1.4142135623731 2.35513868802566e-16
39.370694451557 1.4142135623731 2.35513868802566e-16
39.3842639299271 1.4142135623731 2.35513868802566e-16
39.3978380851448 1.4142135623731 2.35513868802566e-16
39.4114169188223 1.4142135623731 2.35513868802566e-16
39.4250004325719 1.4142135623731 2.35513868802566e-16
39.4385886280066 1.4142135623731 2.35513868802566e-16
39.4521815067401 1.4142135623731 2.35513868802566e-16
39.4657790703864 1.4142135623731 2.35513868802566e-16
39.4793813205604 1.4142135623731 2.35513868802566e-16
39.4929882588772 1.4142135623731 2.35513868802566e-16
39.5065998869527 1.4142135623731 2.35513868802566e-16
39.5202162064032 1.4142135623731 2.35513868802566e-16
39.5338372188456 1.4142135623731 2.35513868802566e-16
39.5474629258975 1.4142135623731 2.35513868802566e-16
39.5610933291769 1.4142135623731 2.35513868802566e-16
39.5747284303023 1.4142135623731 2.35513868802566e-16
39.588368230893 1.4142135623731 2.35513868802566e-16
39.6020127325686 1.4142135623731 2.35513868802566e-16
39.6156619369494 1.4142135623731 2.35513868802566e-16
39.6293158456563 1.4142135623731 2.35513868802566e-16
39.6429744603107 1.4142135623731 2.35513868802566e-16
39.6566377825344 1.4142135623731 2.35513868802566e-16
39.67030581395 1.4142135623731 2.35513868802566e-16
39.6839785561806 1.4142135623731 2.35513868802566e-16
39.6976560108498 1.4142135623731 2.35513868802566e-16
39.7113381795818 1.4142135623731 2.35513868802566e-16
39.7250250640012 1.4142135623731 2.35513868802566e-16
39.7387166657336 1.4142135623731 2.35513868802566e-16
39.7524129864046 1.4142135623731 2.35513868802566e-16
39.7661140276407 1.4142135623731 2.35513868802566e-16
39.779819791069 1.4142135623731 2.35513868802566e-16
39.7935302783169 1.4142135623731 2.35513868802566e-16
39.8072454910125 1.4142135623731 2.35513868802566e-16
39.8209654307847 1.4142135623731 2.35513868802566e-16
39.8346900992624 1.4142135623731 2.35513868802566e-16
39.8484194980757 1.4142135623731 2.35513868802566e-16
39.8621536288547 1.4142135623731 2.35513868802566e-16
39.8758924932305 1.4142135623731 2.35513868802566e-16
39.8896360928345 1.4142135623731 2.35513868802566e-16
39.9033844292987 1.4142135623731 2.35513868802566e-16
39.9171375042558 1.4142135623731 2.35513868802566e-16
39.930895319339 1.4142135623731 2.35513868802566e-16
39.9446578761818 1.4142135623731 2.35513868802566e-16
39.9584251764187 1.4142135623731 2.35513868802566e-16
39.9721972216845 1.4142135623731 2.35513868802566e-16
39.9859740136146 1.4142135623731 2.35513868802566e-16
39.999755553845 1.4142135623731 2.35513868802566e-16
40.0135418440123 1.4142135623731 2.35513868802566e-16
40.0273328857535 1.4142135623731 2.35513868802566e-16
40.0411286807063 1.4142135623731 2.35513868802566e-16
40.054929230509 1.4142135623731 2.35513868802566e-16
40.0687345368003 1.4142135623731 2.35513868802566e-16
40.0825446012197 1.4142135623731 2.35513868802566e-16
40.0963594254071 1.4142135623731 2.35513868802566e-16
40.1101790110029 1.4142135623731 2.35513868802566e-16
40.1240033596483 1.4142135623731 2.35513868802566e-16
40.1378324729848 1.4142135623731 2.35513868802566e-16
40.1516663526547 1.4142135623731 2.35513868802566e-16
40.1655050003007 1.4142135623731 2.35513868802566e-16
40.1793484175662 1.4142135623731 2.35513868802566e-16
40.193196606095 1.4142135623731 2.35513868802566e-16
40.2070495675316 1.4142135623731 2.35513868802566e-16
40.220907303521 1.4142135623731 2.35513868802566e-16
40.2347698157088 1.4142135623731 2.35513868802566e-16
40.2486371057413 1.4142135623731 2.35513868802566e-16
40.262509175265 1.4142135623731 2.35513868802566e-16
40.2763860259274 1.4142135623731 2.35513868802566e-16
40.2902676593762 1.4142135623731 2.35513868802566e-16
40.30415407726 1.4142135623731 2.35513868802566e-16
40.3180452812276 1.4142135623731 2.35513868802566e-16
40.3319412729287 1.4142135623731 2.35513868802566e-16
40.3458420540135 1.4142135623731 2.35513868802566e-16
40.3597476261325 1.4142135623731 2.35513868802566e-16
40.3736579909371 1.4142135623731 2.35513868802566e-16
40.3875731500792 1.4142135623731 2.35513868802566e-16
40.4014931052112 1.4142135623731 2.35513868802566e-16
40.4154178579859 1.4142135623731 2.35513868802566e-16
40.4293474100571 1.4142135623731 2.35513868802566e-16
40.4432817630788 1.4142135623731 2.35513868802566e-16
40.4572209187056 1.4142135623731 2.35513868802566e-16
40.4711648785929 1.4142135623731 2.35513868802566e-16
40.4851136443966 1.4142135623731 2.35513868802566e-16
40.4990672177729 1.4142135623731 2.35513868802566e-16
40.5130256003789 1.4142135623731 2.35513868802566e-16
40.5269887938721 1.4142135623731 2.35513868802566e-16
40.5409567999107 1.4142135623731 2.35513868802566e-16
40.5549296201532 1.4142135623731 2.35513868802566e-16
40.5689072562591 1.4142135623731 2.35513868802566e-16
40.5828897098881 1.4142135623731 2.35513868802566e-16
40.5968769827006 1.4142135623731 2.35513868802566e-16
40.6108690763577 1.4142135623731 2.35513868802566e-16
40.6248659925207 1.4142135623731 2.35513868802566e-16
40.638867732852 1.4142135623731 2.35513868802566e-16
40.6528742990141 1.4142135623731 2.35513868802566e-16
40.6668856926704 1.4142135623731 2.35513868802566e-16
40.6809019154846 1.4142135623731 2.35513868802566e-16
40.6949229691212 1.4142135623731 2.35513868802566e-16
40.7089488552452 1.4142135623731 2.35513868802566e-16
40.7229795755221 1.4142135623731 2.35513868802566e-16
40.7370151316181 1.4142135623731 2.35513868802566e-16
40.7510555252 1.4142135623731 2.35513868802566e-16
40.7651007579348 1.4142135623731 2.35513868802566e-16
40.7791508314907 1.4142135623731 2.35513868802566e-16
40.7932057475358 1.4142135623731 2.35513868802566e-16
40.8072655077394 1.4142135623731 2.35513868802566e-16
40.8213301137709 1.4142135623731 2.35513868802566e-16
40.8353995673005 1.4142135623731 2.35513868802566e-16
40.849473869999 1.4142135623731 2.35513868802566e-16
40.8635530235376 1.4142135623731 2.35513868802566e-16
40.8776370295883 1.4142135623731 2.35513868802566e-16
40.8917258898236 1.4142135623731 2.35513868802566e-16
40.9058196059164 1.4142135623731 2.35513868802566e-16
40.9199181795403 1.4142135623731 2.35513868802566e-16
40.9340216123696 1.4142135623731 2.35513868802566e-16
40.9481299060791 1.4142135623731 2.35513868802566e-16
40.9622430623441 1.4142135623731 2.35513868802566e-16
40.9763610828404 1.4142135623731 2.35513868802566e-16
40.9904839692447 1.4142135623731 2.35513868802566e-16
41.004611723234 1.4142135623731 2.35513868802566e-16
41.0187443464859 1.4142135623731 2.35513868802566e-16
41.0328818406787 1.4142135623731 2.35513868802566e-16
41.0470242074912 1.4142135623731 2.35513868802566e-16
41.0611714486029 1.4142135623731 2.35513868802566e-16
41.0753235656936 1.4142135623731 2.35513868802566e-16
41.0894805604439 1.4142135623731 2.35513868802566e-16
41.103642434535 1.4142135623731 2.35513868802566e-16
41.1178091896485 1.4142135623731 2.35513868802566e-16
41.1319808274668 1.4142135623731 2.35513868802566e-16
41.1461573496728 1.4142135623731 2.35513868802566e-16
41.1603387579498 1.4142135623731 2.35513868802566e-16
41.1745250539819 1.4142135623731 2.35513868802566e-16
41.1887162394537 1.4142135623731 2.35513868802566e-16
41.2029123160505 1.4142135623731 2.35513868802566e-16
41.2171132854579 1.4142135623731 2.35513868802566e-16
41.2313191493624 1.4142135623731 2.35513868802566e-16
41.2455299094508 1.4142135623731 2.35513868802566e-16
41.2597455674107 1.4142135623731 2.35513868802566e-16
41.2739661249302 1.4142135623731 2.35513868802566e-16
41.2881915836979 1.4142135623731 2.35513868802566e-16
41.3024219454032 1.4142135623731 2.35513868802566e-16
41.3166572117358 1.4142135623731 2.35513868802566e-16
41.3308973843863 1.4142135623731 2.35513868802566e-16
41.3451424650455 1.4142135623731 2.35513868802566e-16
41.3593924554051 1.4142135623731 2.35513868802566e-16
41.3736473571573 1.4142135623731 2.35513868802566e-16
41.3879071719948 1.4142135623731 2.35513868802566e-16
41.4021719016109 1.4142135623731 2.35513868802566e-16
41.4164415476997 1.4142135623731 2.35513868802566e-16
41.4307161119555 1.4142135623731 2.35513868802566e-16
41.4449955960736 1.4142135623731 2.35513868802566e-16
41.4592800017495 1.4142135623731 2.35513868802566e-16
41.4735693306795 1.4142135623731 2.35513868802566e-16
41.4878635845605 1.4142135623731 2.35513868802566e-16
41.5021627650898 1.4142135623731 2.35513868802566e-16
41.5164668739657 1.4142135623731 2.35513868802566e-16
41.5307759128865 1.4142135623731 2.35513868802566e-16
41.5450898835515 1.4142135623731 2.35513868802566e-16
41.5594087876605 1.4142135623731 2.35513868802566e-16
41.5737326269138 1.4142135623731 2.35513868802566e-16
41.5880614030124 1.4142135623731 2.35513868802566e-16
41.6023951176578 1.4142135623731 2.35513868802566e-16
41.6167337725522 1.4142135623731 2.35513868802566e-16
41.6310773693982 1.4142135623731 2.35513868802566e-16
41.645425909899 1.4142135623731 2.35513868802566e-16
41.6597793957587 1.4142135623731 2.35513868802566e-16
41.6741378286816 1.4142135623731 2.35513868802566e-16
41.6885012103729 1.4142135623731 2.35513868802566e-16
41.702869542538 1.4142135623731 2.35513868802566e-16
41.7172428268834 1.4142135623731 2.35513868802566e-16
41.7316210651158 1.4142135623731 2.35513868802566e-16
41.7460042589425 1.4142135623731 2.35513868802566e-16
41.7603924100716 1.4142135623731 2.35513868802566e-16
41.7747855202117 1.4142135623731 2.35513868802566e-16
41.7891835910719 1.4142135623731 2.35513868802566e-16
41.8035866243621 1.4142135623731 2.35513868802566e-16
41.8179946217924 1.4142135623731 2.35513868802566e-16
41.832407585074 1.4142135623731 2.35513868802566e-16
41.8468255159182 1.4142135623731 2.35513868802566e-16
41.8612484160373 1.4142135623731 2.35513868802566e-16
41.8756762871439 1.4142135623731 2.35513868802566e-16
41.8901091309513 1.4142135623731 2.35513868802566e-16
41.9045469491735 1.4142135623731 2.35513868802566e-16
41.9189897435248 1.4142135623731 2.35513868802566e-16
41.9334375157204 1.4142135623731 2.35513868802566e-16
41.947890267476 1.4142135623731 2.35513868802566e-16
41.9623480005077 1.4142135623731 2.35513868802566e-16
41.9768107165324 1.4142135623731 2.35513868802566e-16
41.9912784172676 1.4142135623731 2.35513868802566e-16
42.0057511044313 1.4142135623731 2.35513868802566e-16
42.020228779742 1.4142135623731 2.35513868802566e-16
42.0347114449191 1.4142135623731 2.35513868802566e-16
42.0491991016823 1.4142135623731 2.35513868802566e-16
42.063691751752 1.4142135623731 2.35513868802566e-16
42.0781893968493 1.4142135623731 2.35513868802566e-16
42.0926920386956 1.4142135623731 2.35513868802566e-16
42.1071996790131 1.4142135623731 2.35513868802566e-16
42.1217123195248 1.4142135623731 2.35513868802566e-16
42.1362299619537 1.4142135623731 2.35513868802566e-16
42.1507526080241 1.4142135623731 2.35513868802566e-16
42.1652802594604 1.4142135623731 2.35513868802566e-16
42.1798129179877 1.4142135623731 2.35513868802566e-16
42.1943505853318 1.4142135623731 2.35513868802566e-16
42.208893263219 1.4142135623731 2.35513868802566e-16
42.2234409533763 1.4142135623731 2.35513868802566e-16
42.2379936575312 1.4142135623731 2.35513868802566e-16
42.2525513774118 1.4142135623731 2.35513868802566e-16
42.2671141147468 1.4142135623731 2.35513868802566e-16
42.2816818712656 1.4142135623731 2.35513868802566e-16
42.296254648698 1.4142135623731 2.35513868802566e-16
42.3108324487745 1.4142135623731 2.35513868802566e-16
42.3254152732263 1.4142135623731 2.35513868802566e-16
42.3400031237851 1.4142135623731 2.35513868802566e-16
42.354596002183 1.4142135623731 2.35513868802566e-16
42.3691939101532 1.4142135623731 2.35513868802566e-16
42.3837968494289 1.4142135623731 2.35513868802566e-16
42.3984048217444 1.4142135623731 2.35513868802566e-16
42.4130178288342 1.4142135623731 2.35513868802566e-16
42.4276358724338 1.4142135623731 2.35513868802566e-16
42.4422589542789 1.4142135623731 2.35513868802566e-16
42.456887076106 1.4142135623731 2.35513868802566e-16
42.4715202396522 1.4142135623731 2.35513868802566e-16
42.4861584466553 1.4142135623731 2.35513868802566e-16
42.5008016988534 1.4142135623731 2.35513868802566e-16
42.5154499979854 1.4142135623731 2.35513868802566e-16
42.5301033457908 1.4142135623731 2.35513868802566e-16
42.5447617440098 1.4142135623731 2.35513868802566e-16
42.5594251943829 1.4142135623731 2.35513868802566e-16
42.5740936986514 1.4142135623731 2.35513868802566e-16
42.5887672585572 1.4142135623731 2.35513868802566e-16
42.6034458758428 1.4142135623731 2.35513868802566e-16
42.6181295522512 1.4142135623731 2.35513868802566e-16
42.6328182895261 1.4142135623731 2.35513868802566e-16
42.6475120894119 1.4142135623731 2.35513868802566e-16
42.6622109536533 1.4142135623731 2.35513868802566e-16
42.6769148839958 1.4142135623731 2.35513868802566e-16
42.6916238821856 1.4142135623731 2.35513868802566e-16
42.7063379499693 1.4142135623731 2.35513868802566e-16
42.7210570890942 1.4142135623731 2.35513868802566e-16
42.7357813013082 1.4142135623731 2.35513868802566e-16
42.7505105883597 1.4142135623731 2.35513868802566e-16
42.7652449519979 1.4142135623731 2.35513868802566e-16
42.7799843939725 1.4142135623731 2.35513868802566e-16
42.7947289160336 1.4142135623731 2.35513868802566e-16
42.8094785199324 1.4142135623731 2.35513868802566e-16
42.8242332074201 1.4142135623731 2.35513868802566e-16
42.8389929802491 1.4142135623731 2.35513868802566e-16
42.8537578401719 1.4142135623731 2.35513868802566e-16
42.8685277889418 1.4142135623731 2.35513868802566e-16
42.8833028283129 1.4142135623731 2.35513868802566e-16
42.8980829600396 1.4142135623731 2.35513868802566e-16
42.912868185877 1.4142135623731 2.35513868802566e-16
42.9276585075809 1.4142135623731 2.35513868802566e-16
42.9424539269076 1.4142135623731 2.35513868802566e-16
42.9572544456141 1.4142135623731 2.35513868802566e-16
42.9720600654579 1.4142135623731 2.35513868802566e-16
42.9868707881972 1.4142135623731 2.35513868802566e-16
43.0016866155907 1.4142135623731 2.35513868802566e-16
43.0165075493978 1.4142135623731 2.35513868802566e-16
43.0313335913785 1.4142135623731 2.35513868802566e-16
43.0461647432933 1.4142135623731 2.35513868802566e-16
43.0610010069034 1.4142135623731 2.35513868802566e-16
43.0758423839707 1.4142135623731 2.35513868802566e-16
43.0906888762575 1.4142135623731 2.35513868802566e-16
43.1055404855268 1.4142135623731 2.35513868802566e-16
43.1203972135423 1.4142135623731 2.35513868802566e-16
43.1352590620682 1.4142135623731 2.35513868802566e-16
43.1501260328692 1.4142135623731 2.35513868802566e-16
43.1649981277109 1.4142135623731 2.35513868802566e-16
43.1798753483594 1.4142135623731 2.35513868802566e-16
43.1947576965811 1.4142135623731 2.35513868802566e-16
43.2096451741435 1.4142135623731 2.35513868802566e-16
43.2245377828144 1.4142135623731 2.35513868802566e-16
43.2394355243623 1.4142135623731 2.35513868802566e-16
43.2543384005562 1.4142135623731 2.35513868802566e-16
43.2692464131659 1.4142135623731 2.35513868802566e-16
43.2841595639617 1.4142135623731 2.35513868802566e-16
43.2990778547146 1.4142135623731 2.35513868802566e-16
43.3140012871959 1.4142135623731 2.35513868802566e-16
43.328929863178 1.4142135623731 2.35513868802566e-16
43.3438635844335 1.4142135623731 2.35513868802566e-16
43.3588024527359 1.4142135623731 2.35513868802566e-16
43.373746469859 1.4142135623731 2.35513868802566e-16
43.3886956375775 1.4142135623731 2.35513868802566e-16
43.4036499576666 1.4142135623731 2.35513868802566e-16
43.4186094319021 1.4142135623731 2.35513868802566e-16
43.4335740620604 1.4142135623731 2.35513868802566e-16
43.4485438499186 1.4142135623731 2.35513868802566e-16
43.4635187972543 1.4142135623731 2.35513868802566e-16
43.4784989058457 1.4142135623731 2.35513868802566e-16
43.4934841774718 1.4142135623731 2.35513868802566e-16
43.5084746139121 1.4142135623731 2.35513868802566e-16
43.5234702169466 1.4142135623731 2.35513868802566e-16
43.538470988356 1.4142135623731 2.35513868802566e-16
43.5534769299217 1.4142135623731 2.35513868802566e-16
43.5684880434256 1.4142135623731 2.35513868802566e-16
43.5835043306503 1.4142135623731 2.35513868802566e-16
43.598525793379 1.4142135623731 2.35513868802566e-16
43.6135524333954 1.4142135623731 2.35513868802566e-16
43.6285842524839 1.4142135623731 2.35513868802566e-16
43.6436212524296 1.4142135623731 2.35513868802566e-16
43.6586634350181 1.4142135623731 2.35513868802566e-16
43.6737108020356 1.4142135623731 2.35513868802566e-16
43.688763355269 1.4142135623731 2.35513868802566e-16
43.7038210965058 1.4142135623731 2.35513868802566e-16
43.718884027534 1.4142135623731 2.35513868802566e-16
43.7339521501424 1.4142135623731 2.35513868802566e-16
43.7490254661204 1.4142135623731 2.35513868802566e-16
43.7641039772577 1.4142135623731 2.35513868802566e-16
43.7791876853451 1.4142135623731 2.35513868802566e-16
43.7942765921736 1.4142135623731 2.35513868802566e-16
43.8093706995351 1.4142135623731 2.35513868802566e-16
43.824470009222 1.4142135623731 2.35513868802566e-16
43.8395745230274 1.4142135623731 2.35513868802566e-16
43.8546842427448 1.4142135623731 2.35513868802566e-16
43.8697991701685 1.4142135623731 2.35513868802566e-16
43.8849193070934 1.4142135623731 2.35513868802566e-16
43.9000446553151 1.4142135623731 2.35513868802566e-16
43.9151752166296 1.4142135623731 2.35513868802566e-16
43.9303109928337 1.4142135623731 2.35513868802566e-16
43.9454519857248 1.4142135623731 2.35513868802566e-16
43.9605981971008 1.4142135623731 2.35513868802566e-16
43.9757496287603 1.4142135623731 2.35513868802566e-16
43.9909062825025 1.4142135623731 2.35513868802566e-16
44.0060681601274 1.4142135623731 2.35513868802566e-16
44.0212352634352 1.4142135623731 2.35513868802566e-16
44.0364075942272 1.4142135623731 2.35513868802566e-16
44.0515851543051 1.4142135623731 2.35513868802566e-16
44.0667679454711 1.4142135623731 2.35513868802566e-16
44.0819559695281 1.4142135623731 2.35513868802566e-16
44.0971492282799 1.4142135623731 2.35513868802566e-16
44.1123477235304 1.4142135623731 2.35513868802566e-16
44.1275514570847 1.4142135623731 2.35513868802566e-16
44.142760430748 1.4142135623731 2.35513868802566e-16
44.1579746463264 1.4142135623731 2.35513868802566e-16
44.1731941056267 1.4142135623731 2.35513868802566e-16
44.1884188104561 1.4142135623731 2.35513868802566e-16
44.2036487626225 1.4142135623731 2.35513868802566e-16
44.2188839639344 1.4142135623731 2.35513868802566e-16
44.2341244162011 1.4142135623731 2.35513868802566e-16
44.2493701212324 1.4142135623731 2.35513868802566e-16
44.2646210808386 1.4142135623731 2.35513868802566e-16
44.2798772968307 1.4142135623731 2.35513868802566e-16
44.2951387710206 1.4142135623731 2.35513868802566e-16
44.3104055052203 1.4142135623731 2.35513868802566e-16
44.3256775012429 1.4142135623731 2.35513868802566e-16
44.3409547609019 1.4142135623731 2.35513868802566e-16
44.3562372860114 1.4142135623731 2.35513868802566e-16
44.3715250783863 1.4142135623731 2.35513868802566e-16
44.3868181398419 1.4142135623731 2.35513868802566e-16
44.4021164721943 1.4142135623731 2.35513868802566e-16
44.4174200772601 1.4142135623731 2.35513868802566e-16
44.4327289568566 1.4142135623731 2.35513868802566e-16
44.4480431128018 1.4142135623731 2.35513868802566e-16
44.4633625469143 1.4142135623731 2.35513868802566e-16
44.478687261013 1.4142135623731 2.35513868802566e-16
44.4940172569179 1.4142135623731 2.35513868802566e-16
44.5093525364494 1.4142135623731 2.35513868802566e-16
44.5246931014286 1.4142135623731 2.35513868802566e-16
44.540038953677 1.4142135623731 2.35513868802566e-16
44.5553900950171 1.4142135623731 2.35513868802566e-16
44.5707465272718 1.4142135623731 2.35513868802566e-16
44.5861082522645 1.4142135623731 2.35513868802566e-16
44.6014752718196 1.4142135623731 2.35513868802566e-16
44.6168475877618 1.4142135623731 2.35513868802566e-16
44.6322252019166 1.4142135623731 2.35513868802566e-16
44.64760811611 1.4142135623731 2.35513868802566e-16
44.6629963321688 1.4142135623731 2.35513868802566e-16
44.6783898519204 1.4142135623731 2.35513868802566e-16
44.6937886771925 1.4142135623731 2.35513868802566e-16
44.709192809814 1.4142135623731 2.35513868802566e-16
44.724602251614 1.4142135623731 2.35513868802566e-16
44.7400170044222 1.4142135623731 2.35513868802566e-16
44.7554370700694 1.4142135623731 2.35513868802566e-16
44.7708624503865 1.4142135623731 2.35513868802566e-16
44.7862931472054 1.4142135623731 2.35513868802566e-16
44.8017291623583 1.4142135623731 2.35513868802566e-16
44.8171704976783 1.4142135623731 2.35513868802566e-16
44.8326171549991 1.4142135623731 2.35513868802566e-16
44.848069136155 1.4142135623731 2.35513868802566e-16
44.8635264429807 1.4142135623731 2.35513868802566e-16
44.878989077312 1.4142135623731 2.35513868802566e-16
44.8944570409849 1.4142135623731 2.35513868802566e-16
44.9099303358363 1.4142135623731 2.35513868802566e-16
44.9254089637036 1.4142135623731 2.35513868802566e-16
44.9408929264249 1.4142135623731 2.35513868802566e-16
44.9563822258388 1.4142135623731 2.35513868802566e-16
44.9718768637848 1.4142135623731 2.35513868802566e-16
44.9873768421028 1.4142135623731 2.35513868802566e-16
45.0028821626334 1.4142135623731 2.35513868802566e-16
45.0183928272179 1.4142135623731 2.35513868802566e-16
45.0339088376981 1.4142135623731 2.35513868802566e-16
45.0494301959165 1.4142135623731 2.35513868802566e-16
45.0649569037164 1.4142135623731 2.35513868802566e-16
45.0804889629414 1.4142135623731 2.35513868802566e-16
45.0960263754361 1.4142135623731 2.35513868802566e-16
45.1115691430453 1.4142135623731 2.35513868802566e-16
45.127117267615 1.4142135623731 2.35513868802566e-16
45.1426707509913 1.4142135623731 2.35513868802566e-16
45.1582295950212 1.4142135623731 2.35513868802566e-16
45.1737938015523 1.4142135623731 2.35513868802566e-16
45.189363372433 1.4142135623731 2.35513868802566e-16
45.204938309512 1.4142135623731 2.35513868802566e-16
45.2205186146388 1.4142135623731 2.35513868802566e-16
45.2361042896636 1.4142135623731 2.35513868802566e-16
45.2516953364372 1.4142135623731 2.35513868802566e-16
45.267291756811 1.4142135623731 2.35513868802566e-16
45.2828935526371 1.4142135623731 2.35513868802566e-16
45.2985007257682 1.4142135623731 2.35513868802566e-16
45.3141132780576 1.4142135623731 2.35513868802566e-16
45.3297312113592 1.4142135623731 2.35513868802566e-16
45.3453545275278 1.4142135623731 2.35513868802566e-16
45.3609832284185 1.4142135623731 2.35513868802566e-16
45.3766173158873 1.4142135623731 2.35513868802566e-16
45.3922567917907 1.4142135623731 2.35513868802566e-16
45.4079016579858 1.4142135623731 2.35513868802566e-16
45.4235519163305 1.4142135623731 2.35513868802566e-16
45.4392075686832 1.4142135623731 2.35513868802566e-16
45.4548686169031 1.4142135623731 2.35513868802566e-16
45.4705350628498 1.4142135623731 2.35513868802566e-16
45.4862069083838 1.4142135623731 2.35513868802566e-16
45.501884155366 1.4142135623731 2.35513868802566e-16
45.5175668056582 1.4142135623731 2.35513868802566e-16
45.5332548611225 1.4142135623731 2.35513868802566e-16
45.5489483236221 1.4142135623731 2.35513868802566e-16
45.5646471950203 1.4142135623731 2.35513868802566e-16
45.5803514771816 1.4142135623731 2.35513868802566e-16
45.5960611719707 1.4142135623731 2.35513868802566e-16
45.6117762812531 1.4142135623731 2.35513868802566e-16
45.6274968068951 1.4142135623731 2.35513868802566e-16
45.6432227507634 1.4142135623731 2.35513868802566e-16
45.6589541147254 1.4142135623731 2.35513868802566e-16
45.6746909006493 1.4142135623731 2.35513868802566e-16
45.6904331104038 1.4142135623731 2.35513868802566e-16
45.7061807458582 1.4142135623731 2.35513868802566e-16
45.7219338088826 1.4142135623731 2.35513868802566e-16
45.7376923013475 1.4142135623731 2.35513868802566e-16
45.7534562251245 1.4142135623731 2.35513868802566e-16
45.7692255820853 1.4142135623731 2.35513868802566e-16
45.7850003741026 1.4142135623731 2.35513868802566e-16
45.8007806030496 1.4142135623731 2.35513868802566e-16
45.8165662708003 1.4142135623731 2.35513868802566e-16
45.8323573792291 1.4142135623731 2.35513868802566e-16
45.8481539302112 1.4142135623731 2.35513868802566e-16
45.8639559256225 1.4142135623731 2.35513868802566e-16
45.8797633673394 1.4142135623731 2.35513868802566e-16
45.895576257239 1.4142135623731 2.35513868802566e-16
45.9113945971992 1.4142135623731 2.35513868802566e-16
45.9272183890984 1.4142135623731 2.35513868802566e-16
45.9430476348155 1.4142135623731 2.35513868802566e-16
45.9588823362303 1.4142135623731 2.35513868802566e-16
45.9747224952232 1.4142135623731 2.35513868802566e-16
45.9905681136752 1.4142135623731 2.35513868802566e-16
46.0064191934678 1.4142135623731 2.35513868802566e-16
46.0222757364835 1.4142135623731 2.35513868802566e-16
46.0381377446052 1.4142135623731 2.35513868802566e-16
46.0540052197165 1.4142135623731 2.35513868802566e-16
46.0698781637015 1.4142135623731 2.35513868802566e-16
46.0857565784453 1.4142135623731 2.35513868802566e-16
46.1016404658334 1.4142135623731 2.35513868802566e-16
46.1175298277519 1.4142135623731 2.35513868802566e-16
46.1334246660878 1.4142135623731 2.35513868802566e-16
46.1493249827285 1.4142135623731 2.35513868802566e-16
46.1652307795621 1.4142135623731 2.35513868802566e-16
46.1811420584775 1.4142135623731 2.35513868802566e-16
46.1970588213641 1.4142135623731 2.35513868802566e-16
46.212981070112 1.4142135623731 2.35513868802566e-16
46.228908806612 1.4142135623731 2.35513868802566e-16
46.2448420327555 1.4142135623731 2.35513868802566e-16
46.2607807504345 1.4142135623731 2.35513868802566e-16
46.2767249615417 1.4142135623731 2.35513868802566e-16
46.2926746679706 1.4142135623731 2.35513868802566e-16
46.3086298716151 1.4142135623731 2.35513868802566e-16
46.3245905743698 1.4142135623731 2.35513868802566e-16
46.3405567781302 1.4142135623731 2.35513868802566e-16
46.3565284847921 1.4142135623731 2.35513868802566e-16
46.3725056962522 1.4142135623731 2.35513868802566e-16
46.3884884144078 1.4142135623731 2.35513868802566e-16
46.4044766411569 1.4142135623731 2.35513868802566e-16
46.4204703783979 1.4142135623731 2.35513868802566e-16
46.4364696280302 1.4142135623731 2.35513868802566e-16
46.4524743919537 1.4142135623731 2.35513868802566e-16
46.4684846720688 1.4142135623731 2.35513868802566e-16
46.4845004702768 1.4142135623731 2.35513868802566e-16
46.5005217884796 1.4142135623731 2.35513868802566e-16
46.5165486285797 1.4142135623731 2.35513868802566e-16
46.5325809924803 1.4142135623731 2.35513868802566e-16
46.5486188820851 1.4142135623731 2.35513868802566e-16
46.5646622992987 1.4142135623731 2.35513868802566e-16
46.5807112460263 1.4142135623731 2.35513868802566e-16
46.5967657241735 1.4142135623731 2.35513868802566e-16
46.6128257356469 1.4142135623731 2.35513868802566e-16
46.6288912823536 1.4142135623731 2.35513868802566e-16
46.6449623662014 1.4142135623731 2.35513868802566e-16
46.6610389890986 1.4142135623731 2.35513868802566e-16
46.6771211529544 1.4142135623731 2.35513868802566e-16
46.6932088596785 1.4142135623731 2.35513868802566e-16
46.7093021111813 1.4142135623731 2.35513868802566e-16
46.7254009093739 1.4142135623731 2.35513868802566e-16
46.741505256168 1.4142135623731 2.35513868802566e-16
46.757615153476 1.4142135623731 2.35513868802566e-16
46.7737306032108 1.4142135623731 2.35513868802566e-16
46.7898516072863 1.4142135623731 2.35513868802566e-16
46.8059781676166 1.4142135623731 2.35513868802566e-16
46.822110286117 1.4142135623731 2.35513868802566e-16
46.838247964703 1.4142135623731 2.35513868802566e-16
46.854391205291 1.4142135623731 2.35513868802566e-16
46.870540009798 1.4142135623731 2.35513868802566e-16
46.8866943801416 1.4142135623731 2.35513868802566e-16
46.9028543182402 1.4142135623731 2.35513868802566e-16
46.9190198260127 1.4142135623731 2.35513868802566e-16
46.9351909053787 1.4142135623731 2.35513868802566e-16
46.9513675582587 1.4142135623731 2.35513868802566e-16
46.9675497865734 1.4142135623731 2.35513868802566e-16
46.9837375922446 1.4142135623731 2.35513868802566e-16
46.9999309771946 1.4142135623731 2.35513868802566e-16
47.0161299433463 1.4142135623731 2.35513868802566e-16
47.0323344926233 1.4142135623731 2.35513868802566e-16
47.0485446269499 1.4142135623731 2.35513868802566e-16
47.064760348251 1.4142135623731 2.35513868802566e-16
47.0809816584522 1.4142135623731 2.35513868802566e-16
47.0972085594799 1.4142135623731 2.35513868802566e-16
47.1134410532608 1.4142135623731 2.35513868802566e-16
47.1296791417227 1.4142135623731 2.35513868802566e-16
47.1459228267938 1.4142135623731 2.35513868802566e-16
47.162172110403 1.4142135623731 2.35513868802566e-16
47.1784269944799 1.4142135623731 2.35513868802566e-16
47.1946874809547 1.4142135623731 2.35513868802566e-16
47.2109535717584 1.4142135623731 2.35513868802566e-16
47.2272252688226 1.4142135623731 2.35513868802566e-16
47.2435025740795 1.4142135623731 2.35513868802566e-16
47.2597854894619 1.4142135623731 2.35513868802566e-16
47.2760740169036 1.4142135623731 2.35513868802566e-16
47.2923681583388 1.4142135623731 2.35513868802566e-16
47.3086679157023 1.4142135623731 2.35513868802566e-16
47.3249732909297 1.4142135623731 2.35513868802566e-16
47.3412842859574 1.4142135623731 2.35513868802566e-16
47.3576009027221 1.4142135623731 2.35513868802566e-16
47.3739231431616 1.4142135623731 2.35513868802566e-16
47.390251009214 1.4142135623731 2.35513868802566e-16
47.4065845028183 1.4142135623731 2.35513868802566e-16
47.422923625914 1.4142135623731 2.35513868802566e-16
47.4392683804415 1.4142135623731 2.35513868802566e-16
47.4556187683416 1.4142135623731 2.35513868802566e-16
47.4719747915559 1.4142135623731 2.35513868802566e-16
47.4883364520268 1.4142135623731 2.35513868802566e-16
47.504703751697 1.4142135623731 2.35513868802566e-16
47.5210766925103 1.4142135623731 2.35513868802566e-16
47.537455276411 1.4142135623731 2.35513868802566e-16
47.5538395053438 1.4142135623731 2.35513868802566e-16
47.5702293812546 1.4142135623731 2.35513868802566e-16
47.5866249060894 1.4142135623731 2.35513868802566e-16
47.6030260817954 1.4142135623731 2.35513868802566e-16
47.6194329103202 1.4142135623731 2.35513868802566e-16
47.6358453936119 1.4142135623731 2.35513868802566e-16
47.6522635336196 1.4142135623731 2.35513868802566e-16
47.668687332293 1.4142135623731 2.35513868802566e-16
47.6851167915823 1.4142135623731 2.35513868802566e-16
47.7015519134386 1.4142135623731 2.35513868802566e-16
47.7179926998134 1.4142135623731 2.35513868802566e-16
47.7344391526592 1.4142135623731 2.35513868802566e-16
47.7508912739289 1.4142135623731 2.35513868802566e-16
47.7673490655761 1.4142135623731 2.35513868802566e-16
47.7838125295553 1.4142135623731 2.35513868802566e-16
47.8002816678215 1.4142135623731 2.35513868802566e-16
47.8167564823304 1.4142135623731 2.35513868802566e-16
47.8332369750382 1.4142135623731 2.35513868802566e-16
47.8497231479022 1.4142135623731 2.35513868802566e-16
47.8662150028799 1.4142135623731 2.35513868802566e-16
47.8827125419299 1.4142135623731 2.35513868802566e-16
47.8992157670111 1.4142135623731 2.35513868802566e-16
47.9157246800833 1.4142135623731 2.35513868802566e-16
47.9322392831069 1.4142135623731 2.35513868802566e-16
47.948759578043 1.4142135623731 2.35513868802566e-16
47.9652855668534 1.4142135623731 2.35513868802566e-16
47.9818172515006 1.4142135623731 2.35513868802566e-16
47.9983546339476 1.4142135623731 2.35513868802566e-16
48.0148977161583 1.4142135623731 2.35513868802566e-16
48.0314465000971 1.4142135623731 2.35513868802566e-16
48.0480009877292 1.4142135623731 2.35513868802566e-16
48.0645611810204 1.4142135623731 2.35513868802566e-16
48.0811270819372 1.4142135623731 2.35513868802566e-16
48.0976986924469 1.4142135623731 2.35513868802566e-16
48.1142760145172 1.4142135623731 2.35513868802566e-16
48.1308590501168 1.4142135623731 2.35513868802566e-16
48.1474478012148 1.4142135623731 2.35513868802566e-16
48.1640422697811 1.4142135623731 2.35513868802566e-16
48.1806424577864 1.4142135623731 2.35513868802566e-16
48.1972483672018 1.4142135623731 2.35513868802566e-16
48.2138599999994 1.4142135623731 2.35513868802566e-16
48.2304773581517 1.4142135623731 2.35513868802566e-16
48.247100443632 1.4142135623731 2.35513868802566e-16
48.2637292584144 1.4142135623731 2.35513868802566e-16
48.2803638044734 1.4142135623731 2.35513868802566e-16
48.2970040837844 1.4142135623731 2.35513868802566e-16
48.3136500983235 1.4142135623731 2.35513868802566e-16
48.3303018500673 1.4142135623731 2.35513868802566e-16
48.3469593409931 1.4142135623731 2.35513868802566e-16
48.3636225730792 1.4142135623731 2.35513868802566e-16
48.3802915483042 1.4142135623731 2.35513868802566e-16
48.3969662686475 1.4142135623731 2.35513868802566e-16
48.4136467360892 1.4142135623731 2.35513868802566e-16
48.4303329526102 1.4142135623731 2.35513868802566e-16
48.4470249201919 1.4142135623731 2.35513868802566e-16
48.4637226408165 1.4142135623731 2.35513868802566e-16
48.4804261164668 1.4142135623731 2.35513868802566e-16
48.4971353491263 1.4142135623731 2.35513868802566e-16
48.5138503407792 1.4142135623731 2.35513868802566e-16
48.5305710934106 1.4142135623731 2.35513868802566e-16
48.5472976090058 1.4142135623731 2.35513868802566e-16
48.5640298895512 1.4142135623731 2.35513868802566e-16
48.5807679370336 1.4142135623731 2.35513868802566e-16
48.5975117534409 1.4142135623731 2.35513868802566e-16
48.6142613407611 1.4142135623731 2.35513868802566e-16
48.6310167009835 1.4142135623731 2.35513868802566e-16
48.6477778360975 1.4142135623731 2.35513868802566e-16
48.6645447480937 1.4142135623731 2.35513868802566e-16
48.6813174389631 1.4142135623731 2.35513868802566e-16
48.6980959106973 1.4142135623731 2.35513868802566e-16
48.7148801652889 1.4142135623731 2.35513868802566e-16
48.731670204731 1.4142135623731 2.35513868802566e-16
48.7484660310173 1.4142135623731 2.35513868802566e-16
48.7652676461423 1.4142135623731 2.35513868802566e-16
48.7820750521013 1.4142135623731 2.35513868802566e-16
48.79888825089 1.4142135623731 2.35513868802566e-16
48.8157072445051 1.4142135623731 2.35513868802566e-16
48.8325320349438 1.4142135623731 2.35513868802566e-16
48.849362624204 1.4142135623731 2.35513868802566e-16
48.8661990142844 1.4142135623731 2.35513868802566e-16
48.8830412071841 1.4142135623731 2.35513868802566e-16
48.8998892049033 1.4142135623731 2.35513868802566e-16
48.9167430094426 1.4142135623731 2.35513868802566e-16
48.9336026228034 1.4142135623731 2.35513868802566e-16
48.9504680469878 1.4142135623731 2.35513868802566e-16
48.9673392839985 1.4142135623731 2.35513868802566e-16
48.9842163358389 1.4142135623731 2.35513868802566e-16
49.0010992045133 1.4142135623731 2.35513868802566e-16
49.0179878920263 1.4142135623731 2.35513868802566e-16
49.0348824003836 1.4142135623731 2.35513868802566e-16
49.0517827315913 1.4142135623731 2.35513868802566e-16
49.0686888876564 1.4142135623731 2.35513868802566e-16
49.0856008705864 1.4142135623731 2.35513868802566e-16
49.1025186823897 1.4142135623731 2.35513868802566e-16
49.1194423250751 1.4142135623731 2.35513868802566e-16
49.1363718006524 1.4142135623731 2.35513868802566e-16
49.1533071111319 1.4142135623731 2.35513868802566e-16
49.1702482585247 1.4142135623731 2.35513868802566e-16
49.1871952448426 1.4142135623731 2.35513868802566e-16
49.2041480720979 1.4142135623731 2.35513868802566e-16
49.2211067423038 1.4142135623731 2.35513868802566e-16
49.2380712574741 1.4142135623731 2.35513868802566e-16
49.2550416196233 1.4142135623731 2.35513868802566e-16
49.2720178307668 1.4142135623731 2.35513868802566e-16
49.2889998929203 1.4142135623731 2.35513868802566e-16
49.3059878081005 1.4142135623731 2.35513868802566e-16
49.3229815783247 1.4142135623731 2.35513868802566e-16
49.3399812056108 1.4142135623731 2.35513868802566e-16
49.3569866919776 1.4142135623731 2.35513868802566e-16
49.3739980394445 1.4142135623731 2.35513868802566e-16
49.3910152500315 1.4142135623731 2.35513868802566e-16
49.4080383257594 1.4142135623731 2.35513868802566e-16
49.4250672686498 1.4142135623731 2.35513868802566e-16
49.4421020807247 1.4142135623731 2.35513868802566e-16
49.459142764007 1.4142135623731 2.35513868802566e-16
49.4761893205203 1.4142135623731 2.35513868802566e-16
49.4932417522889 1.4142135623731 2.35513868802566e-16
49.5103000613377 1.4142135623731 2.35513868802566e-16
49.5273642496924 1.4142135623731 2.35513868802566e-16
49.5444343193794 1.4142135623731 2.35513868802566e-16
49.5615102724256 1.4142135623731 2.35513868802566e-16
49.5785921108589 1.4142135623731 2.35513868802566e-16
49.5956798367077 1.4142135623731 2.35513868802566e-16
49.6127734520012 1.4142135623731 2.35513868802566e-16
49.6298729587692 1.4142135623731 2.35513868802566e-16
49.6469783590423 1.4142135623731 2.35513868802566e-16
49.6640896548517 1.4142135623731 2.35513868802566e-16
49.6812068482293 1.4142135623731 2.35513868802566e-16
49.6983299412079 1.4142135623731 2.35513868802566e-16
49.7154589358207 1.4142135623731 2.35513868802566e-16
49.7325938341019 1.4142135623731 2.35513868802566e-16
49.7497346380862 1.4142135623731 2.35513868802566e-16
49.7668813498089 1.4142135623731 2.35513868802566e-16
49.7840339713064 1.4142135623731 2.35513868802566e-16
49.8011925046155 1.4142135623731 2.35513868802566e-16
49.8183569517737 1.4142135623731 2.35513868802566e-16
49.8355273148192 1.4142135623731 2.35513868802566e-16
49.8527035957911 1.4142135623731 2.35513868802566e-16
49.869885796729 1.4142135623731 2.35513868802566e-16
49.8870739196733 1.4142135623731 2.35513868802566e-16
49.904267966665 1.4142135623731 2.35513868802566e-16
49.921467939746 1.4142135623731 2.35513868802566e-16
49.9386738409587 1.4142135623731 2.35513868802566e-16
49.9558856723464 1.4142135623731 2.35513868802566e-16
49.9731034359528 1.4142135623731 2.35513868802566e-16
49.9903271338226 1.4142135623731 2.35513868802566e-16
50.0075567680011 1.4142135623731 2.35513868802566e-16
50.0247923405343 1.4142135623731 2.35513868802566e-16
50.0420338534689 1.4142135623731 2.35513868802566e-16
50.0592813088523 1.4142135623731 2.35513868802566e-16
50.0765347087327 1.4142135623731 2.35513868802566e-16
50.0937940551589 1.4142135623731 2.35513868802566e-16
50.1110593501803 1.4142135623731 2.35513868802566e-16
50.1283305958473 1.4142135623731 2.35513868802566e-16
50.1456077942107 1.4142135623731 2.35513868802566e-16
50.1628909473224 1.4142135623731 2.35513868802566e-16
50.1801800572344 1.4142135623731 2.35513868802566e-16
50.1974751260001 1.4142135623731 2.35513868802566e-16
50.2147761556731 1.4142135623731 2.35513868802566e-16
50.2320831483079 1.4142135623731 2.35513868802566e-16
50.2493961059598 1.4142135623731 2.35513868802566e-16
50.2667150306846 1.4142135623731 2.35513868802566e-16
50.2840399245388 1.4142135623731 2.35513868802566e-16
50.3013707895799 1.4142135623731 2.35513868802566e-16
50.3187076278659 1.4142135623731 2.35513868802566e-16
50.3360504414555 1.4142135623731 2.35513868802566e-16
50.3533992324081 1.4142135623731 2.35513868802566e-16
50.3707540027839 1.4142135623731 2.35513868802566e-16
50.3881147546437 1.4142135623731 2.35513868802566e-16
50.4054814900492 1.4142135623731 2.35513868802566e-16
50.4228542110626 1.4142135623731 2.35513868802566e-16
50.440232919747 1.4142135623731 2.35513868802566e-16
50.4576176181659 1.4142135623731 2.35513868802566e-16
50.4750083083839 1.4142135623731 2.35513868802566e-16
50.492404992466 1.4142135623731 2.35513868802566e-16
50.5098076724782 1.4142135623731 2.35513868802566e-16
50.5272163504869 1.4142135623731 2.35513868802566e-16
50.5446310285595 1.4142135623731 2.35513868802566e-16
50.5620517087638 1.4142135623731 2.35513868802566e-16
50.5794783931687 1.4142135623731 2.35513868802566e-16
50.5969110838434 1.4142135623731 2.35513868802566e-16
50.6143497828582 1.4142135623731 2.35513868802566e-16
50.6317944922839 1.4142135623731 2.35513868802566e-16
50.6492452141919 1.4142135623731 2.35513868802566e-16
50.6667019506545 1.4142135623731 2.35513868802566e-16
50.6841647037448 1.4142135623731 2.35513868802566e-16
50.7016334755364 1.4142135623731 2.35513868802566e-16
50.7191082681038 1.4142135623731 2.35513868802566e-16
50.7365890835219 1.4142135623731 2.35513868802566e-16
50.7540759238667 1.4142135623731 2.35513868802566e-16
50.7715687912147 1.4142135623731 2.35513868802566e-16
50.7890676876433 1.4142135623731 2.35513868802566e-16
50.8065726152302 1.4142135623731 2.35513868802566e-16
50.8240835760543 1.4142135623731 2.35513868802566e-16
50.8416005721949 1.4142135623731 2.35513868802566e-16
50.8591236057323 1.4142135623731 2.35513868802566e-16
50.8766526787472 1.4142135623731 2.35513868802566e-16
50.8941877933211 1.4142135623731 2.35513868802566e-16
50.9117289515365 1.4142135623731 2.35513868802566e-16
50.9292761554762 1.4142135623731 2.35513868802566e-16
50.946829407224 1.4142135623731 2.35513868802566e-16
50.9643887088643 1.4142135623731 2.35513868802566e-16
50.9819540624823 1.4142135623731 2.35513868802566e-16
50.9995254701638 1.4142135623731 2.35513868802566e-16
51.0171029339955 1.4142135623731 2.35513868802566e-16
51.0346864560646 1.4142135623731 2.35513868802566e-16
51.0522760384592 1.4142135623731 2.35513868802566e-16
51.069871683268 1.4142135623731 2.35513868802566e-16
51.0874733925805 1.4142135623731 2.35513868802566e-16
51.1050811684869 1.4142135623731 2.35513868802566e-16
51.122695013078 1.4142135623731 2.35513868802566e-16
51.1403149284456 1.4142135623731 2.35513868802566e-16
51.1579409166819 1.4142135623731 2.35513868802566e-16
51.1755729798801 1.4142135623731 2.35513868802566e-16
51.1932111201339 1.4142135623731 2.35513868802566e-16
51.2108553395378 1.4142135623731 2.35513868802566e-16
51.2285056401871 1.4142135623731 2.35513868802566e-16
51.2461620241777 1.4142135623731 2.35513868802566e-16
51.2638244936063 1.4142135623731 2.35513868802566e-16
51.2814930505704 1.4142135623731 2.35513868802566e-16
51.299167697168 1.4142135623731 2.35513868802566e-16
51.316848435498 1.4142135623731 2.35513868802566e-16
51.33453526766 1.4142135623731 2.35513868802566e-16
51.3522281957542 1.4142135623731 2.35513868802566e-16
51.3699272218817 1.4142135623731 2.35513868802566e-16
51.3876323481442 1.4142135623731 2.35513868802566e-16
51.4053435766442 1.4142135623731 2.35513868802566e-16
51.4230609094849 1.4142135623731 2.35513868802566e-16
51.4407843487703 1.4142135623731 2.35513868802566e-16
51.4585138966048 1.4142135623731 2.35513868802566e-16
51.476249555094 1.4142135623731 2.35513868802566e-16
51.4939913263439 1.4142135623731 2.35513868802566e-16
51.5117392124613 1.4142135623731 2.35513868802566e-16
51.5294932155538 1.4142135623731 2.35513868802566e-16
51.5472533377297 1.4142135623731 2.35513868802566e-16
