1.64352567634172 0.000249485195806339 0.000277004367948697
1.6440921328502 0.000249485195806339 0.000277004367948697
1.64465878459323 0.000249485195806339 0.000277004367948697
1.64522563163808 0.000249485195806339 0.000277004367948697
1.64579267405207 0.000249485195806339 0.000277004367948697
1.64635991190254 0.000249485195806339 0.000277004367948697
1.64692734525684 0.000249485195806339 0.000277004367948697
1.64749497418236 0.000249485195806339 0.000277004367948697
1.6480627987465 0.000249485195806339 0.000277004367948697
1.6486308190167 0.000249485195806339 0.000277004367948697
1.64919903506039 0.000249485195806339 0.000277004367948697
1.64976744694507 0.000249485195806339 0.000277004367948697
1.65033605473822 0.000249485195806339 0.000277004367948697
1.65090485850737 0.000249485195806339 0.000277004367948697
1.65147385832006 0.000249485195806339 0.000277004367948697
1.65204305424387 0.000249485195806339 0.000277004367948697
1.65261244634637 0.000249485195806339 0.000277004367948697
1.6531820346952 0.000249485195806339 0.000277004367948697
1.65375181935798 0.000249485195806339 0.000277004367948697
1.65432180040238 0.000249485195806339 0.000277004367948697
1.65489197789608 0.000249485195806339 0.000277004367948697
1.65546235190679 0.000295177566802023 0.000346745015450774
1.65603292250225 0.000295177566802023 0.000346745015450774
1.6566036897502 0.000295177566802023 0.000346745015450774
1.65717465371842 0.000295177566802023 0.000346745015450774
1.65774581447472 0.000295177566802023 0.000346745015450774
1.65831717208692 0.000295177566802023 0.000346745015450774
1.65888872662287 0.000295177566802023 0.000346745015450774
1.65946047815044 0.000295177566802023 0.000346745015450774
1.66003242673753 0.000295177566802023 0.000346745015450774
1.66060457245205 0.000295177566802023 0.000346745015450774
1.66117691536195 0.000295177566802023 0.000346745015450774
1.66174945553519 0.000295177566802023 0.000346745015450774
1.66232219303976 0.000295177566802023 0.000346745015450774
1.66289512794367 0.000295177566802023 0.000346745015450774
1.66346826031496 0.000295177566802023 0.000346745015450774
1.66404159022168 0.000295177566802023 0.000346745015450774
1.66461511773193 0.000295177566802023 0.000346745015450774
1.66518884291379 0.000295177566802023 0.000346745015450774
1.66576276583542 0.000295177566802023 0.000346745015450774
1.66633688656495 0.000295177566802023 0.000346745015450774
1.66691120517056 0.000295177566802023 0.000346745015450774
1.66748572172046 0.000295177566802023 0.000346745015450774
1.66806043628286 0.000295177566802023 0.000346745015450774
1.66863534892602 0.000295177566802023 0.000346745015450774
1.6692104597182 0.000295177566802023 0.000346745015450774
1.6697857687277 0.000295177566802023 0.000346745015450774
1.67036127602283 0.000295177566802023 0.000346745015450774
1.67093698167194 0.000295177566802023 0.000346745015450774
1.67151288574339 0.000295177566802023 0.000346745015450774
1.67208898830557 0.000295177566802023 0.000346745015450774
1.67266528942689 0.000295177566802023 0.000346745015450774
1.67324178917579 0.000295177566802023 0.000346745015450774
1.67381848762072 0.000295177566802023 0.000346745015450774
1.67439538483017 0.000295177566802023 0.000346745015450774
1.67497248087264 0.000295177566802023 0.000346745015450774
1.67554977581667 0.000295177566802023 0.000346745015450774
1.6761272697308 0.000295177566802023 0.000346745015450774
1.67670496268361 0.000295177566802023 0.000346745015450774
1.67728285474371 0.000295177566802023 0.000346745015450774
1.67786094597972 0.000295177566802023 0.000346745015450774
1.67843923646028 0.000295177566802023 0.000346745015450774
1.67901772625407 0.000299083703542682 0.000344487770443652
1.67959641542978 0.000299083703542682 0.000344487770443652
1.68017530405613 0.000299083703542682 0.000344487770443652
1.68075439220186 0.000299083703542682 0.000344487770443652
1.68133367993575 0.000299083703542682 0.000344487770443652
1.68191316732657 0.000299083703542682 0.000344487770443652
1.68249285444315 0.000299083703542682 0.000344487770443652
1.68307274135432 0.000299083703542682 0.000344487770443652
1.68365282812895 0.000299083703542682 0.000344487770443652
1.6842331148359 0.000299083703542682 0.000344487770443652
1.68481360154411 0.000299083703542682 0.000344487770443652
1.68539428832249 0.000299083703542682 0.000344487770443652
1.68597517524 0.000299083703542682 0.000344487770443652
1.68655626236563 0.000299083703542682 0.000344487770443652
1.68713754976838 0.000299083703542682 0.000344487770443652
1.68771903751727 0.000299083703542682 0.000344487770443652
1.68830072568135 0.000299083703542682 0.000344487770443652
1.68888261432971 0.000299083703542682 0.000344487770443652
1.68946470353144 0.000299083703542682 0.000344487770443652
1.69004699335565 0.000299083703542682 0.000344487770443652
1.69062948387151 0.000299083703542682 0.000344487770443652
1.69121217514818 0.000299083703542682 0.000344487770443652
1.69179506725484 0.000299083703542682 0.000344487770443652
1.69237816026073 0.000299083703542682 0.000344487770443652
1.69296145423508 0.000299083703542682 0.000344487770443652
1.69354494924716 0.000299083703542682 0.000344487770443652
1.69412864536626 0.000299083703542682 0.000344487770443652
1.69471254266169 0.000299083703542682 0.000344487770443652
1.69529664120278 0.000299083703542682 0.000344487770443652
1.69588094105891 0.000299083703542682 0.000344487770443652
1.69646544229945 0.000299083703542682 0.000344487770443652
1.69705014499381 0.000299083703542682 0.000344487770443652
1.69763504921143 0.000299083703542682 0.000344487770443652
1.69822015502177 0.000299083703542682 0.000344487770443652
1.6988054624943 0.000299083703542682 0.000344487770443652
1.69939097169852 0.000299083703542682 0.000344487770443652
1.69997668270398 0.000299083703542682 0.000344487770443652
1.70056259558022 0.000299083703542682 0.000344487770443652
1.70114871039681 0.000299083703542682 0.000344487770443652
1.70173502722336 0.000299083703542682 0.000344487770443652
1.7023215461295 0.000299083703542682 0.000344487770443652
1.70290826718486 0.000299083703542682 0.000344487770443652
1.70349519045913 0.000299083703542682 0.000344487770443652
1.704082316022 0.000299083703542682 0.000344487770443652
1.70466964394319 0.000299083703542682 0.000344487770443652
1.70525717429244 0.000299083703542682 0.000344487770443652
1.70584490713953 0.000299083703542682 0.000344487770443652
1.70643284255425 0.000299083703542682 0.000344487770443652
1.70702098060641 0.000299083703542682 0.000344487770443652
1.70760932136586 0.000299083703542682 0.000344487770443652
1.70819786490246 0.000299083703542682 0.000344487770443652
1.70878661128609 0.000299083703542682 0.000344487770443652
1.70937556058668 0.000299083703542682 0.000344487770443652
1.70996471287415 0.000299083703542682 0.000344487770443652
1.71055406821848 0.000299083703542682 0.000344487770443652
1.71114362668964 0.000299083703542682 0.000344487770443652
1.71173338835765 0.000299083703542682 0.000344487770443652
1.71232335329254 0.000299083703542682 0.000344487770443652
1.71291352156437 0.000299083703542682 0.000344487770443652
1.71350389324321 0.000299083703542682 0.000344487770443652
1.71409446839918 0.000299083703542682 0.000344487770443652
1.71468524710241 0.000299083703542682 0.000344487770443652
1.71527622942304 0.000299083703542682 0.000344487770443652
1.71586741543126 0.000299083703542682 0.000344487770443652
1.71645880519728 0.000299083703542682 0.000344487770443652
1.71705039879131 0.000299083703542682 0.000344487770443652
1.71764219628362 0.000299083703542682 0.000344487770443652
1.71823419774447 0.000299083703542682 0.000344487770443652
1.71882640324416 0.000299083703542682 0.000344487770443652
1.71941881285302 0.000299083703542682 0.000344487770443652
1.7200114266414 0.000299083703542682 0.000344487770443652
1.72060424467967 0.000299083703542682 0.000344487770443652
1.72119726703822 0.000299083703542682 0.000344487770443652
1.72179049378749 0.000299083703542682 0.000344487770443652
1.7223839249979 0.000299083703542682 0.000344487770443652
1.72297756073993 0.000299083703542682 0.000344487770443652
1.72357140108408 0.000299083703542682 0.000344487770443652
1.72416544610087 0.000299083703542682 0.000344487770443652
1.72475969586083 0.000299083703542682 0.000344487770443652
1.72535415043453 0.000299083703542682 0.000344487770443652
1.72594880989256 0.000299083703542682 0.000344487770443652
1.72654367430554 0.000299083703542682 0.000344487770443652
1.72713874374412 0.000299083703542682 0.000344487770443652
1.72773401827894 0.000299083703542682 0.000344487770443652
1.7283294979807 0.000299083703542682 0.000344487770443652
1.72892518292012 0.000299083703542682 0.000344487770443652
1.72952107316793 0.000299083703542682 0.000344487770443652
1.73011716879488 0.000299083703542682 0.000344487770443652
1.73071346987178 0.000299083703542682 0.000344487770443652
1.73130997646942 0.000299083703542682 0.000344487770443652
1.73190668865865 0.000299083703542682 0.000344487770443652
1.73250360651032 0.000299083703542682 0.000344487770443652
1.73310073009531 0.000299083703542682 0.000344487770443652
1.73369805948454 0.000299083703542682 0.000344487770443652
1.73429559474893 0.000299083703542682 0.000344487770443652
1.73489333595944 0.000299083703542682 0.000344487770443652
1.73549128318706 0.000299083703542682 0.000344487770443652
1.73608943650278 0.000299083703542682 0.000344487770443652
1.73668779597765 0.000299083703542682 0.000344487770443652
1.73728636168271 0.000299083703542682 0.000344487770443652
1.73788513368904 0.000299083703542682 0.000344487770443652
1.73848411206775 0.000299083703542682 0.000344487770443652
1.73908329688996 0.000299083703542682 0.000344487770443652
1.73968268822683 0.000299083703542682 0.000344487770443652
1.74028228614954 0.000299083703542682 0.000344487770443652
1.74088209072928 0.000299083703542682 0.000344487770443652
1.74148210203728 0.000299083703542682 0.000344487770443652
1.7420823201448 0.000299083703542682 0.000344487770443652
1.74268274512311 0.000299083703542682 0.000344487770443652
1.74328337704351 0.000299083703542682 0.000344487770443652
1.74388421597732 0.000299083703542682 0.000344487770443652
1.74448526199589 0.000299083703542682 0.000344487770443652
1.7450865151706 0.000299083703542682 0.000344487770443652
1.74568797557285 0.000299083703542682 0.000344487770443652
1.74628964327405 0.000299083703542682 0.000344487770443652
1.74689151834565 0.000299083703542682 0.000344487770443652
1.74749360085914 0.000299083703542682 0.000344487770443652
1.748095890886 0.000299083703542682 0.000344487770443652
1.74869838849775 0.000299083703542682 0.000344487770443652
1.74930109376595 0.000299083703542682 0.000344487770443652
1.74990400676215 0.000299083703542682 0.000344487770443652
1.75050712755797 0.000299083703542682 0.000344487770443652
1.75111045622501 0.000299083703542682 0.000344487770443652
1.75171399283493 0.000299083703542682 0.000344487770443652
1.75231773745938 0.000299083703542682 0.000344487770443652
1.75292169017008 0.000299083703542682 0.000344487770443652
1.75352585103873 0.000299083703542682 0.000344487770443652
1.75413022013707 0.000299083703542682 0.000344487770443652
1.75473479753689 0.000299083703542682 0.000344487770443652
1.75533958330996 0.000299083703542682 0.000344487770443652
1.75594457752811 0.000299083703542682 0.000344487770443652
1.75654978026319 0.000299083703542682 0.000344487770443652
1.75715519158705 0.000299083703542682 0.000344487770443652
1.75776081157159 0.000299083703542682 0.000344487770443652
1.75836664028872 0.000299083703542682 0.000344487770443652
1.7589726778104 0.000299083703542682 0.000344487770443652
1.75957892420857 0.000299083703542682 0.000344487770443652
1.76018537955525 0.000299083703542682 0.000344487770443652
1.76079204392244 0.000299083703542682 0.000344487770443652
1.76139891738217 0.000299083703542682 0.000344487770443652
1.76200600000653 0.000299083703542682 0.000344487770443652
1.7626132918676 0.000299083703542682 0.000344487770443652
1.76322079303749 0.000299083703542682 0.000344487770443652
1.76382850358835 0.000299083703542682 0.000344487770443652
1.76443642359233 0.000299083703542682 0.000344487770443652
1.76504455312164 0.000299083703542682 0.000344487770443652
1.76565289224848 0.000299083703542682 0.000344487770443652
1.76626144104509 0.000299083703542682 0.000344487770443652
1.76687019958375 0.000299083703542682 0.000344487770443652
1.76747916793673 0.000299083703542682 0.000344487770443652
1.76808834617635 0.000299083703542682 0.000344487770443652
1.76869773437496 0.000299083703542682 0.000344487770443652
1.76930733260492 0.000299083703542682 0.000344487770443652
1.76991714093861 0.000299083703542682 0.000344487770443652
1.77052715944845 0.000299083703542682 0.000344487770443652
1.77113738820688 0.000299083703542682 0.000344487770443652
1.77174782728636 0.000299083703542682 0.000344487770443652
1.77235847675939 0.000299083703542682 0.000344487770443652
1.77296933669847 0.000299083703542682 0.000344487770443652
1.77358040717615 0.000299083703542682 0.000344487770443652
1.77419168826499 0.000299083703542682 0.000344487770443652
1.77480318003758 0.000299083703542682 0.000344487770443652
1.77541488256653 0.000299083703542682 0.000344487770443652
1.77602679592449 0.000299083703542682 0.000344487770443652
1.77663892018411 0.000299083703542682 0.000344487770443652
1.77725125541809 0.000299083703542682 0.000344487770443652
1.77786380169913 0.000299083703542682 0.000344487770443652
1.77847655909999 0.000299083703542682 0.000344487770443652
1.77908952769342 0.000299083703542682 0.000344487770443652
1.77970270755221 0.000299083703542682 0.000344487770443652
1.78031609874918 0.000299083703542682 0.000344487770443652
1.78092970135717 0.000299083703542682 0.000344487770443652
1.78154351544905 0.000299083703542682 0.000344487770443652
1.78215754109769 0.000299083703542682 0.000344487770443652
1.78277177837602 0.000299083703542682 0.000344487770443652
1.78338622735698 0.000299083703542682 0.000344487770443652
1.78400088811353 0.000299083703542682 0.000344487770443652
1.78461576071867 0.000299083703542682 0.000344487770443652
1.7852308452454 0.000299083703542682 0.000344487770443652
1.78584614176677 0.000299083703542682 0.000344487770443652
1.78646165035585 0.000299083703542682 0.000344487770443652
1.78707737108573 0.000299083703542682 0.000344487770443652
1.78769330402952 0.000299083703542682 0.000344487770443652
1.78830944926036 0.000299083703542682 0.000344487770443652
1.78892580685143 0.000299083703542682 0.000344487770443652
1.7895423768759 0.000299083703542682 0.000344487770443652
1.79015915940701 0.000299083703542682 0.000344487770443652
1.79077615451799 0.000299083703542682 0.000344487770443652
1.79139336228211 0.000299083703542682 0.000344487770443652
1.79201078277267 0.000299083703542682 0.000344487770443652
1.79262841606297 0.000299083703542682 0.000344487770443652
1.79324626222637 0.000299083703542682 0.000344487770443652
1.79386432133624 0.000299083703542682 0.000344487770443652
1.79448259346596 0.000299083703542682 0.000344487770443652
1.79510107868895 0.000299083703542682 0.000344487770443652
1.79571977707867 0.000299083703542682 0.000344487770443652
1.79633868870859 0.000299083703542682 0.000344487770443652
1.79695781365218 0.000299083703542682 0.000344487770443652
1.79757715198299 0.000299083703542682 0.000344487770443652
1.79819670377454 0.000299083703542682 0.000344487770443652
1.79881646910043 0.000299083703542682 0.000344487770443652
1.79943644803423 0.000299083703542682 0.000344487770443652
1.80005664064957 0.000299083703542682 0.000344487770443652
1.80067704702011 0.000299083703542682 0.000344487770443652
1.80129766721951 0.000299083703542682 0.000344487770443652
1.80191850132147 0.000299083703542682 0.000344487770443652
1.80253954939971 0.000299083703542682 0.000344487770443652
1.80316081152799 0.000299083703542682 0.000344487770443652
1.80378228778007 0.000299083703542682 0.000344487770443652
1.80440397822977 0.000299083703542682 0.000344487770443652
1.80502588295089 0.000299083703542682 0.000344487770443652
1.8056480020173 0.000299083703542682 0.000344487770443652
1.80627033550287 0.000299083703542682 0.000344487770443652
1.8068928834815 0.000299083703542682 0.000344487770443652
1.80751564602712 0.000299083703542682 0.000344487770443652
1.80813862321368 0.000299083703542682 0.000344487770443652
1.80876181511515 0.000299083703542682 0.000344487770443652
1.80938522180555 0.000299083703542682 0.000344487770443652
1.8100088433589 0.000299083703542682 0.000344487770443652
1.81063267984926 0.000299083703542682 0.000344487770443652
1.8112567313507 0.000299083703542682 0.000344487770443652
1.81188099793734 0.000299083703542682 0.000344487770443652
1.81250547968329 0.000299083703542682 0.000344487770443652
1.81313017666273 0.000299083703542682 0.000344487770443652
1.81375508894982 0.000299083703542682 0.000344487770443652
1.81438021661879 0.000299083703542682 0.000344487770443652
1.81500555974386 0.000299083703542682 0.000344487770443652
1.81563111839929 0.000299083703542682 0.000344487770443652
1.81625689265936 0.000299083703542682 0.000344487770443652
1.8168828825984 0.000299083703542682 0.000344487770443652
1.81750908829072 0.000299083703542682 0.000344487770443652
1.8181355098107 0.000299083703542682 0.000344487770443652
1.81876214723272 0.000299083703542682 0.000344487770443652
1.81938900063119 0.000299083703542682 0.000344487770443652
1.82001607008055 0.000299083703542682 0.000344487770443652
1.82064335565527 0.000299083703542682 0.000344487770443652
1.82127085742983 0.000299083703542682 0.000344487770443652
1.82189857547876 0.000299083703542682 0.000344487770443652
1.82252650987658 0.000299083703542682 0.000344487770443652
1.82315466069787 0.000299083703542682 0.000344487770443652
1.82378302801723 0.000299083703542682 0.000344487770443652
1.82441161190926 0.000299083703542682 0.000344487770443652
1.82504041244861 0.000299083703542682 0.000344487770443652
1.82566942970996 0.000299083703542682 0.000344487770443652
1.82629866376799 0.000299083703542682 0.000344487770443652
1.82692811469743 0.000299083703542682 0.000344487770443652
1.82755778257303 0.000299083703542682 0.000344487770443652
1.82818766746955 0.000299083703542682 0.000344487770443652
1.8288177694618 0.000299083703542682 0.000344487770443652
1.82944808862459 0.000299083703542682 0.000344487770443652
1.83007862503279 0.000299083703542682 0.000344487770443652
1.83070937876126 0.000299083703542682 0.000344487770443652
1.83134034988491 0.000299083703542682 0.000344487770443652
1.83197153847867 0.000299083703542682 0.000344487770443652
1.83260294461748 0.000299083703542682 0.000344487770443652
1.83323456837632 0.000299083703542682 0.000344487770443652
1.83386640983021 0.000299083703542682 0.000344487770443652
1.83449846905417 0.000299083703542682 0.000344487770443652
1.83513074612325 0.000299083703542682 0.000344487770443652
1.83576324111255 0.000299083703542682 0.000344487770443652
1.83639595409716 0.000299083703542682 0.000344487770443652
1.83702888515223 0.000299083703542682 0.000344487770443652
1.83766203435291 0.000299083703542682 0.000344487770443652
1.83829540177439 0.000299083703542682 0.000344487770443652
1.83892898749188 0.000299083703542682 0.000344487770443652
1.83956279158062 0.000299083703542682 0.000344487770443652
1.84019681411587 0.000299083703542682 0.000344487770443652
1.84083105517292 0.000299083703542682 0.000344487770443652
1.84146551482709 0.000299083703542682 0.000344487770443652
1.84210019315371 0.000299083703542682 0.000344487770443652
1.84273509022816 0.000299083703542682 0.000344487770443652
1.84337020612584 0.000299083703542682 0.000344487770443652
1.84400554092215 0.000299083703542682 0.000344487770443652
1.84464109469254 0.000299083703542682 0.000344487770443652
1.8452768675125 0.000299083703542682 0.000344487770443652
1.8459128594575 0.000299083703542682 0.000344487770443652
1.84654907060308 0.000299083703542682 0.000344487770443652
1.84718550102479 0.000299083703542682 0.000344487770443652
1.8478221507982 0.000299083703542682 0.000344487770443652
1.84845901999892 0.000299083703542682 0.000344487770443652
1.84909610870257 0.000299083703542682 0.000344487770443652
1.8497334169848 0.000299083703542682 0.000344487770443652
1.85037094492129 0.000299083703542682 0.000344487770443652
1.85100869258776 0.000322964064785905 0.000375478116073269
1.85164666005993 0.000343291444875545 0.000401287844559692
1.85228484741356 0.000343291444875545 0.000401287844559692
1.85292325472444 0.000343291444875545 0.000401287844559692
1.85356188206837 0.000343291444875545 0.000401287844559692
1.85420072952119 0.000343291444875545 0.000401287844559692
1.85483979715877 0.000343291444875545 0.000401287844559692
1.85547908505699 0.000343291444875545 0.000401287844559692
1.85611859329177 0.000343291444875545 0.000401287844559692
1.85675832193905 0.000343291444875545 0.000401287844559692
1.8573982710748 0.000343291444875545 0.000401287844559692
1.858038440775 0.000343291444875545 0.000401287844559692
1.85867883111568 0.000343291444875545 0.000401287844559692
1.85931944217289 0.000343291444875545 0.000401287844559692
1.8599602740227 0.000343291444875545 0.000401287844559692
1.8606013267412 0.000343291444875545 0.000401287844559692
1.86124260040453 0.000343291444875545 0.000401287844559692
1.86188409508882 0.000343291444875545 0.000401287844559692
1.86252581087026 0.000343291444875545 0.000401287844559692
1.86316774782505 0.000343291444875545 0.000401287844559692
1.86380990602942 0.000378975049773348 0.000455519773814333
1.86445228555963 0.000378975049773348 0.000455519773814333
1.86509488649196 0.000378975049773348 0.000455519773814333
1.86573770890271 0.000378975049773348 0.000455519773814333
1.86638075286822 0.000378975049773348 0.000455519773814333
1.86702401846486 0.000378975049773348 0.000455519773814333
1.867667505769 0.000378975049773348 0.000455519773814333
1.86831121485707 0.000378975049773348 0.000455519773814333
1.8689551458055 0.000378975049773348 0.000455519773814333
1.86959929869076 0.000378975049773348 0.000455519773814333
1.87024367358934 0.000378975049773348 0.000455519773814333
1.87088827057776 0.000378975049773348 0.000455519773814333
1.87153308973256 0.000378975049773348 0.000455519773814333
1.87217813113033 0.000378975049773348 0.000455519773814333
1.87282339484765 0.000378975049773348 0.000455519773814333
1.87346888096115 0.000378975049773348 0.000455519773814333
1.87411458954748 0.000378975049773348 0.000455519773814333
1.87476052068331 0.000378975049773348 0.000455519773814333
1.87540667444537 0.000378975049773348 0.000455519773814333
1.87605305091036 0.000378975049773348 0.000455519773814333
1.87669965015505 0.000378975049773348 0.000455519773814333
1.87734647225623 0.000378975049773348 0.000455519773814333
1.87799351729069 0.000378975049773348 0.000455519773814333
1.87864078533529 0.000378975049773348 0.000455519773814333
1.87928827646687 0.000378975049773348 0.000455519773814333
1.87993599076233 0.000378975049773348 0.000455519773814333
1.88058392829859 0.000378975049773348 0.000455519773814333
1.88123208915259 0.000378975049773348 0.000455519773814333
1.88188047340129 0.000378975049773348 0.000455519773814333
1.88252908112169 0.000378975049773348 0.000455519773814333
1.88317791239081 0.000378975049773348 0.000455519773814333
1.88382696728571 0.000378975049773348 0.000455519773814333
1.88447624588344 0.000378975049773348 0.000455519773814333
1.88512574826113 0.000378975049773348 0.000455519773814333
1.88577547449589 0.000378975049773348 0.000455519773814333
1.88642542466488 0.000378975049773348 0.000455519773814333
1.88707559884527 0.000378975049773348 0.000455519773814333
1.88772599711429 0.000384357958756637 0.000464600638063418
1.88837661954915 0.000384357958756637 0.000464600638063418
1.88902746622713 0.000384357958756637 0.000464600638063418
1.88967853722551 0.000384357958756637 0.000464600638063418
1.8903298326216 0.000384357958756637 0.000464600638063418
1.89098135249275 0.000384357958756637 0.000464600638063418
1.89163309691631 0.000384357958756637 0.000464600638063418
1.8922850659697 0.000384357958756637 0.000464600638063418
1.89293725973032 0.000384357958756637 0.000464600638063418
1.89358967827563 0.000384357958756637 0.000464600638063418
1.89424232168309 0.000384357958756637 0.000464600638063418
1.89489519003021 0.000384357958756637 0.000464600638063418
1.89554828339452 0.000384357958756637 0.000464600638063418
1.89620160185358 0.000384357958756637 0.000464600638063418
1.89685514548495 0.000384357958756637 0.000464600638063418
1.89750891436626 0.000384357958756637 0.000464600638063418
1.89816290857512 0.000384357958756637 0.000464600638063418
1.89881712818922 0.000384357958756637 0.000464600638063418
1.89947157328623 0.000384357958756637 0.000464600638063418
1.90012624394386 0.000384357958756637 0.000464600638063418
1.90078114023987 0.000384357958756637 0.000464600638063418
1.90143626225202 0.000384357958756637 0.000464600638063418
1.9020916100581 0.000384357958756637 0.000464600638063418
1.90274718373593 0.000384357958756637 0.000464600638063418
1.90340298336337 0.000384357958756637 0.000464600638063418
1.90405900901829 0.000384357958756637 0.000464600638063418
1.90471526077859 0.000384357958756637 0.000464600638063418
1.90537173872221 0.000384357958756637 0.000464600638063418
1.90602844292709 0.000384357958756637 0.000464600638063418
1.90668537347123 0.000384357958756637 0.000464600638063418
1.90734253043262 0.000384357958756637 0.000464600638063418
1.90799991388931 0.000384357958756637 0.000464600638063418
1.90865752391937 0.000384357958756637 0.000464600638063418
1.90931536060088 0.000384357958756637 0.000464600638063418
1.90997342401195 0.000384357958756637 0.000464600638063418
1.91063171423075 0.000384357958756637 0.000464600638063418
1.91129023133542 0.000384357958756637 0.000464600638063418
1.91194897540418 0.000384357958756637 0.000464600638063418
1.91260794651526 0.000384357958756637 0.000464600638063418
1.91326714474689 0.000384357958756637 0.000464600638063418
1.91392657017736 0.000384357958756637 0.000464600638063418
1.91458622288498 0.000384357958756637 0.000464600638063418
1.91524610294808 0.000384357958756637 0.000464600638063418
1.91590621044503 0.000384357958756637 0.000464600638063418
1.9165665454542 0.000384357958756637 0.000464600638063418
1.91722710805401 0.000384357958756637 0.000464600638063418
1.9178878983229 0.000384357958756637 0.000464600638063418
1.91854891633935 0.000384357958756637 0.000464600638063418
1.91921016218184 0.000384357958756637 0.000464600638063418
1.9198716359289 0.000384357958756637 0.000464600638063418
1.92053333765908 0.000384357958756637 0.000464600638063418
1.92119526745096 0.000384357958756637 0.000464600638063418
1.92185742538313 0.000384357958756637 0.000464600638063418
1.92251981153424 0.000384357958756637 0.000464600638063418
1.92318242598293 0.000384357958756637 0.000464600638063418
1.92384526880789 0.000384357958756637 0.000464600638063418
1.92450834008784 0.000384357958756637 0.000464600638063418
1.92517163990151 0.000384357958756637 0.000464600638063418
1.92583516832767 0.000384357958756637 0.000464600638063418
1.92649892544511 0.000384357958756637 0.000464600638063418
1.92716291133266 0.000384357958756637 0.000464600638063418
1.92782712606916 0.000384357958756637 0.000464600638063418
1.92849156973348 0.000384357958756637 0.000464600638063418
1.92915624240453 0.000384357958756637 0.000464600638063418
1.92982114416124 0.000384357958756637 0.000464600638063418
1.93048627508257 0.000384357958756637 0.000464600638063418
1.93115163524749 0.000384357958756637 0.000464600638063418
1.93181722473502 0.000384357958756637 0.000464600638063418
1.9324830436242 0.000384357958756637 0.000464600638063418
1.93314909199409 0.000384357958756637 0.000464600638063418
1.93381536992379 0.000384357958756637 0.000464600638063418
1.93448187749241 0.000384357958756637 0.000464600638063418
1.93514861477911 0.000384357958756637 0.000464600638063418
1.93581558186305 0.000384357958756637 0.000464600638063418
1.93648277882344 0.000384357958756637 0.000464600638063418
1.9371502057395 0.000384357958756637 0.000464600638063418
1.9378178626905 0.000384357958756637 0.000464600638063418
1.93848574975572 0.000384357958756637 0.000464600638063418
1.93915386701447 0.000384357958756637 0.000464600638063418
1.93982221454608 0.000384357958756637 0.000464600638063418
1.94049079242993 0.000384357958756637 0.000464600638063418
1.9411596007454 0.000384357958756637 0.000464600638063418
1.94182863957192 0.000384357958756637 0.000464600638063418
1.94249790898894 0.000384357958756637 0.000464600638063418
1.94316740907592 0.000384357958756637 0.000464600638063418
1.94383713991237 0.000384357958756637 0.000464600638063418
1.94450710157783 0.000384435970129059 0.000464735062433443
1.94517729415185 0.000384435970129059 0.000464735062433443
1.94584771771401 0.000388330057613083 0.000468941950752709
1.94651837234392 0.000388330057613083 0.000468941950752709
1.94718925812123 0.000388330057613083 0.000468941950752709
1.94786037512561 0.000388330057613083 0.000468941950752709
1.94853172343674 0.000388330057613083 0.000468941950752709
1.94920330313435 0.000388330057613083 0.000468941950752709
1.94987511429819 0.000388330057613083 0.000468941950752709
1.95054715700804 0.000388330057613083 0.000468941950752709
1.95121943134369 0.000388330057613083 0.000468941950752709
1.95189193738499 0.000388330057613083 0.000468941950752709
1.9525646752118 0.000388330057613083 0.000468941950752709
1.95323764490399 0.000388330057613083 0.000468941950752709
1.95391084654148 0.000388330057613083 0.000468941950752709
1.95458428020422 0.000388330057613083 0.000468941950752709
1.95525794597218 0.000388330057613083 0.000468941950752709
1.95593184392535 0.000388330057613083 0.000468941950752709
1.95660597414375 0.000388330057613083 0.000468941950752709
1.95728033670745 0.000388330057613083 0.000468941950752709
1.95795493169651 0.000388330057613083 0.000468941950752709
1.95862975919106 0.000388330057613083 0.000468941950752709
1.95930481927121 0.000388330057613083 0.000468941950752709
1.95998011201715 0.000388330057613083 0.000468941950752709
1.96065563750904 0.000388330885455371 0.00046894117953196
1.96133139582713 0.000388330885455371 0.00046894117953196
1.96200738705164 0.00039273016872693 0.000466286350041975
1.96268361126285 0.00039273016872693 0.000466286350041975
1.96336006854107 0.00039273016872693 0.000466286350041975
1.96403675896662 0.00039273016872693 0.000466286350041975
1.96471368261986 0.00039273016872693 0.000466286350041975
1.96539083958118 0.00039273016872693 0.000466286350041975
1.96606822993098 0.00039273016872693 0.000466286350041975
1.9667458537497 0.00039273016872693 0.000466286350041975
1.96742371111782 0.00039273016872693 0.000466286350041975
1.96810180211582 0.000509020215739709 0.00064513533709017
1.96878012682423 0.000509020215739709 0.00064513533709017
1.96945868532361 0.000509020215739709 0.00064513533709017
1.97013747769452 0.000509020215739709 0.00064513533709017
1.97081650401757 0.000509020215739709 0.00064513533709017
1.97149576437341 0.000509020215739709 0.00064513533709017
1.97217525884268 0.000509020215739709 0.00064513533709017
1.97285498750608 0.000509020215739709 0.00064513533709017
1.97353495044433 0.000509020215739709 0.00064513533709017
1.97421514773817 0.000509020215739709 0.00064513533709017
1.97489557946838 0.000509020215739709 0.00064513533709017
1.97557624571575 0.000509020215739709 0.00064513533709017
1.97625714656111 0.000509020215739709 0.00064513533709017
1.97693828208533 0.000509020215739709 0.00064513533709017
1.97761965236927 0.000509020215739709 0.00064513533709017
1.97830125749387 0.000509020215739709 0.00064513533709017
1.97898309754005 0.000509020215739709 0.00064513533709017
1.97966517258878 0.000509020215739709 0.00064513533709017
1.98034748272107 0.000509020215739709 0.00064513533709017
1.98103002801793 0.000509020215739709 0.00064513533709017
1.98171280856041 0.000509020215739709 0.00064513533709017
1.9823958244296 0.000509020215739709 0.00064513533709017
1.9830790757066 0.000509020215739709 0.00064513533709017
1.98376256247255 0.000509020215739709 0.00064513533709017
1.98444628480861 0.000509020215739709 0.00064513533709017
1.98513024279598 0.000509020215739709 0.00064513533709017
1.98581443651586 0.000509020215739709 0.00064513533709017
1.98649886604952 0.000509020215739709 0.00064513533709017
1.98718353147822 0.000509020215739709 0.00064513533709017
1.98786843288328 0.000509020215739709 0.00064513533709017
1.98855357034601 0.000509020215739709 0.00064513533709017
1.98923894394778 0.000509020215739709 0.00064513533709017
1.98992455376998 0.000509020215739709 0.00064513533709017
1.99061039989402 0.000509020215739709 0.00064513533709017
1.99129648240134 0.000509020215739709 0.00064513533709017
1.99198280137343 0.000509020215739709 0.00064513533709017
1.99266935689177 0.000509020215739709 0.00064513533709017
1.9933561490379 0.000509020215739709 0.00064513533709017
1.99404317789338 0.000509020215739709 0.00064513533709017
1.99473044353977 0.000509020215739709 0.00064513533709017
1.99541794605871 0.000509020215739709 0.00064513533709017
1.99610568553182 0.000509020215739709 0.00064513533709017
1.99679366204078 0.000509020215739709 0.00064513533709017
1.99748187566729 0.000509020215739709 0.00064513533709017
1.99817032649306 0.000509020215739709 0.00064513533709017
1.99885901459986 0.000509020215739709 0.00064513533709017
1.99954794006945 0.000509020215739709 0.00064513533709017
2.00023710298366 0.000509020215739709 0.00064513533709017
2.00092650342432 0.000509020215739709 0.00064513533709017
2.00161614147329 0.000509020215739709 0.00064513533709017
2.00230601721247 0.000509020215739709 0.00064513533709017
2.00299613072379 0.000509020215739709 0.00064513533709017
2.00368648208918 0.000509020215739709 0.00064513533709017
2.00437707139063 0.000509020215739709 0.00064513533709017
2.00506789871016 0.000509020215739709 0.00064513533709017
2.00575896412978 0.000509105526748904 0.000645085012339077
2.00645026773157 0.000509105526748904 0.000645085012339077
2.00714180959761 0.000509105526748904 0.000645085012339077
2.00783358981004 0.000509105526748904 0.000645085012339077
2.00852560845099 0.000509105526748904 0.000645085012339077
2.00921786560264 0.000510402905017831 0.000644411070647667
2.0099103613472 0.000510402905017831 0.000644411070647667
2.01060309576689 0.000510402905017831 0.000644411070647667
2.01129606894399 0.000510402905017831 0.000644411070647667
2.01198928096079 0.000510402905017831 0.000644411070647667
2.01268273189959 0.000510402905017831 0.000644411070647667
2.01337642184275 0.000510402905017831 0.000644411070647667
2.01407035087264 0.000510402905017831 0.000644411070647667
2.01476451907167 0.000510402905017831 0.000644411070647667
2.01545892652227 0.000510402905017831 0.000644411070647667
2.01615357330689 0.000510402905017831 0.000644411070647667
2.01684845950803 0.000510402905017831 0.000644411070647667
2.0175435852082 0.000510402905017831 0.000644411070647667
2.01823895048996 0.000510402905017831 0.000644411070647667
2.01893455543586 0.000510402905017831 0.000644411070647667
2.01963040012853 0.000510402905017831 0.000644411070647667
2.02032648465057 0.000510402905017831 0.000644411070647667
2.02102280908467 0.000510402905017831 0.000644411070647667
2.0217193735135 0.000510402905017831 0.000644411070647667
2.02241617801978 0.000510402905017831 0.000644411070647667
2.02311322268625 0.000510402905017831 0.000644411070647667
2.0238105075957 0.000510402905017831 0.000644411070647667
2.02450803283091 0.000510402905017831 0.000644411070647667
2.02520579847473 0.000510402905017831 0.000644411070647667
2.02590380461 0.000510402905017831 0.000644411070647667
2.02660205131963 0.000510402905017831 0.000644411070647667
2.02730053868652 0.000510402905017831 0.000644411070647667
2.02799926679362 0.000510402905017831 0.000644411070647667
2.0286982357239 0.000510402905017831 0.000644411070647667
2.02939744556036 0.000510402905017831 0.000644411070647667
2.03009689638604 0.000510402905017831 0.000644411070647667
2.030796588284 0.000510402905017831 0.000644411070647667
2.03149652133732 0.000510402905017831 0.000644411070647667
2.03219669562911 0.000510402905017831 0.000644411070647667
2.03289711124253 0.000510402905017831 0.000644411070647667
2.03359776826075 0.000510402905017831 0.000644411070647667
2.03429866676696 0.000510402905017831 0.000644411070647667
2.03499980684441 0.000510402905017831 0.000644411070647667
2.03570118857635 0.000510402905017831 0.000644411070647667
2.03640281204607 0.000510402905017831 0.000644411070647667
2.03710467733688 0.000510402905017831 0.000644411070647667
2.03780678453213 0.000510402905017831 0.000644411070647667
2.03850913371521 0.000510402905017831 0.000644411070647667
2.0392117249695 0.000510402905017831 0.000644411070647667
2.03991455837844 0.000510402905017831 0.000644411070647667
2.0406176340255 0.000510402905017831 0.000644411070647667
2.04132095199416 0.000526696583510879 0.000655260143432219
2.04202451236795 0.000526696583510879 0.000655260143432219
2.0427283152304 0.000526696583510879 0.000655260143432219
2.04343236066509 0.000526696583510879 0.000655260143432219
2.04413664875564 0.000556721010583991 0.000681074849681202
2.04484117958566 0.000556721010583991 0.000681074849681202
2.04554595323884 0.000556721010583991 0.000681074849681202
2.04625096979885 0.000556721010583991 0.000681074849681202
2.04695622934941 0.000556721010583991 0.000681074849681202
2.04766173197428 0.000556721010583991 0.000681074849681202
2.04836747775724 0.000556721010583991 0.000681074849681202
2.04907346678208 0.000556721010583991 0.000681074849681202
2.04977969913266 0.000556721010583991 0.000681074849681202
2.05048617489282 0.000556721010583991 0.000681074849681202
2.05119289414646 0.000556721010583991 0.000681074849681202
2.05189985697751 0.000556721010583991 0.000681074849681202
2.05260706346992 0.000556721010583991 0.000681074849681202
2.05331451370767 0.000556721010583991 0.000681074849681202
2.05402220777476 0.000556721010583991 0.000681074849681202
2.05473014575524 0.000556721010583991 0.000681074849681202
2.05543832773316 0.000556721010583991 0.000681074849681202
2.05614675379264 0.000556721010583991 0.000681074849681202
2.05685542401779 0.000556721010583991 0.000681074849681202
2.05756433849276 0.000556721010583991 0.000681074849681202
2.05827349730175 0.000556721010583991 0.000681074849681202
2.05898290052895 0.000556721010583991 0.000681074849681202
2.05969254825862 0.000556721010583991 0.000681074849681202
2.06040244057502 0.000556721010583991 0.000681074849681202
2.06111257756246 0.000556721010583991 0.000681074849681202
2.06182295930525 0.000556721010583991 0.000681074849681202
2.06253358588776 0.000556721010583991 0.000681074849681202
2.06324445739437 0.000556721010583991 0.000681074849681202
2.06395557390951 0.000556721010583991 0.000681074849681202
2.0646669355176 0.000556721010583991 0.000681074849681202
2.06537854230313 0.000556721010583991 0.000681074849681202
2.06609039435061 0.000556721010583991 0.000681074849681202
2.06680249174455 0.000556721010583991 0.000681074849681202
2.06751483456953 0.000556721010583991 0.000681074849681202
2.06822742291012 0.000556721010583991 0.000681074849681202
2.06894025685096 0.000556721010583991 0.000681074849681202
2.0696533364767 0.000556721010583991 0.000681074849681202
2.07036666187199 0.000556721010583991 0.000681074849681202
2.07108023312157 0.000556721010583991 0.000681074849681202
2.07179405031015 0.000556721010583991 0.000681074849681202
2.07250811352251 0.000556721010583991 0.000681074849681202
2.07322242284344 0.000556721010583991 0.000681074849681202
2.07393697835776 0.000556721010583991 0.000681074849681202
2.07465178015033 0.000556721010583991 0.000681074849681202
2.07536682830603 0.000556721010583991 0.000681074849681202
2.07608212290976 0.000556721010583991 0.000681074849681202
2.07679766404648 0.000556721010583991 0.000681074849681202
2.07751345180115 0.000556721010583991 0.000681074849681202
2.07822948625877 0.000556721010583991 0.000681074849681202
2.07894576750437 0.000556721010583991 0.000681074849681202
2.079662295623 0.000562709309099685 0.000689474231470885
2.08037907069976 0.000562709309099685 0.000689474231470885
2.08109609281975 0.000562709309099685 0.000689474231470885
2.08181336206813 0.000562709309099685 0.000689474231470885
2.08253087853008 0.000562709309099685 0.000689474231470885
2.08324864229078 0.000562709309099685 0.000689474231470885
2.08396665343549 0.000562709309099685 0.000689474231470885
2.08468491204945 0.000562709309099685 0.000689474231470885
2.08540341821798 0.000562709309099685 0.000689474231470885
2.08612217202637 0.000562709309099685 0.000689474231470885
2.08684117356 0.000562709309099685 0.000689474231470885
2.08756042290423 0.000562709309099685 0.000689474231470885
2.08827992014449 0.000562709309099685 0.000689474231470885
2.0889996653662 0.000562709309099685 0.000689474231470885
2.08971965865484 0.000562709309099685 0.000689474231470885
2.09043990009591 0.000562709309099685 0.000689474231470885
2.09116038977493 0.000562709309099685 0.000689474231470885
2.09188112777746 0.000562709309099685 0.000689474231470885
2.09260211418909 0.000562709309099685 0.000689474231470885
2.09332334909544 0.000562709309099685 0.000689474231470885
2.09404483258215 0.000562709309099685 0.000689474231470885
2.0947665647349 0.000562709309099685 0.000689474231470885
2.09548854563938 0.000562709309099685 0.000689474231470885
2.09621077538135 0.000562709309099685 0.000689474231470885
2.09693325404656 0.000562709309099685 0.000689474231470885
2.0976559817208 0.000564100067534458 0.000688571254163014
2.0983789584899 0.000564100067534458 0.000688571254163014
2.09910218443971 0.000564100067534458 0.000688571254163014
2.09982565965611 0.000564100067534458 0.000688571254163014
2.10054938422502 0.000564100067534458 0.000688571254163014
2.10127335823237 0.000564100067534458 0.000688571254163014
2.10199758176415 0.000564100067534458 0.000688571254163014
2.10272205490634 0.000565206285438177 0.000690108729657446
2.10344677774498 0.000565206285438177 0.000690108729657446
2.10417175036614 0.000566129287705029 0.000689522407427161
2.10489697285589 0.000566129287705029 0.000689522407427161
2.10562244530036 0.000566129287705029 0.000689522407427161
2.1063481677857 0.000566129287705029 0.000689522407427161
2.10707414039809 0.000566129287705029 0.000689522407427161
2.10780036322374 0.000566129287705029 0.000689522407427161
2.10852683634887 0.000566129287705029 0.000689522407427161
2.10925355985978 0.000566129287705029 0.000689522407427161
2.10998053384274 0.000566129287705029 0.000689522407427161
2.11070775838409 0.000566129287705029 0.000689522407427161
2.11143523357019 0.000566129287705029 0.000689522407427161
2.11216295948742 0.000566129287705029 0.000689522407427161
2.11289093622219 0.000566129287705029 0.000689522407427161
2.11361916386097 0.000566129287705029 0.000689522407427161
2.11434764249021 0.000566129287705029 0.000689522407427161
2.11507637219644 0.000566129287705029 0.000689522407427161
2.11580535306618 0.000566129287705029 0.000689522407427161
2.116534585186 0.000566129287705029 0.000689522407427161
2.11726406864249 0.000566129287705029 0.000689522407427161
2.11799380352229 0.000566129287705029 0.000689522407427161
2.11872378991204 0.000566129287705029 0.000689522407427161
2.11945402789844 0.000566129287705029 0.000689522407427161
2.12018451756819 0.000566129287705029 0.000689522407427161
2.12091525900805 0.000566129630608532 0.000689522090700214
2.12164625230478 0.000566129630608532 0.000689522090700214
2.1223774975452 0.000566129630608532 0.000689522090700214
2.12310899481613 0.000566129630608532 0.000689522090700214
2.12384074420444 0.000566129630608532 0.000689522090700214
2.12457274579703 0.000569003171162824 0.000694226261929503
2.12530499968082 0.000569003171162824 0.000694226261929503
2.12603750594277 0.000569003171162824 0.000694226261929503
2.12677026466985 0.000569003171162824 0.000694226261929503
2.12750327594909 0.000569003171162824 0.000694226261929503
2.12823653986753 0.000569003171162824 0.000694226261929503
2.12897005651224 0.000569003171162824 0.000694226261929503
2.12970382597033 0.000569003171162824 0.000694226261929503
2.13043784832893 0.000569003171162824 0.000694226261929503
2.13117212367521 0.000569003171162824 0.000694226261929503
2.13190665209636 0.000569003171162824 0.000694226261929503
2.13264143367961 0.000569003171162824 0.000694226261929503
2.1333764685122 0.000569003171162824 0.000694226261929503
2.13411175668143 0.000569003171162824 0.000694226261929503
2.13484729827462 0.000569003171162824 0.000694226261929503
2.13558309337909 0.000569003171162824 0.000694226261929503
2.13631914208224 0.000569003171162824 0.000694226261929503
2.13705544447146 0.000569003171162824 0.000694226261929503
2.13779200063419 0.000569003171162824 0.000694226261929503
2.1385288106579 0.000569003171162824 0.000694226261929503
2.13926587463008 0.000569003171162824 0.000694226261929503
2.14000319263826 0.000569003171162824 0.000694226261929503
2.14074076476999 0.000569003171162824 0.000694226261929503
2.14147859111286 0.000569003171162824 0.000694226261929503
2.14221667175448 0.000569003171162824 0.000694226261929503
2.14295500678251 0.000569003171162824 0.000694226261929503
2.14369359628462 0.000569003171162824 0.000694226261929503
2.14443244034851 0.000569003171162824 0.000694226261929503
2.14517153906192 0.000569003171162824 0.000694226261929503
2.14591089251262 0.000569003171162824 0.000694226261929503
2.14665050078841 0.000569003171162824 0.000694226261929503
2.14739036397712 0.000569003171162824 0.000694226261929503
2.1481304821666 0.000569003171162824 0.000694226261929503
2.14887085544474 0.000569003171162824 0.000694226261929503
2.14961148389946 0.000569003171162824 0.000694226261929503
2.15035236761871 0.000569003171162824 0.000694226261929503
2.15109350669047 0.000569003171162824 0.000694226261929503
2.15183490120275 0.000569003171162824 0.000694226261929503
2.15257655124359 0.000569003171162824 0.000694226261929503
2.15331845690106 0.000569003171162824 0.000694226261929503
2.15406061826325 0.000569003171162824 0.000694226261929503
2.15480303541831 0.000569003171162824 0.000694226261929503
2.15554570845438 0.000570954738085017 0.000693020665081066
2.15628863745968 0.000570954738085017 0.000693020665081066
2.1570318225224 0.000570954738085017 0.000693020665081066
2.15777526373082 0.000570954738085017 0.000693020665081066
2.15851896117321 0.000570954738085017 0.000693020665081066
2.15926291493788 0.000570954738085017 0.000693020665081066
2.16000712511318 0.000570954738085017 0.000693020665081066
2.16075159178748 0.000570954738085017 0.000693020665081066
2.16149631504919 0.000572634214306857 0.000692184039882617
2.16224129498675 0.000572634214306857 0.000692184039882617
2.16298653168861 0.000572634214306857 0.000692184039882617
2.16373202524328 0.000572634214306857 0.000692184039882617
2.16447777573928 0.000572634214306857 0.000692184039882617
2.16522378326517 0.000572634214306857 0.000692184039882617
2.16597004790953 0.000572634214306857 0.000692184039882617
2.166716569761 0.000572634214306857 0.000692184039882617
2.1674633489082 0.000572634214306857 0.000692184039882617
2.16821038543983 0.000572634214306857 0.000692184039882617
2.16895767944459 0.000572634214306857 0.000692184039882617
2.16970523101123 0.000572634214306857 0.000692184039882617
2.17045304022851 0.000572634214306857 0.000692184039882617
2.17120110718523 0.000572634214306857 0.000692184039882617
2.17194943197024 0.000572634214306857 0.000692184039882617
2.17269801467238 0.000572634214306857 0.000692184039882617
2.17344685538057 0.000572634214306857 0.000692184039882617
2.17419595418371 0.000572634214306857 0.000692184039882617
2.17494531117077 0.000572634214306857 0.000692184039882617
2.17569492643072 0.000572634214306857 0.000692184039882617
2.17644480005259 0.000572634214306857 0.000692184039882617
2.17719493212543 0.000572732796716836 0.000692136039615934
2.17794532273831 0.000572732796716836 0.000692136039615934
2.17869597198033 0.000572732796716836 0.000692136039615934
2.17944687994064 0.000572732796716836 0.000692136039615934
2.18019804670841 0.000572732796716836 0.000692136039615934
2.18094947237284 0.000572732796716836 0.000692136039615934
2.18170115702316 0.000572732796716836 0.000692136039615934
2.18245310074862 0.000572732796716836 0.000692136039615934
2.18320530363853 0.000572732796716836 0.000692136039615934
2.18395776578221 0.000572732796716836 0.000692136039615934
2.18471048726901 0.000572732796716836 0.000692136039615934
2.18546346818832 0.000572732796716836 0.000692136039615934
2.18621670862954 0.000572732796716836 0.000692136039615934
2.18697020868214 0.000572732796716836 0.000692136039615934
2.18772396843558 0.000572732796716836 0.000692136039615934
2.18847798797938 0.000572732796716836 0.000692136039615934
2.18923226740307 0.000572732796716836 0.000692136039615934
2.18998680679622 0.000572732796716836 0.000692136039615934
2.19074160624844 0.000572732796716836 0.000692136039615934
2.19149666584936 0.000572732796716836 0.000692136039615934
2.19225198568863 0.000572732796716836 0.000692136039615934
2.19300756585596 0.000572732796716836 0.000692136039615934
2.19376340644106 0.000572732796716836 0.000692136039615934
2.1945195075337 0.000572732796716836 0.000692136039615934
2.19527586922366 0.000572732796716836 0.000692136039615934
2.19603249160075 0.000572732796716836 0.000692136039615934
2.19678937475483 0.000572732796716836 0.000692136039615934
2.19754651877577 0.000572732796716836 0.000692136039615934
2.19830392375348 0.000578830283648776 0.00070073397131663
2.19906158977791 0.000578830283648776 0.00070073397131663
2.19981951693903 0.000578830283648776 0.00070073397131663
2.20057770532684 0.000578830283648776 0.00070073397131663
2.20133615503137 0.000578830283648776 0.00070073397131663
2.20209486614269 0.000578830283648776 0.00070073397131663
2.2028538387509 0.000578830283648776 0.00070073397131663
2.20361307294613 0.000578830283648776 0.00070073397131663
2.20437256881852 0.000578830283648776 0.00070073397131663
2.20513232645828 0.000578830283648776 0.00070073397131663
2.20589234595562 0.000578830283648776 0.00070073397131663
2.20665262740079 0.000578830283648776 0.00070073397131663
2.20741317088408 0.000578830283648776 0.00070073397131663
2.2081739764958 0.000578830283648776 0.00070073397131663
2.2089350443263 0.000578830283648776 0.00070073397131663
2.20969637446594 0.000578830283648776 0.00070073397131663
2.21045796700515 0.000578830283648776 0.00070073397131663
2.21121982203436 0.000578830283648776 0.00070073397131663
2.21198193964403 0.000578830283648776 0.00070073397131663
2.21274431992467 0.000578830283648776 0.00070073397131663
2.2135069629668 0.000578830283648776 0.00070073397131663
2.21426986886101 0.000578830283648776 0.00070073397131663
2.21503303769787 0.000578830283648776 0.00070073397131663
2.21579646956801 0.000578830283648776 0.00070073397131663
2.21656016456209 0.000578830283648776 0.00070073397131663
2.2173241227708 0.000578830283648776 0.00070073397131663
2.21808834428486 0.000578830283648776 0.00070073397131663
2.21885282919502 0.000578830283648776 0.00070073397131663
2.21961757759206 0.000578830283648776 0.00070073397131663
2.22038258956679 0.000578830283648776 0.00070073397131663
2.22114786521006 0.000578830283648776 0.00070073397131663
2.22191340461274 0.000578830283648776 0.00070073397131663
2.22267920786574 0.000578830283648776 0.00070073397131663
2.22344527506001 0.000578830283648776 0.00070073397131663
2.2242116062865 0.000578830283648776 0.00070073397131663
2.22497820163622 0.000578830283648776 0.00070073397131663
2.22574506120021 0.000578830283648776 0.00070073397131663
2.22651218506952 0.000578830283648776 0.00070073397131663
2.22727957333526 0.000578830283648776 0.00070073397131663
2.22804722608854 0.000578830283648776 0.00070073397131663
2.22881514342053 0.000578830283648776 0.00070073397131663
2.22958332542242 0.000578830283648776 0.00070073397131663
2.23035177218542 0.000578830283648776 0.00070073397131663
2.23112048380079 0.000578830283648776 0.00070073397131663
2.23188946035982 0.000578830283648776 0.00070073397131663
2.23265870195382 0.000578830283648776 0.00070073397131663
2.23342820867413 0.000578830283648776 0.00070073397131663
2.23419798061214 0.000578830283648776 0.00070073397131663
2.23496801785925 0.000578830283648776 0.00070073397131663
2.23573832050691 0.000578830283648776 0.00070073397131663
2.23650888864658 0.000578830283648776 0.00070073397131663
2.23727972236978 0.000580776670833131 0.000703902420282517
2.23805082176803 0.000580776670833131 0.000703902420282517
2.23882218693291 0.000580776670833131 0.000703902420282517
2.23959381795602 0.000580776670833131 0.000703902420282517
2.24036571492897 0.000580776670833131 0.000703902420282517
2.24113787794345 0.000580776670833131 0.000703902420282517
2.24191030709114 0.000580776670833131 0.000703902420282517
2.24268300246376 0.000580776670833131 0.000703902420282517
2.24345596415307 0.000580776670833131 0.000703902420282517
2.24422919225087 0.000580776670833131 0.000703902420282517
2.24500268684897 0.000580776670833131 0.000703902420282517
2.24577644803922 0.000580776670833131 0.000703902420282517
2.24655047591351 0.000580776670833131 0.000703902420282517
2.24732477056375 0.000580776670833131 0.000703902420282517
2.24809933208189 0.000580776670833131 0.000703902420282517
2.24887416055991 0.000580776670833131 0.000703902420282517
2.24964925608982 0.000580776670833131 0.000703902420282517
2.25042461876365 0.000580776670833131 0.000703902420282517
2.25120024867349 0.000580776670833131 0.000703902420282517
2.25197614591144 0.000580776670833131 0.000703902420282517
2.25275231056963 0.000580776670833131 0.000703902420282517
2.25352874274024 0.000580776670833131 0.000703902420282517
2.25430544251546 0.000580776670833131 0.000703902420282517
2.25508240998753 0.000580776670833131 0.000703902420282517
2.25585964524871 0.000580776670833131 0.000703902420282517
2.25663714839131 0.000580776670833131 0.000703902420282517
2.25741491950763 0.000580776670833131 0.000703902420282517
2.25819295869005 0.000580776670833131 0.000703902420282517
2.25897126603096 0.000580776670833131 0.000703902420282517
2.25974984162278 0.000580776670833131 0.000703902420282517
2.26052868555797 0.000580776670833131 0.000703902420282517
2.26130779792901 0.000580776670833131 0.000703902420282517
2.26208717882842 0.000580776670833131 0.000703902420282517
2.26286682834875 0.000580776670833131 0.000703902420282517
2.26364674658258 0.000582756799426017 0.000707160704930859
2.26442693362254 0.000582756799426017 0.000707160704930859
2.26520738956126 0.000582756799426017 0.000707160704930859
2.26598811449143 0.000582756799426017 0.000707160704930859
2.26676910850575 0.000582756799426017 0.000707160704930859
2.26755037169697 0.000582756799426017 0.000707160704930859
2.26833190415786 0.000582756799426017 0.000707160704930859
2.26911370598123 0.000582756799426017 0.000707160704930859
2.26989577725992 0.000582756799426017 0.000707160704930859
2.27067811808679 0.000582756799426017 0.000707160704930859
2.27146072855475 0.000582756799426017 0.000707160704930859
2.27224360875674 0.000582756799426017 0.000707160704930859
2.27302675878571 0.000582756799426017 0.000707160704930859
2.27381017873468 0.000582756799426017 0.000707160704930859
2.27459386869666 0.000582756799426017 0.000707160704930859
2.27537782876472 0.000582756799426017 0.000707160704930859
2.27616205903196 0.000582756799426017 0.000707160704930859
2.2769465595915 0.000582756799426017 0.000707160704930859
2.2777313305365 0.000582756799426017 0.000707160704930859
2.27851637196016 0.000582756799426017 0.000707160704930859
2.27930168395569 0.00058402101018296 0.000708894946744105
2.28008726661635 0.00058402101018296 0.000708894946744105
2.28087312003542 0.00058402101018296 0.000708894946744105
2.28165924430624 0.00058402101018296 0.000708894946744105
2.28244563952214 0.00058402101018296 0.000708894946744105
2.28323230577651 0.00058402101018296 0.000708894946744105
2.28401924316277 0.00058402101018296 0.000708894946744105
2.28480645177437 0.00058402101018296 0.000708894946744105
2.28559393170479 0.00058402101018296 0.000708894946744105
2.28638168304753 0.00058402101018296 0.000708894946744105
2.28716970589615 0.00058402101018296 0.000708894946744105
2.28795800034422 0.00058402101018296 0.000708894946744105
2.28874656648535 0.00058402101018296 0.000708894946744105
2.28953540441318 0.000584529564897098 0.000708584879499186
2.29032451422139 0.000584529564897098 0.000708584879499186
2.29111389600367 0.000584529564897098 0.000708584879499186
2.29190354985378 0.000584529564897098 0.000708584879499186
2.29269347586548 0.000584529564897098 0.000708584879499186
2.29348367413258 0.000584529564897098 0.000708584879499186
2.2942741447489 0.000584529564897098 0.000708584879499186
2.29506488780832 0.000584529564897098 0.000708584879499186
2.29585590340474 0.000584529564897098 0.000708584879499186
2.29664719163208 0.000584529564897098 0.000708584879499186
2.29743875258433 0.000584529564897098 0.000708584879499186
2.29823058635546 0.000587140586554664 0.00070717176342364
2.29902269303951 0.00059167926366536 0.000705035444733989
2.29981507273055 0.00059167926366536 0.000705035444733989
2.30060772552267 0.00059167926366536 0.000705035444733989
2.30140065150999 0.000591810618771135 0.000705220910938693
2.30219385078667 0.000591810618771135 0.000705220910938693
2.30298732344691 0.000591810618771135 0.000705220910938693
2.30378106958492 0.000591810618771135 0.000705220910938693
2.30457508929498 0.000591810618771135 0.000705220910938693
2.30536938267136 0.000591810618771135 0.000705220910938693
2.30616394980839 0.000591810618771135 0.000705220910938693
2.30695879080041 0.000591810618771135 0.000705220910938693
2.30775390574183 0.000591810618771135 0.000705220910938693
2.30854929472705 0.000591810618771135 0.000705220910938693
2.30934495785053 0.000608798039612743 0.00073439317134325
2.31014089520676 0.000608798039612743 0.00073439317134325
2.31093710689025 0.000608798039612743 0.00073439317134325
2.31173359299554 0.000608798039612743 0.00073439317134325
2.31253035361723 0.000608798039612743 0.00073439317134325
2.31332738884992 0.000608798039612743 0.00073439317134325
2.31412469878827 0.000608798039612743 0.00073439317134325
2.31492228352695 0.000608798039612743 0.00073439317134325
2.31572014316067 0.000608798039612743 0.00073439317134325
2.31651827778419 0.000608798039612743 0.00073439317134325
2.31731668749228 0.000608798039612743 0.00073439317134325
2.31811537237974 0.000608798039612743 0.00073439317134325
2.31891433254143 0.000608798039612743 0.00073439317134325
2.31971356807222 0.000608798039612743 0.00073439317134325
2.32051307906701 0.000608798039612743 0.00073439317134325
2.32131286562075 0.000608798039612743 0.00073439317134325
2.32211292782841 0.000608798039612743 0.00073439317134325
2.32291326578501 0.000608798039612743 0.00073439317134325
2.32371387958557 0.000608798039612743 0.00073439317134325
2.32451476932517 0.000608798039612743 0.00073439317134325
2.32531593509891 0.000608798039612743 0.00073439317134325
2.32611737700194 0.000608798039612743 0.00073439317134325
2.32691909512943 0.000608798039612743 0.00073439317134325
2.32772108957657 0.000608798039612743 0.00073439317134325
2.3285233604386 0.000608798039612743 0.00073439317134325
2.3293259078108 0.000628602638725941 0.00076261557303384
2.33012873178846 0.000628602638725941 0.00076261557303384
2.33093183246692 0.000628602638725941 0.00076261557303384
2.33173520994154 0.000628602638725941 0.00076261557303384
2.33253886430773 0.000628602638725941 0.00076261557303384
2.33334279566092 0.000628602638725941 0.00076261557303384
2.33414700409658 0.000628602638725941 0.00076261557303384
2.3349514897102 0.000628602638725941 0.00076261557303384
2.33575625259732 0.000632773776067732 0.000760428803452852
2.3365612928535 0.000632773776067732 0.000760428803452852
2.33736661057435 0.000632773776067732 0.000760428803452852
2.33817220585548 0.000632773776067732 0.000760428803452852
2.33897807879256 0.000632773776067732 0.000760428803452852
2.3397842294813 0.000632773776067732 0.000760428803452852
2.34059065801742 0.000632773776067732 0.000760428803452852
2.34139736449668 0.000632773776067732 0.000760428803452852
2.34220434901488 0.000632773776067732 0.000760428803452852
2.34301161166785 0.000644453216959948 0.00078072078239114
2.34381915255145 0.000644453216959948 0.00078072078239114
2.34462697176157 0.000644453216959948 0.00078072078239114
2.34543506939415 0.000655658963586949 0.000801147650266217
2.34624344554514 0.000655658963586949 0.000801147650266217
2.34705210031053 0.000655658963586949 0.000801147650266217
2.34786103378636 0.000655658963586949 0.000801147650266217
2.34867024606869 0.000655658963586949 0.000801147650266217
2.3494797372536 0.000655658963586949 0.000801147650266217
2.35028950743723 0.000655658963586949 0.000801147650266217
2.35109955671572 0.000655658963586949 0.000801147650266217
2.35190988518529 0.000655658963586949 0.000801147650266217
2.35272049294215 0.00065742591812851 0.00080031803196612
2.35353138008256 0.00065742591812851 0.00080031803196612
2.35434254670281 0.00065742591812851 0.00080031803196612
2.35515399289923 0.00065742591812851 0.00080031803196612
2.35596571876818 0.00065742591812851 0.00080031803196612
2.35677772440605 0.00065742591812851 0.00080031803196612
2.35759000990926 0.00065742591812851 0.00080031803196612
2.35840257537427 0.00065742591812851 0.00080031803196612
2.35921542089758 0.00065742591812851 0.00080031803196612
2.3600285465757 0.00065742591812851 0.00080031803196612
2.3608419525052 0.00065742591812851 0.00080031803196612
2.36165563878267 0.00065742591812851 0.00080031803196612
2.36246960550473 0.000658658967540322 0.000799537607883157
2.36328385276804 0.000658658967540322 0.000799537607883157
2.36409838066929 0.000658658967540322 0.000799537607883157
2.36491318930521 0.000658658967540322 0.000799537607883157
2.36572827877255 0.000658658967540322 0.000799537607883157
2.3665436491681 0.000658658967540322 0.000799537607883157
2.36735930058869 0.000658658967540322 0.000799537607883157
2.36817523313118 0.000658658967540322 0.000799537607883157
2.36899144689246 0.000658658967540322 0.000799537607883157
2.36980794196946 0.000658658967540322 0.000799537607883157
2.37062471845912 0.000658658967540322 0.000799537607883157
2.37144177645844 0.000658658967540322 0.000799537607883157
2.37225911606446 0.000658658967540322 0.000799537607883157
2.37307673737421 0.000658658967540322 0.000799537607883157
2.37389464048481 0.000658658967540322 0.000799537607883157
2.37471282549337 0.000658658967540322 0.000799537607883157
2.37553129249705 0.000658658967540322 0.000799537607883157
2.37635004159305 0.000658658967540322 0.000799537607883157
2.37716907287858 0.000658658967540322 0.000799537607883157
2.37798838645092 0.000658658967540322 0.000799537607883157
2.37880798240734 0.000658658967540322 0.000799537607883157
2.37962786084518 0.000658658967540322 0.000799537607883157
2.38044802186181 0.000658658967540322 0.000799537607883157
2.3812684655546 0.000658658967540322 0.000799537607883157
2.38208919202099 0.000658658967540322 0.000799537607883157
2.38291020135844 0.000658658967540322 0.000799537607883157
2.38373149366445 0.000661840990252625 0.000797599374045545
2.38455306903653 0.000661840990252625 0.000797599374045545
2.38537492757226 0.000661840990252625 0.000797599374045545
2.38619706936922 0.000661840990252625 0.000797599374045545
2.38701949452505 0.000661840990252625 0.000797599374045545
2.38784220313741 0.000661840990252625 0.000797599374045545
2.388665195304 0.000661840990252625 0.000797599374045545
2.38948847112253 0.000661840990252625 0.000797599374045545
2.39031203069079 0.000661840990252625 0.000797599374045545
2.39113587410655 0.000661840990252625 0.000797599374045545
2.39196000146767 0.000661840990252625 0.000797599374045545
2.39278441287199 0.000661840990252625 0.000797599374045545
2.39360910841742 0.000661840990252625 0.000797599374045545
2.39443408820189 0.000661840990252625 0.000797599374045545
2.39525935232336 0.000713742204021876 0.000867601046883649
2.39608490087984 0.000713742204021876 0.000867601046883649
2.39691073396935 0.000716663852014411 0.000866191558213295
2.39773685168997 0.000716663852014411 0.000866191558213295
2.3985632541398 0.000716663852014411 0.000866191558213295
2.39938994141696 0.000725725564202869 0.000877586357008853
2.40021691361963 0.000725725564202869 0.000877586357008853
2.40104417084602 0.000725725564202869 0.000877586357008853
2.40187171319435 0.000725725564202869 0.000877586357008853
2.4026995407629 0.000725725564202869 0.000877586357008853
2.40352765364996 0.000725725564202869 0.000877586357008853
2.40435605195389 0.000725725564202869 0.000877586357008853
2.40518473577304 0.000725725564202869 0.000877586357008853
2.40601370520583 0.000725725564202869 0.000877586357008853
2.4068429603507 0.000725725564202869 0.000877586357008853
2.40767250130611 0.000725725564202869 0.000877586357008853
2.40850232817057 0.000725725564202869 0.000877586357008853
2.40933244104264 0.000725725564202869 0.000877586357008853
2.41016284002087 0.000725725564202869 0.000877586357008853
2.41099352520389 0.000725725564202869 0.000877586357008853
2.41182449669033 0.000725725564202869 0.000877586357008853
2.41265575457887 0.000725725564202869 0.000877586357008853
2.41348729896822 0.000725725564202869 0.000877586357008853
2.41431912995713 0.000725725564202869 0.000877586357008853
2.41515124764438 0.000727590129846116 0.000876447687429655
2.41598365212878 0.000727590129846116 0.000876447687429655
2.41681634350917 0.000727590129846116 0.000876447687429655
2.41764932188445 0.000727590129846116 0.000876447687429655
2.41848258735351 0.000727590129846116 0.000876447687429655
2.41931614001532 0.000727590129846116 0.000876447687429655
2.42014997996886 0.000727590129846116 0.000876447687429655
2.42098410731314 0.000727590129846116 0.000876447687429655
2.42181852214722 0.000727590129846116 0.000876447687429655
2.42265322457019 0.000727590129846116 0.000876447687429655
2.42348821468115 0.000727590129846116 0.000876447687429655
2.42432349257928 0.000727590129846116 0.000876447687429655
2.42515905836375 0.000727590129846116 0.000876447687429655
2.42599491213379 0.000727590129846116 0.000876447687429655
2.42683105398865 0.000727590129846116 0.000876447687429655
2.42766748402763 0.000727590129846116 0.000876447687429655
2.42850420235006 0.000727590129846116 0.000876447687429655
2.42934120905528 0.000727590129846116 0.000876447687429655
2.43017850424271 0.000727590129846116 0.000876447687429655
2.43101608801175 0.000727590129846116 0.000876447687429655
2.43185396046188 0.000727590129846116 0.000876447687429655
2.4326921216926 0.000727590129846116 0.000876447687429655
2.43353057180343 0.000727590129846116 0.000876447687429655
2.43436931089393 0.000727590129846116 0.000876447687429655
2.43520833906372 0.000727590129846116 0.000876447687429655
2.43604765641242 0.000727590129846116 0.000876447687429655
2.4368872630397 0.000727590129846116 0.000876447687429655
2.43772715904526 0.000727590129846116 0.000876447687429655
2.43856734452884 0.000727590129846116 0.000876447687429655
2.43940781959021 0.000727590129846116 0.000876447687429655
2.44024858432918 0.000727590129846116 0.000876447687429655
2.44108963884559 0.000727590129846116 0.000876447687429655
2.44193098323931 0.000727590129846116 0.000876447687429655
2.44277261761025 0.000727590129846116 0.000876447687429655
2.44361454205836 0.000727590129846116 0.000876447687429655
2.4444567566836 0.000727590129846116 0.000876447687429655
2.445299261586 0.000727590129846116 0.000876447687429655
2.4461420568656 0.000727590129846116 0.000876447687429655
2.44698514262249 0.000727590129846116 0.000876447687429655
2.44782851895677 0.000727590129846116 0.000876447687429655
2.4486721859686 0.000727590129846116 0.000876447687429655
2.44951614375816 0.000727590129846116 0.000876447687429655
2.45036039242567 0.000727590129846116 0.000876447687429655
2.45120493207139 0.000727590129846116 0.000876447687429655
2.4520497627956 0.000727590129846116 0.000876447687429655
2.45289488469864 0.000727590129846116 0.000876447687429655
2.45374029788084 0.000727590129846116 0.000876447687429655
2.45458600244261 0.000756363211952572 0.000917022028788002
2.45543199848438 0.000756363211952572 0.000917022028788002
2.4562782861066 0.000756363211952572 0.000917022028788002
2.45712486540977 0.000756363211952572 0.000917022028788002
2.45797173649442 0.000756363211952572 0.000917022028788002
2.45881889946112 0.000756363211952572 0.000917022028788002
2.45966635441046 0.000756363211952572 0.000917022028788002
2.46051410144309 0.000756363211952572 0.000917022028788002
2.46136214065966 0.000756363211952572 0.000917022028788002
2.46221047216089 0.000764662803063781 0.000913282098060909
2.46305909604752 0.000764662803063781 0.000913282098060909
2.4639080124203 0.000764662803063781 0.000913282098060909
2.46475722138007 0.000764662803063781 0.000913282098060909
2.46560672302765 0.000764662803063781 0.000913282098060909
2.46645651746392 0.000764662803063781 0.000913282098060909
2.4673066047898 0.000764662803063781 0.000913282098060909
2.46815698510623 0.000764662803063781 0.000913282098060909
2.4690076585142 0.000764662803063781 0.000913282098060909
2.46985862511473 0.000764662803063781 0.000913282098060909
2.47070988500886 0.000764662803063781 0.000913282098060909
2.47156143829767 0.000764662803063781 0.000913282098060909
2.47241328508231 0.000764662803063781 0.000913282098060909
2.4732654254639 0.000764662803063781 0.000913282098060909
2.47411785954366 0.000764662803063781 0.000913282098060909
2.4749705874228 0.000764662803063781 0.000913282098060909
2.47582360920259 0.000764662803063781 0.000913282098060909
2.47667692498432 0.000764662803063781 0.000913282098060909
2.47753053486932 0.000764662803063781 0.000913282098060909
2.47838443895896 0.000764662803063781 0.000913282098060909
2.47923863735463 0.000764662803063781 0.000913282098060909
2.48009313015778 0.000764662803063781 0.000913282098060909
2.48094791746987 0.000764662803063781 0.000913282098060909
2.48180299939241 0.000764662803063781 0.000913282098060909
2.48265837602694 0.000764662803063781 0.000913282098060909
2.48351404747503 0.000764662803063781 0.000913282098060909
2.48437001383829 0.000764662803063781 0.000913282098060909
2.48522627521838 0.000764662803063781 0.000913282098060909
2.48608283171696 0.000764662803063781 0.000913282098060909
2.48693968343576 0.000764662803063781 0.000913282098060909
2.48779683047652 0.000764662803063781 0.000913282098060909
2.48865427294104 0.000764662803063781 0.000913282098060909
2.48951201093113 0.000764662803063781 0.000913282098060909
2.49037004454864 0.000764662803063781 0.000913282098060909
2.49122837389547 0.000764662803063781 0.000913282098060909
2.49208699907355 0.000764662803063781 0.000913282098060909
2.49294592018483 0.000764662803063781 0.000913282098060909
2.49380513733131 0.000764662803063781 0.000913282098060909
2.49466465061502 0.000764662803063781 0.000913282098060909
2.49552446013803 0.000764662803063781 0.000913282098060909
2.49638456600245 0.000764662803063781 0.000913282098060909
2.4972449683104 0.000764662803063781 0.000913282098060909
2.49810566716405 0.000764662803063781 0.000913282098060909
2.49896666266563 0.000764662803063781 0.000913282098060909
2.49982795491736 0.000766493263013674 0.00091215768684328
2.50068954402153 0.000766493263013674 0.00091215768684328
2.50155143008045 0.000766493263013674 0.00091215768684328
2.50241361319647 0.000766493263013674 0.00091215768684328
2.50327609347197 0.000766493263013674 0.00091215768684328
2.50413887100937 0.000766493263013674 0.00091215768684328
2.50500194591113 0.000766493263013674 0.00091215768684328
2.50586531827972 0.000766493263013674 0.00091215768684328
2.50672898821769 0.000766493263013674 0.00091215768684328
2.50759295582758 0.000811405366994907 0.000983210843013075
2.508457221212 0.000811405366994907 0.000983210843013075
2.50932178447357 0.000811405366994907 0.000983210843013075
2.51018664571497 0.000811405366994907 0.000983210843013075
2.51105180503888 0.000811405366994907 0.000983210843013075
2.51191726254806 0.000811405366994907 0.000983210843013075
2.51278301834527 0.000811405366994907 0.000983210843013075
2.51364907253331 0.000811405366994907 0.000983210843013075
2.51451542521504 0.000811405366994907 0.000983210843013075
2.51538207649333 0.000811405366994907 0.000983210843013075
2.5162490264711 0.000811405366994907 0.000983210843013075
2.51711627525129 0.000811405366994907 0.000983210843013075
2.51798382293689 0.000811405366994907 0.000983210843013075
2.51885166963092 0.000811405366994907 0.000983210843013075
2.51971981543643 0.000811405366994907 0.000983210843013075
2.52058826045653 0.000811405366994907 0.000983210843013075
2.52145700479433 0.000811405366994907 0.000983210843013075
2.522326048553 0.000811405366994907 0.000983210843013075
2.52319539183573 0.000811405366994907 0.000983210843013075
2.52406503474577 0.000811405366994907 0.000983210843013075
2.52493497738637 0.000811405366994907 0.000983210843013075
2.52580521986085 0.000811405366994907 0.000983210843013075
2.52667576227254 0.000811405366994907 0.000983210843013075
2.52754660472482 0.000811405366994907 0.000983210843013075
2.52841774732111 0.000811405366994907 0.000983210843013075
2.52928919016485 0.000811405366994907 0.000983210843013075
2.53016093335951 0.000811405366994907 0.000983210843013075
2.53103297700863 0.000811405366994907 0.000983210843013075
2.53190532121576 0.000811405366994907 0.000983210843013075
2.53277796608449 0.000811405366994907 0.000983210843013075
2.53365091171843 0.000811405366994907 0.000983210843013075
2.53452415822126 0.000811405366994907 0.000983210843013075
2.53539770569667 0.000811405366994907 0.000983210843013075
2.5362715542484 0.000811405366994907 0.000983210843013075
2.53714570398021 0.000811405366994907 0.000983210843013075
2.5380201549959 0.000811405366994907 0.000983210843013075
2.53889490739933 0.000811405366994907 0.000983210843013075
2.53976996129435 0.000811405366994907 0.000983210843013075
2.5406453167849 0.000811405366994907 0.000983210843013075
2.54152097397491 0.000811405366994907 0.000983210843013075
2.54239693296836 0.000811405366994907 0.000983210843013075
2.54327319386928 0.000811405366994907 0.000983210843013075
2.54414975678172 0.000811405366994907 0.000983210843013075
2.54502662180978 0.000811405366994907 0.000983210843013075
2.54590378905757 0.000811405366994907 0.000983210843013075
2.54678125862927 0.000811405366994907 0.000983210843013075
2.54765903062907 0.000811405366994907 0.000983210843013075
2.5485371051612 0.000811405366994907 0.000983210843013075
2.54941548232995 0.000811405366994907 0.000983210843013075
2.5502941622396 0.000811405366994907 0.000983210843013075
2.55117314499451 0.000816877176980865 0.000980965504729875
2.55205243069906 0.000816877176980865 0.000980965504729875
2.55293201945765 0.000816877176980865 0.000980965504729875
2.55381191137474 0.000816877176980865 0.000980965504729875
2.55469210655482 0.000816877176980865 0.000980965504729875
2.5555726051024 0.000816877176980865 0.000980965504729875
2.55645340712206 0.000816877176980865 0.000980965504729875
2.55733451271837 0.000816877176980865 0.000980965504729875
2.55821592199597 0.000816877176980865 0.000980965504729875
2.55909763505953 0.000816877176980865 0.000980965504729875
2.55997965201376 0.000816877176980865 0.000980965504729875
2.56086197296338 0.000816877176980865 0.000980965504729875
2.56174459801317 0.000816877176980865 0.000980965504729875
2.56262752726796 0.000816877176980865 0.000980965504729875
2.56351076083257 0.000816877176980865 0.000980965504729875
2.5643942988119 0.000816877176980865 0.000980965504729875
2.56527814131086 0.000816877176980865 0.000980965504729875
2.56616228843442 0.000816877176980865 0.000980965504729875
2.56704674028755 0.000816877176980865 0.000980965504729875
2.5679314969753 0.000816877176980865 0.000980965504729875
2.56881655860272 0.000816877176980865 0.000980965504729875
2.56970192527491 0.000816877176980865 0.000980965504729875
2.57058759709702 0.000817021758515011 0.000981158782785057
2.57147357417421 0.000817021758515011 0.000981158782785057
2.57235985661169 0.000817021758515011 0.000981158782785057
2.57324644451471 0.000817021758515011 0.000981158782785057
2.57413333798855 0.000830641354595032 0.00100004187465387
2.57502053713853 0.000830641354595032 0.00100004187465387
2.57590804207 0.000830641354595032 0.00100004187465387
2.57679585288835 0.000830641354595032 0.00100004187465387
2.57768396969901 0.000830641354595032 0.00100004187465387
2.57857239260744 0.000830641354595032 0.00100004187465387
2.57946112171915 0.000830641354595032 0.00100004187465387
2.58035015713966 0.000830641354595032 0.00100004187465387
2.58123949897455 0.000830641354595032 0.00100004187465387
2.58212914732943 0.000830641354595032 0.00100004187465387
2.58301910230994 0.000830641354595032 0.00100004187465387
2.58390936402176 0.000830641354595032 0.00100004187465387
2.58479993257062 0.000830641354595032 0.00100004187465387
2.58569080806227 0.000832159674549265 0.000999136225833276
2.58658199060249 0.000832159674549265 0.000999136225833276
2.58747348029712 0.000832159674549265 0.000999136225833276
2.58836527725201 0.000832159674549265 0.000999136225833276
2.58925738157307 0.000832159674549265 0.000999136225833276
2.59014979336624 0.000832159674549265 0.000999136225833276
2.59104251273748 0.000832159674549265 0.000999136225833276
2.59193553979282 0.000832159674549265 0.000999136225833276
2.59282887463828 0.000832159674549265 0.000999136225833276
2.59372251737996 0.000832159674549265 0.000999136225833276
2.59461646812398 0.000832159674549265 0.000999136225833276
2.59551072697649 0.000832159674549265 0.000999136225833276
2.59640529404369 0.000832159674549265 0.000999136225833276
2.5973001694318 0.000832159674549265 0.000999136225833276
2.59819535324708 0.000832159674549265 0.000999136225833276
2.59909084559585 0.000832159674549265 0.000999136225833276
2.59998664658444 0.000832159674549265 0.000999136225833276
2.60088275631922 0.000832159674549265 0.000999136225833276
2.60177917490661 0.000832159674549265 0.000999136225833276
2.60267590245306 0.000832159674549265 0.000999136225833276
2.60357293906505 0.000832159674549265 0.000999136225833276
2.60447028484911 0.000832159674549265 0.000999136225833276
2.60536793991179 0.000832159674549265 0.000999136225833276
2.60626590435969 0.000832159674549265 0.000999136225833276
2.60716417829945 0.000832159674549265 0.000999136225833276
2.60806276183772 0.000863572145185173 0.00104296924608593
2.60896165508122 0.000863572145185173 0.00104296924608593
2.60986085813669 0.000863572145185173 0.00104296924608593
2.61076037111092 0.000863572145185173 0.00104296924608593
2.6116601941107 0.000863572145185173 0.00104296924608593
2.61256032724291 0.000863572145185173 0.00104296924608593
2.61346077061443 0.000863572145185173 0.00104296924608593
2.61436152433219 0.000863572145185173 0.00104296924608593
2.61526258850314 0.000863572145185173 0.00104296924608593
2.6161639632343 0.000863572145185173 0.00104296924608593
2.61706564863269 0.000863572145185173 0.00104296924608593
2.6179676448054 0.000863572145185173 0.00104296924608593
2.61886995185953 0.000863572145185173 0.00104296924608593
2.61977256990223 0.000863572145185173 0.00104296924608593
2.62067549904069 0.000863572145185173 0.00104296924608593
2.62157873938213 0.000863572145185173 0.00104296924608593
2.62248229103381 0.000863572145185173 0.00104296924608593
2.62338615410302 0.000863572145185173 0.00104296924608593
2.6242903286971 0.000863572145185173 0.00104296924608593
2.62519481492342 0.000863572145185173 0.00104296924608593
2.62609961288938 0.000863572145185173 0.00104296924608593
2.62700472270243 0.000863572145185173 0.00104296924608593
2.62791014447005 0.000881520258634535 0.00106912170496438
2.62881587829976 0.000881520258634535 0.00106912170496438
2.62972192429911 0.000881520258634535 0.00106912170496438
2.63062828257569 0.000881520258634535 0.00106912170496438
2.63153495323714 0.000881520258634535 0.00106912170496438
2.63244193639112 0.000881520258634535 0.00106912170496438
2.63334923214533 0.000881520258634535 0.00106912170496438
2.63425684060751 0.000881520258634535 0.00106912170496438
2.63516476188545 0.000881520258634535 0.00106912170496438
2.63607299608696 0.000881520258634535 0.00106912170496438
2.63698154331988 0.000881520258634535 0.00106912170496438
2.63789040369211 0.000891466876285851 0.00106317815629592
2.63879957731158 0.000891466876285851 0.00106317815629592
2.63970906428625 0.000891466876285851 0.00106317815629592
2.64061886472411 0.000891466876285851 0.00106317815629592
2.64152897873321 0.000891466876285851 0.00106317815629592
2.64243940642163 0.000891466876285851 0.00106317815629592
2.64335014789746 0.000891466876285851 0.00106317815629592
2.64426120326888 0.000891466876285851 0.00106317815629592
2.64517257264405 0.000891466876285851 0.00106317815629592
2.64608425613121 0.000891466876285851 0.00106317815629592
2.64699625383862 0.000891466876285851 0.00106317815629592
2.64790856587458 0.000891466876285851 0.00106317815629592
2.64882119234742 0.000891466876285851 0.00106317815629592
2.64973413336551 0.000891466876285851 0.00106317815629592
2.65064738903727 0.000891466876285851 0.00106317815629592
2.65156095947115 0.000891466876285851 0.00106317815629592
2.65247484477563 0.000891466876285851 0.00106317815629592
2.65338904505923 0.000891466876285851 0.00106317815629592
2.65430356043052 0.000891466876285851 0.00106317815629592
2.65521839099809 0.000891466876285851 0.00106317815629592
2.65613353687058 0.000891466876285851 0.00106317815629592
2.65704899815666 0.000891466876285851 0.00106317815629592
2.65796477496504 0.000891656226995178 0.00106306144678929
2.65888086740448 0.000891656226995178 0.00106306144678929
2.65979727558374 0.000911266870834478 0.00109195869755924
2.66071399961166 0.000911266870834478 0.00109195869755924
2.6616310395971 0.000911266870834478 0.00109195869755924
2.66254839564896 0.000911266870834478 0.00109195869755924
2.66346606787616 0.000911266870834478 0.00109195869755924
2.66438405638769 0.000911266870834478 0.00109195869755924
2.66530236129255 0.000911266870834478 0.00109195869755924
2.66622098269979 0.000911266870834478 0.00109195869755924
2.6671399207185 0.000911266870834478 0.00109195869755924
2.6680591754578 0.000911266870834478 0.00109195869755924
2.66897874702685 0.000911266870834478 0.00109195869755924
2.66989863553485 0.000911266870834478 0.00109195869755924
2.67081884109103 0.000911266870834478 0.00109195869755924
2.67173936380468 0.000911266870834478 0.00109195869755924
2.67266020378509 0.000911266870834478 0.00109195869755924
2.67358136114162 0.000911266870834478 0.00109195869755924
2.67450283598365 0.000911266870834478 0.00109195869755924
2.67542462842062 0.000911266870834478 0.00109195869755924
2.67634673856197 0.000911266870834478 0.00109195869755924
2.67726916651722 0.000911266870834478 0.00109195869755924
2.6781919123959 0.000911266870834478 0.00109195869755924
2.67911497630758 0.000911266870834478 0.00109195869755924
2.68003835836188 0.000911266870834478 0.00109195869755924
2.68096205866845 0.000911266870834478 0.00109195869755924
2.68188607733697 0.000911266870834478 0.00109195869755924
2.68281041447718 0.000911266870834478 0.00109195869755924
2.68373507019884 0.000911266870834478 0.00109195869755924
2.68466004461174 0.000911266870834478 0.00109195869755924
2.68558533782574 0.000911266870834478 0.00109195869755924
2.6865109499507 0.000911266870834478 0.00109195869755924
2.68743688109655 0.000911266870834478 0.00109195869755924
2.68836313137323 0.000911266870834478 0.00109195869755924
2.68928970089074 0.000911266870834478 0.00109195869755924
2.6902165897591 0.000911266870834478 0.00109195869755924
2.6911437980884 0.000911266870834478 0.00109195869755924
2.69207132598872 0.000911266870834478 0.00109195869755924
2.69299917357021 0.000911266870834478 0.00109195869755924
2.69392734094306 0.000911266870834478 0.00109195869755924
2.69485582821748 0.000911266870834478 0.00109195869755924
2.69578463550373 0.000911266870834478 0.00109195869755924
2.69671376291211 0.000911266870834478 0.00109195869755924
2.69764321055295 0.000911266870834478 0.00109195869755924
2.69857297853661 0.000911266870834478 0.00109195869755924
2.69950306697351 0.000911266870834478 0.00109195869755924
2.7004334759741 0.000911266870834478 0.00109195869755924
2.70136420564886 0.000911266870834478 0.00109195869755924
2.70229525610832 0.000911266870834478 0.00109195869755924
2.70322662746303 0.000912861757826045 0.00109428329500684
2.7041583198236 0.000912861757826045 0.00109428329500684
2.70509033330065 0.000912861757826045 0.00109428329500684
2.70602266800488 0.000912861757826045 0.00109428329500684
2.70695532404699 0.000912861757826045 0.00109428329500684
2.70788830153774 0.000912861757826045 0.00109428329500684
2.70882160058791 0.000912861757826045 0.00109428329500684
2.70975522130834 0.00092193757956566 0.00110841646983355
2.71068916380988 0.00092193757956566 0.00110841646983355
2.71162342820345 0.00092193757956566 0.00110841646983355
2.71255801459999 0.00092193757956566 0.00110841646983355
2.71349292311048 0.00092193757956566 0.00110841646983355
2.71442815384594 0.00092193757956566 0.00110841646983355
2.71536370691742 0.00092193757956566 0.00110841646983355
2.71629958243603 0.00092193757956566 0.00110841646983355
2.7172357805129 0.00092193757956566 0.00110841646983355
2.71817230125919 0.00092193757956566 0.00110841646983355
2.71910914478613 0.00092193757956566 0.00110841646983355
2.72004631120496 0.000921938407407948 0.00110841569519827
2.72098380062697 0.000921938407407948 0.00110841569519827
2.72192161316348 0.000921938407407948 0.00110841569519827
2.72285974892586 0.000921938407407948 0.00110841569519827
2.72379820802552 0.000921938407407948 0.00110841569519827
2.72473699057388 0.000921938407407948 0.00110841569519827
2.72567609668244 0.000921938407407948 0.00110841569519827
2.72661552646271 0.000921938407407948 0.00110841569519827
2.72755528002625 0.000921938407407948 0.00110841569519827
2.72849535748465 0.000921938407407948 0.00110841569519827
2.72943575894954 0.000921938407407948 0.00110841569519827
2.7303764845326 0.000921938407407948 0.00110841569519827
2.73131753434554 0.000921938407407948 0.00110841569519827
2.73225890850011 0.000921938407407948 0.00110841569519827
2.73320060710809 0.000921938407407948 0.00110841569519827
2.73414263028131 0.000921938407407948 0.00110841569519827
2.73508497813164 0.000921938407407948 0.00110841569519827
2.73602765077097 0.000921938407407948 0.00110841569519827
2.73697064831125 0.000921938407407948 0.00110841569519827
2.73791397086446 0.000921938407407948 0.00110841569519827
2.73885761854262 0.000921938407407948 0.00110841569519827
2.73980159145778 0.000921938407407948 0.00110841569519827
2.74074588972205 0.000921938407407948 0.00110841569519827
2.74169051344755 0.000921938407407948 0.00110841569519827
2.74263546274646 0.000921938407407948 0.00110841569519827
2.74358073773099 0.000921938407407948 0.00110841569519827
2.74452633851339 0.000921938407407948 0.00110841569519827
2.74547226520595 0.000921938407407948 0.00110841569519827
2.74641851792101 0.000921938407407948 0.00110841569519827
2.74736509677092 0.000921938407407948 0.00110841569519827
2.74831200186808 0.000921938407407948 0.00110841569519827
2.74925923332496 0.000921938407407948 0.00110841569519827
2.75020679125402 0.000921938407407948 0.00110841569519827
2.75115467576779 0.000921938407407948 0.00110841569519827
2.75210288697883 0.000921938407407948 0.00110841569519827
2.75305142499975 0.000921938407407948 0.00110841569519827
2.75400028994317 0.000921938407407948 0.00110841569519827
2.75494948192177 0.000921938407407948 0.00110841569519827
2.75589900104827 0.000923180524827359 0.00110765015918397
2.75684884743543 0.000923180524827359 0.00110765015918397
2.75779902119604 0.000923180524827359 0.00110765015918397
2.75874952244293 0.000923180524827359 0.00110765015918397
2.75970035128897 0.000923180524827359 0.00110765015918397
2.76065150784707 0.000923180524827359 0.00110765015918397
2.76160299223018 0.000923180524827359 0.00110765015918397
2.7625548045513 0.000923180524827359 0.00110765015918397
2.76350694492343 0.000923180524827359 0.00110765015918397
2.76445941345966 0.000923180524827359 0.00110765015918397
2.76541221027309 0.000934176112444293 0.00112541572838285
2.76636533547686 0.000934176112444293 0.00112541572838285
2.76731878918415 0.000934176112444293 0.00112541572838285
2.76827257150818 0.000934176112444293 0.00112541572838285
2.76922668256222 0.000935618268731599 0.00112744235885914
2.77018112245957 0.000935618611635103 0.00112744203873033
2.77113589131356 0.000935618611635103 0.00112744203873033
2.77209098923757 0.000935618611635103 0.00112744203873033
2.77304641634502 0.000935618611635103 0.00112744203873033
2.77400217274937 0.000935618611635103 0.00112744203873033
2.77495825856411 0.000935618611635103 0.00112744203873033
2.77591467390278 0.000935618611635103 0.00112744203873033
2.77687141887894 0.000935618611635103 0.00112744203873033
2.77782849360622 0.000935618611635103 0.00112744203873033
2.77878589819826 0.000935618611635103 0.00112744203873033
2.77974363276875 0.000935618611635103 0.00112744203873033
2.78070169743143 0.000935618611635103 0.00112744203873033
2.78166009230006 0.000935618611635103 0.00112744203873033
2.78261881748846 0.000935618611635103 0.00112744203873033
2.78357787311046 0.000935618611635103 0.00112744203873033
2.78453725927996 0.000935618611635103 0.00112744203873033
2.78549697611089 0.000935618611635103 0.00112744203873033
2.7864570237172 0.00094699239820323 0.00114359674370441
2.78741740221291 0.00094699239820323 0.00114359674370441
2.78837811171206 0.00094699239820323 0.00114359674370441
2.78933915232873 0.00094699239820323 0.00114359674370441
2.79030052417704 0.00094699239820323 0.00114359674370441
2.79126222737116 0.00094699239820323 0.00114359674370441
2.79222426202529 0.00094699239820323 0.00114359674370441
2.79318662825366 0.00094699239820323 0.00114359674370441
2.79414932617057 0.00094699239820323 0.00114359674370441
2.79511235589032 0.00094699239820323 0.00114359674370441
2.79607571752728 0.00094699239820323 0.00114359674370441
2.79703941119584 0.00094699239820323 0.00114359674370441
2.79800343701045 0.00094699239820323 0.00114359674370441
2.79896779508558 0.00094699239820323 0.00114359674370441
2.79993248553575 0.00094699239820323 0.00114359674370441
2.80089750847551 0.00094699239820323 0.00114359674370441
2.80186286401946 0.00094699239820323 0.00114359674370441
2.80282855228224 0.00094699239820323 0.00114359674370441
2.80379457337851 0.00094699239820323 0.00114359674370441
2.804760927423 0.00094699239820323 0.00114359674370441
2.80572761453045 0.00094699239820323 0.00114359674370441
2.80669463481567 0.00094699239820323 0.00114359674370441
2.80766198839347 0.00094699239820323 0.00114359674370441
2.80862967537875 0.00094699239820323 0.00114359674370441
2.8095976958864 0.00094699239820323 0.00114359674370441
2.81056605003137 0.00094699239820323 0.00114359674370441
2.81153473792867 0.00094699239820323 0.00114359674370441
2.81250375969332 0.00094699239820323 0.00114359674370441
2.8134731154404 0.00094699239820323 0.00114359674370441
2.814442805285 0.00094699239820323 0.00114359674370441
2.81541282934229 0.00094699239820323 0.00114359674370441
2.81638318772744 0.00094699239820323 0.00114359674370441
2.8173538805557 0.00094699239820323 0.00114359674370441
2.81832490794233 0.00094699239820323 0.00114359674370441
2.81929627000263 0.00094699239820323 0.00114359674370441
2.82026796685196 0.00094699239820323 0.00114359674370441
2.82123999860571 0.00094699239820323 0.00114359674370441
2.8222123653793 0.00094699239820323 0.00114359674370441
2.8231850672882 0.00094699239820323 0.00114359674370441
2.82415810444791 0.00094699239820323 0.00114359674370441
2.82513147697399 0.00094699239820323 0.00114359674370441
2.82610518498203 0.00100662481271148 0.00124865967955463
2.82707922858764 0.00100662481271148 0.00124865967955463
2.8280536079065 0.00100662481271148 0.00124865967955463
2.82902832305431 0.00100662481271148 0.00124865967955463
2.83000337414682 0.00100662481271148 0.00124865967955463
2.83097876129982 0.00100662481271148 0.00124865967955463
2.83195448462913 0.00100662481271148 0.00124865967955463
2.83293054425062 0.00100662481271148 0.00124865967955463
2.83390694028019 0.00100662481271148 0.00124865967955463
2.8348836728338 0.00100662481271148 0.00124865967955463
2.83586074202742 0.00100662481271148 0.00124865967955463
2.83683814797709 0.00100662481271148 0.00124865967955463
2.83781589079886 0.00100662481271148 0.00124865967955463
2.83879397060885 0.00100662481271148 0.00124865967955463
2.8397723875232 0.00100662481271148 0.00124865967955463
2.8407511416581 0.00100662481271148 0.00124865967955463
2.84173023312978 0.00100662481271148 0.00124865967955463
2.84270966205449 0.00100662481271148 0.00124865967955463
2.84368942854856 0.00100662481271148 0.00124865967955463
2.84466953272831 0.00100662481271148 0.00124865967955463
2.84564997471015 0.00100662481271148 0.00124865967955463
2.84663075461049 0.00100662481271148 0.00124865967955463
2.8476118725458 0.00100662481271148 0.00124865967955463
2.8485933286326 0.00100662481271148 0.00124865967955463
2.84957512298742 0.00100662481271148 0.00124865967955463
2.85055725572685 0.00100662481271148 0.00124865967955463
2.85153972696753 0.00100662481271148 0.00124865967955463
2.85252253682612 0.00100662481271148 0.00124865967955463
2.85350568541932 0.00100662481271148 0.00124865967955463
2.85448917286389 0.00100662481271148 0.00124865967955463
2.85547299927662 0.00100662481271148 0.00124865967955463
2.85645716477432 0.00100662481271148 0.00124865967955463
2.85744166947388 0.00100662481271148 0.00124865967955463
2.8584265134922 0.00100662481271148 0.00124865967955463
2.85941169694622 0.00100662481271148 0.00124865967955463
2.86039721995295 0.00100662481271148 0.00124865967955463
2.8613830826294 0.00100662481271148 0.00124865967955463
2.86236928509266 0.00100662481271148 0.00124865967955463
2.86335582745982 0.00100662481271148 0.00124865967955463
2.86434270984805 0.00100662481271148 0.00124865967955463
2.86532993237453 0.00100662481271148 0.00124865967955463
2.86631749515649 0.00100662481271148 0.00124865967955463
2.86730539831121 0.00100662481271148 0.00124865967955463
2.868293641956 0.00100662481271148 0.00124865967955463
2.86928222620821 0.00100662481271148 0.00124865967955463
2.87027115118524 0.00100662481271148 0.00124865967955463
2.87126041700452 0.00100780179952779 0.00124810668158646
2.87225002378352 0.00100780179952779 0.00124810668158646
2.87323997163976 0.00100780179952779 0.00124810668158646
2.8742302606908 0.00100780179952779 0.00124810668158646
2.87522089105423 0.00100780179952779 0.00124810668158646
2.87621186284769 0.00100780179952779 0.00124810668158646
2.87720317618885 0.00100780179952779 0.00124810668158646
2.87819483119543 0.00100780179952779 0.00124810668158646
2.87918682798519 0.00100780179952779 0.00124810668158646
2.88017916667593 0.00100780179952779 0.00124810668158646
2.8811718473855 0.00100780179952779 0.00124810668158646
2.88216487023176 0.00100780179952779 0.00124810668158646
2.88315823533263 0.00100780179952779 0.00124810668158646
2.88415194280609 0.00100780179952779 0.00124810668158646
2.88514599277013 0.00100780179952779 0.00124810668158646
2.8861403853428 0.00100780179952779 0.00124810668158646
2.88713512064217 0.00100780179952779 0.00124810668158646
2.88813019878638 0.00100780179952779 0.00124810668158646
2.88912561989358 0.00103300151467741 0.00128214777187473
2.89012138408199 0.00103300151467741 0.00128214777187473
2.89111749146984 0.00103300151467741 0.00128214777187473
2.89211394217543 0.00103300151467741 0.00128214777187473
2.89311073631708 0.00103300151467741 0.00128214777187473
2.89410787401316 0.00103300151467741 0.00128214777187473
2.89510535538209 0.00103300151467741 0.00128214777187473
2.8961031805423 0.00103300151467741 0.00128214777187473
2.8971013496123 0.00103300151467741 0.00128214777187473
2.89809986271061 0.00103300151467741 0.00128214777187473
2.8990987199558 0.00103300151467741 0.00128214777187473
2.90009792146649 0.00103300151467741 0.00128214777187473
2.90109746736134 0.00103300151467741 0.00128214777187473
2.90209735775904 0.00103300151467741 0.00128214777187473
2.90309759277832 0.00103300151467741 0.00128214777187473
2.90409817253796 0.00103300151467741 0.00128214777187473
2.90509909715679 0.00103300151467741 0.00128214777187473
2.90610036675365 0.00103300151467741 0.00128214777187473
2.90710198144745 0.00103300151467741 0.00128214777187473
2.90810394135713 0.00103475960941247 0.00128112769610408
2.90910624660168 0.00103475960941247 0.00128112769610408
2.9101088973001 0.00103475960941247 0.00128112769610408
2.91111189357148 0.00103475960941247 0.00128112769610408
2.91211523553491 0.00103475960941247 0.00128112769610408
2.91311892330954 0.00103697175379185 0.00127987389831914
2.91412295701455 0.00103697175379185 0.00127987389831914
2.91512733676918 0.00103697175379185 0.00127987389831914
2.9161320626927 0.00103697175379185 0.00127987389831914
2.91713713490441 0.00103697175379185 0.00127987389831914
2.91814255352366 0.00103697175379185 0.00127987389831914
2.91914831866985 0.00103712363940379 0.00127977840627995
2.92015443046242 0.00103712363940379 0.00127977840627995
2.92116088902083 0.00103712363940379 0.00127977840627995
2.9221676944646 0.00103712363940379 0.00127977840627995
2.9231748469133 0.00103712363940379 0.00127977840627995
2.92418234648651 0.00103712363940379 0.00127977840627995
2.92519019330388 0.0010841038101486 0.00137029122472625
2.92619838748509 0.0010841038101486 0.00137029122472625
2.92720692914987 0.0010841038101486 0.00137029122472625
2.92821581841796 0.0010841038101486 0.00137029122472625
2.92922505540919 0.0010841038101486 0.00137029122472625
2.9302346402434 0.0010841038101486 0.00137029122472625
2.93124457304046 0.00110829890143208 0.0013970670511384
2.93225485392032 0.00110829890143208 0.0013970670511384
2.93326548300295 0.00110829890143208 0.0013970670511384
2.93427646040834 0.00110862613647533 0.00139686031474871
2.93528778625656 0.00110862613647533 0.00139686031474871
2.9362994606677 0.00110862613647533 0.00139686031474871
2.9373114837619 0.00110862613647533 0.00139686031474871
2.93832385565933 0.00111736798826372 0.0013921142852379
2.9393365764802 0.00111736798826372 0.0013921142852379
2.94034964634479 0.00111736798826372 0.0013921142852379
2.9413630653734 0.00111736798826372 0.0013921142852379
2.94237683368635 0.00111736798826372 0.0013921142852379
2.94339095140404 0.00111736798826372 0.0013921142852379
2.9444054186469 0.00111736798826372 0.0013921142852379
2.94542023553539 0.00111736798826372 0.0013921142852379
2.94643540219002 0.00111736798826372 0.0013921142852379
2.94745091873134 0.00111736798826372 0.0013921142852379
2.94846678527994 0.00111736798826372 0.0013921142852379
2.94948300195646 0.00111736798826372 0.0013921142852379
2.95049956888156 0.00111736798826372 0.0013921142852379
2.95151648617597 0.00111736798826372 0.0013921142852379
2.95253375396045 0.00111736798826372 0.0013921142852379
2.95355137235579 0.00111736798826372 0.0013921142852379
2.95456934148283 0.00111736798826372 0.0013921142852379
2.95558766146247 0.00111736798826372 0.0013921142852379
2.95660633241561 0.00111736798826372 0.0013921142852379
2.95762535446324 0.00111736798826372 0.0013921142852379
2.95864472772635 0.00111736798826372 0.0013921142852379
2.959664452326 0.00111736798826372 0.0013921142852379
2.96068452838328 0.00111736798826372 0.0013921142852379
2.96170495601932 0.00111736798826372 0.0013921142852379
2.96272573535529 0.00112316688678389 0.0013885071633006
2.96374686651242 0.00112316688678389 0.0013885071633006
2.96476834961196 0.00112316688678389 0.0013885071633006
2.96579018477521 0.00112316688678389 0.0013885071633006
2.96681237212352 0.00112316688678389 0.0013885071633006
2.96783491177826 0.00112316688678389 0.0013885071633006
2.96885780386087 0.00112316688678389 0.0013885071633006
2.96988104849281 0.00112316688678389 0.0013885071633006
2.97090464579559 0.00112316688678389 0.0013885071633006
2.97192859589076 0.00112802084747892 0.00138609579235108
2.97295289889991 0.00112802084747892 0.00138609579235108
2.97397755494469 0.00112802084747892 0.00138609579235108
2.97500256414676 0.00113416086278661 0.00139336621814146
2.97602792662785 0.00113416086278661 0.00139336621814146
2.97705364250972 0.00121061093257128 0.00150177070422094
2.97807971191416 0.00121061093257128 0.00150177070422094
2.97910613496303 0.00121061093257128 0.00150177070422094
2.98013291177821 0.00121061093257128 0.00150177070422094
2.98116004248164 0.00121061093257128 0.00150177070422094
2.98218752719527 0.00121061093257128 0.00150177070422094
2.98321536604113 0.00121061093257128 0.00150177070422094
2.98424355914126 0.00121061093257128 0.00150177070422094
2.98527210661778 0.00121061093257128 0.00150177070422094
2.98630100859281 0.00121061093257128 0.00150177070422094
2.98733026518853 0.00121061093257128 0.00150177070422094
2.98835987652718 0.00121061093257128 0.00150177070422094
2.98938984273101 0.00121061093257128 0.00150177070422094
2.99042016392233 0.00121061093257128 0.00150177070422094
2.9914508402235 0.00121061093257128 0.00150177070422094
2.9924818717569 0.00121061093257128 0.00150177070422094
2.99351325864497 0.00121061093257128 0.00150177070422094
2.99454500101019 0.00121061093257128 0.00150177070422094
2.99557709897506 0.00121061093257128 0.00150177070422094
2.99660955266217 0.00121061093257128 0.00150177070422094
2.9976423621941 0.00121061093257128 0.00150177070422094
2.9986755276935 0.00121061093257128 0.00150177070422094
2.99970904928307 0.00121061093257128 0.00150177070422094
3.00074292708552 0.00121061093257128 0.00150177070422094
3.00177716122364 0.00121061093257128 0.00150177070422094
3.00281175182023 0.00121061093257128 0.00150177070422094
3.00384669899816 0.00121061093257128 0.00150177070422094
3.00488200288032 0.00121061093257128 0.00150177070422094
3.00591766358965 0.00121061093257128 0.00150177070422094
3.00695368124914 0.00121061093257128 0.00150177070422094
3.00799005598182 0.00121061093257128 0.00150177070422094
3.00902678791074 0.00121061093257128 0.00150177070422094
3.01006387715903 0.00121061093257128 0.00150177070422094
3.01110132384984 0.00121061093257128 0.00150177070422094
3.01213912810636 0.00121061093257128 0.00150177070422094
3.01317729005184 0.00121061093257128 0.00150177070422094
3.01421580980954 0.00121061093257128 0.00150177070422094
3.0152546875028 0.00121061093257128 0.00150177070422094
3.01629392325498 0.00121061093257128 0.00150177070422094
3.01733351718949 0.00121061093257128 0.00150177070422094
3.01837346942978 0.00121061093257128 0.00150177070422094
3.01941378009935 0.00121061093257128 0.00150177070422094
3.02045444932172 0.00121061093257128 0.00150177070422094
3.02149547722049 0.00121061093257128 0.00150177070422094
3.02253686391926 0.00121061093257128 0.00150177070422094
3.02357860954171 0.00121061093257128 0.00150177070422094
3.02462071421154 0.00121061093257128 0.00150177070422094
3.02566317805249 0.00121061093257128 0.00150177070422094
3.02670600118837 0.00121061093257128 0.00150177070422094
3.027749183743 0.00121061093257128 0.00150177070422094
3.02879272584027 0.00121061093257128 0.00150177070422094
3.02983662760408 0.00121061093257128 0.00150177070422094
3.03088088915841 0.00121061093257128 0.00150177070422094
3.03192551062726 0.00121061093257128 0.00150177070422094
3.03297049213468 0.00121061093257128 0.00150177070422094
3.03401583380476 0.00121061093257128 0.00150177070422094
3.03506153576162 0.00121061093257128 0.00150177070422094
3.03610759812946 0.00121061093257128 0.00150177070422094
3.03715402103248 0.00121061093257128 0.00150177070422094
3.03820080459495 0.00121061093257128 0.00150177070422094
3.03924794894117 0.00121061093257128 0.00150177070422094
3.04029545419549 0.00121061093257128 0.00150177070422094
3.04134332048231 0.00121061093257128 0.00150177070422094
3.04239154792605 0.00121061093257128 0.00150177070422094
3.04344013665119 0.0012149782057333 0.00150643635149369
3.04448908678225 0.0012149782057333 0.00150643635149369
3.04553839844379 0.0012149782057333 0.00150643635149369
3.04658807176041 0.0012149782057333 0.00150643635149369
3.04763810685677 0.0012149782057333 0.00150643635149369
3.04868850385756 0.0012149782057333 0.00150643635149369
3.0497392628875 0.0012149782057333 0.00150643635149369
3.05079038407138 0.0012149782057333 0.00150643635149369
3.05184186753401 0.0012149782057333 0.00150643635149369
3.05289371340026 0.0012149782057333 0.00150643635149369
3.05394592179504 0.0012149782057333 0.00150643635149369
3.05499849284328 0.0012149782057333 0.00150643635149369
3.05605142667 0.0012149782057333 0.00150643635149369
3.05710472340021 0.0012149782057333 0.00150643635149369
3.05815838315899 0.0012149782057333 0.00150643635149369
3.05921240607148 0.0012149782057333 0.00150643635149369
3.06026679226283 0.0012149782057333 0.00150643635149369
3.06132154185825 0.0012149782057333 0.00150643635149369
3.06237665498299 0.0012149782057333 0.00150643635149369
3.06343213176235 0.0012149782057333 0.00150643635149369
3.06448797232166 0.0012149782057333 0.00150643635149369
3.06554417678629 0.0012149782057333 0.00150643635149369
3.06660074528169 0.0012149782057333 0.00150643635149369
3.06765767793331 0.0012149782057333 0.00150643635149369
3.06871497486665 0.0012149782057333 0.00150643635149369
3.06977263620729 0.0012149782057333 0.00150643635149369
3.0708306620808 0.0012149782057333 0.00150643635149369
3.07188905261284 0.0012149782057333 0.00150643635149369
3.07294780792908 0.0012149782057333 0.00150643635149369
3.07400692815525 0.0012149782057333 0.00150643635149369
3.07506641341712 0.0012149782057333 0.00150643635149369
3.0761262638405 0.0012149782057333 0.00150643635149369
3.07718647955125 0.0012149782057333 0.00150643635149369
3.07824706067527 0.0012149782057333 0.00150643635149369
3.0793080073385 0.0012149782057333 0.00150643635149369
3.08036931966693 0.0012149782057333 0.00150643635149369
3.08143099778659 0.0012149782057333 0.00150643635149369
3.08249304182355 0.0012149782057333 0.00150643635149369
3.08355545190393 0.0012149782057333 0.00150643635149369
3.08461822815389 0.0012149782057333 0.00150643635149369
3.08568137069963 0.0012149782057333 0.00150643635149369
3.0867448796674 0.0012149782057333 0.00150643635149369
3.08780875518349 0.0012149782057333 0.00150643635149369
3.08887299737423 0.0012149782057333 0.00150643635149369
3.08993760636601 0.0012149782057333 0.00150643635149369
3.09100258228524 0.0012149782057333 0.00150643635149369
3.0920679252584 0.0012149782057333 0.00150643635149369
3.09313363541198 0.0012149782057333 0.00150643635149369
3.09419971287254 0.0012149782057333 0.00150643635149369
3.09526615776667 0.0012149782057333 0.00150643635149369
3.09633297022102 0.0012149782057333 0.00150643635149369
3.09740015036227 0.0012149782057333 0.00150643635149369
3.09846769831714 0.0012149782057333 0.00150643635149369
3.09953561421241 0.0012149782057333 0.00150643635149369
3.10060389817489 0.0012149782057333 0.00150643635149369
3.10167255033144 0.0012149782057333 0.00150643635149369
3.10274157080895 0.0012149782057333 0.00150643635149369
3.10381095973438 0.00128641676228699 0.00159614340955348
3.10488071723471 0.00128641676228699 0.00159614340955348
3.10595084343698 0.00128641676228699 0.00159614340955348
3.10702133846826 0.00128641676228699 0.00159614340955348
3.10809220245568 0.00128641676228699 0.00159614340955348
3.10916343552639 0.00128641676228699 0.00159614340955348
3.1102350378076 0.00128641676228699 0.00159614340955348
3.11130700942657 0.00128641676228699 0.00159614340955348
3.1123793505106 0.00128641676228699 0.00159614340955348
3.11345206118702 0.00128641676228699 0.00159614340955348
3.11452514158321 0.00128641676228699 0.00159614340955348
3.1155985918266 0.00128641676228699 0.00159614340955348
3.11667241204467 0.00128641676228699 0.00159614340955348
3.11774660236493 0.00128641676228699 0.00159614340955348
3.11882116291494 0.00128641676228699 0.00159614340955348
3.1198960938223 0.00128641676228699 0.00159614340955348
3.12097139521466 0.00128641676228699 0.00159614340955348
3.12204706721971 0.00128641676228699 0.00159614340955348
3.12312310996519 0.00128641676228699 0.00159614340955348
3.12419952357887 0.00128641676228699 0.00159614340955348
3.12527630818857 0.00128641676228699 0.00159614340955348
3.12635346392218 0.00128641676228699 0.00159614340955348
3.12743099090758 0.00128641676228699 0.00159614340955348
3.12850888927275 0.00128641676228699 0.00159614340955348
3.12958715914569 0.00128641676228699 0.00159614340955348
3.13066580065442 0.00128641676228699 0.00159614340955348
3.13174481392705 0.00128641676228699 0.00159614340955348
3.1328241990917 0.00128641676228699 0.00159614340955348
3.13390395627656 0.00128641676228699 0.00159614340955348
3.13498408560983 0.00128641676228699 0.00159614340955348
3.13606458721979 0.00128641676228699 0.00159614340955348
3.13714546123474 0.00128641676228699 0.00159614340955348
3.13822670778304 0.00128641676228699 0.00159614340955348
3.13930832699309 0.00128641676228699 0.00159614340955348
3.14039031899332 0.00128641676228699 0.00159614340955348
3.14147268391222 0.00128641676228699 0.00159614340955348
3.14255542187832 0.00128641676228699 0.00159614340955348
3.14363853302019 0.00128641676228699 0.00159614340955348
3.14472201746646 0.00128641676228699 0.00159614340955348
3.14580587534579 0.00128641676228699 0.00159614340955348
3.14689010678687 0.00128641676228699 0.00159614340955348
3.14797471191848 0.00128641676228699 0.00159614340955348
3.14905969086939 0.00128641676228699 0.00159614340955348
3.15014504376846 0.00128641676228699 0.00159614340955348
3.15123077074456 0.00128641676228699 0.00159614340955348
3.15231687192663 0.00128641676228699 0.00159614340955348
3.15340334744363 0.00128641676228699 0.00159614340955348
3.1544901974246 0.00130181450342625 0.00158746552020806
3.15557742199858 0.00130181450342625 0.00158746552020806
3.15666502129469 0.00130181450342625 0.00158746552020806
3.15775299544208 0.00130181450342625 0.00158746552020806
3.15884134456994 0.00130181450342625 0.00158746552020806
3.15993006880751 0.00130181450342625 0.00158746552020806
3.16101916828408 0.00130181450342625 0.00158746552020806
3.16210864312899 0.00130181450342625 0.00158746552020806
3.16319849347159 0.00130181450342625 0.00158746552020806
3.16428871944132 0.00130181450342625 0.00158746552020806
3.16537932116764 0.00130181450342625 0.00158746552020806
3.16647029878004 0.00130181450342625 0.00158746552020806
3.1675616524081 0.00130181450342625 0.00158746552020806
3.16865338218139 0.00130181450342625 0.00158746552020806
3.16974548822958 0.00130181450342625 0.00158746552020806
3.17083797068233 0.00130181450342625 0.00158746552020806
3.17193082966939 0.00130181450342625 0.00158746552020806
3.17302406532053 0.00130181450342625 0.00158746552020806
3.17411767776556 0.00130181450342625 0.00158746552020806
3.17521166713437 0.00130181450342625 0.00158746552020806
3.17630603355685 0.00130181450342625 0.00158746552020806
3.17740077716296 0.00130181450342625 0.00158746552020806
3.1784958980827 0.00130181450342625 0.00158746552020806
3.17959139644612 0.00130181450342625 0.00158746552020806
3.1806872723833 0.00130181450342625 0.00158746552020806
3.18178352602439 0.00130181450342625 0.00158746552020806
3.18288015749955 0.00130181450342625 0.00158746552020806
3.18397716693901 0.00130181450342625 0.00158746552020806
3.18507455447305 0.00130181450342625 0.00158746552020806
3.18617232023197 0.00130181450342625 0.00158746552020806
3.18727046434614 0.00130181450342625 0.00158746552020806
3.18836898694595 0.00130181450342625 0.00158746552020806
3.18946788816187 0.00130181450342625 0.00158746552020806
3.19056716812437 0.00130181450342625 0.00158746552020806
3.191666826964 0.00130181450342625 0.00158746552020806
3.19276686481134 0.00130181450342625 0.00158746552020806
3.19386728179703 0.00130181450342625 0.00158746552020806
3.19496807805172 0.00130181450342625 0.00158746552020806
3.19606925370616 0.00130181450342625 0.00158746552020806
3.19717080889108 0.00130181450342625 0.00158746552020806
3.19827274373732 0.00130181450342625 0.00158746552020806
3.19937505837571 0.00130181450342625 0.00158746552020806
3.20047775293716 0.00130181450342625 0.00158746552020806
3.20158082755262 0.00130181450342625 0.00158746552020806
3.20268428235306 0.00130181450342625 0.00158746552020806
3.20378811746953 0.00130181450342625 0.00158746552020806
3.20489233303311 0.00130181450342625 0.00158746552020806
3.20599692917491 0.00130181450342625 0.00158746552020806
3.20710190602612 0.00130181450342625 0.00158746552020806
3.20820726371794 0.00130181450342625 0.00158746552020806
3.20931300238164 0.00130181450342625 0.00158746552020806
3.21041912214851 0.00130181450342625 0.00158746552020806
3.21152562314992 0.00130181450342625 0.00158746552020806
3.21263250551726 0.00130181450342625 0.00158746552020806
3.21373976938196 0.00130181450342625 0.00158746552020806
3.21484741487552 0.00130181450342625 0.00158746552020806
3.21595544212947 0.00130181450342625 0.00158746552020806
3.21706385127538 0.00130181450342625 0.00158746552020806
3.21817264244488 0.00130181450342625 0.00158746552020806
3.21928181576964 0.00130181450342625 0.00158746552020806
3.22039137138136 0.00130181450342625 0.00158746552020806
3.22150130941181 0.00130181450342625 0.00158746552020806
3.22261162999279 0.00130181450342625 0.00158746552020806
3.22372233325616 0.00130181450342625 0.00158746552020806
3.2248334193338 0.00130181450342625 0.00158746552020806
3.22594488835766 0.00130181450342625 0.00158746552020806
3.22705674045972 0.00130181450342625 0.00158746552020806
3.22816897577201 0.00130181450342625 0.00158746552020806
3.22928159442662 0.00130181450342625 0.00158746552020806
3.23039459655566 0.00130181450342625 0.00158746552020806
3.2315079822913 0.00130181450342625 0.00158746552020806
3.23262175176576 0.00130181450342625 0.00158746552020806
3.23373590511129 0.00130181450342625 0.00158746552020806
3.2348504424602 0.00130181450342625 0.00158746552020806
3.23596536394484 0.00130181450342625 0.00158746552020806
3.23708066969761 0.00130181450342625 0.00158746552020806
3.23819635985094 0.00130181450342625 0.00158746552020806
3.23931243453733 0.00130181450342625 0.00158746552020806
3.24042889388931 0.00130181450342625 0.00158746552020806
3.24154573803945 0.00130181450342625 0.00158746552020806
3.24266296712039 0.00130181450342625 0.00158746552020806
3.24378058126478 0.00130181450342625 0.00158746552020806
3.24489858060535 0.00130181450342625 0.00158746552020806
3.24601696527486 0.00130181450342625 0.00158746552020806
3.24713573540612 0.00130181450342625 0.00158746552020806
3.24825489113197 0.00130181450342625 0.00158746552020806
3.24937443258532 0.00130181450342625 0.00158746552020806
3.2504943598991 0.00130181450342625 0.00158746552020806
3.25161467320633 0.00130181450342625 0.00158746552020806
3.25273537264001 0.00130181450342625 0.00158746552020806
3.25385645833325 0.00130181450342625 0.00158746552020806
3.25497793041917 0.00130181450342625 0.00158746552020806
3.25609978903094 0.00130181450342625 0.00158746552020806
3.25722203430178 0.00130181450342625 0.00158746552020806
3.25834466636496 0.00130181450342625 0.00158746552020806
3.25946768535379 0.00130181450342625 0.00158746552020806
3.26059109140162 0.00130181450342625 0.00158746552020806
3.26171488464186 0.00130181450342625 0.00158746552020806
3.26283906520797 0.00130181450342625 0.00158746552020806
3.26396363323342 0.00130181450342625 0.00158746552020806
3.26508858885178 0.00130181450342625 0.00158746552020806
3.26621393219662 0.00130181450342625 0.00158746552020806
3.26733966340157 0.00130181450342625 0.00158746552020806
3.26846578260032 0.00130181450342625 0.00158746552020806
3.2695922899266 0.00130181450342625 0.00158746552020806
3.27071918551417 0.00130181450342625 0.00158746552020806
3.27184646949685 0.00130181450342625 0.00158746552020806
3.27297414200851 0.00130181450342625 0.00158746552020806
3.27410220318306 0.00130181450342625 0.00158746552020806
3.27523065315445 0.00130181450342625 0.00158746552020806
3.27635949205668 0.00130181450342625 0.00158746552020806
3.27748872002381 0.00130181450342625 0.00158746552020806
3.27861833718993 0.00130181450342625 0.00158746552020806
3.27974834368917 0.00130181450342625 0.00158746552020806
3.28087873965574 0.00130181450342625 0.00158746552020806
3.28200952522385 0.00130181450342625 0.00158746552020806
3.2831407005278 0.00130181450342625 0.00158746552020806
3.2842722657019 0.00130181450342625 0.00158746552020806
3.28540422088054 0.00130181450342625 0.00158746552020806
3.28653656619812 0.00130181450342625 0.00158746552020806
3.28766930178911 0.00130181450342625 0.00158746552020806
3.28880242778803 0.00130181450342625 0.00158746552020806
3.28993594432943 0.00130181450342625 0.00158746552020806
3.29106985154791 0.00130181450342625 0.00158746552020806
3.29220414957814 0.00130181450342625 0.00158746552020806
3.29333883855479 0.00130181450342625 0.00158746552020806
3.29447391861262 0.00130181450342625 0.00158746552020806
3.29560938988642 0.00130181450342625 0.00158746552020806
3.29674525251103 0.00130181450342625 0.00158746552020806
3.29788150662132 0.00130181450342625 0.00158746552020806
3.29901815235222 0.00130181450342625 0.00158746552020806
3.30015518983871 0.00130181450342625 0.00158746552020806
3.30129261921582 0.00130181450342625 0.00158746552020806
3.30243044061861 0.00130181450342625 0.00158746552020806
3.3035686541822 0.00130181450342625 0.00158746552020806
3.30470726004174 0.00130181450342625 0.00158746552020806
3.30584625833245 0.00130181450342625 0.00158746552020806
3.30698564918959 0.00130181450342625 0.00158746552020806
3.30812543274845 0.00130181450342625 0.00158746552020806
3.30926560914438 0.00130181450342625 0.00158746552020806
3.31040617851278 0.00130181450342625 0.00158746552020806
3.31154714098908 0.00130181450342625 0.00158746552020806
3.31268849670879 0.00130181450342625 0.00158746552020806
3.31383024580743 0.00130181450342625 0.00158746552020806
3.31497238842058 0.00130181450342625 0.00158746552020806
3.31611492468387 0.00130181450342625 0.00158746552020806
3.31725785473298 0.00130181450342625 0.00158746552020806
3.31840117870364 0.00130181450342625 0.00158746552020806
3.3195448967316 0.00130181450342625 0.00158746552020806
3.32068900895268 0.00130181450342625 0.00158746552020806
3.32183351550275 0.00130181450342625 0.00158746552020806
3.32297841651772 0.00130181450342625 0.00158746552020806
3.32412371213354 0.00130181450342625 0.00158746552020806
3.32526940248621 0.00130181450342625 0.00158746552020806
3.32641548771179 0.00130181450342625 0.00158746552020806
3.32756196794636 0.00130181450342625 0.00158746552020806
3.32870884332608 0.00130181450342625 0.00158746552020806
3.32985611398714 0.00130181450342625 0.00158746552020806
3.33100378006577 0.00130181450342625 0.00158746552020806
3.33215184169826 0.00130181450342625 0.00158746552020806
3.33330029902093 0.00130181450342625 0.00158746552020806
3.33444915217017 0.00130181450342625 0.00158746552020806
3.3355984012824 0.00130181450342625 0.00158746552020806
3.3367480464941 0.00130181450342625 0.00158746552020806
3.33789808794178 0.00130181450342625 0.00158746552020806
3.33904852576201 0.00130181450342625 0.00158746552020806
3.3401993600914 0.00130181450342625 0.00158746552020806
3.34135059106661 0.00130181450342625 0.00158746552020806
3.34250221882436 0.00130181450342625 0.00158746552020806
3.3436542435014 0.00130181450342625 0.00158746552020806
3.34480666523452 0.00130181450342625 0.00158746552020806
3.34595948416058 0.00130591082692633 0.00158550088048071
3.34711270041647 0.00130591082692633 0.00158550088048071
3.34826631413915 0.00130591082692633 0.00158550088048071
3.34942032546558 0.00130591082692633 0.00158550088048071
3.35057473453283 0.00130591082692633 0.00158550088048071
3.35172954147797 0.00130591082692633 0.00158550088048071
3.35288474643812 0.00130591082692633 0.00158550088048071
3.35404034955048 0.00130591082692633 0.00158550088048071
3.35519635095228 0.00130591082692633 0.00158550088048071
3.35635275078077 0.00130591082692633 0.00158550088048071
3.35750954917329 0.00130591082692633 0.00158550088048071
3.35866674626721 0.00130591082692633 0.00158550088048071
3.35982434219993 0.00130591082692633 0.00158550088048071
3.36098233710893 0.00130591082692633 0.00158550088048071
3.36214073113171 0.00130591082692633 0.00158550088048071
3.36329952440584 0.00130591082692633 0.00158550088048071
3.36445871706891 0.00130591082692633 0.00158550088048071
3.36561830925859 0.00130591082692633 0.00158550088048071
3.36677830111257 0.00130591082692633 0.00158550088048071
3.3679386927686 0.0013072544660658 0.00158471780429698
3.36909948436448 0.0013072544660658 0.00158471780429698
3.37026067603804 0.0013072544660658 0.00158471780429698
3.37142226792719 0.0013072544660658 0.00158471780429698
3.37258426016985 0.0013072544660658 0.00158471780429698
3.37374665290401 0.0013072544660658 0.00158471780429698
3.37490944626772 0.0013072544660658 0.00158471780429698
3.37607264039904 0.0013072544660658 0.00158471780429698
3.3772362354361 0.0013072544660658 0.00158471780429698
3.37840023151709 0.0013072544660658 0.00158471780429698
3.37956462878022 0.0013072544660658 0.00158471780429698
3.38072942736376 0.0013072544660658 0.00158471780429698
3.38189462740604 0.0013072544660658 0.00158471780429698
3.38306022904543 0.0013072544660658 0.00158471780429698
3.38422623242032 0.0013072544660658 0.00158471780429698
3.3853926376692 0.0013072544660658 0.00158471780429698
3.38655944493056 0.0013072544660658 0.00158471780429698
3.38772665434297 0.0013072544660658 0.00158471780429698
3.38889426604503 0.0013072544660658 0.00158471780429698
3.39006228017539 0.0013072544660658 0.00158471780429698
3.39123069687275 0.0013072544660658 0.00158471780429698
3.39239951627586 0.0013072544660658 0.00158471780429698
3.39356873852353 0.0013072544660658 0.00158471780429698
3.39473836375458 0.0013072544660658 0.00158471780429698
3.39590839210792 0.0013072544660658 0.00158471780429698
3.39707882372248 0.0013072544660658 0.00158471780429698
3.39824965873725 0.0013072544660658 0.00158471780429698
3.39942089729128 0.0013072544660658 0.00158471780429698
3.40059253952363 0.0013072544660658 0.00158471780429698
3.40176458557344 0.0013072544660658 0.00158471780429698
3.4029370355799 0.0013072544660658 0.00158471780429698
3.40410988968223 0.0013072544660658 0.00158471780429698
3.4052831480197 0.0013072544660658 0.00158471780429698
3.40645681073164 0.0013072544660658 0.00158471780429698
3.40763087795741 0.0013072544660658 0.00158471780429698
3.40880534983645 0.0013072544660658 0.00158471780429698
3.40998022650822 0.0013072544660658 0.00158471780429698
3.41115550811222 0.0013072544660658 0.00158471780429698
3.41233119478804 0.0013072544660658 0.00158471780429698
3.41350728667527 0.0013072544660658 0.00158471780429698
3.41468378391358 0.0013072544660658 0.00158471780429698
3.41586068664267 0.0013072544660658 0.00158471780429698
3.41703799500231 0.0013072544660658 0.00158471780429698
3.41821570913229 0.0013072544660658 0.00158471780429698
3.41939382917247 0.0013072544660658 0.00158471780429698
3.42057235526275 0.0013072544660658 0.00158471780429698
3.42175128754308 0.0013072544660658 0.00158471780429698
3.42293062615345 0.00130962754400196 0.00158327540359591
3.42411037123392 0.00130962754400196 0.00158327540359591
3.42529052292457 0.00130962754400196 0.00158327540359591
3.42647108136555 0.00130962754400196 0.00158327540359591
3.42765204669705 0.00130962754400196 0.00158327540359591
3.4288334190593 0.00130962754400196 0.00158327540359591
3.43001519859259 0.00130962754400196 0.00158327540359591
3.43119738543726 0.00130962754400196 0.00158327540359591
3.4323799797337 0.00130962754400196 0.00158327540359591
3.43356298162232 0.00130962754400196 0.00158327540359591
3.43474639124363 0.00130962754400196 0.00158327540359591
3.43593020873813 0.00130962754400196 0.00158327540359591
3.43711443424642 0.00130962754400196 0.00158327540359591
3.43829906790911 0.00130962754400196 0.00158327540359591
3.43948410986688 0.00130962754400196 0.00158327540359591
3.44066956026046 0.00130962754400196 0.00158327540359591
3.44185541923061 0.00130962754400196 0.00158327540359591
3.44304168691816 0.00130962754400196 0.00158327540359591
3.44422836346396 0.00130962754400196 0.00158327540359591
3.44541544900895 0.00130962754400196 0.00158327540359591
3.44660294369408 0.00130962754400196 0.00158327540359591
3.44779084766037 0.00130962754400196 0.00158327540359591
3.44897916104888 0.00130962754400196 0.00158327540359591
3.45016788400073 0.00130962754400196 0.00158327540359591
3.45135701665706 0.00130962754400196 0.00158327540359591
3.4525465591591 0.00130962754400196 0.00158327540359591
3.45373651164809 0.00130962754400196 0.00158327540359591
3.45492687426535 0.00130962754400196 0.00158327540359591
3.45611764715223 0.00130962754400196 0.00158327540359591
3.45730883045013 0.00130962754400196 0.00158327540359591
3.4585004243005 0.00130962754400196 0.00158327540359591
3.45969242884485 0.00130962754400196 0.00158327540359591
3.46088484422472 0.00130962754400196 0.00158327540359591
3.46207767058171 0.00130962754400196 0.00158327540359591
3.46327090805747 0.00130962754400196 0.00158327540359591
3.4644645567937 0.00130962754400196 0.00158327540359591
3.46565861693214 0.00131304459011778 0.00158132090138497
3.46685308861458 0.00131304459011778 0.00158132090138497
3.46804797198287 0.00131304459011778 0.00158132090138497
3.46924326717889 0.00131304459011778 0.00158132090138497
3.4704389743446 0.00131304459011778 0.00158132090138497
3.47163509362197 0.00131304459011778 0.00158132090138497
3.47283162515304 0.00131304459011778 0.00158132090138497
3.47402856907991 0.00131304459011778 0.00158132090138497
3.4752259255447 0.00131304459011778 0.00158132090138497
3.47642369468961 0.00131304459011778 0.00158132090138497
3.47762187665687 0.00131304459011778 0.00158132090138497
3.47882047158875 0.00131304459011778 0.00158132090138497
3.48001947962761 0.00131348605290684 0.00158111192641841
3.4812189009158 0.00131348605290684 0.00158111192641841
3.48241873559577 0.00131348605290684 0.00158111192641841
3.48361898380999 0.00131348605290684 0.00158111192641841
3.48481964570099 0.00131348605290684 0.00158111192641841
3.48602072141135 0.00140517664207371 0.00173027611868177
3.4872222110837 0.00140517664207371 0.00173027611868177
3.48842411486071 0.00140517664207371 0.00173027611868177
3.48962643288511 0.00140517664207371 0.00173027611868177
3.49082916529967 0.00140517664207371 0.00173027611868177
3.49203231224721 0.00140517664207371 0.00173027611868177
3.49323587387061 0.00140517664207371 0.00173027611868177
3.49443985031279 0.00140517664207371 0.00173027611868177
3.49564424171672 0.00140517664207371 0.00173027611868177
3.49684904822543 0.00140517664207371 0.00173027611868177
3.49805426998197 0.00140517664207371 0.00173027611868177
3.49925990712947 0.00140517664207371 0.00173027611868177
3.5004659598111 0.00140517664207371 0.00173027611868177
3.50167242817008 0.00140517664207371 0.00173027611868177
3.50287931234967 0.00140517664207371 0.00173027611868177
3.50408661249319 0.00140517664207371 0.00173027611868177
3.505294328744 0.00140517664207371 0.00173027611868177
3.50650246124553 0.00140517664207371 0.00173027611868177
3.50771101014123 0.00140517664207371 0.00173027611868177
3.50891997557462 0.00140517664207371 0.00173027611868177
3.51012935768926 0.00140517664207371 0.00173027611868177
3.51133915662877 0.00140517664207371 0.00173027611868177
3.51254937253681 0.00140517664207371 0.00173027611868177
3.51376000555709 0.00140517664207371 0.00173027611868177
3.51497105583337 0.00140517664207371 0.00173027611868177
3.51618252350946 0.00140517664207371 0.00173027611868177
3.51739440872923 0.00140517664207371 0.00173027611868177
3.51860671163659 0.00140517664207371 0.00173027611868177
3.51981943237549 0.00140517664207371 0.00173027611868177
3.52103257108994 0.00140517664207371 0.00173027611868177
3.52224612792401 0.00140615737658165 0.00172979695696789
3.5234601030218 0.00140615737658165 0.00172979695696789
3.52467449652747 0.00140615737658165 0.00172979695696789
3.52588930858522 0.00140615737658165 0.00172979695696789
3.52710453933933 0.00140615737658165 0.00172979695696789
3.52832018893409 0.00140615737658165 0.00172979695696789
3.52953625751386 0.00140615737658165 0.00172979695696789
3.53075274522305 0.00140615737658165 0.00172979695696789
3.53196965220612 0.00140615737658165 0.00172979695696789
3.53318697860757 0.00140615737658165 0.00172979695696789
3.53440472457196 0.00140615737658165 0.00172979695696789
3.53562289024389 0.00141180454480965 0.00172663057111175
3.53684147576803 0.00141180454480965 0.00172663057111175
3.53806048128907 0.00141180454480965 0.00172663057111175
3.53927990695177 0.00141180454480965 0.00172663057111175
3.54049975290095 0.00141180454480965 0.00172663057111175
3.54172001928145 0.00141180454480965 0.00172663057111175
3.54294070623818 0.00141180454480965 0.00172663057111175
3.54416181391609 0.00141180454480965 0.00172663057111175
3.5453833424602 0.00141180454480965 0.00172663057111175
3.54660529201555 0.00141180454480965 0.00172663057111175
3.54782766272726 0.00141180454480965 0.00172663057111175
3.54905045474047 0.00141180454480965 0.00172663057111175
3.5502736682004 0.00141180454480965 0.00172663057111175
3.5514973032523 0.00141180454480965 0.00172663057111175
3.55272136004147 0.00141180454480965 0.00172663057111175
3.55394583871327 0.00141180454480965 0.00172663057111175
3.5551707394131 0.00141180454480965 0.00172663057111175
3.55639606228643 0.00141180454480965 0.00172663057111175
3.55762180747876 0.00141180454480965 0.00172663057111175
3.55884797513564 0.00141180454480965 0.00172663057111175
3.56007456540268 0.0014121019549467 0.00172646825949276
3.56130157842553 0.0014121019549467 0.00172646825949276
3.56252901434991 0.0014121019549467 0.00172646825949276
3.56375687332158 0.0014121019549467 0.00172646825949276
3.56498515548632 0.0014121019549467 0.00172646825949276
3.56621386099002 0.0014121019549467 0.00172646825949276
3.56744298997857 0.0014121019549467 0.00172646825949276
3.56867254259793 0.0014121019549467 0.00172646825949276
3.5699025189941 0.0014121019549467 0.00172646825949276
3.57113291931316 0.0014121019549467 0.00172646825949276
3.5723637437012 0.0014121019549467 0.00172646825949276
3.57359499230439 0.0014121019549467 0.00172646825949276
3.57482666526894 0.0014121019549467 0.00172646825949276
3.5760587627411 0.0014121019549467 0.00172646825949276
3.57729128486719 0.0014121019549467 0.00172646825949276
3.57852423179357 0.0014121019549467 0.00172646825949276
3.57975760366664 0.0014121019549467 0.00172646825949276
3.58099140063288 0.0014121019549467 0.00172646825949276
3.58222562283879 0.0014121019549467 0.00172646825949276
3.58346027043094 0.0014121019549467 0.00172646825949276
3.58469534355593 0.0014121019549467 0.00172646825949276
3.58593084236044 0.0014121019549467 0.00172646825949276
3.58716676699118 0.0014121019549467 0.00172646825949276
3.58840311759491 0.0014121019549467 0.00172646825949276
3.58963989431845 0.0014121019549467 0.00172646825949276
3.59087709730866 0.0014121019549467 0.00172646825949276
3.59211472671246 0.0014121019549467 0.00172646825949276
3.59335278267683 0.0014121019549467 0.00172646825949276
3.59459126534877 0.0014121019549467 0.00172646825949276
3.59583017487535 0.0014121019549467 0.00172646825949276
3.5970695114037 0.0014121019549467 0.00172646825949276
3.59830927508099 0.0014121019549467 0.00172646825949276
3.59954946605443 0.0014121019549467 0.00172646825949276
3.6007900844713 0.0014121019549467 0.00172646825949276
3.60203113047892 0.0014121019549467 0.00172646825949276
3.60327260422466 0.0014121019549467 0.00172646825949276
3.60451450585595 0.0014121019549467 0.00172646825949276
3.60575683552026 0.0014121019549467 0.00172646825949276
3.60699959336512 0.0014121019549467 0.00172646825949276
3.60824277953811 0.0014121019549467 0.00172646825949276
3.60948639418684 0.0014121019549467 0.00172646825949276
3.61073043745901 0.0014121019549467 0.00172646825949276
3.61197490950233 0.0014121019549467 0.00172646825949276
3.61321981046459 0.0014121019549467 0.00172646825949276
3.61446514049362 0.0014121019549467 0.00172646825949276
3.61571089973731 0.0014121019549467 0.00172646825949276
3.61695708834357 0.0014121019549467 0.00172646825949276
3.61820370646041 0.0014121019549467 0.00172646825949276
3.61945075423584 0.0014121019549467 0.00172646825949276
3.62069823181797 0.0014121019549467 0.00172646825949276
3.62194613935492 0.0014121019549467 0.00172646825949276
3.62319447699489 0.0014121019549467 0.00172646825949276
3.6244432448861 0.0014121019549467 0.00172646825949276
3.62569244317687 0.0014121019549467 0.00172646825949276
3.62694207201551 0.0014121019549467 0.00172646825949276
3.62819213155043 0.0014121019549467 0.00172646825949276
3.62944262193007 0.0014121019549467 0.00172646825949276
3.63069354330293 0.0014121019549467 0.00172646825949276
3.63194489581754 0.0014121019549467 0.00172646825949276
3.63319667962252 0.0014121019549467 0.00172646825949276
3.6344488948665 0.0014121019549467 0.00172646825949276
3.63570154169818 0.0014121019549467 0.00172646825949276
3.63695462026632 0.0014121019549467 0.00172646825949276
3.63820813071972 0.00143571056434669 0.00175675565275855
3.63946207320723 0.00143571056434669 0.00175675565275855
3.64071644787775 0.00143571056434669 0.00175675565275855
3.64197125488025 0.00143571056434669 0.00175675565275855
3.64322649436372 0.00143571056434669 0.00175675565275855
3.64448216647723 0.00143571056434669 0.00175675565275855
3.64573827136989 0.00143846170469971 0.00175506106416555
3.64699480919086 0.00143846170469971 0.00175506106416555
3.64825178008936 0.00143846170469971 0.00175506106416555
3.64950918421463 0.00143846170469971 0.00175506106416555
3.65076702171601 0.00143846170469971 0.00175506106416555
3.65202529274286 0.00143846170469971 0.00175506106416555
3.65328399744459 0.00143846170469971 0.00175506106416555
3.65454313597069 0.00143846170469971 0.00175506106416555
3.65580270847066 0.00143846170469971 0.00175506106416555
3.65706271509408 0.00143846170469971 0.00175506106416555
3.65832315599058 0.00143846170469971 0.00175506106416555
3.65958403130984 0.00143846170469971 0.00175506106416555
3.66084534120157 0.00143846170469971 0.00175506106416555
3.66210708581557 0.00143846170469971 0.00175506106416555
3.66336926530165 0.00143846170469971 0.00175506106416555
3.66463187980972 0.00143846170469971 0.00175506106416555
3.66589492948969 0.00143846170469971 0.00175506106416555
3.66715841449155 0.00143846170469971 0.00175506106416555
3.66842233496535 0.00143846170469971 0.00175506106416555
3.66968669106117 0.00143846170469971 0.00175506106416555
3.67095148292916 0.00143846170469971 0.00175506106416555
3.6722167107195 0.00143846170469971 0.00175506106416555
3.67348237458244 0.00143846170469971 0.00175506106416555
3.67474847466828 0.00143846170469971 0.00175506106416555
3.67601501112736 0.00143846170469971 0.00175506106416555
3.67728198411009 0.00143846170469971 0.00175506106416555
3.67854939376692 0.00143846170469971 0.00175506106416555
3.67981724024835 0.00143846170469971 0.00175506106416555
3.68108552370494 0.00143846170469971 0.00175506106416555
3.68235424428729 0.00143846170469971 0.00175506106416555
3.68362340214607 0.00143846170469971 0.00175506106416555
3.68489299743198 0.00143846170469971 0.00175506106416555
3.68616303029579 0.00143846170469971 0.00175506106416555
3.68743350088832 0.00143846170469971 0.00175506106416555
3.68870440936043 0.00143846170469971 0.00175506106416555
3.68997575586304 0.00143846170469971 0.00175506106416555
3.69124754054712 0.00143846170469971 0.00175506106416555
3.6925197635637 0.00143846170469971 0.00175506106416555
3.69379242506385 0.00143846170469971 0.00175506106416555
3.6950655251987 0.00143846170469971 0.00175506106416555
3.69633906411942 0.00143846170469971 0.00175506106416555
3.69761304197726 0.00143846170469971 0.00175506106416555
3.69888745892349 0.00143846170469971 0.00175506106416555
3.70016231510945 0.00143846170469971 0.00175506106416555
3.70143761068653 0.00143846170469971 0.00175506106416555
3.70271334580616 0.00143846170469971 0.00175506106416555
3.70398952061985 0.00143846170469971 0.00175506106416555
3.70526613527913 0.00143846170469971 0.00175506106416555
3.70654318993561 0.00143846170469971 0.00175506106416555
3.70782068474092 0.00143846170469971 0.00175506106416555
3.70909861984678 0.00143846170469971 0.00175506106416555
3.71037699540493 0.00144138971362059 0.00175897829786841
3.71165581156718 0.00144138971362059 0.00175897829786841
3.7129350684854 0.00144138971362059 0.00175897829786841
3.71421476631149 0.00144138971362059 0.00175897829786841
3.71549490519741 0.00144138971362059 0.00175897829786841
3.71677548529518 0.00144138971362059 0.00175897829786841
3.71805650675687 0.00144138971362059 0.00175897829786841
3.7193379697346 0.00144138971362059 0.00175897829786841
3.72061987438053 0.00144138971362059 0.00175897829786841
3.72190222084691 0.00144138971362059 0.00175897829786841
3.72318500928599 0.0014413899767397 0.00175897805530662
3.72446823985012 0.0014413899767397 0.00175897805530662
3.72575191269167 0.0014413899767397 0.00175897805530662
3.72703602796309 0.0014413899767397 0.00175897805530662
3.72832058581685 0.00144142716840901 0.00175895944206852
3.7296055864055 0.00144142716840901 0.00175895944206852
3.73089102988163 0.00144142716840901 0.00175895944206852
3.73217691639789 0.00144142716840901 0.00175895944206852
3.73346324610697 0.00144142716840901 0.00175895944206852
3.73475001916163 0.00144142716840901 0.00175895944206852
3.73603723571467 0.00144142716840901 0.00175895944206852
3.73732489591894 0.00144142716840901 0.00175895944206852
3.73861299992735 0.00144142716840901 0.00175895944206852
3.73990154789286 0.00144142716840901 0.00175895944206852
3.7411905399685 0.00144142716840901 0.00175895944206852
3.74247997630732 0.00144142716840901 0.00175895944206852
3.74376985706244 0.00144142716840901 0.00175895944206852
3.74506018238704 0.00144142716840901 0.00175895944206852
3.74635095243433 0.00144142716840901 0.00175895944206852
3.74764216735761 0.00144142716840901 0.00175895944206852
3.7489338273102 0.00144142716840901 0.00175895944206852
3.75022593244548 0.00144512359835151 0.00175714385829184
3.75151848291689 0.00144512359835151 0.00175714385829184
3.75281147887792 0.00144512359835151 0.00175714385829184
3.75410492048211 0.00144512359835151 0.00175714385829184
3.75539880788306 0.00144512359835151 0.00175714385829184
3.75669314123441 0.00144512359835151 0.00175714385829184
3.75798792068986 0.00144512359835151 0.00175714385829184
3.75928314640318 0.00144512359835151 0.00175714385829184
3.76057881852816 0.00145847909087965 0.00177542868115648
3.76187493721866 0.00145847909087965 0.00177542868115648
3.76317150262861 0.00145847909087965 0.00177542868115648
3.76446851491196 0.00150723132379114 0.00184802141881787
3.76576597422273 0.00150723132379114 0.00184802141881787
3.767063880715 0.00150723132379114 0.00184802141881787
3.7683622345429 0.00150723132379114 0.00184802141881787
3.76966103586059 0.00150723132379114 0.00184802141881787
3.77096028482231 0.00150856215656062 0.00184736543219576
3.77225998158235 0.00150856215656062 0.00184736543219576
3.77356012629505 0.00150856215656062 0.00184736543219576
3.77486071911478 0.00150856215656062 0.00184736543219576
3.77616176019601 0.00150856215656062 0.00184736543219576
3.77746324969323 0.00150856215656062 0.00184736543219576
3.77876518776098 0.00150856215656062 0.00184736543219576
3.78006757455388 0.00150856215656062 0.00184736543219576
3.78137041022657 0.00150856215656062 0.00184736543219576
3.78267369493377 0.00150856215656062 0.00184736543219576
3.78397742883025 0.00150856215656062 0.00184736543219576
3.78528161207082 0.00150856215656062 0.00184736543219576
3.78658624481035 0.00150856215656062 0.00184736543219576
3.78789132720377 0.00150856215656062 0.00184736543219576
3.78919685940605 0.00150856215656062 0.00184736543219576
3.79050284157222 0.00150856215656062 0.00184736543219576
3.79180927385737 0.00150856215656062 0.00184736543219576
3.79311615641664 0.00150856215656062 0.00184736543219576
3.79442348940521 0.00150856215656062 0.00184736543219576
3.79573127297833 0.00150856215656062 0.00184736543219576
3.79703950729131 0.00150856215656062 0.00184736543219576
3.79834819249949 0.00150856215656062 0.00184736543219576
3.79965732875827 0.00150856215656062 0.00184736543219576
3.80096691622312 0.00150856215656062 0.00184736543219576
3.80227695504955 0.00151006333165203 0.00184973859969936
3.80358744539312 0.00151006333165203 0.00184973859969936
3.80489838740945 0.00151006333165203 0.00184973859969936
3.80620978125423 0.00151006333165203 0.00184973859969936
3.80752162708316 0.00151006333165203 0.00184973859969936
3.80883392505204 0.00151006333165203 0.00184973859969936
3.8101466753167 0.00151006333165203 0.00184973859969936
3.81145987803303 0.00151006333165203 0.00184973859969936
3.81277353335696 0.00151006333165203 0.00184973859969936
3.8140876414445 0.00151006333165203 0.00184973859969936
3.81540220245169 0.00151006333165203 0.00184973859969936
3.81671721653464 0.00151006333165203 0.00184973859969936
3.8180326838495 0.00151006333165203 0.00184973859969936
3.81934860455248 0.00151006333165203 0.00184973859969936
3.82066497879985 0.00151006333165203 0.00184973859969936
3.82198180674793 0.00151006333165203 0.00184973859969936
3.82329908855309 0.00151006333165203 0.00184973859969936
3.82461682437175 0.00151006333165203 0.00184973859969936
3.82593501436039 0.00151006333165203 0.00184973859969936
3.82725365867555 0.00151006333165203 0.00184973859969936
3.82857275747382 0.00151006333165203 0.00184973859969936
3.82989231091184 0.00151006333165203 0.00184973859969936
3.8312123191463 0.00151006333165203 0.00184973859969936
3.83253278233396 0.00151006333165203 0.00184973859969936
3.83385370063161 0.00151006333165203 0.00184973859969936
3.83517507419612 0.00151006333165203 0.00184973859969936
3.8364969031844 0.00151006333165203 0.00184973859969936
3.83781918775341 0.00151006333165203 0.00184973859969936
3.83914192806017 0.00151006333165203 0.00184973859969936
3.84046512426177 0.00151006333165203 0.00184973859969936
3.84178877651531 0.00151006333165203 0.00184973859969936
3.843112884978 0.00151006333165203 0.00184973859969936
3.84443744980707 0.00151006333165203 0.00184973859969936
3.8457624711598 0.00151006333165203 0.00184973859969936
3.84708794919354 0.00151006333165203 0.00184973859969936
3.8484138840657 0.00151006333165203 0.00184973859969936
3.84974027593371 0.00151006333165203 0.00184973859969936
3.85106712495511 0.00151006333165203 0.00184973859969936
3.85239443128743 0.00151006333165203 0.00184973859969936
3.85372219508831 0.00151006333165203 0.00184973859969936
3.85505041651542 0.00151006333165203 0.00184973859969936
3.85637909572646 0.00151006333165203 0.00184973859969936
3.85770823287924 0.00151006333165203 0.00184973859969936
3.85903782813158 0.00151006333165203 0.00184973859969936
3.86036788164136 0.00151006333165203 0.00184973859969936
3.86169839356654 0.00151006333165203 0.00184973859969936
3.86302936406511 0.00151006333165203 0.00184973859969936
3.86436079329512 0.00151006333165203 0.00184973859969936
3.86569268141467 0.00151006333165203 0.00184973859969936
3.86702502858194 0.00151006333165203 0.00184973859969936
3.86835783495512 0.00151563302795732 0.00184634901670746
3.8696911006925 0.00151563302795732 0.00184634901670746
3.8710248259524 0.00151670185782433 0.00184766944469108
3.87235901089318 0.00151670185782433 0.00184766944469108
3.8736936556733 0.00151673247969562 0.00184765430042978
3.87502876045124 0.00151673247969562 0.00184765430042978
3.87636432538553 0.00151673247969562 0.00184765430042978
3.87770035063478 0.00151673247969562 0.00184765430042978
3.87903683635763 0.00151673247969562 0.00184765430042978
3.88037378271281 0.00151673247969562 0.00184765430042978
3.88171118985905 0.00151673247969562 0.00184765430042978
3.88304905795519 0.00151673247969562 0.00184765430042978
3.88438738716009 0.00151673247969562 0.00184765430042978
3.88572617763268 0.00151673247969562 0.00184765430042978
3.88706542953194 0.00151673247969562 0.00184765430042978
3.8884051430169 0.00151673247969562 0.00184765430042978
3.88974531824665 0.00151673247969562 0.00184765430042978
3.89108595538034 0.00151673247969562 0.00184765430042978
3.89242705457717 0.00151673247969562 0.00184765430042978
3.89376861599639 0.00151673247969562 0.00184765430042978
3.89511063979731 0.00151673247969562 0.00184765430042978
3.89645312613929 0.00151785264365409 0.00184710337063018
3.89779607518176 0.00151785264365409 0.00184710337063018
3.89913948708419 0.00151785264365409 0.00184710337063018
3.9004833620061 0.00151785264365409 0.00184710337063018
3.90182770010709 0.00151785264365409 0.00184710337063018
3.90317250154678 0.00151785264365409 0.00184710337063018
3.90451776648488 0.00151785264365409 0.00184710337063018
3.90586349508114 0.00151785264365409 0.00184710337063018
3.90720968749535 0.00151785264365409 0.00184710337063018
3.90855634388737 0.00151785264365409 0.00184710337063018
3.90990346441713 0.00151785264365409 0.00184710337063018
3.91125104924459 0.00151785264365409 0.00184710337063018
3.91259909852977 0.00151785264365409 0.00184710337063018
3.91394761243276 0.00151785264365409 0.00184710337063018
3.91529659111368 0.00151785264365409 0.00184710337063018
3.91664603473274 0.00151785264365409 0.00184710337063018
3.91799594345017 0.00151785264365409 0.00184710337063018
3.91934631742627 0.00151785264365409 0.00184710337063018
3.92069715682141 0.00151785264365409 0.00184710337063018
3.92204846179599 0.00151785264365409 0.00184710337063018
3.92340023251048 0.00151785264365409 0.00184710337063018
3.92475246912539 0.00151785264365409 0.00184710337063018
3.92610517180132 0.00151785264365409 0.00184710337063018
3.92745834069888 0.00151785264365409 0.00184710337063018
3.92881197597877 0.00151785264365409 0.00184710337063018
3.93016607780173 0.00151785264365409 0.00184710337063018
3.93152064632856 0.00151785264365409 0.00184710337063018
3.93287568172011 0.00151785264365409 0.00184710337063018
3.93423118413729 0.00151785264365409 0.00184710337063018
3.93558715374106 0.00151785264365409 0.00184710337063018
3.93694359069246 0.00151785264365409 0.00184710337063018
3.93830049515254 0.00151785264365409 0.00184710337063018
3.93965786728245 0.00151785264365409 0.00184710337063018
3.94101570724337 0.00151785264365409 0.00184710337063018
3.94237401519654 0.00151785264365409 0.00184710337063018
3.94373279130327 0.00151785264365409 0.00184710337063018
3.94509203572489 0.00151785264365409 0.00184710337063018
3.94645174862283 0.00151785264365409 0.00184710337063018
3.94781193015855 0.00151785264365409 0.00184710337063018
3.94917258049357 0.00151785264365409 0.00184710337063018
3.95053369978946 0.00151785264365409 0.00184710337063018
3.95189528820785 0.00151785264365409 0.00184710337063018
3.95325734591044 0.00151785264365409 0.00184710337063018
3.95461987305897 0.00151785264365409 0.00184710337063018
3.95598286981523 0.00151785264365409 0.00184710337063018
3.95734633634108 0.00151785264365409 0.00184710337063018
3.95871027279843 0.00151785264365409 0.00184710337063018
3.96007467934925 0.00151785264365409 0.00184710337063018
3.96143955615556 0.0015278468149655 0.00185968679971954
3.96280490337944 0.0015278468149655 0.00185968679971954
3.96417072118301 0.0015278468149655 0.00185968679971954
3.96553700972848 0.0015278468149655 0.00185968679971954
3.96690376917809 0.0015278468149655 0.00185968679971954
3.96827099969413 0.0015278468149655 0.00185968679971954
3.96963870143897 0.0015278468149655 0.00185968679971954
3.97100687457501 0.0015278468149655 0.00185968679971954
3.97237551926473 0.0015278468149655 0.00185968679971954
3.97374463567066 0.0015278468149655 0.00185968679971954
3.97511422395537 0.0015278468149655 0.00185968679971954
3.97648428428151 0.0015278468149655 0.00185968679971954
3.97785481681176 0.0015278468149655 0.00185968679971954
3.97922582170887 0.0015278468149655 0.00185968679971954
3.98059729913566 0.0015278468149655 0.00185968679971954
3.98196924925498 0.0015278468149655 0.00185968679971954
3.98334167222975 0.0015278468149655 0.00185968679971954
3.98471456822294 0.0015278468149655 0.00185968679971954
3.98608793739759 0.0015278468149655 0.00185968679971954
3.98746177991678 0.0015278468149655 0.00185968679971954
3.98883609594366 0.0015278468149655 0.00185968679971954
3.99021088564142 0.0015278468149655 0.00185968679971954
3.99158614917331 0.0015278468149655 0.00185968679971954
3.99296188670266 0.0015278468149655 0.00185968679971954
3.99433809839282 0.00152871679218249 0.00185918747613885
3.99571478440722 0.00152871679218249 0.00185918747613885
3.99709194490935 0.00153534623058492 0.00185602571146259
3.99846958006273 0.00153534623058492 0.00185602571146259
3.99984769003096 0.00153534623058492 0.00185602571146259
4.0012262749777 0.00153534623058492 0.00185602571146259
4.00260533506664 0.00153534623058492 0.00185602571146259
4.00398487046154 0.00153534623058492 0.00185602571146259
4.00536488132624 0.00153534623058492 0.00185602571146259
4.0067453678246 0.00153534623058492 0.00185602571146259
4.00812633012055 0.00153534623058492 0.00185602571146259
4.00950776837808 0.00153534623058492 0.00185602571146259
4.01088968276124 0.00153672977504039 0.00185722944117515
4.01227207343412 0.00153672977504039 0.00185722944117515
4.01365494056089 0.00153672977504039 0.00185722944117515
4.01503828430577 0.00153672977504039 0.00185722944117515
4.01642210483301 0.00153672977504039 0.00185722944117515
4.01780640230695 0.00153672977504039 0.00185722944117515
4.01919117689197 0.00153672977504039 0.00185722944117515
4.02057642875251 0.00153672977504039 0.00185722944117515
4.02196215805307 0.00153672977504039 0.00185722944117515
4.02334836495821 0.00153672977504039 0.00185722944117515
4.02473504963254 0.00153672977504039 0.00185722944117515
4.02612221224071 0.00153672977504039 0.00185722944117515
4.02750985294747 0.00153672977504039 0.00185722944117515
4.02889797191758 0.00154906220694524 0.00186315304251469
4.03028656931589 0.00154906220694524 0.00186315304251469
4.03167564530729 0.00154906220694524 0.00186315304251469
4.03306520005674 0.00154906220694524 0.00186315304251469
4.03445523372923 0.00154906220694524 0.00186315304251469
4.03584574648984 0.00154906220694524 0.00186315304251469
4.03723673850369 0.00154906220694524 0.00186315304251469
4.03862820993596 0.00154906220694524 0.00186315304251469
4.04002016095188 0.00154906220694524 0.00186315304251469
4.04141259171675 0.00154906220694524 0.00186315304251469
4.04280550239592 0.00154906220694524 0.00186315304251469
4.04419889315478 0.00154906220694524 0.00186315304251469
4.04559276415882 0.00154906220694524 0.00186315304251469
4.04698711557355 0.00154906220694524 0.00186315304251469
4.04838194756454 0.00154906220694524 0.00186315304251469
4.04977726029744 0.00154906220694524 0.00186315304251469
4.05117305393792 0.00154906220694524 0.00186315304251469
4.05256932865176 0.00154906220694524 0.00186315304251469
4.05396608460474 0.00154906220694524 0.00186315304251469
4.05536332196274 0.00154906220694524 0.00186315304251469
4.05676104089167 0.00155014627786677 0.00186255740718526
4.05815924155751 0.00155014627786677 0.00186255740718526
4.0595579241263 0.00155014627786677 0.00186255740718526
4.06095708876413 0.00155014627786677 0.00186255740718526
4.06235673563714 0.00155014627786677 0.00186255740718526
4.06375686491156 0.00155014627786677 0.00186255740718526
4.06515747675363 0.00155014627786677 0.00186255740718526
4.06655857132969 0.00155014627786677 0.00186255740718526
4.06796014880611 0.00155014627786677 0.00186255740718526
4.06936220934932 0.00155014627786677 0.00186255740718526
4.07076475312582 0.00155014627786677 0.00186255740718526
4.07216778030217 0.00155014627786677 0.00186255740718526
4.07357129104496 0.00155014627786677 0.00186255740718526
4.07497528552087 0.00155014627786677 0.00186255740718526
4.07637976389662 0.00155674140566175 0.00185905224256283
4.07778472633898 0.00155674140566175 0.00185905224256283
4.07919017301481 0.00155674140566175 0.00185905224256283
4.08059610409098 0.00156579640316811 0.00185495905396274
4.08200251973446 0.00156579640316811 0.00185495905396274
4.08340942011226 0.00157176718855612 0.00186280861679142
4.08481680539144 0.00157176718855612 0.00186280861679142
4.08622467573913 0.00157176718855612 0.00186280861679142
4.08763303132252 0.00157176718855612 0.00186280861679142
4.08904187230884 0.00157176718855612 0.00186280861679142
4.09045119886539 0.00157176718855612 0.00186280861679142
4.09186101115953 0.00157176718855612 0.00186280861679142
4.09327130935868 0.00157176718855612 0.00186280861679142
4.0946820936303 0.00157176718855612 0.00186280861679142
4.09609336414193 0.00157176718855612 0.00186280861679142
4.09750512106115 0.00157176718855612 0.00186280861679142
4.0989173645556 0.00157176718855612 0.00186280861679142
4.100330094793 0.00157496370898263 0.00186773388269447
4.10174331194109 0.00157496370898263 0.00186773388269447
4.1031570161677 0.00157496370898263 0.00186773388269447
4.10457120764071 0.00157496370898263 0.00186773388269447
4.10598588652805 0.00157496370898263 0.00186773388269447
4.10740105299771 0.00157496370898263 0.00186773388269447
4.10881670721773 0.00157496370898263 0.00186773388269447
4.11023284935624 0.00157496370898263 0.00186773388269447
4.11164947958139 0.00158461227937056 0.00186377475187454
4.11306659806141 0.00158461227937056 0.00186377475187454
4.11448420496457 0.00158461227937056 0.00186377475187454
4.11590230045923 0.00158461227937056 0.00186377475187454
4.11732088471377 0.00158461227937056 0.00186377475187454
4.11873995789665 0.00158461227937056 0.00186377475187454
4.12015952017639 0.00158461227937056 0.00186377475187454
4.12157957172155 0.00158461250119024 0.00186377453970725
4.12300011270078 0.00158461250119024 0.00186377453970725
4.12442114328274 0.00158461250119024 0.00186377453970725
4.1258426636362 0.00158461250119024 0.00186377453970725
4.12726467392996 0.00158461250119024 0.00186377453970725
4.12868717433287 0.00158461250119024 0.00186377453970725
4.13011016501387 0.00158461250119024 0.00186377453970725
4.13153364614192 0.00158767575611418 0.00186186137461572
4.13295761788607 0.00158767575611418 0.00186186137461572
4.1343820804154 0.00158767575611418 0.00186186137461572
4.13580703389909 0.00158767575611418 0.00186186137461572
4.13723247850632 0.00158767575611418 0.00186186137461572
4.13865841440639 0.00158767575611418 0.00186186137461572
4.14008484176861 0.00158767575611418 0.00186186137461572
4.14151176076237 0.0015877447411541 0.0018619522632567
4.14293917155712 0.0015877447411541 0.0018619522632567
4.14436707432236 0.0015877447411541 0.0018619522632567
4.14579546922766 0.0015877447411541 0.0018619522632567
4.14722435644263 0.0015877447411541 0.0018619522632567
4.14865373613695 0.0015877447411541 0.0018619522632567
4.15008360848037 0.0015877447411541 0.0018619522632567
4.15151397364267 0.0015877447411541 0.0018619522632567
4.15294483179371 0.0015877447411541 0.0018619522632567
4.15437618310341 0.0015877447411541 0.0018619522632567
4.15580802774174 0.0015877447411541 0.0018619522632567
4.15724036587873 0.0015877447411541 0.0018619522632567
4.15867319768446 0.0015877447411541 0.0018619522632567
4.16010652332908 0.0015877447411541 0.0018619522632567
4.1615403429828 0.0015877447411541 0.0018619522632567
4.16297465681589 0.0015877447411541 0.0018619522632567
4.16440946499867 0.0015877447411541 0.0018619522632567
4.16584476770152 0.0015877447411541 0.0018619522632567
4.16728056509488 0.0015877447411541 0.0018619522632567
4.16871685734925 0.0015877447411541 0.0018619522632567
4.17015364463519 0.0015877447411541 0.0018619522632567
4.17159092712332 0.0015877447411541 0.0018619522632567
4.17302870498431 0.0015877447411541 0.0018619522632567
4.1744669783889 0.0015877447411541 0.0018619522632567
4.17590574750788 0.0015877447411541 0.0018619522632567
4.1773450125121 0.0015877447411541 0.0018619522632567
4.17878477357248 0.0015877447411541 0.0018619522632567
4.18022503085999 0.0015877447411541 0.0018619522632567
4.18166578454565 0.0015877447411541 0.0018619522632567
4.18310703480056 0.0015877447411541 0.0018619522632567
4.18454878179586 0.0015877447411541 0.0018619522632567
4.18599102570275 0.0015877447411541 0.0018619522632567
4.18743376669251 0.0015877447411541 0.0018619522632567
4.18887700493646 0.00160931032465953 0.00189503538875601
4.19032074060597 0.00160931032465953 0.00189503538875601
4.1917649738725 0.00160931032465953 0.00189503538875601
4.19320970490754 0.00160931032465953 0.00189503538875601
4.19465493388266 0.00160931032465953 0.00189503538875601
4.19610066096947 0.00160931032465953 0.00189503538875601
4.19754688633965 0.00160931032465953 0.00189503538875601
4.19899361016494 0.00160931032465953 0.00189503538875601
4.20044083261715 0.00160931032465953 0.00189503538875601
4.20188855386811 0.00160931032465953 0.00189503538875601
4.20333677408976 0.00161097409180141 0.00189756570587118
4.20478549345406 0.00161097409180141 0.00189756570587118
4.20623471213306 0.00161097409180141 0.00189756570587118
4.20768443029883 0.00161097409180141 0.00189756570587118
4.20913464812354 0.00161784892010002 0.00190812405569007
4.2105853657794 0.00161784892010002 0.00190812405569007
4.21203658343868 0.00161784892010002 0.00190812405569007
4.21348830127371 0.00161784892010002 0.00190812405569007
4.21494051945688 0.0016459337995682 0.00194523535457196
4.21639323816064 0.0016459337995682 0.00194523535457196
4.2178464575575 0.0016459337995682 0.00194523535457196
4.21930017782003 0.0016459337995682 0.00194523535457196
4.22075439912085 0.0016459337995682 0.00194523535457196
4.22220912163266 0.0016459337995682 0.00194523535457196
4.2236643455282 0.0016459337995682 0.00194523535457196
4.22512007098027 0.0016459337995682 0.00194523535457196
4.22657629816175 0.0016459337995682 0.00194523535457196
4.22803302724556 0.0016459337995682 0.00194523535457196
4.22949025840468 0.0016459337995682 0.00194523535457196
4.23094799181216 0.0016459337995682 0.00194523535457196
4.23240622764111 0.0016459337995682 0.00194523535457196
4.23386496606468 0.0016459337995682 0.00194523535457196
4.2353242072561 0.0016459337995682 0.00194523535457196
4.23678395138866 0.00164622789631934 0.00194505252061682
4.2382441986357 0.00164622789631934 0.00194505252061682
4.23970494917063 0.00164622789631934 0.00194505252061682
4.24116620316689 0.00164622789631934 0.00194505252061682
4.24262796079803 0.00164622789631934 0.00194505252061682
4.24409022223761 0.00164622789631934 0.00194505252061682
4.24555298765929 0.00164622789631934 0.00194505252061682
4.24701625723676 0.00164622789631934 0.00194505252061682
4.24848003114379 0.00164622789631934 0.00194505252061682
4.2499443095542 0.00164622789631934 0.00194505252061682
4.25140909264187 0.00164622789631934 0.00194505252061682
4.25287438058074 0.00164622789631934 0.00194505252061682
4.25434017354481 0.00164622789631934 0.00194505252061682
4.25580647170816 0.00164622789631934 0.00194505252061682
4.25727327524488 0.00164622789631934 0.00194505252061682
4.25874058432918 0.00164622789631934 0.00194505252061682
4.26020839913529 0.00164622789631934 0.00194505252061682
4.2616767198375 0.00164622789631934 0.00194505252061682
4.2631455466102 0.00164622789631934 0.00194505252061682
4.26461487962779 0.00164622789631934 0.00194505252061682
4.26608471906476 0.00164622789631934 0.00194505252061682
4.26755506509564 0.00164622789631934 0.00194505252061682
4.26902591789505 0.00164622789631934 0.00194505252061682
4.27049727763765 0.00164622789631934 0.00194505252061682
4.27196914449815 0.00164622789631934 0.00194505252061682
4.27344151865135 0.00164622789631934 0.00194505252061682
4.27491440027207 0.00164622789631934 0.00194505252061682
4.27638778953524 0.00164622789631934 0.00194505252061682
4.27786168661581 0.00164622789631934 0.00194505252061682
4.2793360916888 0.00164622789631934 0.00194505252061682
4.2808110049293 0.00164622789631934 0.00194505252061682
4.28228642651246 0.00164622789631934 0.00194505252061682
4.28376235661347 0.00164622789631934 0.00194505252061682
4.28523879540761 0.00164622789631934 0.00194505252061682
4.2867157430702 0.00164622789631934 0.00194505252061682
4.28819319977663 0.00164622789631934 0.00194505252061682
4.28967116570234 0.00164622789631934 0.00194505252061682
4.29114964102284 0.00164622789631934 0.00194505252061682
4.2926286259137 0.00164622789631934 0.00194505252061682
4.29410812055054 0.00164622789631934 0.00194505252061682
4.29558812510907 0.00164622789631934 0.00194505252061682
4.29706863976501 0.00164622789631934 0.00194505252061682
4.29854966469419 0.00164622789631934 0.00194505252061682
4.30003120007248 0.00164622789631934 0.00194505252061682
4.3015132460758 0.00164622789631934 0.00194505252061682
4.30299580288015 0.00164622789631934 0.00194505252061682
4.30447887066158 0.00164622789631934 0.00194505252061682
4.3059624495962 0.00164622789631934 0.00194505252061682
4.30744653986019 0.00164622789631934 0.00194505252061682
4.30893114162978 0.00164622789631934 0.00194505252061682
4.31041625508126 0.00164622789631934 0.00194505252061682
4.311901880391 0.00164622789631934 0.00194505252061682
4.31338801773541 0.00164622789631934 0.00194505252061682
4.31487466729097 0.00164622789631934 0.00194505252061682
4.31636182923421 0.00164622789631934 0.00194505252061682
4.31784950374173 0.00164622789631934 0.00194505252061682
4.3193376909902 0.00164622789631934 0.00194505252061682
4.32082639115633 0.00164622789631934 0.00194505252061682
4.32231560441691 0.00164622789631934 0.00194505252061682
4.32380533094878 0.00164622789631934 0.00194505252061682
4.32529557092885 0.00164622789631934 0.00194505252061682
4.32678632453407 0.00164951868282496 0.00194303285429472
4.32827759194148 0.00165421288768013 0.00195036204040088
4.32976937332815 0.00165421288768013 0.00195036204040088
4.33126166887125 0.00165421288768013 0.00195036204040088
4.33275447874798 0.00165421288768013 0.00195036204040088
4.3342478031356 0.00165421288768013 0.00195036204040088
4.33574164221145 0.00165421288768013 0.00195036204040088
4.33723599615292 0.00165421288768013 0.00195036204040088
4.33873086513746 0.00165421288768013 0.00195036204040088
4.34022624934259 0.00165421288768013 0.00195036204040088
4.34172214894589 0.00165421288768013 0.00195036204040088
4.34321856412499 0.00165421288768013 0.00195036204040088
4.34471549505758 0.00165421288768013 0.00195036204040088
4.34621294192143 0.00165421288768013 0.00195036204040088
4.34771090489436 0.00165421288768013 0.00195036204040088
4.34920938415426 0.00165421288768013 0.00195036204040088
4.35070837987905 0.00165421288768013 0.00195036204040088
4.35220789224675 0.00165421288768013 0.00195036204040088
4.35370792143543 0.00165421288768013 0.00195036204040088
4.35520846762321 0.00165421288768013 0.00195036204040088
4.35670953098827 0.00165421288768013 0.00195036204040088
4.35821111170888 0.00165421288768013 0.00195036204040088
4.35971320996334 0.00165421288768013 0.00195036204040088
4.36121582593002 0.00165421288768013 0.00195036204040088
4.36271895978736 0.00165421288768013 0.00195036204040088
4.36422261171385 0.00165421288768013 0.00195036204040088
4.36572678188805 0.00165421288768013 0.00195036204040088
4.36723147048859 0.00165421288768013 0.00195036204040088
4.36873667769413 0.00165421288768013 0.00195036204040088
4.37024240368343 0.00165421288768013 0.00195036204040088
4.37174864863528 0.00165421288768013 0.00195036204040088
4.37325541272856 0.00165421288768013 0.00195036204040088
4.37476269614218 0.00165421288768013 0.00195036204040088
4.37627049905515 0.00165421288768013 0.00195036204040088
4.3777788216465 0.00165421288768013 0.00195036204040088
4.37928766409534 0.00165421288768013 0.00195036204040088
4.38079702658087 0.00165421288768013 0.00195036204040088
4.3823069092823 0.00165421288768013 0.00195036204040088
4.38381731237894 0.00165421288768013 0.00195036204040088
4.38532823605014 0.00165421288768013 0.00195036204040088
4.38683968047533 0.00165421288768013 0.00195036204040088
4.38835164583399 0.00165421288768013 0.00195036204040088
4.38986413230566 0.00165421288768013 0.00195036204040088
4.39137714006995 0.00170139382874186 0.0020279906568677
4.39289066930653 0.00170139382874186 0.0020279906568677
4.39440472019513 0.00170139382874186 0.0020279906568677
4.39591929291554 0.00170139382874186 0.0020279906568677
4.39743438764762 0.00170139382874186 0.0020279906568677
4.39895000457127 0.00170139382874186 0.0020279906568677
4.40046614386649 0.00170139382874186 0.0020279906568677
4.40198280571331 0.00170139382874186 0.0020279906568677
4.40349999029182 0.00170139382874186 0.0020279906568677
4.40501769778221 0.00170139382874186 0.0020279906568677
4.40653592836469 0.00170139382874186 0.0020279906568677
4.40805468221954 0.00170139382874186 0.0020279906568677
4.40957395952714 0.00170139382874186 0.0020279906568677
4.41109376046787 0.00170139382874186 0.0020279906568677
4.41261408522223 0.00170139382874186 0.0020279906568677
4.41413493397074 0.00170139382874186 0.0020279906568677
4.41565630689402 0.00170139382874186 0.0020279906568677
4.41717820417271 0.00170139382874186 0.0020279906568677
4.41870062598754 0.00170139382874186 0.0020279906568677
4.4202235725193 0.00170139382874186 0.0020279906568677
4.42174704394884 0.00170139382874186 0.0020279906568677
4.42327104045707 0.00170139382874186 0.0020279906568677
4.42479556222496 0.00175783497125601 0.00211286174689326
4.42632060943355 0.00175783497125601 0.00211286174689326
4.42784618226393 0.00175783497125601 0.00211286174689326
4.42937228089727 0.00175783497125601 0.00211286174689326
4.43089890551478 0.00175783497125601 0.00211286174689326
4.43242605629777 0.00176087262665407 0.00211101133601944
4.43395373342756 0.00176087262665407 0.00211101133601944
4.43548193708558 0.00176087262665407 0.00211101133601944
4.43701066745329 0.00176087262665407 0.00211101133601944
4.43853992471223 0.00176087262665407 0.00211101133601944
4.44006970904401 0.00176087262665407 0.00211101133601944
4.44160002063027 0.00176087262665407 0.00211101133601944
4.44313085965274 0.00176087262665407 0.00211101133601944
4.44466222629322 0.00176087262665407 0.00211101133601944
4.44619412073353 0.00176087262665407 0.00211101133601944
4.44772654315561 0.00176087262665407 0.00211101133601944
4.44925949374142 0.00176087262665407 0.00211101133601944
4.450792972673 0.00176087262665407 0.00211101133601944
4.45232698013245 0.00176087262665407 0.00211101133601944
4.45386151630192 0.00176087262665407 0.00211101133601944
4.45539658136365 0.00176087262665407 0.00211101133601944
4.45693217549992 0.00176087262665407 0.00211101133601944
4.45846829889309 0.00176087262665407 0.00211101133601944
4.46000495172556 0.00176087262665407 0.00211101133601944
4.46154213417982 0.00176087262665407 0.00211101133601944
4.46307984643839 0.00176087262665407 0.00211101133601944
4.46461808868389 0.00176087262665407 0.00211101133601944
4.46615686109898 0.00176087262665407 0.00211101133601944
4.46769616386638 0.00176087262665407 0.00211101133601944
4.4692359971689 0.00176087262665407 0.00211101133601944
4.47077636118937 0.00176087262665407 0.00211101133601944
4.47231725611072 0.00176087262665407 0.00211101133601944
4.47385868211593 0.00176087262665407 0.00211101133601944
4.47540063938804 0.00176087262665407 0.00211101133601944
4.47694312811016 0.00176087262665407 0.00211101133601944
4.47848614846545 0.00176087262665407 0.00211101133601944
4.48002970063716 0.00176087262665407 0.00211101133601944
4.48157378480856 0.00176087262665407 0.00211101133601944
4.48311840116303 0.00176087262665407 0.00211101133601944
4.48466354988399 0.00176087262665407 0.00211101133601944
4.48620923115492 0.00176087262665407 0.00211101133601944
4.48775544515936 0.00176087262665407 0.00211101133601944
4.48930219208093 0.00176087262665407 0.00211101133601944
4.49084947210331 0.00176087262665407 0.00211101133601944
4.49239728541023 0.00176087262665407 0.00211101133601944
4.4939456321855 0.00176087262665407 0.00211101133601944
4.49549451261297 0.00176087262665407 0.00211101133601944
4.49704392687658 0.00176087262665407 0.00211101133601944
4.49859387516033 0.00176087262665407 0.00211101133601944
4.50014435764825 0.00176087262665407 0.00211101133601944
4.50169537452448 0.00176087262665407 0.00211101133601944
4.50324692597319 0.00176087262665407 0.00211101133601944
4.50479901217864 0.00176087262665407 0.00211101133601944
4.50635163332512 0.00176087262665407 0.00211101133601944
4.50790478959701 0.00176087262665407 0.00211101133601944
4.50945848117875 0.00176087262665407 0.00211101133601944
4.51101270825484 0.00176087262665407 0.00211101133601944
4.51256747100984 0.00176087262665407 0.00211101133601944
4.51412276962837 0.00176087262665407 0.00211101133601944
4.51567860429514 0.00176087262665407 0.00211101133601944
4.51723497519488 0.00176087262665407 0.00211101133601944
4.51879188251242 0.00176087262665407 0.00211101133601944
4.52034932643264 0.00176087262665407 0.00211101133601944
4.52190730714049 0.00176087262665407 0.00211101133601944
4.52346582482097 0.00176087262665407 0.00211101133601944
4.52502487965916 0.00176087262665407 0.00211101133601944
4.52658447184019 0.00176087262665407 0.00211101133601944
4.52814460154927 0.00176087262665407 0.00211101133601944
4.52970526897165 0.00176087262665407 0.00211101133601944
4.53126647429267 0.00176087262665407 0.00211101133601944
4.53282821769772 0.00176087262665407 0.00211101133601944
4.53439049937225 0.00176087262665407 0.00211101133601944
4.53595331950178 0.00176087262665407 0.00211101133601944
4.5375166782719 0.00176087262665407 0.00211101133601944
4.53908057586825 0.00176087262665407 0.00211101133601944
4.54064501247655 0.00176087262665407 0.00211101133601944
4.54220998828257 0.00176087262665407 0.00211101133601944
4.54377550347215 0.00176087262665407 0.00211101133601944
4.5453415582312 0.00176087262665407 0.00211101133601944
4.54690815274567 0.00176087262665407 0.00211101133601944
4.54847528720161 0.00176087262665407 0.00211101133601944
4.55004296178511 0.00176087262665407 0.00211101133601944
4.55161117668233 0.00176087262665407 0.00211101133601944
4.55317993207949 0.00176087262665407 0.00211101133601944
4.55474922816288 0.00176087262665407 0.00211101133601944
4.55631906511886 0.00176087262665407 0.00211101133601944
4.55788944313384 0.00176087262665407 0.00211101133601944
4.5594603623943 0.00176087262665407 0.00211101133601944
4.56103182308679 0.00176087262665407 0.00211101133601944
4.56260382539791 0.00176087262665407 0.00211101133601944
4.56417636951435 0.00176087262665407 0.00211101133601944
4.56574945562283 0.00176087262665407 0.00211101133601944
4.56732308391017 0.00176087262665407 0.00211101133601944
4.56889725456323 0.00176087262665407 0.00211101133601944
4.57047196776894 0.00176087262665407 0.00211101133601944
4.57204722371429 0.00176087262665407 0.00211101133601944
4.57362302258636 0.00176087262665407 0.00211101133601944
4.57519936457225 0.00176087262665407 0.00211101133601944
4.57677624985916 0.00176087262665407 0.00211101133601944
4.57835367863435 0.00176087262665407 0.00211101133601944
4.57993165108513 0.00176087262665407 0.00211101133601944
4.58151016739889 0.00176087262665407 0.00211101133601944
4.58308922776307 0.00176788970581395 0.00211955200121393
4.58466883236518 0.00176788970581395 0.00211955200121393
4.58624898139281 0.00176788970581395 0.00211955200121393
4.58782967503359 0.00176788970581395 0.00211955200121393
4.58941091347523 0.00176788970581395 0.00211955200121393
4.5909926969055 0.00176788970581395 0.00211955200121393
4.59257502551223 0.00176788970581395 0.00211955200121393
4.59415789948333 0.00176788970581395 0.00211955200121393
4.59574131900676 0.00176788970581395 0.00211955200121393
4.59732528427055 0.00176788970581395 0.00211955200121393
4.5989097954628 0.00176788970581395 0.00211955200121393
4.60049485277166 0.00176788970581395 0.00211955200121393
4.60208045638536 0.00176788970581395 0.00211955200121393
4.60366660649218 0.00176788970581395 0.00211955200121393
4.60525330328049 0.00176788970581395 0.00211955200121393
4.6068405469387 0.00176788970581395 0.00211955200121393
4.60842833765529 0.00176788970581395 0.00211955200121393
4.61001667561881 0.00176788970581395 0.00211955200121393
4.61160556101788 0.00176788970581395 0.00211955200121393
4.61319499404118 0.00176788970581395 0.00211955200121393
4.61478497487745 0.00176788970581395 0.00211955200121393
4.61637550371549 0.00176788970581395 0.00211955200121393
4.61796658074419 0.00176788970581395 0.00211955200121393
4.61955820615247 0.00176788970581395 0.00211955200121393
4.62115038012936 0.00176788970581395 0.00211955200121393
4.6227431028639 0.00176788970581395 0.00211955200121393
4.62433637454525 0.00176788970581395 0.00211955200121393
4.62593019536259 0.00176788970581395 0.00211955200121393
4.6275245655052 0.00176788970581395 0.00211955200121393
4.6291194851624 0.00176788970581395 0.00211955200121393
4.6307149545236 0.00176788970581395 0.00211955200121393
4.63231097377824 0.00176788970581395 0.00211955200121393
4.63390754311585 0.00176788970581395 0.00211955200121393
4.63550466272604 0.00176788970581395 0.00211955200121393
4.63710233279844 0.00176788970581395 0.00211955200121393
4.6387005535228 0.00176788970581395 0.00211955200121393
4.64029932508888 0.00176788970581395 0.00211955200121393
4.64189864768655 0.00176788970581395 0.00211955200121393
4.64349852150572 0.00176821551626967 0.00211936824431162
4.64509894673639 0.00176821551626967 0.00211936824431162
4.64669992356858 0.00176821551626967 0.00211936824431162
4.64830145219243 0.00176821551626967 0.00211936824431162
4.64990353279811 0.00176821551626967 0.00211936824431162
4.65150616557587 0.00176821551626967 0.00211936824431162
4.65310935071601 0.00176821551626967 0.00211936824431162
4.65471308840892 0.00176821551626967 0.00211936824431162
4.65631737884504 0.00176821551626967 0.00211936824431162
4.65792222221488 0.00176821551626967 0.00211936824431162
4.659527618709 0.00176821551626967 0.00211936824431162
4.66113356851805 0.00176821551626967 0.00211936824431162
4.66274007183274 0.00176821551626967 0.00211936824431162
4.66434712884383 0.00176821551626967 0.00211936824431162
4.66595473974216 0.00176821551626967 0.00211936824431162
4.66756290471864 0.00177140507573026 0.00212330776210747
4.66917162396422 0.00177140507573026 0.00212330776210747
4.67078089766996 0.00177140507573026 0.00212330776210747
4.67239072602694 0.0017788521371262 0.00213264465874101
4.67400110922633 0.0017788521371262 0.00213264465874101
4.67561204745937 0.0017788521371262 0.00213264465874101
4.67722354091735 0.0017788521371262 0.00213264465874101
4.67883558979163 0.0017788521371262 0.00213264465874101
4.68044819427365 0.0017788521371262 0.00213264465874101
4.68206135455489 0.0017788521371262 0.00213264465874101
4.68367507082693 0.0017788521371262 0.00213264465874101
4.68528934328139 0.0017788521371262 0.00213264465874101
4.68690417210995 0.0017788521371262 0.00213264465874101
4.68851955750439 0.0017788521371262 0.00213264465874101
4.69013549965653 0.0017788521371262 0.00213264465874101
4.69175199875825 0.00178165946860059 0.00213095848764809
4.69336905500152 0.00178165946860059 0.00213095848764809
4.69498666857836 0.00178165946860059 0.00213095848764809
4.69660483968086 0.00178253364704117 0.00213046406527
4.69822356850118 0.00178253364704117 0.00213046406527
4.69984285523154 0.00178253364704117 0.00213046406527
4.70146270006423 0.00178253364704117 0.00213046406527
4.7030831031916 0.00178253364704117 0.00213046406527
4.70470406480608 0.00178253364704117 0.00213046406527
4.70632558510015 0.00178253364704117 0.00213046406527
4.70794766426637 0.00178253364704117 0.00213046406527
4.70957030249735 0.00178253364704117 0.00213046406527
4.7111934999858 0.00178253364704117 0.00213046406527
4.71281725692444 0.00178253364704117 0.00213046406527
4.71444157350612 0.00178253364704117 0.00213046406527
4.71606644992371 0.00178253364704117 0.00213046406527
4.71769188637017 0.00178253364704117 0.00213046406527
4.71931788303852 0.00178253364704117 0.00213046406527
4.72094444012183 0.00178253364704117 0.00213046406527
4.72257155781328 0.00178253364704117 0.00213046406527
4.72419923630606 0.00178253364704117 0.00213046406527
4.72582747579347 0.00178253364704117 0.00213046406527
4.72745627646886 0.00178253364704117 0.00213046406527
4.72908563852565 0.00178253364704117 0.00213046406527
4.73071556215733 0.00178253364704117 0.00213046406527
4.73234604755744 0.00178253364704117 0.00213046406527
4.73397709491961 0.00178253364704117 0.00213046406527
4.73560870443752 0.00178253364704117 0.00213046406527
4.73724087630492 0.00178253364704117 0.00213046406527
4.73887361071563 0.00178253364704117 0.00213046406527
4.74050690786354 0.0018249115641119 0.00218715733890621
4.7421407679426 0.0018249115641119 0.00218715733890621
4.74377519114684 0.0018249115641119 0.00218715733890621
4.74541017767032 0.0018249115641119 0.00218715733890621
4.74704572770722 0.0018249115641119 0.00218715733890621
4.74868184145175 0.0018249115641119 0.00218715733890621
4.75031851909819 0.0018249115641119 0.00218715733890621
4.7519557608409 0.0018249115641119 0.00218715733890621
4.75359356687431 0.0018249115641119 0.00218715733890621
4.7552319373929 0.0018249115641119 0.00218715733890621
4.75687087259122 0.0018249115641119 0.00218715733890621
4.7585103726639 0.0018249115641119 0.00218715733890621
4.76015043780562 0.0018249115641119 0.00218715733890621
4.76179106821115 0.0018249115641119 0.00218715733890621
4.7634322640753 0.0018249115641119 0.00218715733890621
4.76507402559298 0.0018249115641119 0.00218715733890621
4.76671635295912 0.0018249115641119 0.00218715733890621
4.76835924636877 0.00184335513626894 0.00221588614373682
4.77000270601701 0.00184335513626894 0.00221588614373682
4.77164673209899 0.00184335513626894 0.00221588614373682
4.77329132480996 0.00184335513626894 0.00221588614373682
4.7749364843452 0.00184335513626894 0.00221588614373682
4.77658221090007 0.00184335513626894 0.00221588614373682
4.77822850467 0.00184335513626894 0.00221588614373682
4.7798753658505 0.00184335513626894 0.00221588614373682
4.78152279463711 0.00184335513626894 0.00221588614373682
4.78317079122547 0.00184335513626894 0.00221588614373682
4.78481935581129 0.00184335513626894 0.00221588614373682
4.78646848859032 0.00184335513626894 0.00221588614373682
4.7881181897584 0.00184335513626894 0.00221588614373682
4.78976845951143 0.00184335513626894 0.00221588614373682
4.79141929804538 0.00184335513626894 0.00221588614373682
4.79307070555628 0.00184335513626894 0.00221588614373682
4.79472268224023 0.00184335513626894 0.00221588614373682
4.79637522829342 0.00185415641115 0.00220992648020295
4.79802834391207 0.00185415641115 0.00220992648020295
4.79968202929249 0.00185415641115 0.00220992648020295
4.80133628463106 0.00185415641115 0.00220992648020295
4.80299111012421 0.00185415641115 0.00220992648020295
4.80464650596846 0.00185415641115 0.00220992648020295
4.80630247236038 0.00185415641115 0.00220992648020295
4.80795900949663 0.00185415641115 0.00220992648020295
4.8096161175739 0.00185415641115 0.00220992648020295
4.81127379678898 0.00185415641115 0.00220992648020295
4.81293204733872 0.00185415641115 0.00220992648020295
4.81459086942003 0.00185415641115 0.00220992648020295
4.8162502632299 0.00185415641115 0.00220992648020295
4.81791022896538 0.00185415641115 0.00220992648020295
4.81957076682359 0.00185415641115 0.00220992648020295
4.82123187700171 0.00185415641115 0.00220992648020295
4.82289355969701 0.00185415641115 0.00220992648020295
4.8245558151068 0.00185415641115 0.00220992648020295
4.82621864342848 0.00185415641115 0.00220992648020295
4.8278820448595 0.00185415641115 0.00220992648020295
4.8295460195974 0.00185415641115 0.00220992648020295
4.83121056783977 0.00185415641115 0.00220992648020295
4.83287568978427 0.00185415641115 0.00220992648020295
4.83454138562863 0.00185415641115 0.00220992648020295
4.83620765557066 0.00185415641115 0.00220992648020295
4.83787449980822 0.00185415641115 0.00220992648020295
4.83954191853925 0.00185672235302412 0.00221347358562876
4.84120991196175 0.00185672235302412 0.00221347358562876
4.8428784802738 0.00185672235302412 0.00221347358562876
4.84454762367354 0.00185672235302412 0.00221347358562876
4.84621734235917 0.00185672235302412 0.00221347358562876
4.84788763652898 0.00185672235302412 0.00221347358562876
4.8495585063813 0.00185672235302412 0.00221347358562876
4.85122995211456 0.00185672235302412 0.00221347358562876
4.85290197392724 0.00185672235302412 0.00221347358562876
4.85457457201789 0.00185672235302412 0.00221347358562876
4.85624774658513 0.00185672235302412 0.00221347358562876
4.85792149782764 0.00185672235302412 0.00221347358562876
4.85959582594419 0.00185672235302412 0.00221347358562876
4.86127073113359 0.00185672235302412 0.00221347358562876
4.86294621359474 0.00185672235302412 0.00221347358562876
4.86462227352661 0.00185672235302412 0.00221347358562876
4.86629891112823 0.00185672235302412 0.00221347358562876
4.86797612659868 0.00185672235302412 0.00221347358562876
4.86965392013715 0.00185672235302412 0.00221347358562876
4.87133229194286 0.00185672235302412 0.00221347358562876
4.87301124221513 0.00185672235302412 0.00221347358562876
4.87469077115333 0.00185672235302412 0.00221347358562876
4.87637087895689 0.00185672235302412 0.00221347358562876
4.87805156582534 0.00185672235302412 0.00221347358562876
4.87973283195825 0.00185672235302412 0.00221347358562876
4.88141467755526 0.00185672235302412 0.00221347358562876
4.88309710281611 0.00185672235302412 0.00221347358562876
4.88478010794057 0.00185672235302412 0.00221347358562876
4.8864636931285 0.00185672235302412 0.00221347358562876
4.88814785857982 0.00185672235302412 0.00221347358562876
4.88983260449453 0.00185672235302412 0.00221347358562876
4.89151793107269 0.00185672235302412 0.00221347358562876
4.89320383851444 0.00185672235302412 0.00221347358562876
4.89489032701996 0.00185672235302412 0.00221347358562876
4.89657739678953 0.00185672235302412 0.00221347358562876
4.89826504802349 0.00185672235302412 0.00221347358562876
4.89995328092224 0.00185672235302412 0.00221347358562876
4.90164209568627 0.00185672235302412 0.00221347358562876
4.90333149251611 0.00185672235302412 0.00221347358562876
4.90502147161238 0.00185672235302412 0.00221347358562876
4.90671203317577 0.00185730570585777 0.00221311787113606
4.90840317740702 0.00186904548901087 0.00220793387166658
4.91009490450697 0.00186904548901087 0.00220793387166658
4.91178721467649 0.00186904548901087 0.00220793387166658
4.91348010811655 0.00186904548901087 0.00220793387166658
4.91517358502819 0.00186904548901087 0.00220793387166658
4.91686764561249 0.00187032327707322 0.00220981274042098
4.91856229007064 0.00187032327707322 0.00220981274042098
4.92025751860385 0.00187032327707322 0.00220981274042098
4.92195333141345 0.00187032327707322 0.00220981274042098
4.92364972870081 0.00187032327707322 0.00220981274042098
4.92534671066737 0.00187032327707322 0.00220981274042098
4.92704427751465 0.00187032327707322 0.00220981274042098
4.92874242944424 0.00189719046347361 0.00225319007081406
4.93044116665778 0.00189719046347361 0.00225319007081406
4.932140489357 0.00190214276434419 0.002250177861283
4.9338403977437 0.00190214276434419 0.002250177861283
4.93554089201974 0.00190214276434419 0.002250177861283
4.93724197238705 0.00190214276434419 0.002250177861283
4.93894363904762 0.00190214276434419 0.002250177861283
4.94064589220354 0.00190214276434419 0.002250177861283
4.94234873205695 0.00190214276434419 0.002250177861283
4.94405215881005 0.00190214276434419 0.002250177861283
4.94575617266512 0.00190214276434419 0.002250177861283
4.94746077382452 0.00190214276434419 0.002250177861283
4.94916596249067 0.00190214276434419 0.002250177861283
4.95087173886605 0.00190214276434419 0.002250177861283
4.95257810315322 0.00196197367396606 0.00234106329992452
4.95428505555482 0.00196197367396606 0.00234106329992452
4.95599259627354 0.00196197367396606 0.00234106329992452
4.95770072551216 0.00196197367396606 0.00234106329992452
4.9594094434735 0.00196197367396606 0.00234106329992452
4.96111875036049 0.00196197367396606 0.00234106329992452
4.96282864637609 0.00196197367396606 0.00234106329992452
4.96453913172336 0.00196454555707234 0.00234431521631233
4.96625020660542 0.00196454555707234 0.00234431521631233
4.96796187122545 0.00196454555707234 0.00234431521631233
4.96967412578672 0.00196454555707234 0.00234431521631233
4.97138697049254 0.00196454555707234 0.00234431521631233
4.97310040554633 0.00196454555707234 0.00234431521631233
4.97481443115154 0.00196454555707234 0.00234431521631233
4.97652904751173 0.00196454555707234 0.00234431521631233
4.9782442548305 0.00196454555707234 0.00234431521631233
4.97996005331152 0.00196454555707234 0.00234431521631233
4.98167644315855 0.00197780988620191 0.00236141598331558
4.9833934245754 0.00197780988620191 0.00236141598331558
4.98511099776597 0.00197780988620191 0.00236141598331558
4.98682916293422 0.00197780988620191 0.00236141598331558
4.98854792028418 0.00197780988620191 0.00236141598331558
4.99026727001995 0.00197780988620191 0.00236141598331558
4.99198721234569 0.00197780988620191 0.00236141598331558
4.99370774746566 0.00197780988620191 0.00236141598331558
4.99542887558417 0.00200018465410225 0.00239148588326495
4.99715059690559 0.00200018465410225 0.00239148588326495
4.99887291163438 0.00200018465410225 0.00239148588326495
5.00059581997506 0.00200018465410225 0.00239148588326495
5.00231932213223 0.00200018465410225 0.00239148588326495
5.00404341831055 0.00200018465410225 0.00239148588326495
5.00576810871475 0.00200018465410225 0.00239148588326495
5.00749339354965 0.00200018465410225 0.00239148588326495
5.00921927302012 0.00200018465410225 0.00239148588326495
5.0109457473311 0.00200018465410225 0.00239148588326495
5.01267281668761 0.00200018465410225 0.00239148588326495
5.01440048129474 0.00200322886939498 0.00238980124216177
5.01612874135765 0.00200322886939498 0.00238980124216177
5.01785759708157 0.00200322886939498 0.00238980124216177
5.0195870486718 0.00200322886939498 0.00238980124216177
5.02131709633371 0.00200322886939498 0.00238980124216177
5.02304774027273 0.00200322886939498 0.00238980124216177
5.02477898069439 0.00200322886939498 0.00238980124216177
5.02651081780427 0.00200322886939498 0.00238980124216177
5.02824325180802 0.00200322886939498 0.00238980124216177
5.02997628291136 0.00200322886939498 0.00238980124216177
5.03170991132009 0.00200322886939498 0.00238980124216177
5.03344413724009 0.00200322886939498 0.00238980124216177
5.03517896087727 0.00200322886939498 0.00238980124216177
5.03691438243767 0.00200322886939498 0.00238980124216177
5.03865040212735 0.00200322886939498 0.00238980124216177
5.04038702015246 0.00200322886939498 0.00238980124216177
5.04212423671924 0.00201012009918549 0.00238611243136967
5.04386205203396 0.00201012009918549 0.00238611243136967
5.045600466303 0.00201012009918549 0.00238611243136967
5.04733947973279 0.00201012009918549 0.00238611243136967
5.04907909252984 0.00201012009918549 0.00238611243136967
5.05081930490072 0.00201012009918549 0.00238611243136967
5.05256011705208 0.00201012009918549 0.00238611243136967
5.05430152919065 0.00201012009918549 0.00238611243136967
5.05604354152321 0.00201012009918549 0.00238611243136967
5.05778615425662 0.00201012009918549 0.00238611243136967
5.05952936759783 0.00201012009918549 0.00238611243136967
5.06127318175383 0.00201012009918549 0.00238611243136967
5.06301759693171 0.00201012009918549 0.00238611243136967
5.0647626133386 0.00201012009918549 0.00238611243136967
5.06650823118173 0.00201012009918549 0.00238611243136967
5.06825445066839 0.00201012009918549 0.00238611243136967
5.07000127200594 0.00201012009918549 0.00238611243136967
5.07174869540182 0.00201012009918549 0.00238611243136967
5.07349672106353 0.00201012009918549 0.00238611243136967
5.07524534919864 0.00201012009918549 0.00238611243136967
5.07699458001481 0.00201012009918549 0.00238611243136967
5.07874441371976 0.00201012009918549 0.00238611243136967
5.08049485052127 0.00204637523199974 0.00243791574302524
5.0822458906272 0.00204637523199974 0.00243791574302524
5.0839975342455 0.00204637523199974 0.00243791574302524
5.08574978158417 0.00204637523199974 0.00243791574302524
5.08750263285129 0.00204637523199974 0.00243791574302524
5.089256088255 0.00204637523199974 0.00243791574302524
5.09101014800353 0.00204637523199974 0.00243791574302524
5.09276481230518 0.00204637523199974 0.00243791574302524
5.0945200813683 0.00204637523199974 0.00243791574302524
5.09627595540133 0.00204637523199974 0.00243791574302524
5.09803243461278 0.00204637523199974 0.00243791574302524
5.09978951921123 0.00204637523199974 0.00243791574302524
5.10154720940534 0.00204637523199974 0.00243791574302524
5.10330550540383 0.00204637523199974 0.00243791574302524
5.10506440741549 0.00204637523199974 0.00243791574302524
5.10682391564919 0.00204637523199974 0.00243791574302524
5.10858403031388 0.00204637523199974 0.00243791574302524
5.11034475161856 0.00204637523199974 0.00243791574302524
5.11210607977232 0.00204637523199974 0.00243791574302524
5.11386801498431 0.00204637523199974 0.00243791574302524
5.11563055746377 0.00204637523199974 0.00243791574302524
5.11739370741999 0.00204637523199974 0.00243791574302524
5.11915746506235 0.00204637523199974 0.00243791574302524
5.12092183060029 0.00204637523199974 0.00243791574302524
5.12268680424332 0.00204637523199974 0.00243791574302524
5.12445238620105 0.00204637523199974 0.00243791574302524
5.12621857668312 0.00204637523199974 0.00243791574302524
5.12798537589927 0.00204637523199974 0.00243791574302524
5.12975278405931 0.00204637523199974 0.00243791574302524
5.13152080137312 0.00204637523199974 0.00243791574302524
5.13328942805065 0.00204637523199974 0.00243791574302524
5.13505866430191 0.00204637523199974 0.00243791574302524
5.13682851033701 0.00204637523199974 0.00243791574302524
5.13859896636611 0.00204637523199974 0.00243791574302524
5.14037003259945 0.00204637523199974 0.00243791574302524
5.14214170924735 0.00204637523199974 0.00243791574302524
5.14391399652019 0.00204637523199974 0.00243791574302524
5.14568689462843 0.00204637523199974 0.00243791574302524
5.1474604037826 0.00204637523199974 0.00243791574302524
5.14923452419329 0.00204637523199974 0.00243791574302524
5.1510092560712 0.00204637523199974 0.00243791574302524
5.15278459962705 0.00204637523199974 0.00243791574302524
5.15456055507168 0.00204637523199974 0.00243791574302524
5.15633712261598 0.00204637523199974 0.00243791574302524
5.15811430247092 0.00204637523199974 0.00243791574302524
5.15989209484752 0.00204637523199974 0.00243791574302524
5.16167049995691 0.00204637523199974 0.00243791574302524
5.16344951801026 0.00204637523199974 0.00243791574302524
5.16522914921885 0.00204637523199974 0.00243791574302524
5.16700939379398 0.00204637523199974 0.00243791574302524
5.16879025194707 0.00204637523199974 0.00243791574302524
5.17057172388959 0.00204637523199974 0.00243791574302524
5.1723538098331 0.00204637523199974 0.00243791574302524
5.1741365099892 0.00204637523199974 0.00243791574302524
5.1759198245696 0.00204637523199974 0.00243791574302524
5.17770375378607 0.00205587653751499 0.00245190050292098
5.17948829785044 0.00205587653751499 0.00245190050292098
5.18127345697462 0.00205587653751499 0.00245190050292098
5.1830592313706 0.00205587653751499 0.00245190050292098
5.18484562125045 0.00205988155781476 0.00244944550019452
5.18663262682629 0.00206575947098468 0.00244677672989592
5.18842024831033 0.00206575947098468 0.00244677672989592
5.19020848591484 0.00206575947098468 0.00244677672989592
5.19199733985219 0.00206575947098468 0.00244677672989592
5.19378681033478 0.00206575947098468 0.00244677672989592
5.19557689757514 0.00206575947098468 0.00244677672989592
5.19736760178581 0.00206575947098468 0.00244677672989592
5.19915892317945 0.00206575947098468 0.00244677672989592
5.20095086196878 0.00206575947098468 0.00244677672989592
5.20274341836658 0.00206575947098468 0.00244677672989592
5.20453659258573 0.00206575947098468 0.00244677672989592
5.20633038483916 0.00206575947098468 0.00244677672989592
5.20812479533987 0.00206575947098468 0.00244677672989592
5.20991982430097 0.00206575947098468 0.00244677672989592
5.21171547193559 0.00206575947098468 0.00244677672989592
5.21351173845698 0.00206575947098468 0.00244677672989592
5.21530862407845 0.00206575947098468 0.00244677672989592
5.21710612901336 0.00206575947098468 0.00244677672989592
5.21890425347517 0.00206575947098468 0.00244677672989592
5.22070299767741 0.00206575947098468 0.00244677672989592
5.22250236183368 0.00206575947098468 0.00244677672989592
5.22430234615764 0.00206575947098468 0.00244677672989592
5.22610295086305 0.00206575947098468 0.00244677672989592
5.22790417616373 0.00206838804705352 0.00244562346868731
5.22970602227357 0.00208101906771379 0.00246457758837038
5.23150848940653 0.00208101906771379 0.00246457758837038
5.23331157777667 0.00208101906771379 0.00246457758837038
5.23511528759809 0.00208101906771379 0.00246457758837038
5.23691961908498 0.00208101906771379 0.00246457758837038
5.23872457245161 0.00208101906771379 0.00246457758837038
5.24053014791231 0.00208101906771379 0.00246457758837038
5.24233634568149 0.0021095004752135 0.00250754626362046
5.24414316597365 0.0021095004752135 0.00250754626362046
5.24595060900333 0.0021095004752135 0.00250754626362046
5.24775867498517 0.0021095004752135 0.00250754626362046
5.24956736413387 0.0021095004752135 0.00250754626362046
5.25137667666422 0.0021095004752135 0.00250754626362046
5.25318661279107 0.0021095004752135 0.00250754626362046
5.25499717272934 0.0021095004752135 0.00250754626362046
5.25680835669405 0.0021095004752135 0.00250754626362046
5.25862016490026 0.0021095004752135 0.00250754626362046
5.26043259756313 0.0021095004752135 0.00250754626362046
5.26224565489789 0.0021095004752135 0.00250754626362046
5.26405933711982 0.0021095004752135 0.00250754626362046
5.26587364444431 0.0021095004752135 0.00250754626362046
5.2676885770868 0.0021095004752135 0.00250754626362046
5.26950413526282 0.0021095004752135 0.00250754626362046
5.27132031918795 0.0021095004752135 0.00250754626362046
5.27313712907788 0.0021095004752135 0.00250754626362046
5.27495456514834 0.0021095004752135 0.00250754626362046
5.27677262761515 0.0021095004752135 0.00250754626362046
5.27859131669421 0.0021095004752135 0.00250754626362046
5.28041063260149 0.00212630145888968 0.00249893221039157
5.28223057555302 0.00212630145888968 0.00249893221039157
5.28405114576493 0.00212630145888968 0.00249893221039157
5.2858723434534 0.00212715415110165 0.00250019232123276
5.2876941688347 0.00212715415110165 0.00250019232123276
5.28951662212517 0.00212715415110165 0.00250019232123276
5.29133970354123 0.00212715415110165 0.00250019232123276
5.29316341329936 0.00212715415110165 0.00250019232123276
5.29498775161614 0.00212715415110165 0.00250019232123276
5.29681271870819 0.00213174919311943 0.00249736186448532
5.29863831479223 0.00213174919311943 0.00249736186448532
5.30046454008504 0.00213174919311943 0.00249736186448532
5.30229139480351 0.00213174919311943 0.00249736186448532
5.30411887916454 0.00213174919311943 0.00249736186448532
5.30594699338518 0.00213174919311943 0.00249736186448532
5.30777573768248 0.00213174919311943 0.00249736186448532
5.30960511227363 0.00213174919311943 0.00249736186448532
5.31143511737586 0.00213174919311943 0.00249736186448532
5.31326575320647 0.00213174919311943 0.00249736186448532
5.31509701998286 0.00213174919311943 0.00249736186448532
5.31692891792248 0.00213174919311943 0.00249736186448532
5.31876144724288 0.00213174919311943 0.00249736186448532
5.32059460816166 0.00213174919311943 0.00249736186448532
5.32242840089651 0.00213174919311943 0.00249736186448532
5.32426282566519 0.00213174919311943 0.00249736186448532
5.32609788268554 0.00213174919311943 0.00249736186448532
5.32793357217546 0.00213174919311943 0.00249736186448532
5.32976989435296 0.00213174919311943 0.00249736186448532
5.33160684943608 0.00213174919311943 0.00249736186448532
5.33344443764296 0.00213174919311943 0.00249736186448532
5.33528265919182 0.00213174919311943 0.00249736186448532
5.33712151430094 0.00213174919311943 0.00249736186448532
5.33896100318869 0.00213174919311943 0.00249736186448532
5.34080112607351 0.00213174919311943 0.00249736186448532
5.3426418831739 0.00213174919311943 0.00249736186448532
5.34448327470845 0.00213174919311943 0.00249736186448532
5.34632530089583 0.00213174919311943 0.00249736186448532
5.34816796195479 0.00213174919311943 0.00249736186448532
5.35001125810412 0.00213174919311943 0.00249736186448532
5.35185518956273 0.00213174919311943 0.00249736186448532
5.35369975654957 0.00213174919311943 0.00249736186448532
5.35554495928369 0.00213174919311943 0.00249736186448532
5.3573907979842 0.00213174919311943 0.00249736186448532
5.3592372728703 0.00213174919311943 0.00249736186448532
5.36108438416126 0.00213174919311943 0.00249736186448532
5.36293213207641 0.00213174919311943 0.00249736186448532
5.36478051683517 0.00213174919311943 0.00249736186448532
5.36662953865705 0.00213174919311943 0.00249736186448532
5.3684791977616 0.00213174919311943 0.00249736186448532
5.37032949436847 0.00213174919311943 0.00249736186448532
5.3721804286974 0.00213174919311943 0.00249736186448532
5.37403200096816 0.00213174919311943 0.00249736186448532
5.37588421140064 0.00213174919311943 0.00249736186448532
5.37773706021478 0.00213174919311943 0.00249736186448532
5.37959054763061 0.00213174919311943 0.00249736186448532
5.38144467386822 0.00213174919311943 0.00249736186448532
5.3832994391478 0.00213174919311943 0.00249736186448532
5.3851548436896 0.00213174919311943 0.00249736186448532
5.38701088771393 0.00213174919311943 0.00249736186448532
5.38886757144122 0.00213174919311943 0.00249736186448532
5.39072489509193 0.00213174919311943 0.00249736186448532
5.39258285888662 0.00213174919311943 0.00249736186448532
5.39444146304592 0.00213174919311943 0.00249736186448532
5.39630070779055 0.00213174919311943 0.00249736186448532
5.39816059334128 0.00213174919311943 0.00249736186448532
5.40002111991897 0.00213174919311943 0.00249736186448532
5.40188228774456 0.00213174919311943 0.00249736186448532
5.40374409703907 0.00213174919311943 0.00249736186448532
5.40560654802358 0.00213174919311943 0.00249736186448532
5.40746964091925 0.00213174919311943 0.00249736186448532
5.40933337594733 0.00213174919311943 0.00249736186448532
5.41119775332913 0.00213174919311943 0.00249736186448532
5.41306277328605 0.00213174919311943 0.00249736186448532
5.41492843603955 0.00213174919311943 0.00249736186448532
5.41679474181119 0.00213174919311943 0.00249736186448532
5.41866169082257 0.00213174919311943 0.00249736186448532
5.42052928329541 0.00213174919311943 0.00249736186448532
5.42239751945148 0.00213174919311943 0.00249736186448532
5.42426639951263 0.00213174919311943 0.00249736186448532
5.42613592370078 0.00213732815352154 0.00250601202253787
5.42800609223794 0.00213732815352154 0.00250601202253787
5.4298769053462 0.00213732815352154 0.00250601202253787
5.43174836324771 0.00213732815352154 0.00250601202253787
5.43362046616469 0.00213732815352154 0.00250601202253787
5.43549321431948 0.00213732815352154 0.00250601202253787
5.43736660793444 0.00213732815352154 0.00250601202253787
5.43924064723205 0.00213732815352154 0.00250601202253787
5.44111533243485 0.00213732815352154 0.00250601202253787
5.44299066376544 0.00213732815352154 0.00250601202253787
5.44486664144654 0.00213732815352154 0.00250601202253787
5.4467432657009 0.00213732815352154 0.00250601202253787
5.44862053675138 0.00213732815352154 0.00250601202253787
5.4504984548209 0.00213732815352154 0.00250601202253787
5.45237702013246 0.00213732815352154 0.00250601202253787
5.45425623290913 0.00213732815352154 0.00250601202253787
5.45613609337409 0.00213732815352154 0.00250601202253787
5.45801660175054 0.00213732815352154 0.00250601202253787
5.45989775826181 0.00213732815352154 0.00250601202253787
5.46177956313128 0.00213732815352154 0.00250601202253787
5.46366201658242 0.00213732815352154 0.00250601202253787
5.46554511883876 0.00213732815352154 0.00250601202253787
5.46742887012391 0.00213732815352154 0.00250601202253787
5.46931327066158 0.00213732815352154 0.00250601202253787
5.47119832067553 0.00213732815352154 0.00250601202253787
5.47308402038962 0.00213732815352154 0.00250601202253787
5.47497037002776 0.00213732815352154 0.00250601202253787
5.47685736981397 0.00213732815352154 0.00250601202253787
5.47874501997231 0.00213732815352154 0.00250601202253787
5.48063332072695 0.00213732815352154 0.00250601202253787
5.48252227230212 0.00213732815352154 0.00250601202253787
5.48441187492213 0.00213732815352154 0.00250601202253787
5.48630212881137 0.00213732815352154 0.00250601202253787
5.48819303419431 0.00213732815352154 0.00250601202253787
5.49008459129548 0.00213732815352154 0.00250601202253787
5.49197680033952 0.00213732815352154 0.00250601202253787
5.49386966155112 0.00216957784026215 0.00255484197753383
5.49576317515505 0.00216957784026215 0.00255484197753383
5.49765734137617 0.00216957784026215 0.00255484197753383
5.49955216043941 0.00222692471379327 0.00264818711648342
5.50144763256978 0.00222692471379327 0.00264818711648342
5.50334375799235 0.00222692471379327 0.00264818711648342
5.50524053693231 0.00222692471379327 0.00264818711648342
5.50713796961487 0.00222692471379327 0.00264818711648342
5.50903605626538 0.00222692471379327 0.00264818711648342
5.51093479710921 0.00222692471379327 0.00264818711648342
5.51283419237185 0.00222692471379327 0.00264818711648342
5.51473424227885 0.00222692471379327 0.00264818711648342
5.51663494705583 0.00222692471379327 0.00264818711648342
5.5185363069285 0.00222692471379327 0.00264818711648342
5.52043832212266 0.00222692471379327 0.00264818711648342
5.52234099286415 0.00222692471379327 0.00264818711648342
5.52424431937892 0.00222692471379327 0.00264818711648342
5.526148301893 0.00222692471379327 0.00264818711648342
5.52805294063246 0.00222692471379327 0.00264818711648342
5.5299582358235 0.00222692471379327 0.00264818711648342
5.53186418769236 0.00223266426196541 0.00264555476936868
5.53377079646538 0.00223266426196541 0.00264555476936868
5.53567806236895 0.00223266426196541 0.00264555476936868
5.53758598562957 0.00223266426196541 0.00264555476936868
5.5394945664738 0.00223266426196541 0.00264555476936868
5.54140380512828 0.00223266426196541 0.00264555476936868
5.54331370181974 0.00223266426196541 0.00264555476936868
5.54522425677497 0.00223266426196541 0.00264555476936868
5.54713547022085 0.00223266426196541 0.00264555476936868
5.54904734238433 0.00223266426196541 0.00264555476936868
5.55095987349245 0.0022411039243709 0.00265649969484059
5.55287306377232 0.0022453164566166 0.0026546299931986
5.55478691345112 0.0022453164566166 0.0026546299931986
5.55670142275613 0.0022453164566166 0.0026546299931986
5.5586165919147 0.0022453164566166 0.0026546299931986
5.56053242115424 0.0022453164566166 0.0026546299931986
5.56244891070226 0.0022453164566166 0.0026546299931986
5.56436606078635 0.0022453164566166 0.0026546299931986
5.56628387163415 0.0022453164566166 0.0026546299931986
5.56820234347342 0.0022453164566166 0.0026546299931986
5.57012147653197 0.0022453164566166 0.0026546299931986
5.57204127103768 0.0022453164566166 0.0026546299931986
5.57396172721854 0.0022453164566166 0.0026546299931986
5.57588284530261 0.0022453164566166 0.0026546299931986
5.577804625518 0.0022453164566166 0.0026546299931986
5.57972706809293 0.0022453164566166 0.0026546299931986
5.58165017325569 0.0022453164566166 0.0026546299931986
5.58357394123465 0.0022453164566166 0.0026546299931986
5.58549837225824 0.0022453164566166 0.0026546299931986
5.58742346655501 0.0022453164566166 0.0026546299931986
5.58934922435354 0.0022453164566166 0.0026546299931986
5.59127564588252 0.0022453164566166 0.0026546299931986
5.59320273137072 0.0022453164566166 0.0026546299931986
5.59513048104697 0.0022453164566166 0.0026546299931986
5.59705889514018 0.0022453164566166 0.0026546299931986
5.59898797387937 0.0022453164566166 0.0026546299931986
5.6009177174936 0.0022453164566166 0.0026546299931986
5.60284812621203 0.0022453164566166 0.0026546299931986
5.6047792002639 0.0022453164566166 0.0026546299931986
5.60671093987851 0.0022453164566166 0.0026546299931986
5.60864334528526 0.0022453164566166 0.0026546299931986
5.61057641671363 0.0022453164566166 0.0026546299931986
5.61251015439315 0.0022453164566166 0.0026546299931986
5.61444455855347 0.0022453164566166 0.0026546299931986
5.61637962942429 0.0022453164566166 0.0026546299931986
5.6183153672354 0.0022453164566166 0.0026546299931986
5.62025177221666 0.0022453164566166 0.0026546299931986
5.62218884459803 0.0022453164566166 0.0026546299931986
5.62412658460952 0.0022453164566166 0.0026546299931986
5.62606499248125 0.0022453164566166 0.0026546299931986
5.62800406844339 0.0022453164566166 0.0026546299931986
5.62994381272622 0.0022453164566166 0.0026546299931986
5.63188422556007 0.0022453164566166 0.0026546299931986
5.63382530717537 0.0022453164566166 0.0026546299931986
5.63576705780261 0.0022453164566166 0.0026546299931986
5.63770947767238 0.0022453164566166 0.0026546299931986
5.63965256701535 0.0022453164566166 0.0026546299931986
5.64159632606224 0.0022453164566166 0.0026546299931986
5.64354075504388 0.0022453164566166 0.0026546299931986
5.64548585419118 0.0022453164566166 0.0026546299931986
5.6474316237351 0.0022453164566166 0.0026546299931986
5.64937806390671 0.0022453164566166 0.0026546299931986
5.65132517493714 0.0022453164566166 0.0026546299931986
5.65327295705761 0.0022453164566166 0.0026546299931986
5.65522141049943 0.0022453164566166 0.0026546299931986
5.65717053549396 0.0022453164566166 0.0026546299931986
5.65912033227266 0.0022453164566166 0.0026546299931986
5.66107080106708 0.0022453164566166 0.0026546299931986
5.66302194210883 0.0022453164566166 0.0026546299931986
5.66497375562959 0.0022453164566166 0.0026546299931986
5.66692624186116 0.0022453164566166 0.0026546299931986
5.66887940103538 0.0022453164566166 0.0026546299931986
5.6708332333842 0.00226060916244521 0.00267494551937877
5.67278773913962 0.00226060916244521 0.00267494551937877
5.67474291853375 0.00230935461734123 0.00274381995429662
5.67669877179875 0.00230935461734123 0.00274381995429662
5.67865529916689 0.00232842637919468 0.00277008131428282
5.68061250087051 0.00232842637919468 0.00277008131428282
5.68257037714201 0.00232973817599265 0.00276926009850489
5.68452892821389 0.00232973817599265 0.00276926009850489
5.68648815431873 0.00232973817599265 0.00276926009850489
5.68844805568919 0.00232973817599265 0.00276926009850489
5.69040863255801 0.00232973817599265 0.00276926009850489
5.69236988515799 0.00232973817599265 0.00276926009850489
5.69433181372204 0.00232973817599265 0.00276926009850489
5.69629441848313 0.00232973817599265 0.00276926009850489
5.69825769967433 0.00232973817599265 0.00276926009850489
5.70022165752876 0.00232973817599265 0.00276926009850489
5.70218629227965 0.00232973817599265 0.00276926009850489
5.7041516041603 0.00233024934439549 0.0027689415434692
5.70611759340409 0.00233024934439549 0.0027689415434692
5.70808426024447 0.00233024934439549 0.0027689415434692
5.71005160491499 0.00233024934439549 0.0027689415434692
5.71201962764926 0.00233024934439549 0.0027689415434692
5.71398832868099 0.00233024934439549 0.0027689415434692
5.71595770824396 0.00233024934439549 0.0027689415434692
5.71792776657202 0.00233024934439549 0.0027689415434692
5.71989850389914 0.00233024934439549 0.0027689415434692
5.72186992045932 0.00233024934439549 0.0027689415434692
5.72384201648666 0.00233024934439549 0.0027689415434692
5.72581479221537 0.00233024934439549 0.0027689415434692
5.72778824787969 0.00233024934439549 0.0027689415434692
5.72976238371399 0.00233024934439549 0.0027689415434692
5.73173719995268 0.00233024934439549 0.0027689415434692
5.73371269683026 0.00233024934439549 0.0027689415434692
5.73568887458134 0.00233024934439549 0.0027689415434692
5.73766573344058 0.00233024934439549 0.0027689415434692
5.73964327364273 0.00233024934439549 0.0027689415434692
5.74162149542262 0.00233024934439549 0.0027689415434692
5.74360039901517 0.00233024934439549 0.0027689415434692
5.74557998465536 0.00233024934439549 0.0027689415434692
5.74756025257827 0.00233024934439549 0.0027689415434692
5.74954120301906 0.00233024934439549 0.0027689415434692
5.75152283621296 0.00233024934439549 0.0027689415434692
5.75350515239528 0.00233024934439549 0.0027689415434692
5.75548815180144 0.00233024934439549 0.0027689415434692
5.7574718346669 0.00233024934439549 0.0027689415434692
5.75945620122723 0.00233024934439549 0.0027689415434692
5.76144125171807 0.00233024934439549 0.0027689415434692
5.76342698637515 0.00233024934439549 0.0027689415434692
5.76541340543426 0.00233024934439549 0.0027689415434692
5.76740050913129 0.00233024934439549 0.0027689415434692
5.76938829770221 0.00233024934439549 0.0027689415434692
5.77137677138307 0.00233024934439549 0.0027689415434692
5.77336593041 0.00233024934439549 0.0027689415434692
5.7753557750192 0.00233024934439549 0.0027689415434692
5.77734630544698 0.00233024934439549 0.0027689415434692
5.7793375219297 0.00233024934439549 0.0027689415434692
5.78132942470381 0.00233024934439549 0.0027689415434692
5.78332201400587 0.00233024934439549 0.0027689415434692
5.78531529007248 0.00233024934439549 0.0027689415434692
5.78730925314034 0.00233024934439549 0.0027689415434692
5.78930390344624 0.00233024934439549 0.0027689415434692
5.79129924122704 0.00233024934439549 0.0027689415434692
5.79329526671968 0.00233024934439549 0.0027689415434692
5.79529198016119 0.00233024934439549 0.0027689415434692
5.79728938178868 0.00233024934439549 0.0027689415434692
5.79928747183934 0.00233024934439549 0.0027689415434692
5.80128625055043 0.00233024934439549 0.0027689415434692
5.80328571815932 0.00233024934439549 0.0027689415434692
5.80528587490344 0.00233024934439549 0.0027689415434692
5.80728672102029 0.00233024934439549 0.0027689415434692
5.8092882567475 0.00233024934439549 0.0027689415434692
5.81129048232272 0.00235859791923227 0.00280967196101041
5.81329339798374 0.00235859791923227 0.00280967196101041
5.81529700396838 0.00235859791923227 0.00280967196101041
5.81730130051458 0.00235859791923227 0.00280967196101041
5.81930628786034 0.00235859791923227 0.00280967196101041
5.82131196624377 0.00235859791923227 0.00280967196101041
5.82331833590302 0.00235859791923227 0.00280967196101041
5.82532539707635 0.0023613966419474 0.00280793554204423
5.82733315000211 0.0023613966419474 0.00280793554204423
5.8293415949187 0.0023613966419474 0.00280793554204423
5.83135073206464 0.0023613966419474 0.00280793554204423
5.83336056167849 0.0023613966419474 0.00280793554204423
5.83537108399894 0.0023613966419474 0.00280793554204423
5.83738229926473 0.0023613966419474 0.00280793554204423
5.83939420771468 0.0023613966419474 0.00280793554204423
5.84140680958771 0.0023613966419474 0.00280793554204423
5.84342010512282 0.0023613966419474 0.00280793554204423
5.84543409455908 0.0023613966419474 0.00280793554204423
5.84744877813564 0.0023613966419474 0.00280793554204423
5.84946415609177 0.0023613966419474 0.00280793554204423
5.85148022866676 0.0023613966419474 0.00280793554204423
5.85349699610005 0.0023613966419474 0.00280793554204423
5.85551445863111 0.0023613966419474 0.00280793554204423
5.85753261649951 0.0023613966419474 0.00280793554204423
5.85955146994491 0.0023613966419474 0.00280793554204423
5.86157101920705 0.0023613966419474 0.00280793554204423
5.86359126452575 0.0023613966419474 0.00280793554204423
5.86561220614091 0.0023613966419474 0.00280793554204423
5.86763384429251 0.0023613966419474 0.00280793554204423
5.86965617922062 0.0023613966419474 0.00280793554204423
5.8716792111654 0.0023613966419474 0.00280793554204423
5.87370294036707 0.0023613966419474 0.00280793554204423
5.87572736706596 0.0023613966419474 0.00280793554204423
5.87775249150246 0.0023613966419474 0.00280793554204423
5.87977831391705 0.0023613966419474 0.00280793554204423
5.88180483455029 0.0023613966419474 0.00280793554204423
5.88383205364285 0.0023613966419474 0.00280793554204423
5.88585997143544 0.0023613966419474 0.00280793554204423
5.88788858816887 0.0023613966419474 0.00280793554204423
5.88991790408406 0.0023613966419474 0.00280793554204423
5.89194791942197 0.0023613966419474 0.00280793554204423
5.89397863442367 0.0023613966419474 0.00280793554204423
5.8960100493303 0.0023613966419474 0.00280793554204423
5.89804216438309 0.0023613966419474 0.00280793554204423
5.90007497982336 0.0023613966419474 0.00280793554204423
5.9021084958925 0.0023613966419474 0.00280793554204423
5.90414271283199 0.0023613966419474 0.00280793554204423
5.90617763088338 0.0023613966419474 0.00280793554204423
5.90821325028833 0.0023613966419474 0.00280793554204423
5.91024957128856 0.0023613966419474 0.00280793554204423
5.91228659412589 0.0023613966419474 0.00280793554204423
5.9143243190422 0.0023613966419474 0.00280793554204423
5.91636274627948 0.0023613966419474 0.00280793554204423
5.91840187607979 0.0023613966419474 0.00280793554204423
5.92044170868527 0.0023613966419474 0.00280793554204423
5.92248224433815 0.0023613966419474 0.00280793554204423
5.92452348328075 0.0023613966419474 0.00280793554204423
5.92656542575545 0.0023613966419474 0.00280793554204423
5.92860807200474 0.0023613966419474 0.00280793554204423
5.93065142227119 0.0023613966419474 0.00280793554204423
5.93269547679742 0.0023613966419474 0.00280793554204423
5.93474023582619 0.0023613966419474 0.00280793554204423
5.93678569960029 0.0023613966419474 0.00280793554204423
5.93883186836263 0.0023613966419474 0.00280793554204423
5.94087874235618 0.0023613966419474 0.00280793554204423
5.94292632182402 0.0023613966419474 0.00280793554204423
5.94497460700928 0.0023613966419474 0.00280793554204423
5.94702359815521 0.0023613966419474 0.00280793554204423
5.94907329550512 0.0023613966419474 0.00280793554204423
5.9511236993024 0.0023613966419474 0.00280793554204423
5.95317480979055 0.0023613966419474 0.00280793554204423
5.95522662721312 0.00236251673037004 0.00280742280907577
5.95727915181378 0.00236251673037004 0.00280742280907577
5.95933238383625 0.00236251673037004 0.00280742280907577
5.96138632352436 0.00236251673037004 0.00280742280907577
5.963440971122 0.00236251673037004 0.00280742280907577
5.96549632687318 0.00236251673037004 0.00280742280907577
5.96755239102195 0.00236251673037004 0.00280742280907577
5.96960916381248 0.00236251673037004 0.00280742280907577
5.971666645489 0.00236251673037004 0.00280742280907577
5.97372483629584 0.00236251673037004 0.00280742280907577
5.9757837364774 0.00236251673037004 0.00280742280907577
5.97784334627819 0.00236251673037004 0.00280742280907577
5.97990366594277 0.00236251673037004 0.00280742280907577
5.98196469571582 0.00236251673037004 0.00280742280907577
5.98402643584206 0.00236251673037004 0.00280742280907577
5.98608888656634 0.00236251673037004 0.00280742280907577
5.98815204813357 0.00236251673037004 0.00280742280907577
5.99021592078874 0.00236251673037004 0.00280742280907577
5.99228050477694 0.00236251673037004 0.00280742280907577
5.99434580034334 0.00236251673037004 0.00280742280907577
5.99641180773319 0.00236251673037004 0.00280742280907577
5.99847852719182 0.00236251673037004 0.00280742280907577
6.00054595896466 0.00236251673037004 0.00280742280907577
6.00261410329721 0.00236251673037004 0.00280742280907577
6.00468296043507 0.00236251673037004 0.00280742280907577
6.0067525306239 0.00236251673037004 0.00280742280907577
6.00882281410947 0.00236251673037004 0.00280742280907577
6.01089381113763 0.00236251673037004 0.00280742280907577
6.01296552195429 0.00236251673037004 0.00280742280907577
6.01503794680548 0.00236251673037004 0.00280742280907577
6.01711108593729 0.00236251673037004 0.00280742280907577
6.01918493959591 0.00236251673037004 0.00280742280907577
6.02125950802761 0.00236251673037004 0.00280742280907577
6.02333479147874 0.00236251673037004 0.00280742280907577
6.02541079019573 0.00236251673037004 0.00280742280907577
6.02748750442511 0.00236251673037004 0.00280742280907577
6.02956493441349 0.00236251673037004 0.00280742280907577
6.03164308040756 0.00236251673037004 0.00280742280907577
6.0337219426541 0.00236251673037004 0.00280742280907577
6.03580152139998 0.00236251673037004 0.00280742280907577
6.03788181689213 0.00236251673037004 0.00280742280907577
6.0399628293776 0.00236251673037004 0.00280742280907577
6.0420445591035 0.00236251673037004 0.00280742280907577
6.04412700631703 0.00236251673037004 0.00280742280907577
6.0462101712655 0.00236251673037004 0.00280742280907577
6.04829405419625 0.00236251673037004 0.00280742280907577
6.05037865535677 0.00236251673037004 0.00280742280907577
6.05246397499459 0.00236251673037004 0.00280742280907577
6.05455001335735 0.00236251673037004 0.00280742280907577
6.05663677069275 0.00236251673037004 0.00280742280907577
6.0587242472486 0.00236251673037004 0.00280742280907577
6.06081244327278 0.00236251673037004 0.00280742280907577
6.06290135901327 0.00236251673037004 0.00280742280907577
6.06499099471813 0.00236251673037004 0.00280742280907577
6.06708135063549 0.00236251673037004 0.00280742280907577
6.06917242701358 0.00236251673037004 0.00280742280907577
6.07126422410072 0.00236251673037004 0.00280742280907577
6.07335674214531 0.00236251673037004 0.00280742280907577
6.07544998139582 0.00236251673037004 0.00280742280907577
6.07754394210084 0.00237917292655555 0.00283349574034195
6.07963862450902 0.00237917292655555 0.00283349574034195
6.08173402886909 0.00237917292655555 0.00283349574034195
6.0838301554299 0.00238245306088892 0.00283148617594579
6.08592700444034 0.00238245306088892 0.00283148617594579
6.08802457614942 0.00238245306088892 0.00283148617594579
6.09012287080622 0.00238245306088892 0.00283148617594579
6.09222188865992 0.00238987819635437 0.00284195288005749
6.09432162995977 0.00238987819635437 0.00284195288005749
6.09642209495511 0.00238987819635437 0.00284195288005749
6.09852328389538 0.00238987819635437 0.00284195288005749
6.10062519703008 0.00238987819635437 0.00284195288005749
6.10272783460882 0.00238987819635437 0.00284195288005749
6.10483119688128 0.00238987819635437 0.00284195288005749
6.10693528409724 0.00238987819635437 0.00284195288005749
6.10904009650655 0.00238987819635437 0.00284195288005749
6.11114563435916 0.00238987819635437 0.00284195288005749
6.1132518979051 0.00238987819635437 0.00284195288005749
6.11535888739449 0.00239618243508464 0.00285193160655143
6.11746660307752 0.00239618243508464 0.00285193160655143
6.1195750452045 0.002407666676271 0.00284682745909597
6.12168421402579 0.002407666676271 0.00284682745909597
6.12379410979186 0.002407666676271 0.00284682745909597
6.12590473275325 0.002407666676271 0.00284682745909597
6.1280160831606 0.002407666676271 0.00284682745909597
6.13012816126464 0.002407666676271 0.00284682745909597
6.13224096731616 0.002407666676271 0.00284682745909597
6.13435450156607 0.002407666676271 0.00284682745909597
6.13646876426533 0.002407666676271 0.00284682745909597
6.13858375566503 0.002407666676271 0.00284682745909597
6.14069947601631 0.0024076670191745 0.00284682713284028
6.14281592557042 0.0024076670191745 0.00284682713284028
6.14493310457867 0.0024076670191745 0.00284682713284028
6.14705101329249 0.0024076670191745 0.00284682713284028
6.14916965196337 0.0024076670191745 0.00284682713284028
6.1512890208429 0.0024076670191745 0.00284682713284028
6.15340912018275 0.0024076670191745 0.00284682713284028
6.15552995023468 0.0024076670191745 0.00284682713284028
6.15765151125054 0.0024076670191745 0.00284682713284028
6.15977380348227 0.0024076670191745 0.00284682713284028
6.16189682718188 0.0024076670191745 0.00284682713284028
6.16402058260148 0.0024076670191745 0.00284682713284028
6.16614506999327 0.0024076670191745 0.00284682713284028
6.16827028960951 0.00240951243167928 0.00284943212631895
6.1703962417026 0.00240951243167928 0.00284943212631895
6.17252292652497 0.00240951243167928 0.00284943212631895
6.17465034432918 0.00240951243167928 0.00284943212631895
6.17677849536784 0.00240951243167928 0.00284943212631895
6.17890737989368 0.00240951243167928 0.00284943212631895
6.1810369981595 0.00240951243167928 0.00284943212631895
6.18316735041819 0.00240951243167928 0.00284943212631895
6.18529843692272 0.00240951243167928 0.00284943212631895
6.18743025792617 0.00240951243167928 0.00284943212631895
6.18956281368168 0.00240951243167928 0.00284943212631895
6.19169610444249 0.00240951243167928 0.00284943212631895
6.19383013046193 0.00240951243167928 0.00284943212631895
6.19596489199342 0.00240951243167928 0.00284943212631895
6.19810038929045 0.00240951243167928 0.00284943212631895
6.20023662260661 0.00240951243167928 0.00284943212631895
6.20237359219558 0.00240951243167928 0.00284943212631895
6.20451129831113 0.00240951243167928 0.00284943212631895
6.20664974120709 0.00240951243167928 0.00284943212631895
6.20878892113742 0.0024156709550124 0.00284619104637739
6.21092883835613 0.0024156709550124 0.00284619104637739
6.21306949311734 0.0024156709550124 0.00284619104637739
6.21521088567526 0.0024156709550124 0.00284619104637739
6.21735301628416 0.0024156709550124 0.00284619104637739
6.21949588519843 0.0024156709550124 0.00284619104637739
6.22163949267253 0.0024156709550124 0.00284619104637739
6.22378383896101 0.0024156709550124 0.00284619104637739
6.22592892431851 0.0024156709550124 0.00284619104637739
6.22807474899975 0.0024156709550124 0.00284619104637739
6.23022131325956 0.0024156709550124 0.00284619104637739
6.23236861735284 0.0024156709550124 0.00284619104637739
6.23451666153457 0.0024156709550124 0.00284619104637739
6.23666544605983 0.0024156709550124 0.00284619104637739
6.2388149711838 0.0024156709550124 0.00284619104637739
6.24096523716171 0.0024156709550124 0.00284619104637739
6.24311624424893 0.0024156709550124 0.00284619104637739
6.24526799270087 0.0024156709550124 0.00284619104637739
6.24742048277306 0.0024156709550124 0.00284619104637739
6.2495737147211 0.00241663692053536 0.00284559583872784
6.25172768880068 0.00241663692053536 0.00284559583872784
6.2538824052676 0.00241663692053536 0.00284559583872784
6.25603786437771 0.00241663692053536 0.00284559583872784
6.25819406638698 0.00241663692053536 0.00284559583872784
6.26035101155146 0.00241663692053536 0.00284559583872784
6.26250870012728 0.00247939860786774 0.00294943838478305
6.26466713237066 0.00247939860786774 0.00294943838478305
6.26682630853792 0.00247939860786774 0.00294943838478305
6.26898622888546 0.00247939860786774 0.00294943838478305
6.27114689366976 0.00247939860786774 0.00294943838478305
6.2733083031474 0.00247939860786774 0.00294943838478305
6.27547045757506 0.00247939860786774 0.00294943838478305
6.27763335720947 0.00247939860786774 0.00294943838478305
6.27979700230749 0.00247939860786774 0.00294943838478305
6.28196139312605 0.00247939860786774 0.00294943838478305
6.28412652992216 0.00247939860786774 0.00294943838478305
6.28629241295293 0.00247939860786774 0.00294943838478305
6.28845904247557 0.00247939860786774 0.00294943838478305
6.29062641874735 0.00247939860786774 0.00294943838478305
6.29279454202565 0.00247939860786774 0.00294943838478305
6.29496341256793 0.00247939860786774 0.00294943838478305
6.29713303063174 0.00247939860786774 0.00294943838478305
6.29930339647473 0.00247939860786774 0.00294943838478305
6.30147451035463 0.00247939860786774 0.00294943838478305
6.30364637252924 0.00247939860786774 0.00294943838478305
6.30581898325649 0.00247939860786774 0.00294943838478305
6.30799234279435 0.00247939860786774 0.00294943838478305
6.31016645140093 0.00247939860786774 0.00294943838478305
6.31234130933439 0.00247939860786774 0.00294943838478305
6.31451691685299 0.00247939860786774 0.00294943838478305
6.31669327421509 0.00250700904603011 0.0029873360540674
6.31887038167912 0.00250700904603011 0.0029873360540674
6.32104823950362 0.00250700904603011 0.0029873360540674
6.3232268479472 0.00250700904603011 0.0029873360540674
6.32540620726858 0.00250700904603011 0.0029873360540674
6.32758631772655 0.00250700904603011 0.0029873360540674
6.32976717958 0.00250700904603011 0.0029873360540674
6.33194879308789 0.00253841949190997 0.00303023798129628
6.3341311585093 0.00253841949190997 0.00303023798129628
6.33631427610339 0.00253841949190997 0.00303023798129628
6.33849814612938 0.00253841949190997 0.00303023798129628
6.34068276884662 0.00253841949190997 0.00303023798129628
6.34286814451454 0.00253841949190997 0.00303023798129628
6.34505427339263 0.00253841949190997 0.00303023798129628
6.3472411557405 0.00253841949190997 0.00303023798129628
6.34942879181784 0.00253841949190997 0.00303023798129628
6.35161718188444 0.00253841949190997 0.00303023798129628
6.35380632620015 0.00253841949190997 0.00303023798129628
6.35599622502495 0.00253841949190997 0.00303023798129628
6.35818687861887 0.00253841949190997 0.00303023798129628
6.36037828724206 0.00253841949190997 0.00303023798129628
6.36257045115475 0.00253841949190997 0.00303023798129628
6.36476337061725 0.00253841949190997 0.00303023798129628
6.36695704588996 0.00253841949190997 0.00303023798129628
6.3691514772334 0.00253841949190997 0.00303023798129628
6.37134666490813 0.00253841949190997 0.00303023798129628
6.37354260917485 0.00253841949190997 0.00303023798129628
6.37573931029431 0.00253841949190997 0.00303023798129628
6.37793676852738 0.00253841949190997 0.00303023798129628
6.38013498413499 0.00253841949190997 0.00303023798129628
6.38233395737819 0.00253841949190997 0.00303023798129628
6.38453368851811 0.00253841949190997 0.00303023798129628
6.38673417781595 0.00253841949190997 0.00303023798129628
6.38893542553302 0.00253841949190997 0.00303023798129628
6.39113743193073 0.00254272418152172 0.00302758478922553
6.39334019727055 0.00254272418152172 0.00302758478922553
6.39554372181406 0.00254272418152172 0.00302758478922553
6.39774800582294 0.00254272418152172 0.00302758478922553
6.39995304955893 0.00254272418152172 0.00302758478922553
6.40215885328388 0.00254272418152172 0.00302758478922553
6.40436541725974 0.00254272418152172 0.00302758478922553
6.40657274174852 0.00254272418152172 0.00302758478922553
6.40878082701236 0.00254272418152172 0.00302758478922553
6.41098967331344 0.00254272418152172 0.00302758478922553
6.41319928091408 0.00254272418152172 0.00302758478922553
6.41540965007666 0.00254272418152172 0.00302758478922553
6.41762078106367 0.00254272418152172 0.00302758478922553
6.41983267413766 0.00254272418152172 0.00302758478922553
6.42204532956131 0.00254272418152172 0.00302758478922553
6.42425874759736 0.00254272418152172 0.00302758478922553
6.42647292850866 0.00254272418152172 0.00302758478922553
6.42868787255813 0.00254272418152172 0.00302758478922553
6.43090358000881 0.00254272418152172 0.00302758478922553
6.43312005112379 0.00254272418152172 0.00302758478922553
6.43533728616629 0.00254272418152172 0.00302758478922553
6.43755528539961 0.00254272418152172 0.00302758478922553
6.43977404908712 0.00254272418152172 0.00302758478922553
6.4419935774923 0.00254272418152172 0.00302758478922553
6.44421387087873 0.00254272418152172 0.00302758478922553
6.44643492951005 0.00254272418152172 0.00302758478922553
6.44865675365002 0.00254272418152172 0.00302758478922553
6.45087934356248 0.00254272418152172 0.00302758478922553
6.45310269951136 0.00254272418152172 0.00302758478922553
6.45532682176068 0.00254272418152172 0.00302758478922553
6.45755171057454 0.00254272418152172 0.00302758478922553
6.45977736621717 0.00254272418152172 0.00302758478922553
6.46200378895284 0.00254272418152172 0.00302758478922553
6.46423097904595 0.00254272418152172 0.00302758478922553
6.46645893676097 0.00254272418152172 0.00302758478922553
6.46868766236248 0.00254272418152172 0.00302758478922553
6.47091715611512 0.00254272418152172 0.00302758478922553
6.47314741828366 0.00254272418152172 0.00302758478922553
6.47537844913293 0.00254272418152172 0.00302758478922553
6.47761024892786 0.00254272418152172 0.00302758478922553
6.47984281793348 0.00254272418152172 0.00302758478922553
6.48207615641491 0.00254272418152172 0.00302758478922553
6.48431026463735 0.00254272418152172 0.00302758478922553
6.48654514286611 0.00254272418152172 0.00302758478922553
6.48878079136656 0.00254272418152172 0.00302758478922553
6.4910172104042 0.00254272418152172 0.00302758478922553
6.49325440024459 0.00254272418152172 0.00302758478922553
6.4954923611534 0.00254272418152172 0.00302758478922553
6.49773109339639 0.00254272418152172 0.00302758478922553
6.4999705972394 0.00254272418152172 0.00302758478922553
6.50221087294837 0.00254272418152172 0.00302758478922553
6.50445192078933 0.00254272418152172 0.00302758478922553
6.50669374102842 0.00254272418152172 0.00302758478922553
6.50893633393183 0.00254272418152172 0.00302758478922553
6.51117969976587 0.00254272418152172 0.00302758478922553
6.51342383879695 0.00254272418152172 0.00302758478922553
6.51566875129156 0.00254272418152172 0.00302758478922553
6.51791443751627 0.00254272418152172 0.00302758478922553
6.52016089773775 0.00254272418152172 0.00302758478922553
6.52240813222278 0.00254272418152172 0.00302758478922553
6.52465614123821 0.00254272418152172 0.00302758478922553
6.52690492505099 0.00254272418152172 0.00302758478922553
6.52915448392816 0.00254272418152172 0.00302758478922553
6.53140481813685 0.00254272418152172 0.00302758478922553
6.5336559279443 0.00258678270139662 0.00309158368193716
6.5359078136178 0.00258678270139662 0.00309158368193716
6.53816047542479 0.00258678270139662 0.00309158368193716
6.54041391363275 0.00258678270139662 0.00309158368193716
6.54266812850929 0.00258678270139662 0.00309158368193716
6.54492312032208 0.00258678270139662 0.00309158368193716
6.54717888933891 0.00258697746816222 0.00309147893518397
6.54943543582764 0.00258697746816222 0.00309147893518397
6.55169276005625 0.00258697746816222 0.00309147893518397
6.55395086229278 0.00258697746816222 0.00309147893518397
6.55620974280538 0.00258697746816222 0.00309147893518397
6.55846940186229 0.00258697746816222 0.00309147893518397
6.56072983973186 0.00258697746816222 0.00309147893518397
6.56299105668249 0.00258697746816222 0.00309147893518397
6.5652530529827 0.00258697746816222 0.00309147893518397
6.56751582890112 0.00258697746816222 0.00309147893518397
6.56977938470644 0.00258697746816222 0.00309147893518397
6.57204372066746 0.00258697746816222 0.00309147893518397
6.57430883705305 0.00258697746816222 0.00309147893518397
6.57657473413222 0.00258697746816222 0.00309147893518397
6.57884141217402 0.00258697746816222 0.00309147893518397
6.58110887144762 0.00258697746816222 0.00309147893518397
6.58337711222229 0.00258697746816222 0.00309147893518397
6.58564613476737 0.00258697746816222 0.00309147893518397
6.58791593935232 0.00258697746816222 0.00309147893518397
6.59018652624666 0.00258697746816222 0.00309147893518397
6.59245789572002 0.00258697746816222 0.00309147893518397
6.59473004804214 0.00258697746816222 0.00309147893518397
6.59700298348282 0.00258697746816222 0.00309147893518397
6.59927670231198 0.00258697746816222 0.00309147893518397
6.60155120479961 0.00258697746816222 0.00309147893518397
6.60382649121582 0.00258697746816222 0.00309147893518397
6.60610256183079 0.00261138913332187 0.00307919994917954
6.6083794169148 0.00261138913332187 0.00307919994917954
6.61065705673823 0.00261138913332187 0.00307919994917954
6.61293548157154 0.00261138913332187 0.00307919994917954
6.6152146916853 0.00261138913332187 0.00307919994917954
6.61749468735016 0.00261138913332187 0.00307919994917954
6.61977546883687 0.00261138913332187 0.00307919994917954
6.62205703641626 0.00261138913332187 0.00307919994917954
6.62433939035928 0.00261138913332187 0.00307919994917954
6.62662253093695 0.00261138913332187 0.00307919994917954
6.62890645842039 0.00261138913332187 0.00307919994917954
6.63119117308081 0.00261138913332187 0.00307919994917954
6.63347667518953 0.00261138913332187 0.00307919994917954
6.63576296501795 0.00261138913332187 0.00307919994917954
6.63805004283755 0.00261138913332187 0.00307919994917954
6.64033790891994 0.0026171116414414 0.00308682300324977
6.64262656353678 0.0026171116414414 0.00308682300324977
6.64491600695986 0.0026171116414414 0.00308682300324977
6.64720623946105 0.0026171116414414 0.00308682300324977
6.6494972613123 0.0026171116414414 0.00308682300324977
6.65178907278568 0.00262843721876218 0.00310501377026026
6.65408167415334 0.002641253038408 0.00309721855569222
6.65637506568752 0.002641253038408 0.00309721855569222
6.65866924766056 0.002641253038408 0.00309721855569222
6.66096422034489 0.002641253038408 0.00309721855569222
6.66325998401304 0.002641253038408 0.00309721855569222
6.66555653893762 0.002641253038408 0.00309721855569222
6.66785388539136 0.002641253038408 0.00309721855569222
6.67015202364706 0.002641253038408 0.00309721855569222
6.67245095397761 0.002641253038408 0.00309721855569222
6.67475067665603 0.002641253038408 0.00309721855569222
6.67705119195539 0.002641253038408 0.00309721855569222
6.67935250014889 0.00265465341187025 0.00309108081986852
6.68165460150979 0.00265465341187025 0.00309108081986852
6.68395749631148 0.00265465341187025 0.00309108081986852
6.68626118482742 0.00265465341187025 0.00309108081986852
6.68856566733116 0.00265465341187025 0.00309108081986852
6.69087094409638 0.00265465341187025 0.00309108081986852
6.69317701539681 0.00265465341187025 0.00309108081986852
6.69548388150629 0.00265465341187025 0.00309108081986852
6.69779154269878 0.00265465341187025 0.00309108081986852
6.7000999992483 0.00265465341187025 0.00309108081986852
6.70240925142897 0.00265465341187025 0.00309108081986852
6.70471929951503 0.00265465341187025 0.00309108081986852
6.70703014378078 0.00265465341187025 0.00309108081986852
6.70934178450064 0.00265465341187025 0.00309108081986852
6.71165422194911 0.00265465341187025 0.00309108081986852
6.71396745640079 0.00265465341187025 0.00309108081986852
6.71628148813038 0.00265465341187025 0.00309108081986852
6.71859631741266 0.00265465341187025 0.00309108081986852
6.72091194452253 0.00265465341187025 0.00309108081986852
6.72322836973495 0.00265465341187025 0.00309108081986852
6.72554559332501 0.00265465341187025 0.00309108081986852
6.72786361556786 0.00265465341187025 0.00309108081986852
6.73018243673878 0.00265465341187025 0.00309108081986852
6.73250205711312 0.00265465341187025 0.00309108081986852
6.73482247696634 0.00265465341187025 0.00309108081986852
6.73714369657398 0.00265465341187025 0.00309108081986852
6.73946571621168 0.00265465341187025 0.00309108081986852
6.74178853615519 0.00265465341187025 0.00309108081986852
6.74411215668033 0.00265465341187025 0.00309108081986852
6.74643657806304 0.00265465341187025 0.00309108081986852
6.74876180057934 0.00265465341187025 0.00309108081986852
6.75108782450534 0.00265465341187025 0.00309108081986852
6.75341465011726 0.00265465341187025 0.00309108081986852
6.7557422776914 0.00265465341187025 0.00309108081986852
6.75807070750418 0.00265465341187025 0.00309108081986852
6.76039993983209 0.00265465341187025 0.00309108081986852
6.76272997495172 0.00265465341187025 0.00309108081986852
6.76506081313976 0.00265465341187025 0.00309108081986852
6.76739245467301 0.00265465341187025 0.00309108081986852
6.76972489982833 0.00265465341187025 0.00309108081986852
6.77205814888271 0.00265465341187025 0.00309108081986852
6.77439220211322 0.00265465341187025 0.00309108081986852
6.77672705979702 0.00265465341187025 0.00309108081986852
6.77906272221138 0.00265465341187025 0.00309108081986852
6.78139918963365 0.00265465341187025 0.00309108081986852
6.78373646234129 0.00265465341187025 0.00309108081986852
6.78607454061184 0.00265465341187025 0.00309108081986852
6.78841342472296 0.00265465341187025 0.00309108081986852
6.79075311495238 0.00265465341187025 0.00309108081986852
6.79309361157793 0.00265465341187025 0.00309108081986852
6.79543491487756 0.00265465341187025 0.00309108081986852
6.79777702512929 0.00265465341187025 0.00309108081986852
6.80011994261123 0.00265465341187025 0.00309108081986852
6.80246366760162 0.00265465341187025 0.00309108081986852
6.80480820037876 0.00265465341187025 0.00309108081986852
6.80715354122107 0.00265465341187025 0.00309108081986852
6.80949969040706 0.00265465341187025 0.00309108081986852
6.81184664821532 0.00265465341187025 0.00309108081986852
6.81419441492456 0.00265465341187025 0.00309108081986852
6.81654299081357 0.00265465341187025 0.00309108081986852
6.81889237616125 0.00265465341187025 0.00309108081986852
6.82124257124658 0.00265465367498936 0.0030910805656539
6.82359357634864 0.00266108405881857 0.00310151226201307
6.82594539174662 0.00267493096162362 0.0031199653429039
6.82829801771979 0.00267947928480024 0.00312612334119576
6.83065145454752 0.00267947928480024 0.00312612334119576
6.83300570250929 0.00267947928480024 0.00312612334119576
6.83536076188465 0.00267947928480024 0.00312612334119576
6.83771663295327 0.00267947928480024 0.00312612334119576
6.8400733159949 0.00267947928480024 0.00312612334119576
6.84243081128941 0.00267947928480024 0.00312612334119576
6.84478911911673 0.00267947928480024 0.00312612334119576
6.84714823975693 0.00267947928480024 0.00312612334119576
6.84950817349013 0.00267947928480024 0.00312612334119576
6.85186892059658 0.00267947928480024 0.00312612334119576
6.85423048135663 0.00267947928480024 0.00312612334119576
6.85659285605069 0.00267947928480024 0.00312612334119576
6.85895604495931 0.00267947928480024 0.00312612334119576
6.8613200483631 0.00267947928480024 0.00312612334119576
6.86368486654279 0.00267947928480024 0.00312612334119576
6.86605049977921 0.00267947928480024 0.00312612334119576
6.86841694835326 0.00267947928480024 0.00312612334119576
6.87078421254597 0.00267947928480024 0.00312612334119576
6.87315229263844 0.00267947928480024 0.00312612334119576
6.87552118891188 0.00267947928480024 0.00312612334119576
6.87789090164759 0.00267947928480024 0.00312612334119576
6.88026143112698 0.00267947928480024 0.00312612334119576
6.88263277763155 0.00267947928480024 0.00312612334119576
6.88500494144288 0.00267947928480024 0.00312612334119576
6.88737792284268 0.00267947928480024 0.00312612334119576
6.88975172211272 0.00267947928480024 0.00312612334119576
6.89212633953491 0.00267947928480024 0.00312612334119576
6.89450177539122 0.00267947928480024 0.00312612334119576
6.89687802996373 0.00267947928480024 0.00312612334119576
6.89925510353462 0.00267947928480024 0.00312612334119576
6.90163299638617 0.00267947928480024 0.00312612334119576
6.90401170880074 0.00267947928480024 0.00312612334119576
6.90639124106082 0.00267947928480024 0.00312612334119576
6.90877159344897 0.00267947928480024 0.00312612334119576
6.91115276624784 0.00267947928480024 0.00312612334119576
6.91353475974021 0.00274245483073451 0.00322179201190957
6.91591757420893 0.00274245483073451 0.00322179201190957
6.91830120993697 0.00274245483073451 0.00322179201190957
6.92068566720737 0.00274245483073451 0.00322179201190957
6.92307094630329 0.00274245483073451 0.00322179201190957
6.92545704750797 0.00274245483073451 0.00322179201190957
6.92784397110477 0.00274245483073451 0.00322179201190957
6.93023171737714 0.00274245483073451 0.00322179201190957
6.9326202866086 0.00274245483073451 0.00322179201190957
6.93500967908281 0.00274245483073451 0.00322179201190957
6.9373998950835 0.00274245483073451 0.00322179201190957
6.93979093489451 0.00274245483073451 0.00322179201190957
6.94218279879977 0.00274245483073451 0.00322179201190957
6.94457548708331 0.00274245483073451 0.00322179201190957
6.94696900002927 0.00274245483073451 0.00322179201190957
6.94936333792187 0.00274245483073451 0.00322179201190957
6.95175850104543 0.00274245483073451 0.00322179201190957
6.95415448968439 0.00274245483073451 0.00322179201190957
6.95655130412326 0.00274245483073451 0.00322179201190957
6.95894894464666 0.00274245483073451 0.00322179201190957
6.9613474115393 0.00274245483073451 0.00322179201190957
6.96374670508602 0.00274245483073451 0.00322179201190957
6.96614682557171 0.00274245483073451 0.00322179201190957
6.9685477732814 0.00274245483073451 0.00322179201190957
6.97094954850018 0.00274245483073451 0.00322179201190957
6.97335215151328 0.00274245483073451 0.00322179201190957
6.975755582606 0.00274245483073451 0.00322179201190957
6.97815984206374 0.00274245483073451 0.00322179201190957
6.980564930172 0.00274245483073451 0.00322179201190957
6.9829708472164 0.00274245483073451 0.00322179201190957
6.98537759348262 0.00274245483073451 0.00322179201190957
6.98778516925648 0.00274245483073451 0.00322179201190957
6.99019357482386 0.00274245483073451 0.00322179201190957
6.99260281047076 0.00274245483073451 0.00322179201190957
6.99501287648328 0.00274245483073451 0.00322179201190957
6.99742377314761 0.00274245483073451 0.00322179201190957
6.99983550075005 0.00274245483073451 0.00322179201190957
7.00224805957697 0.00274245483073451 0.00322179201190957
7.00466144991488 0.00274245483073451 0.00322179201190957
7.00707567205036 0.00274245483073451 0.00322179201190957
7.0094907262701 0.00274245483073451 0.00322179201190957
7.01190661286088 0.00274245483073451 0.00322179201190957
7.01432333210958 0.00276352146127752 0.00325467883587108
7.0167408843032 0.00276352146127752 0.00325467883587108
7.01915926972881 0.00276352146127752 0.00325467883587108
7.02157848867359 0.00276352146127752 0.00325467883587108
7.02399854142483 0.00276352146127752 0.00325467883587108
7.0264194282699 0.00276352146127752 0.00325467883587108
7.02884114949628 0.00276352146127752 0.00325467883587108
7.03126370539156 0.00276352146127752 0.00325467883587108
7.0336870962434 0.00276352146127752 0.00325467883587108
7.03611132233958 0.00276352146127752 0.00325467883587108
7.03853638396797 0.00276352146127752 0.00325467883587108
7.04096228141655 0.00276352146127752 0.00325467883587108
7.0433890149734 0.00276352146127752 0.00325467883587108
7.04581658492669 0.00276352146127752 0.00325467883587108
7.04824499156468 0.00276352146127752 0.00325467883587108
7.05067423517575 0.00276352146127752 0.00325467883587108
7.05310431604837 0.00276352146127752 0.00325467883587108
7.05553523447111 0.00276352146127752 0.00325467883587108
7.05796699073263 0.00276352146127752 0.00325467883587108
7.06039958512172 0.00276352146127752 0.00325467883587108
7.06283301792723 0.00276352146127752 0.00325467883587108
7.06526728943814 0.00276932866120145 0.00326212916322083
7.06770239994351 0.00276932866120145 0.00326212916322083
7.0701383497325 0.00276932866120145 0.00326212916322083
7.0725751390944 0.00276932866120145 0.00326212916322083
7.07501276831856 0.00276932866120145 0.00326212916322083
7.07745123769444 0.00276932866120145 0.00326212916322083
7.07989054751163 0.00276932866120145 0.00326212916322083
7.08233069805977 0.00276932866120145 0.00326212916322083
7.08477168962864 0.00276932866120145 0.00326212916322083
7.0872135225081 0.00276932866120145 0.00326212916322083
7.08965619698813 0.00277621295660309 0.00325905727082125
7.09209971335877 0.00277621295660309 0.00325905727082125
7.09454407191021 0.00277621295660309 0.00325905727082125
7.0969892729327 0.00277621295660309 0.00325905727082125
7.09943531671661 0.00277621295660309 0.00325905727082125
7.10188220355241 0.00277621295660309 0.00325905727082125
7.10432993373066 0.00277621295660309 0.00325905727082125
7.10677850754203 0.00277621295660309 0.00325905727082125
7.10922792527728 0.00277836003811646 0.00326244528810523
7.11167818722728 0.00277836003811646 0.00326244528810523
7.114129293683 0.00277836003811646 0.00326244528810523
7.1165812449355 0.00277836003811646 0.00326244528810523
7.11903404127595 0.00277836003811646 0.00326244528810523
7.12148768299562 0.00277836003811646 0.00326244528810523
7.12394217038588 0.00277836003811646 0.00326244528810523
7.12639750373819 0.00277836003811646 0.00326244528810523
7.12885368334412 0.00277836003811646 0.00326244528810523
7.13131070949535 0.00277836003811646 0.00326244528810523
7.13376858248364 0.00277836003811646 0.00326244528810523
7.13622730260086 0.00277836003811646 0.00326244528810523
7.13868687013898 0.00277836003811646 0.00326244528810523
7.14114728539008 0.00277836003811646 0.00326244528810523
7.14360854864632 0.00277836003811646 0.00326244528810523
7.14607066019998 0.00277836003811646 0.00326244528810523
7.14853362034344 0.00277836003811646 0.00326244528810523
7.15099742936917 0.00277836003811646 0.00326244528810523
7.15346208756973 0.00277836003811646 0.00326244528810523
7.15592759523782 0.00277836003811646 0.00326244528810523
7.1583939526662 0.00277836003811646 0.00326244528810523
7.16086116014776 0.00277836003811646 0.00326244528810523
7.16332921797547 0.00277836003811646 0.00326244528810523
7.16579812644241 0.00277836003811646 0.00326244528810523
7.16826788584177 0.00277836003811646 0.00326244528810523
7.17073849646682 0.00277836003811646 0.00326244528810523
7.17320995861095 0.00277836003811646 0.00326244528810523
7.17568227256764 0.00277836003811646 0.00326244528810523
7.17815543863048 0.00277836003811646 0.00326244528810523
7.18062945709315 0.00277836003811646 0.00326244528810523
7.18310432824944 0.00277836003811646 0.00326244528810523
7.18558005239324 0.00277836003811646 0.00326244528810523
7.18805662981855 0.00277836003811646 0.00326244528810523
7.19053406081944 0.00277836003811646 0.00326244528810523
7.19301234569012 0.00277836003811646 0.00326244528810523
7.19549148472487 0.00280168158958355 0.00329304937433828
7.1979714782181 0.00280168158958355 0.00329304937433828
7.20045232646431 0.00280168158958355 0.00329304937433828
7.20293402975808 0.00280168158958355 0.00329304937433828
7.20541658839412 0.00280168158958355 0.00329304937433828
7.20790000266723 0.00280275953939588 0.0032944929833096
7.21038427287232 0.00280275953939588 0.0032944929833096
7.21286939930439 0.00280683497813293 0.00329997381368014
7.21535538225855 0.00284755157716221 0.00335668550773893
7.21784222203 0.00285172086144926 0.00335414833208619
7.22032991891405 0.00285172086144926 0.00335414833208619
7.22281847320613 0.00285172086144926 0.00335414833208619
7.22530788520173 0.00285172086144926 0.00335414833208619
7.22779815519648 0.00285172086144926 0.00335414833208619
7.2302892834861 0.00285172086144926 0.00335414833208619
7.23278127036639 0.00285172086144926 0.00335414833208619
7.23527411613329 0.00285172086144926 0.00335414833208619
7.23776782108282 0.00285172086144926 0.00335414833208619
7.2402623855111 0.00285172086144926 0.00335414833208619
7.24275780971437 0.00285172086144926 0.00335414833208619
7.24525409398894 0.00285172086144926 0.00335414833208619
7.24775123863125 0.00285172086144926 0.00335414833208619
7.25024924393784 0.00285172086144926 0.00335414833208619
7.25274811020534 0.00285172086144926 0.00335414833208619
7.25524783773049 0.00285172086144926 0.00335414833208619
7.25774842681013 0.00285172086144926 0.00335414833208619
7.26024987774121 0.00285172086144926 0.00335414833208619
7.26275219082076 0.00289125218715733 0.00341546764058254
7.26525536634593 0.00289125218715733 0.00341546764058254
7.26775940461399 0.00289125218715733 0.00341546764058254
7.27026430592227 0.00289125218715733 0.00341546764058254
7.27277007056823 0.00289125218715733 0.00341546764058254
7.27527669884944 0.00289125218715733 0.00341546764058254
7.27778419106354 0.00289125218715733 0.00341546764058254
7.28029254750831 0.00289125218715733 0.00341546764058254
7.2828017684816 0.00289125218715733 0.00341546764058254
7.28531185428139 0.00289125218715733 0.00341546764058254
7.28782280520575 0.00289125218715733 0.00341546764058254
7.29033462155285 0.00289125218715733 0.00341546764058254
7.29284730362096 0.00289125218715733 0.00341546764058254
7.29536085170847 0.00289125218715733 0.00341546764058254
7.29787526611385 0.00289125218715733 0.00341546764058254
7.3003905471357 0.00289125218715733 0.00341546764058254
7.30290669507269 0.00289125218715733 0.00341546764058254
7.30542371022362 0.00289125218715733 0.00341546764058254
7.30794159288738 0.00289125218715733 0.00341546764058254
7.31046034336298 0.00289125218715733 0.00341546764058254
7.3129799619495 0.00289125218715733 0.00341546764058254
7.31550044894615 0.00289125218715733 0.00341546764058254
7.31802180465224 0.00289125218715733 0.00341546764058254
7.32054402936717 0.00289125218715733 0.00341546764058254
7.32306712339046 0.00289125218715733 0.00341546764058254
7.32559108702172 0.00289125218715733 0.00341546764058254
7.32811592056067 0.00289125218715733 0.00341546764058254
7.33064162430714 0.00289125218715733 0.00341546764058254
7.33316819856104 0.00289125218715733 0.00341546764058254
7.33569564362241 0.00289125218715733 0.00341546764058254
7.33822395979138 0.00289125218715733 0.00341546764058254
7.34075314736818 0.00289125218715733 0.00341546764058254
7.34328320665316 0.00289125218715733 0.00341546764058254
7.34581413794675 0.00289125218715733 0.00341546764058254
7.3483459415495 0.00289125218715733 0.00341546764058254
7.35087861776206 0.00289125218715733 0.00341546764058254
7.35341216688518 0.00289125218715733 0.00341546764058254
7.35594658921973 0.00289125218715733 0.00341546764058254
7.35848188506666 0.00289125218715733 0.00341546764058254
7.36101805472703 0.00289803596900293 0.00342629269867897
7.36355509850201 0.00289803596900293 0.00342629269867897
7.36609301669288 0.00289803596900293 0.00342629269867897
7.36863180960101 0.00289803596900293 0.00342629269867897
7.37117147752788 0.00289803596900293 0.00342629269867897
7.37371202077508 0.00289803596900293 0.00342629269867897
7.37625343964428 0.00289803596900293 0.00342629269867897
7.37879573443729 0.00289803596900293 0.00342629269867897
7.38133890545599 0.00289803596900293 0.00342629269867897
7.38388295300239 0.00289803596900293 0.00342629269867897
7.38642787737859 0.00289803596900293 0.00342629269867897
7.3889736788868 0.00289803596900293 0.00342629269867897
7.39152035782933 0.00289803596900293 0.00342629269867897
7.39406791450859 0.00289803596900293 0.00342629269867897
7.39661634922712 0.00289803596900293 0.00342629269867897
7.39916566228752 0.00289803596900293 0.00342629269867897
7.40171585399253 0.00289803596900293 0.00342629269867897
7.40426692464498 0.00289803596900293 0.00342629269867897
7.40681887454781 0.00289803596900293 0.00342629269867897
7.40937170400406 0.00289803596900293 0.00342629269867897
7.41192541331688 0.00289803596900293 0.00342629269867897
7.41448000278952 0.00289803596900293 0.00342629269867897
7.41703547272533 0.00289803596900293 0.00342629269867897
7.41959182342777 0.00289803596900293 0.00342629269867897
7.42214905520042 0.00289803596900293 0.00342629269867897
7.42470716834693 0.00289803596900293 0.00342629269867897
7.42726616317109 0.00289803596900293 0.00342629269867897
7.42982603997676 0.00289803596900293 0.00342629269867897
7.43238679906793 0.00289803596900293 0.00342629269867897
7.4349484407487 0.00289803596900293 0.00342629269867897
7.43751096532324 0.00289803596900293 0.00342629269867897
7.44007437309587 0.00289803596900293 0.00342629269867897
7.44263866437099 0.00289803596900293 0.00342629269867897
7.44520383945309 0.00289803596900293 0.00342629269867897
7.4477698986468 0.00289803596900293 0.00342629269867897
7.45033684225683 0.00289803596900293 0.00342629269867897
7.452904670588 0.00289803596900293 0.00342629269867897
7.45547338394524 0.00289803596900293 0.00342629269867897
7.45804298263358 0.00289803596900293 0.00342629269867897
7.46061346695817 0.00289803596900293 0.00342629269867897
7.46318483722423 0.00289803596900293 0.00342629269867897
7.46575709373713 0.00289803596900293 0.00342629269867897
7.46833023680232 0.00289803596900293 0.00342629269867897
7.47090426672534 0.00289803596900293 0.00342629269867897
7.47347918381188 0.00289803596900293 0.00342629269867897
7.47605498836769 0.00289803596900293 0.00342629269867897
7.47863168069865 0.00292752548403291 0.00346816691868947
7.48120926111074 0.00292752548403291 0.00346816691868947
7.48378772991005 0.00292752548403291 0.00346816691868947
7.48636708740277 0.00293935108520281 0.00348690186743826
7.48894733389519 0.00293935108520281 0.00348690186743826
7.49152846969371 0.00293935108520281 0.00348690186743826
7.49411049510485 0.00293935108520281 0.00348690186743826
7.49669341043522 0.00293935108520281 0.00348690186743826
7.49927721599153 0.00293935108520281 0.00348690186743826
7.50186191208061 0.00293935108520281 0.00348690186743826
7.5044474990094 0.00293935108520281 0.00348690186743826
7.50703397708491 0.00293935108520281 0.00348690186743826
7.50962134661432 0.00293935108520281 0.00348690186743826
7.51220960790484 0.00293935108520281 0.00348690186743826
7.51479876126385 0.00293935108520281 0.00348690186743826
7.5173888069988 0.00293935108520281 0.00348690186743826
7.51997974541726 0.00293935108520281 0.00348690186743826
7.52257157682689 0.00293935108520281 0.00348690186743826
7.52516430153548 0.00293935108520281 0.00348690186743826
7.52775791985091 0.00293935108520281 0.00348690186743826
7.53035243208117 0.00293935108520281 0.00348690186743826
7.53294783853435 0.00293935108520281 0.00348690186743826
7.53554413951867 0.00293935108520281 0.00348690186743826
7.53814133534242 0.00293935108520281 0.00348690186743826
7.54073942631402 0.00294317988303538 0.00348493163641182
7.54333841274199 0.00294317988303538 0.00348493163641182
7.54593829493497 0.00294317988303538 0.00348493163641182
7.54853907320168 0.00294317988303538 0.00348493163641182
7.55114074785096 0.00294317988303538 0.00348493163641182
7.55374331919176 0.00295213022296878 0.0034992808062968
7.55634678753314 0.00295213022296878 0.0034992808062968
7.55895115318425 0.00295213022296878 0.0034992808062968
7.56155641645436 0.00295213022296878 0.0034992808062968
7.56416257765285 0.00295213022296878 0.0034992808062968
7.56676963708918 0.00295374519084892 0.00349853556898949
7.56937759507295 0.00295374519084892 0.00349853556898949
7.57198645191386 0.00295374519084892 0.00349853556898949
7.57459620792169 0.00295374519084892 0.00349853556898949
7.57720686340636 0.00295374519084892 0.00349853556898949
7.57981841867788 0.00295374519084892 0.00349853556898949
7.58243087404637 0.00295374519084892 0.00349853556898949
7.58504422982206 0.00295374519084892 0.00349853556898949
7.58765848631527 0.00295374519084892 0.00349853556898949
7.59027364383646 0.00295374519084892 0.00349853556898949
7.59288970269617 0.00295374519084892 0.00349853556898949
7.59550666320505 0.00295374519084892 0.00349853556898949
7.59812452567386 0.00295374519084892 0.00349853556898949
7.60074329041348 0.00295374519084892 0.00349853556898949
7.60336295773488 0.00295374519084892 0.00349853556898949
7.60598352794914 0.00295374519084892 0.00349853556898949
7.60860500136746 0.00295374519084892 0.00349853556898949
7.61122737830113 0.00295374519084892 0.00349853556898949
7.61385065906156 0.00295374519084892 0.00349853556898949
7.61647484396025 0.00295374519084892 0.00349853556898949
7.61909993330884 0.00295374519084892 0.00349853556898949
7.62172592741903 0.00296283957777852 0.00349308020886602
7.62435282660269 0.00296283957777852 0.00349308020886602
7.62698063117173 0.00296283957777852 0.00349308020886602
7.62960934143821 0.00296283957777852 0.00349308020886602
7.6322389577143 0.00296283957777852 0.00349308020886602
7.63486948031225 0.00296283957777852 0.00349308020886602
7.63750090954443 0.00296283957777852 0.00349308020886602
7.64013324572333 0.00296283957777852 0.00349308020886602
7.64276648916154 0.00296283957777852 0.00349308020886602
7.64540064017174 0.00296283957777852 0.00349308020886602
7.64803569906675 0.00296283957777852 0.00349308020886602
7.65067166615947 0.00296283957777852 0.00349308020886602
7.65330854176292 0.00296283957777852 0.00349308020886602
7.65594632619023 0.00296739476947112 0.00350043684429863
7.65858501975464 0.00296739476947112 0.00350043684429863
7.66122462276948 0.00296739476947112 0.00350043684429863
7.66386513554821 0.00296739476947112 0.00350043684429863
7.66650655840438 0.00296739476947112 0.00350043684429863
7.66914889165167 0.00296739476947112 0.00350043684429863
7.67179213560384 0.00296739476947112 0.00350043684429863
7.67443629057478 0.00296739476947112 0.00350043684429863
7.67708135687849 0.00296739476947112 0.00350043684429863
7.67972733482906 0.00296739476947112 0.00350043684429863
7.68237422474069 0.00296739476947112 0.00350043684429863
7.68502202692771 0.00296739476947112 0.00350043684429863
7.68767074170453 0.00296739476947112 0.00350043684429863
7.6903203693857 0.00296739476947112 0.00350043684429863
7.69297091028585 0.00296739476947112 0.00350043684429863
7.69562236471973 0.00296739476947112 0.00350043684429863
7.6982747330022 0.00296739476947112 0.00350043684429863
7.70092801544822 0.00296739476947112 0.00350043684429863
7.70358221237288 0.00296739476947112 0.00350043684429863
7.70623732409135 0.00296739476947112 0.00350043684429863
7.70889335091893 0.00297429403272209 0.00349643318783453
7.71155029317102 0.00297429403272209 0.00349643318783453
7.71420815116312 0.00297429403272209 0.00349643318783453
7.71686692521086 0.00297429403272209 0.00349643318783453
7.71952661562996 0.00297429403272209 0.00349643318783453
7.72218722273626 0.00297429403272209 0.00349643318783453
7.7248487468457 0.00297429403272209 0.00349643318783453
7.72751118827434 0.00297429403272209 0.00349643318783453
7.73017454733835 0.00297429403272209 0.00349643318783453
7.73283882435398 0.00297429403272209 0.00349643318783453
7.73550401963762 0.00297429403272209 0.00349643318783453
7.73817013350577 0.00297429403272209 0.00349643318783453
7.74083716627502 0.00297429403272209 0.00349643318783453
7.74350511826208 0.00297429403272209 0.00349643318783453
7.74617398978376 0.00297429403272209 0.00349643318783453
7.748843781157 0.00297429403272209 0.00349643318783453
7.75151449269882 0.00297570570134416 0.00349839105064404
7.75418612472637 0.00297570570134416 0.00349839105064404
7.75685867755691 0.00297570570134416 0.00349839105064404
7.7595321515078 0.00297570570134416 0.00349839105064404
7.76220654689651 0.00297570570134416 0.00349839105064404
7.76488186404062 0.00297570570134416 0.00349839105064404
7.76755810325783 0.00297570570134416 0.00349839105064404
7.77023526486594 0.00297570570134416 0.00349839105064404
7.77291334918286 0.00297570570134416 0.00349839105064404
7.7755923565266 0.00298457817478321 0.00351078836755025
7.7782722872153 0.00298457817478321 0.00351078836755025
7.7809531415672 0.00298457817478321 0.00351078836755025
7.78363491990064 0.00299423469145316 0.00352640930206374
7.78631762253409 0.00299423469145316 0.00352640930206374
7.78900124978612 0.00299423469145316 0.00352640930206374
7.79168580197539 0.00299423469145316 0.00352640930206374
7.79437127942071 0.00299423469145316 0.00352640930206374
7.79705768244097 0.00299798810914757 0.0035246675706235
7.79974501135517 0.00299798810914757 0.0035246675706235
7.80243326648244 0.00299798810914757 0.0035246675706235
7.805122448142 0.00299798810914757 0.0035246675706235
7.80781255665319 0.00299798810914757 0.0035246675706235
7.81050359233546 0.00299798810914757 0.0035246675706235
7.81319555550836 0.00299798810914757 0.0035246675706235
7.81588844649158 0.00299798810914757 0.0035246675706235
7.81858226560487 0.00299798810914757 0.0035246675706235
7.82127701316814 0.00299798810914757 0.0035246675706235
7.82397268950139 0.00299798810914757 0.0035246675706235
7.82666929492471 0.00299798810914757 0.0035246675706235
7.82936682975833 0.00299798810914757 0.0035246675706235
7.83206529432259 0.00299798810914757 0.0035246675706235
7.83476468893791 0.00299798810914757 0.0035246675706235
7.83746501392485 0.00299798810914757 0.0035246675706235
7.84016626960408 0.00299798810914757 0.0035246675706235
7.84286845629637 0.00299798810914757 0.0035246675706235
7.84557157432259 0.00299798810914757 0.0035246675706235
7.84827562400374 0.00299798810914757 0.0035246675706235
7.85098060566093 0.00299798810914757 0.0035246675706235
7.85368651961536 0.00299798810914757 0.0035246675706235
7.85639336618836 0.00299798810914757 0.0035246675706235
7.85910114570138 0.00299798810914757 0.0035246675706235
7.86180985847595 0.00299798810914757 0.0035246675706235
7.86451950483373 0.00299798810914757 0.0035246675706235
7.86723008509649 0.00299798810914757 0.0035246675706235
7.86994159958612 0.00299798810914757 0.0035246675706235
7.87265404862459 0.00299798810914757 0.0035246675706235
7.87536743253401 0.00299798810914757 0.0035246675706235
7.8780817516366 0.00299798810914757 0.0035246675706235
7.88079700625467 0.00299798810914757 0.0035246675706235
7.88351319671066 0.00299798810914757 0.0035246675706235
7.88623032332712 0.00299798810914757 0.0035246675706235
7.8889483864267 0.00299798810914757 0.0035246675706235
7.89166738633217 0.00299798810914757 0.0035246675706235
7.89438732336641 0.00299798810914757 0.0035246675706235
7.8971081978524 0.00299798810914757 0.0035246675706235
7.89983001011326 0.00299957701032407 0.00352394083903459
7.90255276047219 0.00299957701032407 0.00352394083903459
7.90527644925252 0.00299957701032407 0.00352394083903459
7.90800107677768 0.00299957701032407 0.00352394083903459
7.91072664337122 0.00299957701032407 0.00352394083903459
7.9134531493568 0.00299957701032407 0.00352394083903459
7.91618059505818 0.00299957701032407 0.00352394083903459
7.91890898079926 0.00299957701032407 0.00352394083903459
7.92163830690403 0.00299957701032407 0.00352394083903459
7.92436857369659 0.00299957701032407 0.00352394083903459
7.92709978150114 0.00299957701032407 0.00352394083903459
7.92983193064204 0.00299957701032407 0.00352394083903459
7.93256502144371 0.00299957701032407 0.00352394083903459
7.93529905423071 0.00299957701032407 0.00352394083903459
7.9380340293277 0.00299957701032407 0.00352394083903459
7.94076994705946 0.00299957701032407 0.00352394083903459
7.94350680775087 0.00299957701032407 0.00352394083903459
7.94624461172694 0.00299957701032407 0.00352394083903459
7.94898335931278 0.00299957701032407 0.00352394083903459
7.95172305083361 0.00299957701032407 0.00352394083903459
7.95446368661477 0.00300132076703529 0.00352677863252319
7.9572052669817 0.00300132076703529 0.00352677863252319
7.95994779225997 0.00300132076703529 0.00352677863252319
7.96269126277524 0.00300132076703529 0.00352677863252319
7.96543567885331 0.00300132076703529 0.00352677863252319
7.96818104082007 0.00300132076703529 0.00352677863252319
7.97092734900153 0.00301832100560712 0.00355077205981241
7.97367460372381 0.00301832100560712 0.00355077205981241
7.97642280531315 0.00301832100560712 0.00355077205981241
7.97917195409588 0.00301832100560712 0.00355077205981241
7.98192205039848 0.00301832100560712 0.00355077205981241
7.98467309454752 0.00301832100560712 0.00355077205981241
7.98742508686967 0.00301832100560712 0.00355077205981241
7.99017802769173 0.00301832100560712 0.00355077205981241
7.99293191734061 0.00301832100560712 0.00355077205981241
7.99568675614335 0.00307704894595867 0.00363559544613137
7.99844254442706 0.00316447530811239 0.00376311891329758
8.00119928251899 0.00316447530811239 0.00376311891329758
8.00395697074652 0.00316447530811239 0.00376311891329758
8.00671560943711 0.00316447530811239 0.00376311891329758
8.00947519891834 0.00316447530811239 0.00376311891329758
8.01223573951792 0.00317032078391264 0.00376001213368146
8.01499723156366 0.00317032078391264 0.00376001213368146
8.01775967538348 0.00317208565509601 0.00375897386902639
8.02052307130542 0.00317208565509601 0.00375897386902639
8.02328741965763 0.00317208565509601 0.00375897386902639
8.02605272076837 0.00317208565509601 0.00375897386902639
8.02881897496603 0.00317208565509601 0.00375897386902639
8.03158618257909 0.00317208565509601 0.00375897386902639
8.03435434393616 0.00317208565509601 0.00375897386902639
8.03712345936595 0.00317235134052432 0.00375884680681477
8.03989352919729 0.00317235134052432 0.00375884680681477
8.04266455375913 0.00317235134052432 0.00375884680681477
8.04543653338052 0.00317235134052432 0.00375884680681477
8.04820946839064 0.00317235134052432 0.00375884680681477
8.05098335911876 0.00317235134052432 0.00375884680681477
8.05375820589429 0.00317235134052432 0.00375884680681477
8.05653400904673 0.00317235134052432 0.00375884680681477
8.05931076890571 0.00317235134052432 0.00375884680681477
8.06208848580097 0.00317235134052432 0.00375884680681477
8.06486716006236 0.00317235134052432 0.00375884680681477
8.06764679201984 0.00317235134052432 0.00375884680681477
8.0704273820035 0.00317235134052432 0.00375884680681477
8.07320893034351 0.00317740850397716 0.00375645968082326
8.0759914373702 0.00317740850397716 0.00375645968082326
8.07877490341399 0.00317740850397716 0.00375645968082326
8.0815593288054 0.00317740850397716 0.00375645968082326
8.08434471387508 0.00317740850397716 0.00375645968082326
8.0871310589538 0.00317740850397716 0.00375645968082326
8.08991836437244 0.00317740850397716 0.00375645968082326
8.09270663046198 0.00320932464878705 0.00380277477798158
8.09549585755352 0.00320932464878705 0.00380277477798158
8.09828604597829 0.00320932464878705 0.00380277477798158
8.10107719606762 0.00320932464878705 0.00380277477798158
8.10386930815295 0.00320932464878705 0.00380277477798158
8.10666238256585 0.00320932464878705 0.00380277477798158
8.10945641963799 0.00320932464878705 0.00380277477798158
8.11225141970116 0.00322920204062304 0.00379389185961711
8.11504738308726 0.00322920204062304 0.00379389185961711
8.11784431012832 0.00322920204062304 0.00379389185961711
8.12064220115646 0.00322920204062304 0.00379389185961711
8.12344105650393 0.00322920204062304 0.00379389185961711
8.1262408765031 0.00322920204062304 0.00379389185961711
8.12904166148644 0.0032625453658934 0.00384320925463375
8.13184341178654 0.0032625453658934 0.00384320925463375
8.1346461277361 0.0032625453658934 0.00384320925463375
8.13744980966796 0.0032625453658934 0.00384320925463375
8.14025445791503 0.0032625453658934 0.00384320925463375
8.14306007281037 0.00327580607536649 0.00386336778912895
8.14586665468716 0.00327580607536649 0.00386336778912895
8.14867420387865 0.00327580607536649 0.00386336778912895
8.15148272071825 0.00327580607536649 0.00386336778912895
8.15429220553948 0.00327580607536649 0.00386336778912895
8.15710265867594 0.00327580607536649 0.00386336778912895
8.15991408046138 0.00327580607536649 0.00386336778912895
8.16272647122966 0.00327580607536649 0.00386336778912895
8.16553983131474 0.00327580607536649 0.00386336778912895
8.16835416105071 0.00327580607536649 0.00386336778912895
8.17116946077177 0.00327580607536649 0.00386336778912895
8.17398573081223 0.00327580607536649 0.00386336778912895
8.17680297150651 0.00327580607536649 0.00386336778912895
8.17962118318918 0.00327580607536649 0.00386336778912895
8.18244036619488 0.00329431711038106 0.00389201314312955
8.1852605208584 0.00329431711038106 0.00389201314312955
8.18808164751461 0.00329431730580811 0.00389201295703817
8.19090374649853 0.00329431730580811 0.00389201295703817
8.19372681814529 0.00329431730580811 0.00389201295703817
8.19655086279011 0.00329431730580811 0.00389201295703817
8.19937588076836 0.00329431730580811 0.00389201295703817
8.20220187241549 0.00329431730580811 0.00389201295703817
8.2050288380671 0.00329431730580811 0.00389201295703817
8.20785677805888 0.00329431730580811 0.00389201295703817
8.21068569272665 0.00329431730580811 0.00389201295703817
8.21351558240634 0.00329431730580811 0.00389201295703817
8.216346447434 0.00329431730580811 0.00389201295703817
8.21917828814579 0.00329431730580811 0.00389201295703817
8.22201110487799 0.00329431730580811 0.00389201295703817
8.22484489796698 0.00329431730580811 0.00389201295703817
8.2276796677493 0.00329431730580811 0.00389201295703817
8.23051541456155 0.00329431730580811 0.00389201295703817
8.23335213874049 0.00329431730580811 0.00389201295703817
8.23618984062296 0.00329431730580811 0.00389201295703817
8.23902852054596 0.00329431730580811 0.00389201295703817
8.24186817884656 0.00329431730580811 0.00389201295703817
8.24470881586197 0.00329431730580811 0.00389201295703817
8.24755043192952 0.00329431730580811 0.00389201295703817
8.25039302738665 0.00331996773436958 0.00393265775245471
8.25323660257091 0.00331996773436958 0.00393265775245471
8.25608115781997 0.00331996773436958 0.00393265775245471
8.25892669347163 0.00332848093611566 0.00392760674210556
8.26177320986379 0.00332848093611566 0.00392760674210556
8.26462070733446 0.00332848093611566 0.00392760674210556
8.26746918622179 0.00334251288613122 0.00395029307339107
8.27031864686404 0.00334251288613122 0.00395029307339107
8.27316908959956 0.00334251288613122 0.00395029307339107
8.27602051476686 0.00334251288613122 0.00395029307339107
8.27887292270453 0.00334251288613122 0.00395029307339107
8.28172631375129 0.00334251288613122 0.00395029307339107
8.28458068824599 0.00334251288613122 0.00395029307339107
8.28743604652758 0.00334251288613122 0.00395029307339107
8.29029238893512 0.00334251288613122 0.00395029307339107
8.29314971580781 0.00334251288613122 0.00395029307339107
8.29600802748496 0.00334251288613122 0.00395029307339107
8.29886732430598 0.00334251288613122 0.00395029307339107
8.30172760661041 0.00334251288613122 0.00395029307339107
8.30458887473792 0.00334251288613122 0.00395029307339107
8.30745112902827 0.00334251288613122 0.00395029307339107
8.31031436982135 0.00334251288613122 0.00395029307339107
8.31317859745717 0.00334251288613122 0.00395029307339107
8.31604381227585 0.00334251288613122 0.00395029307339107
8.31891001461765 0.00335163811533171 0.0039453799426673
8.3217772048229 0.00335163811533171 0.0039453799426673
8.3246453832321 0.00335163811533171 0.0039453799426673
8.32751455018584 0.00335163811533171 0.0039453799426673
8.33038470602482 0.00335163811533171 0.0039453799426673
8.33325585108989 0.00335163811533171 0.0039453799426673
8.33612798572197 0.00335163811533171 0.0039453799426673
8.33900111026213 0.00335163811533171 0.0039453799426673
8.34187522505157 0.00335163811533171 0.0039453799426673
8.34475033043157 0.00335163811533171 0.0039453799426673
8.34762642674355 0.00335163811533171 0.0039453799426673
8.35050351432904 0.00335163811533171 0.0039453799426673
8.35338159352971 0.00335163811533171 0.0039453799426673
8.35626066468731 0.00337931566120951 0.00398442167582695
8.35914072814373 0.00337931566120951 0.00398442167582695
8.36202178424099 0.00337931566120951 0.00398442167582695
8.36490383332119 0.00337931566120951 0.00398442167582695
8.36778687572659 0.00337931566120951 0.00398442167582695
8.37067091179954 0.00337931566120951 0.00398442167582695
8.37355594188251 0.00337931566120951 0.00398442167582695
8.37644196631812 0.00337931566120951 0.00398442167582695
8.37932898544905 0.00337931566120951 0.00398442167582695
8.38221699961816 0.00337931566120951 0.00398442167582695
8.38510600916838 0.00337931566120951 0.00398442167582695
8.38799601444278 0.00337931566120951 0.00398442167582695
8.39088701578456 0.00337931566120951 0.00398442167582695
8.393779013537 0.00337931566120951 0.00398442167582695
8.39667200804355 0.00337931566120951 0.00398442167582695
8.39956599964773 0.00337931566120951 0.00398442167582695
8.4024609886932 0.00337931566120951 0.00398442167582695
8.40535697552375 0.00337931566120951 0.00398442167582695
8.40825396048327 0.00337931566120951 0.00398442167582695
8.41115194391577 0.00337931566120951 0.00398442167582695
8.41405092616539 0.00337931566120951 0.00398442167582695
8.41695090757637 0.00337931566120951 0.00398442167582695
8.41985188849309 0.00337931566120951 0.00398442167582695
8.42275386926004 0.00337931566120951 0.00398442167582695
8.42565685022183 0.00337931566120951 0.00398442167582695
8.42856083172318 0.00337931566120951 0.00398442167582695
8.43146581410893 0.00337931566120951 0.00398442167582695
8.43437179772406 0.00337931566120951 0.00398442167582695
8.43727878291364 0.00337931566120951 0.00398442167582695
8.44018677002287 0.00337931566120951 0.00398442167582695
8.44309575939709 0.00337931566120951 0.00398442167582695
8.44600575138172 0.00337931566120951 0.00398442167582695
8.44891674632233 0.00337931566120951 0.00398442167582695
8.45182874456459 0.00337931566120951 0.00398442167582695
8.4547417464543 0.00337931566120951 0.00398442167582695
8.45765575233738 0.00337931566120951 0.00398442167582695
8.46057076255987 0.00337931566120951 0.00398442167582695
8.46348677746792 0.00337931566120951 0.00398442167582695
8.46640379740779 0.00337931566120951 0.00398442167582695
8.4693218227259 0.00337931566120951 0.00398442167582695
8.47224085376874 0.00337931566120951 0.00398442167582695
8.47516089088296 0.00337931566120951 0.00398442167582695
8.4780819344153 0.00337931566120951 0.00398442167582695
8.48100398471264 0.00337931566120951 0.00398442167582695
8.48392704212196 0.00337931566120951 0.00398442167582695
8.48685110699038 0.00337931566120951 0.00398442167582695
8.48977617966513 0.00337931566120951 0.00398442167582695
8.49270226049356 0.00338871538232692 0.00399956764683558
8.49562934982313 0.00338871538232692 0.00399956764683558
8.49855744800144 0.00338871538232692 0.00399956764683558
8.50148655537619 0.00338871538232692 0.00399956764683558
8.50441667229522 0.00338871538232692 0.00399956764683558
8.50734779910647 0.00338871538232692 0.00399956764683558
8.51027993615802 0.00338871538232692 0.00399956764683558
8.51321308379805 0.00338871538232692 0.00399956764683558
8.51614724237486 0.00338871538232692 0.00399956764683558
8.51908241223689 0.00338871538232692 0.00399956764683558
8.5220185937327 0.00338871538232692 0.00399956764683558
8.52495578721093 0.00338871538232692 0.00399956764683558
8.5278939930204 0.00338871538232692 0.00399956764683558
8.53083321151 0.00338871538232692 0.00399956764683558
8.53377344302876 0.00338871538232692 0.00399956764683558
8.53671468792584 0.00338871538232692 0.00399956764683558
8.5396569465505 0.00338871538232692 0.00399956764683558
8.54260021925214 0.00338871538232692 0.00399956764683558
8.54554450638027 0.00338871538232692 0.00399956764683558
8.54848980828451 0.00338871538232692 0.00399956764683558
8.55143612531463 0.00338871538232692 0.00399956764683558
8.55438345782048 0.00338871538232692 0.00399956764683558
8.55733180615208 0.00338871538232692 0.00399956764683558
8.56028117065953 0.00338871538232692 0.00399956764683558
8.56323155169306 0.00338871538232692 0.00399956764683558
8.56618294960303 0.00338871538232692 0.00399956764683558
8.56913536473991 0.00338871538232692 0.00399956764683558
8.57208879745431 0.00342396685216803 0.00405761132582279
8.57504324809694 0.00342396685216803 0.00405761132582279
8.57799871701864 0.00342396685216803 0.00405761132582279
8.58095520457037 0.00342396685216803 0.00405761132582279
8.5839127111032 0.00342396685216803 0.00405761132582279
8.58687123696835 0.00342396685216803 0.00405761132582279
8.58983078251713 0.00342396685216803 0.00405761132582279
8.59279134810098 0.0034835630981107 0.00414132974468833
8.59575293407148 0.0034835630981107 0.00414132974468833
8.5987155407803 0.0034835630981107 0.00414132974468833
8.60167916857926 0.0034835630981107 0.00414132974468833
8.60464381782027 0.0034835630981107 0.00414132974468833
8.6076094888554 0.0034835630981107 0.00414132974468833
8.61057618203681 0.0034835630981107 0.00414132974468833
8.6135438977168 0.0034835630981107 0.00414132974468833
8.61651263624777 0.0034835630981107 0.00414132974468833
8.61948239798227 0.0034835630981107 0.00414132974468833
8.62245318327295 0.0034835630981107 0.00414132974468833
8.62542499247258 0.0034835630981107 0.00414132974468833
8.62839782593408 0.0034835630981107 0.00414132974468833
8.63137168401045 0.0034835630981107 0.00414132974468833
8.63434656705484 0.0034835630981107 0.00414132974468833
8.63732247542053 0.0034835630981107 0.00414132974468833
8.64029940946089 0.0034835630981107 0.00414132974468833
8.64327736952942 0.0034835630981107 0.00414132974468833
8.64625635597978 0.0034835630981107 0.00414132974468833
8.6492363691657 0.0034835630981107 0.00414132974468833
8.65221740944105 0.0034835630981107 0.00414132974468833
8.65519947715984 0.0034835630981107 0.00414132974468833
8.65818257267619 0.0034835630981107 0.00414132974468833
8.66116669634432 0.0034835630981107 0.00414132974468833
8.66415184851861 0.0034835630981107 0.00414132974468833
8.66713802955354 0.0034835630981107 0.00414132974468833
8.67012523980372 0.0034835630981107 0.00414132974468833
8.67311347962387 0.0034835630981107 0.00414132974468833
8.67610274936884 0.0034835630981107 0.00414132974468833
8.67909304939362 0.0034835630981107 0.00414132974468833
8.68208438005329 0.0034835630981107 0.00414132974468833
8.68507674170307 0.0034835630981107 0.00414132974468833
8.6880701346983 0.0034835630981107 0.00414132974468833
8.69106455939445 0.0034835630981107 0.00414132974468833
8.6940600161471 0.0034835630981107 0.00414132974468833
8.69705650531196 0.0034835630981107 0.00414132974468833
8.70005402724485 0.0034835630981107 0.00414132974468833
8.70305258230174 0.0034835630981107 0.00414132974468833
8.7060521708387 0.0034835630981107 0.00414132974468833
8.70905279321192 0.0034835630981107 0.00414132974468833
8.71205444977774 0.00351648464677921 0.00419561138640029
8.71505714089258 0.00351648464677921 0.00419561138640029
8.71806086691302 0.00351648464677921 0.00419561138640029
8.72106562819576 0.00351648464677921 0.00419561138640029
8.72407142509759 0.00351648464677921 0.00419561138640029
8.72707825797546 0.00351648464677921 0.00419561138640029
8.73008612718643 0.00353093764062724 0.00421995136450525
8.73309503308768 0.00353663307276195 0.00421689928170502
8.73610497603651 0.00353663307276195 0.00421689928170502
8.73911595639036 0.00353663307276195 0.00421689928170502
8.74212797450676 0.00353663307276195 0.00421689928170502
8.7451410307434 0.00353663307276195 0.00421689928170502
8.74815512545808 0.00353663307276195 0.00421689928170502
8.75117025900872 0.00353663307276195 0.00421689928170502
8.75418643175336 0.00353663307276195 0.00421689928170502
8.75720364405016 0.00353663307276195 0.00421689928170502
8.76022189625743 0.00353663307276195 0.00421689928170502
8.76324118873358 0.00353663307276195 0.00421689928170502
8.76626152183713 0.00353663307276195 0.00421689928170502
8.76928289592676 0.00353663307276195 0.00421689928170502
8.77230531136126 0.00353663307276195 0.00421689928170502
8.77532876849952 0.00353663307276195 0.00421689928170502
8.77835326770059 0.00353663307276195 0.00421689928170502
8.78137880932362 0.00354276707752262 0.00421326105633223
8.78440539372788 0.00354276707752262 0.00421326105633223
8.7874330212728 0.00354276707752262 0.00421326105633223
8.79046169231789 0.00354276707752262 0.00421326105633223
8.7934914072228 0.00354276707752262 0.00421326105633223
8.79652216634731 0.00354276707752262 0.00421326105633223
8.79955397005133 0.00354276707752262 0.00421326105633223
8.80258681869487 0.00354276707752262 0.00421326105633223
8.80562071263808 0.00354276707752262 0.00421326105633223
8.80865565224124 0.00354276707752262 0.00421326105633223
8.81169163786475 0.00354276707752262 0.00421326105633223
8.81472866986912 0.00354276707752262 0.00421326105633223
8.81776674861499 0.00354276707752262 0.00421326105633223
8.82080587446314 0.00354276707752262 0.00421326105633223
8.82384604777447 0.00354276707752262 0.00421326105633223
8.82688726890998 0.00354276707752262 0.00421326105633223
8.82992953823083 0.00354276707752262 0.00421326105633223
8.83297285609827 0.00354276707752262 0.00421326105633223
8.8360172228737 0.00354276707752262 0.00421326105633223
8.83906263891864 0.00354276707752262 0.00421326105633223
8.84210910459473 0.00354276707752262 0.00421326105633223
8.84515662026373 0.00354276707752262 0.00421326105633223
8.84820518628752 0.00354276707752262 0.00421326105633223
8.85125480302814 0.00354276707752262 0.00421326105633223
8.85430547084771 0.00354276707752262 0.00421326105633223
8.85735719010849 0.00354276707752262 0.00421326105633223
8.86040996117289 0.00354276707752262 0.00421326105633223
8.86346378440341 0.00354276707752262 0.00421326105633223
8.86651866016269 0.00354276707752262 0.00421326105633223
8.8695745888135 0.00354276707752262 0.00421326105633223
8.87263157071873 0.00354276707752262 0.00421326105633223
8.87568960624138 0.00354276707752262 0.00421326105633223
8.87874869574459 0.00354276707752262 0.00421326105633223
8.88180883959164 0.00359517556774384 0.00428861716673391
8.88487003814591 0.00360229046823742 0.00428531830589494
8.88793229177092 0.00360229046823742 0.00428531830589494
8.8909956008303 0.00360229046823742 0.00428531830589494
8.89405996568783 0.00360229046823742 0.00428531830589494
8.89712538670738 0.00360229046823742 0.00428531830589494
8.90019186425299 0.00360229046823742 0.00428531830589494
8.90325939868878 0.00360229046823742 0.00428531830589494
8.90632799037903 0.00360229046823742 0.00428531830589494
8.90939763968813 0.00360229046823742 0.00428531830589494
8.9124683469806 0.00360229046823742 0.00428531830589494
8.91554011262108 0.00361646460835836 0.00430373309167876
8.91861293697434 0.00361646460835836 0.00430373309167876
8.92168682040527 0.00361646460835836 0.00430373309167876
8.92476176327891 0.00361646460835836 0.00430373309167876
8.92783776596039 0.00361646460835836 0.00430373309167876
8.93091482881498 0.00361646460835836 0.00430373309167876
8.93399295220809 0.00361646460835836 0.00430373309167876
8.93707213650524 0.00361646460835836 0.00430373309167876
8.94015238207208 0.00361646460835836 0.00430373309167876
8.94323368927439 0.00361646460835836 0.00430373309167876
8.94631605847807 0.00362104825227768 0.00430127839758382
8.94939949004914 0.00362104825227768 0.00430127839758382
8.95248398435377 0.00362104825227768 0.00430127839758382
8.95556954175824 0.00362104825227768 0.00430127839758382
8.95865616262895 0.00362104825227768 0.00430127839758382
8.96174384733242 0.00362104825227768 0.00430127839758382
8.96483259623534 0.00362104825227768 0.00430127839758382
8.96792240970448 0.00362104825227768 0.00430127839758382
8.97101328810675 0.00362104825227768 0.00430127839758382
8.9741052318092 0.00364055392136393 0.00429005016891821
8.97719824117898 0.00364055392136393 0.00429005016891821
8.98029231658339 0.00364055392136393 0.00429005016891821
8.98338745838986 0.00364541937524062 0.00429643954918888
8.98648366696592 0.00364541937524062 0.00429643954918888
8.98958094267925 0.00364541937524062 0.00429643954918888
8.99267928589764 0.00364541937524062 0.00429643954918888
8.99577869698903 0.00364541937524062 0.00429643954918888
8.99887917632146 0.00364541937524062 0.00429643954918888
9.00198072426312 0.00364541937524062 0.00429643954918888
9.0050833411823 0.00364541937524062 0.00429643954918888
9.00818702744745 0.00364541937524062 0.00429643954918888
9.01129178342712 0.00364541937524062 0.00429643954918888
9.01439760949001 0.00364541937524062 0.00429643954918888
9.01750450600491 0.00364541937524062 0.00429643954918888
9.02061247334079 0.00364541937524062 0.00429643954918888
9.02372151186669 0.00364541937524062 0.00429643954918888
9.02683162195183 0.00364541937524062 0.00429643954918888
9.02994280396552 0.00364541937524062 0.00429643954918888
9.03305505827721 0.00366280855579947 0.00428863757228458
9.03616838525648 0.00366280855579947 0.00428863757228458
9.03928278527304 0.00366280855579947 0.00428863757228458
9.04239825869672 0.00366280855579947 0.00428863757228458
9.04551480589747 0.00366280855579947 0.00428863757228458
9.04863242724539 0.00366280855579947 0.00428863757228458
9.05175112311069 0.00366786437126627 0.004295308452325
9.05487089386371 0.00366786437126627 0.004295308452325
9.05799173987493 0.00366786437126627 0.004295308452325
9.06111366151493 0.00366786437126627 0.004295308452325
9.06423665915445 0.00366786437126627 0.004295308452325
9.06736073316434 0.00366786437126627 0.004295308452325
9.07048588391558 0.00366786437126627 0.004295308452325
9.07361211177928 0.00366786437126627 0.004295308452325
9.07673941712667 0.00366786437126627 0.004295308452325
9.07986780032913 0.00366786437126627 0.004295308452325
9.08299726175814 0.00366786437126627 0.004295308452325
9.08612780178532 0.00366786437126627 0.004295308452325
9.08925942078243 0.00366786437126627 0.004295308452325
9.09239211912134 0.00366786437126627 0.004295308452325
9.09552589717405 0.00366786437126627 0.004295308452325
9.0986607553127 0.00366786437126627 0.004295308452325
9.10179669390956 0.00366786437126627 0.004295308452325
9.10493371333701 0.00366786437126627 0.004295308452325
9.10807181396756 0.00366786437126627 0.004295308452325
9.11121099617387 0.00366786437126627 0.004295308452325
9.11435126032872 0.00366786437126627 0.004295308452325
9.11749260680499 0.00366786437126627 0.004295308452325
9.12063503597574 0.00366786437126627 0.004295308452325
9.12377854821412 0.00366786437126627 0.004295308452325
9.12692314389341 0.00366786437126627 0.004295308452325
9.13006882338704 0.00367370577612923 0.00429282300003256
9.13321558706855 0.00367370577612923 0.00429282300003256
9.13636343531162 0.00367370577612923 0.00429282300003256
9.13951236849004 0.00367370577612923 0.00429282300003256
9.14266238697777 0.00369405074886586 0.00432008579995706
9.14581349114886 0.00369405074886586 0.00432008579995706
9.14896568137748 0.00369405074886586 0.00432008579995706
9.15211895803799 0.00369405074886586 0.00432008579995706
9.1552733215048 0.00369405074886586 0.00432008579995706
9.15842877215251 0.00369405074886586 0.00432008579995706
9.16158531035583 0.00369405074886586 0.00432008579995706
9.16474293648958 0.00369405074886586 0.00432008579995706
9.16790165092874 0.00369405074886586 0.00432008579995706
9.17106145404839 0.00369405074886586 0.00432008579995706
9.17422234622377 0.00369405074886586 0.00432008579995706
9.17738432783022 0.00369405074886586 0.00432008579995706
9.18054739924323 0.00369405074886586 0.00432008579995706
9.18371156083841 0.00369405074886586 0.00432008579995706
9.18687681299151 0.00369405074886586 0.00432008579995706
9.19004315607838 0.00369405074886586 0.00432008579995706
9.19321059047504 0.00369405074886586 0.00432008579995706
9.19637911655762 0.00369405074886586 0.00432008579995706
9.19954873470236 0.00369405074886586 0.00432008579995706
9.20271944528567 0.00369405074886586 0.00432008579995706
9.20589124868406 0.00369405074886586 0.00432008579995706
9.20906414527418 0.00369405074886586 0.00432008579995706
9.21223813543281 0.00369405074886586 0.00432008579995706
9.21541321953686 0.00369405074886586 0.00432008579995706
9.21858939796337 0.00369405074886586 0.00432008579995706
9.2217666710895 0.00369405074886586 0.00432008579995706
9.22494503929255 0.00369405074886586 0.00432008579995706
9.22812450294995 0.00369405074886586 0.00432008579995706
9.23130506243927 0.00369405074886586 0.00432008579995706
9.23448671813819 0.00369405074886586 0.00432008579995706
9.23766947042452 0.00369405074886586 0.00432008579995706
9.24085331967622 0.00369405074886586 0.00432008579995706
9.24403826627137 0.00369405074886586 0.00432008579995706
9.24722431058818 0.00369405074886586 0.00432008579995706
9.25041145300498 0.00369405074886586 0.00432008579995706
9.25359969390025 0.00369405074886586 0.00432008579995706
9.25678903365258 0.00369405074886586 0.00432008579995706
9.25997947264072 0.00369826018611831 0.00431832692971754
9.26317101124352 0.00369826018611831 0.00431832692971754
9.26636364983997 0.00369826018611831 0.00431832692971754
9.2695573888092 0.00369826018611831 0.00431832692971754
9.27275222853046 0.00369826018611831 0.00431832692971754
9.27594816938313 0.00369826018611831 0.00431832692971754
9.27914521174673 0.00369826018611831 0.00431832692971754
9.28234335600091 0.00369826018611831 0.00431832692971754
9.28554260252545 0.00369826018611831 0.00431832692971754
9.28874295170024 0.00369826018611831 0.00431832692971754
9.29194440390534 0.00369826018611831 0.00431832692971754
9.2951469595209 0.00369826018611831 0.00431832692971754
9.29835061892723 0.00369826018611831 0.00431832692971754
9.30155538250477 0.00369826018611831 0.00431832692971754
9.30476125063407 0.00369826018611831 0.00431832692971754
9.30796822369583 0.00370793431174595 0.00433399496157609
9.31117630207088 0.00383637728641381 0.00453200918259152
9.31438548614016 0.00383637728641381 0.00453200918259152
9.31759577628478 0.00383912881902117 0.0045354773656178
9.32080717288594 0.00383912881902117 0.0045354773656178
9.324019676325 0.00388135431563185 0.00460103527217616
9.32723328698345 0.00388135431563185 0.00460103527217616
9.33044800524288 0.00388135431563185 0.00460103527217616
9.33366383148506 0.00388135431563185 0.00460103527217616
9.33688076609185 0.00388135431563185 0.00460103527217616
9.34009880944526 0.00388135431563185 0.00460103527217616
9.34331796192744 0.00388135431563185 0.00460103527217616
9.34653822392066 0.00389213818355515 0.00459510675586221
9.34975959580732 0.00389213818355515 0.00459510675586221
9.35298207796994 0.00389213818355515 0.00459510675586221
9.35620567079121 0.00389213818355515 0.00459510675586221
9.35943037465393 0.00389213818355515 0.00459510675586221
9.362656189941 0.00390449951637999 0.00461047640920745
9.36588311703552 0.00390449951637999 0.00461047640920745
9.36911115632067 0.00390449951637999 0.00461047640920745
9.37234030817977 0.00390449951637999 0.00461047640920745
9.37557057299628 0.00390449951637999 0.00461047640920745
9.3788019511538 0.00390449951637999 0.00461047640920745
9.38203444303605 0.00390449951637999 0.00461047640920745
9.38526804902688 0.00390449951637999 0.00461047640920745
9.38850276951028 0.00390449951637999 0.00461047640920745
9.39173860487039 0.00390449951637999 0.00461047640920745
9.39497555549143 0.00390449951637999 0.00461047640920745
9.3982136217578 0.00390449951637999 0.00461047640920745
9.40145280405403 0.00393854534556712 0.00465407324035376
9.40469310276475 0.00393854534556712 0.00465407324035376
9.40793451827475 0.00393854534556712 0.00465407324035376
9.41117705096896 0.00393854534556712 0.00465407324035376
9.4144207012324 0.00393854560868623 0.00465407298985459
9.41766546945027 0.00393854560868623 0.00465407298985459
9.42091135600788 0.00393854560868623 0.00465407298985459
9.42415836129068 0.00393854560868623 0.00465407298985459
9.42740648568423 0.00393854560868623 0.00465407298985459
9.43065572957427 0.00393854560868623 0.00465407298985459
9.43390609334662 0.00393854560868623 0.00465407298985459
9.43715757738728 0.00393854560868623 0.00465407298985459
9.44041018208234 0.00393854560868623 0.00465407298985459
9.44366390781806 0.00393854560868623 0.00465407298985459
9.44691875498081 0.00393854560868623 0.00465407298985459
9.4501747239571 0.00393854560868623 0.00465407298985459
9.45343181513358 0.00393854560868623 0.00465407298985459
9.45669002889702 0.00393854560868623 0.00465407298985459
9.45994936563433 0.00393854560868623 0.00465407298985459
9.46320982573255 0.00393854560868623 0.00465407298985459
9.46647140957887 0.00393854560868623 0.00465407298985459
9.46973411756059 0.00393854560868623 0.00465407298985459
9.47299795006516 0.00393854560868623 0.00465407298985459
9.47626290748015 0.00393854560868623 0.00465407298985459
9.47952899019327 0.00393854560868623 0.00465407298985459
9.48279619859237 0.00403385559312044 0.00480812686908647
9.48606453306544 0.00403385559312044 0.00480812686908647
9.48933399400057 0.00403385559312044 0.00480812686908647
9.49260458178601 0.00403385559312044 0.00480812686908647
9.49587629681015 0.00403385559312044 0.00480812686908647
9.4991491394615 0.00403385559312044 0.00480812686908647
9.5024231101287 0.00403385559312044 0.00480812686908647
9.50569820920054 0.00403385559312044 0.00480812686908647
9.50897443706593 0.00403385559312044 0.00480812686908647
9.51225179411392 0.00403385559312044 0.00480812686908647
9.51553028073369 0.00403385559312044 0.00480812686908647
9.51880989731457 0.00403385559312044 0.00480812686908647
9.522090644246 0.00403385559312044 0.00480812686908647
9.52537252191757 0.00403385559312044 0.00480812686908647
9.528655530719 0.00403385559312044 0.00480812686908647
9.53193967104014 0.00403385559312044 0.00480812686908647
9.53522494327099 0.00403385559312044 0.00480812686908647
9.53851134780166 0.00403385559312044 0.00480812686908647
9.54179888502241 0.00403385559312044 0.00480812686908647
9.54508755532364 0.00403385559312044 0.00480812686908647
9.54837735909588 0.00403385559312044 0.00480812686908647
9.55166829672977 0.00403385559312044 0.00480812686908647
9.55496036861613 0.00403385559312044 0.00480812686908647
9.55825357514588 0.00403385559312044 0.00480812686908647
9.56154791671008 0.00403385559312044 0.00480812686908647
9.56484339369995 0.00403385559312044 0.00480812686908647
9.5681400065068 0.00403385559312044 0.00480812686908647
9.57143775552211 0.00403385559312044 0.00480812686908647
9.5747366411375 0.00403385559312044 0.00480812686908647
9.57803666374468 0.00403385559312044 0.00480812686908647
9.58133782373555 0.00403385559312044 0.00480812686908647
9.58464012150211 0.00403385559312044 0.00480812686908647
9.58794355743651 0.00403385559312044 0.00480812686908647
9.59124813193102 0.00403385559312044 0.00480812686908647
9.59455384537807 0.00403385559312044 0.00480812686908647
9.59786069817019 0.00403385559312044 0.00480812686908647
9.60116869070009 0.00403385559312044 0.00480812686908647
9.60447782336057 0.00403385559312044 0.00480812686908647
9.60778809654461 0.00403385559312044 0.00480812686908647
9.61109951064528 0.00403385559312044 0.00480812686908647
9.61441206605581 0.00403385559312044 0.00480812686908647
9.61772576316958 0.00405784804595378 0.00483839924712951
9.62104060238007 0.00405784804595378 0.00483839924712951
9.62435658408093 0.00405784804595378 0.00483839924712951
9.62767370866592 0.00405784804595378 0.00483839924712951
9.63099197652894 0.00405784804595378 0.00483839924712951
9.63431138806405 0.00405784804595378 0.00483839924712951
9.63763194366541 0.00405784804595378 0.00483839924712951
9.64095364372734 0.00405784804595378 0.00483839924712951
9.6442764886443 0.00405784804595378 0.00483839924712951
9.64760047881085 0.00405784804595378 0.00483839924712951
9.65092561462173 0.00405784804595378 0.00483839924712951
9.65425189647179 0.00405784804595378 0.00483839924712951
9.65757932475603 0.00405784804595378 0.00483839924712951
9.66090789986957 0.00405784804595378 0.00483839924712951
9.66423762220768 0.00405784804595378 0.00483839924712951
9.66756849216577 0.00405784804595378 0.00483839924712951
9.67090051013936 0.00405784804595378 0.00483839924712951
9.67423367652413 0.00410642272515536 0.00490235214763495
9.67756799171591 0.00410642272515536 0.00490235214763495
9.68090345611062 0.00410642272515536 0.00490235214763495
9.68424007010435 0.00410642272515536 0.00490235214763495
9.68757783409334 0.00410642272515536 0.00490235214763495
9.69091674847392 0.00410642272515536 0.00490235214763495
9.6942568136426 0.00410642272515536 0.00490235214763495
9.697598029996 0.00410642272515536 0.00490235214763495
9.7009403979309 0.00410642272515536 0.00490235214763495
9.70428391784419 0.00410642272515536 0.00490235214763495
9.70762859013291 0.00410642272515536 0.00490235214763495
9.71097441519425 0.00410642272515536 0.00490235214763495
9.71432139342552 0.00410642272515536 0.00490235214763495
9.71766952522415 0.00410642272515536 0.00490235214763495
9.72101881098776 0.00410642272515536 0.00490235214763495
9.72436925111405 0.00410642272515536 0.00490235214763495
9.72772084600089 0.00410642272515536 0.00490235214763495
9.73107359604629 0.00410642272515536 0.00490235214763495
9.73442750164837 0.00410642272515536 0.00490235214763495
9.73778256320541 0.00410642272515536 0.00490235214763495
9.74113878111582 0.00410642272515536 0.00490235214763495
9.74449615577815 0.00410642272515536 0.00490235214763495
9.74785468759109 0.00410642272515536 0.00490235214763495
9.75121437695345 0.00410642272515536 0.00490235214763495
9.7545752242642 0.00410642272515536 0.00490235214763495
9.75793722992243 0.00410642272515536 0.00490235214763495
9.76130039432738 0.00410642272515536 0.00490235214763495
9.76466471787842 0.00410642272515536 0.00490235214763495
9.76803020097507 0.00410642272515536 0.00490235214763495
9.77139684401697 0.00410642272515536 0.00490235214763495
9.77476464740391 0.00410642272515536 0.00490235214763495
9.77813361153581 0.00410642272515536 0.00490235214763495
9.78150373681273 0.00410642272515536 0.00490235214763495
9.78487502363487 0.00410642272515536 0.00490235214763495
9.78824747240258 0.00410642272515536 0.00490235214763495
9.79162108351632 0.00410642272515536 0.00490235214763495
9.79499585737671 0.00410642272515536 0.00490235214763495
9.7983717943845 0.00410642272515536 0.00490235214763495
9.80174889494058 0.00410642272515536 0.00490235214763495
9.80512715944598 0.00410642272515536 0.00490235214763495
9.80850658830186 0.00410642272515536 0.00490235214763495
9.81188718190953 0.00410642272515536 0.00490235214763495
9.81526894067043 0.00410884159339268 0.00490124970113754
9.81865186498614 0.00410884159339268 0.00490124970113754
9.82203595525838 0.00410884159339268 0.00490124970113754
9.82542121188902 0.00410884159339268 0.00490124970113754
9.82880763528003 0.00410884159339268 0.00490124970113754
9.83219522583357 0.00410884159339268 0.00490124970113754
9.8355839839519 0.00410884159339268 0.00490124970113754
9.83897391003744 0.00410884159339268 0.00490124970113754
9.84236500449273 0.00410884159339268 0.00490124970113754
9.84575726772047 0.00410884159339268 0.00490124970113754
9.84915070012348 0.00410884159339268 0.00490124970113754
9.85254530210474 0.00410884159339268 0.00490124970113754
9.85594107406734 0.00411817283695408 0.00489709523240028
9.85933801641454 0.00411817283695408 0.00489709523240028
9.86273612954971 0.00411817283695408 0.00489709523240028
9.86613541387638 0.00411817283695408 0.00489709523240028
9.86953586979822 0.00411817283695408 0.00489709523240028
9.87293749771902 0.00411817283695408 0.00489709523240028
9.87634029804272 0.00411817283695408 0.00489709523240028
9.87974427117341 0.00411817283695408 0.00489709523240028
9.88314941751529 0.00411817283695408 0.00489709523240028
9.88655573747274 0.00411817283695408 0.00489709523240028
9.88996323145025 0.00411817283695408 0.00489709523240028
9.89337189985245 0.00411817283695408 0.00489709523240028
9.89678174308412 0.00411817283695408 0.00489709523240028
9.90019276155018 0.00411817283695408 0.00489709523240028
9.90360495565568 0.00411817283695408 0.00489709523240028
9.90701832580583 0.00411817283695408 0.00489709523240028
9.91043287240594 0.00413147021571364 0.00491648512206305
9.9138485958615 0.00413147021571364 0.00491648512206305
9.91726549657812 0.00413147021571364 0.00491648512206305
9.92068357496156 0.00413147021571364 0.00491648512206305
9.92410283141771 0.00413147021571364 0.00491648512206305
9.9275232663526 0.00413147021571364 0.00491648512206305
9.93094488017241 0.00413147021571364 0.00491648512206305
9.93436767328345 0.00413147021571364 0.00491648512206305
9.93779164609218 0.00413147021571364 0.00491648512206305
9.94121679900518 0.00413147021571364 0.00491648512206305
9.94464313242919 0.00413147021571364 0.00491648512206305
9.94807064677109 0.00413147021571364 0.00491648512206305
9.9514993424379 0.00413147021571364 0.00491648512206305
9.95492921983675 0.00413147021571364 0.00491648512206305
9.95836027937496 0.00413147021571364 0.00491648512206305
9.96179252145996 0.00413147021571364 0.00491648512206305
9.96522594649932 0.00413147021571364 0.00491648512206305
9.96866055490075 0.00413147021571364 0.00491648512206305
9.97209634707212 0.00413147021571364 0.00491648512206305
9.97553332342143 0.00413147021571364 0.00491648512206305
9.9789714843568 0.00413147021571364 0.00491648512206305
9.98241083028652 0.00413147021571364 0.00491648512206305
9.98585136161901 0.00413147021571364 0.00491648512206305
9.98929307876283 0.00413147021571364 0.00491648512206305
9.99273598212668 0.00413147021571364 0.00491648512206305
9.9961800721194 0.00413147021571364 0.00491648512206305
9.99962534914998 0.00413147021571364 0.00491648512206305
10.0030718136275 0.00413147021571364 0.00491648512206305
10.0065194659613 0.00413147021571364 0.00491648512206305
10.0099683065608 0.00413147021571364 0.00491648512206305
10.0134183358354 0.00413147021571364 0.00491648512206305
10.0168695541949 0.00413147021571364 0.00491648512206305
10.0203219620492 0.00413147021571364 0.00491648512206305
10.0237755598081 0.00413147021571364 0.00491648512206305
10.0272303478818 0.00413147021571364 0.00491648512206305
10.0306863266806 0.00413147021571364 0.00491648512206305
10.0341434966148 0.00413147021571364 0.00491648512206305
10.0376018580949 0.00413147021571364 0.00491648512206305
10.0410614115318 0.00413147021571364 0.00491648512206305
10.0445221573361 0.00413197749574376 0.00491730723370965
10.0479840959188 0.00413197749574376 0.00491730723370965
10.0514472276911 0.00413197749574376 0.00491730723370965
10.0549115530642 0.00413197749574376 0.00491730723370965
10.0583770724494 0.00413197749574376 0.00491730723370965
10.0618437862584 0.00414766993621069 0.00493855581052018
10.0653116949027 0.00414766993621069 0.00493855581052018
10.0687807987941 0.00414766993621069 0.00493855581052018
10.0722510983447 0.00414766993621069 0.00493855581052018
10.0757225939665 0.00414766993621069 0.00493855581052018
10.0791952860718 0.00414766993621069 0.00493855581052018
10.082669175073 0.00414766993621069 0.00493855581052018
10.0861442613824 0.00414766993621069 0.00493855581052018
10.0896205454129 0.00414766993621069 0.00493855581052018
10.0930980275773 0.00414766993621069 0.00493855581052018
10.0965767082884 0.00414766993621069 0.00493855581052018
10.1000565879594 0.00414766993621069 0.00493855581052018
10.1035376670035 0.00414766993621069 0.00493855581052018
10.1070199458341 0.00414766993621069 0.00493855581052018
10.1105034248646 0.00416241086667634 0.00495884016177239
10.1139881045088 0.00416241086667634 0.00495884016177239
10.1174739851805 0.00416241086667634 0.00495884016177239
10.1209610672936 0.00416241086667634 0.00495884016177239
10.1244493512621 0.00416241086667634 0.00495884016177239
10.1279388375004 0.00416241086667634 0.00495884016177239
10.1314295264228 0.00416962795796498 0.00495456003870032
10.1349214184438 0.00416962795796498 0.00495456003870032
10.1384145139781 0.00416962795796498 0.00495456003870032
10.1419088134404 0.00416962795796498 0.00495456003870032
10.1454043172458 0.00416962795796498 0.00495456003870032
10.1489010258092 0.00416962795796498 0.00495456003870032
10.152398939546 0.00416992472885386 0.00495442851312483
10.1558980588716 0.00416992472885386 0.00495442851312483
10.1593983842013 0.00416992472885386 0.00495442851312483
10.1628999159509 0.00416992472885386 0.00495442851312483
10.1664026545362 0.00420612575937634 0.00500773302678833
10.1699066003732 0.00420612575937634 0.00500773302678833
10.1734117538779 0.00420612575937634 0.00500773302678833
10.1769181154666 0.00420612575937634 0.00500773302678833
10.1804256855556 0.00420612575937634 0.00500773302678833
10.1839344645614 0.00420612575937634 0.00500773302678833
10.1874444529008 0.00420612575937634 0.00500773302678833
10.1909556509906 0.00420612575937634 0.00500773302678833
10.1944680592476 0.00420612575937634 0.00500773302678833
10.197981678089 0.00420612575937634 0.00500773302678833
10.201496507932 0.00420612575937634 0.00500773302678833
10.205012549194 0.00420612575937634 0.00500773302678833
10.2085298022926 0.00420725569739605 0.00500722980862422
10.2120482676454 0.00420725569739605 0.00500722980862422
10.2155679456702 0.00420725569739605 0.00500722980862422
10.2190888367849 0.00420725569739605 0.00500722980862422
10.2226109414078 0.00420725569739605 0.00500722980862422
10.2261342599569 0.00420725569739605 0.00500722980862422
10.2296587928508 0.00420725569739605 0.00500722980862422
10.233184540508 0.00420725569739605 0.00500722980862422
10.236711503347 0.00420725569739605 0.00500722980862422
10.2402396817869 0.00420725569739605 0.00500722980862422
10.2437690762464 0.00422671966998158 0.00499891441816636
10.2472996871448 0.00422671966998158 0.00499891441816636
10.2508315149013 0.00422671966998158 0.00499891441816636
10.2543645599353 0.00422671966998158 0.00499891441816636
10.2578988226663 0.00423195080719211 0.00499582872603124
10.2614343035141 0.00423195080719211 0.00499582872603124
10.2649710028984 0.00423195080719211 0.00499582872603124
10.2685089212393 0.00423195080719211 0.00499582872603124
10.2720480589568 0.00423195080719211 0.00499582872603124
10.2755884164713 0.00423195080719211 0.00499582872603124
10.2791299942031 0.00423195080719211 0.00499582872603124
10.2826727925729 0.00423195080719211 0.00499582872603124
10.2862168120013 0.00423195080719211 0.00499582872603124
10.2897620529091 0.00423195080719211 0.00499582872603124
10.2933085157174 0.00423195080719211 0.00499582872603124
10.2968562008473 0.00423195080719211 0.00499582872603124
10.3004051087201 0.00423195080719211 0.00499582872603124
10.3039552397573 0.00423195080719211 0.00499582872603124
10.3075065943803 0.00423195080719211 0.00499582872603124
10.3110591730109 0.00423195080719211 0.00499582872603124
10.314612976071 0.00423195080719211 0.00499582872603124
10.3181680039826 0.00423195080719211 0.00499582872603124
10.3217242571679 0.00423195080719211 0.00499582872603124
10.325281736049 0.00423195080719211 0.00499582872603124
10.3288404410486 0.00423195080719211 0.00499582872603124
10.3324003725892 0.00423195080719211 0.00499582872603124
10.3359615310935 0.00423195080719211 0.00499582872603124
10.3395239169844 0.00423195080719211 0.00499582872603124
10.343087530685 0.00423195080719211 0.00499582872603124
10.3466523726184 0.00423195080719211 0.00499582872603124
10.3502184432079 0.00423195080719211 0.00499582872603124
10.353785742877 0.00423195080719211 0.00499582872603124
10.3573542720494 0.00423195080719211 0.00499582872603124
10.3609240311487 0.00423195080719211 0.00499582872603124
10.3644950205989 0.00423195080719211 0.00499582872603124
10.3680672408241 0.00423195080719211 0.00499582872603124
10.3716406922484 0.00423195080719211 0.00499582872603124
10.3752153752962 0.00423195080719211 0.00499582872603124
10.3787912903919 0.00423195080719211 0.00499582872603124
10.3823684379603 0.00423195080719211 0.00499582872603124
10.385946818426 0.00423195080719211 0.00499582872603124
10.3895264322141 0.00423195080719211 0.00499582872603124
10.3931072797496 0.00423195080719211 0.00499582872603124
10.3966893614577 0.00423195080719211 0.00499582872603124
10.4002726777638 0.00423195080719211 0.00499582872603124
10.4038572290934 0.00423195080719211 0.00499582872603124
10.4074430158722 0.00423195080719211 0.00499582872603124
10.4110300385259 0.00423195080719211 0.00499582872603124
10.4146182974806 0.00423195080719211 0.00499582872603124
10.4182077931623 0.00423195080719211 0.00499582872603124
10.4217985259973 0.00423195080719211 0.00499582872603124
10.425390496412 0.00427970741906653 0.00507063787114384
10.4289837048329 0.00427970741906653 0.00507063787114384
10.4325781516867 0.00427970741906653 0.00507063787114384
10.4361738374003 0.00427970741906653 0.00507063787114384
10.4397707624006 0.00427970741906653 0.00507063787114384
10.4433689271148 0.00427970741906653 0.00507063787114384
10.4469683319701 0.00427970741906653 0.00507063787114384
10.450568977394 0.00427970741906653 0.00507063787114384
10.4541708638141 0.00427970741906653 0.00507063787114384
10.457773991658 0.00427970741906653 0.00507063787114384
10.4613783613537 0.00427970741906653 0.00507063787114384
10.4649839733291 0.00427970741906653 0.00507063787114384
10.4685908280125 0.00427970741906653 0.00507063787114384
10.472198925832 0.00427970741906653 0.00507063787114384
10.4758082672163 0.00427970741906653 0.00507063787114384
10.4794188525938 0.00427970741906653 0.00507063787114384
10.4830306823934 0.00427970741906653 0.00507063787114384
10.486643757044 0.00427970741906653 0.00507063787114384
10.4902580769745 0.00427970741906653 0.00507063787114384
10.4938736426143 0.00427970741906653 0.00507063787114384
10.4974904543926 0.00427970741906653 0.00507063787114384
10.5011085127389 0.00427970741906653 0.00507063787114384
10.5047278180829 0.00427970741906653 0.00507063787114384
10.5083483708543 0.00430796639122568 0.00511255391199765
10.5119701714832 0.00430796639122568 0.00511255391199765
10.5155932203995 0.00430796639122568 0.00511255391199765
10.5192175180336 0.00430796639122568 0.00511255391199765
10.5228430648158 0.00430796639122568 0.00511255391199765
10.5264698611766 0.00430796639122568 0.00511255391199765
10.5300979075467 0.00432007034760187 0.0051057010089043
10.533727204357 0.00432007034760187 0.0051057010089043
10.5373577520383 0.00432007034760187 0.0051057010089043
10.540989551022 0.00432007034760187 0.0051057010089043
10.5446226017391 0.00432007034760187 0.0051057010089043
10.5482569046212 0.00432007034760187 0.0051057010089043
10.5518924600998 0.00432007034760187 0.0051057010089043
10.5555292686066 0.00432007034760187 0.0051057010089043
10.5591673305735 0.00432007034760187 0.0051057010089043
10.5628066464325 0.00432007034760187 0.0051057010089043
10.5664472166158 0.00432007034760187 0.0051057010089043
10.5700890415557 0.00436460302101196 0.00517825020031839
10.5737321216846 0.00436460302101196 0.00517825020031839
10.5773764574352 0.00436460302101196 0.00517825020031839
10.5810220492402 0.00436460302101196 0.00517825020031839
10.5846688975326 0.00436460302101196 0.00517825020031839
10.5883170027454 0.00436460302101196 0.00517825020031839
10.5919663653118 0.00436460302101196 0.00517825020031839
10.5956169856651 0.00436460302101196 0.00517825020031839
10.5992688642389 0.00436460302101196 0.00517825020031839
10.6029220014669 0.00436460302101196 0.00517825020031839
10.6065763977828 0.00436460302101196 0.00517825020031839
10.6102320536206 0.00436460302101196 0.00517825020031839
10.6138889694144 0.00436460302101196 0.00517825020031839
10.6175471455985 0.00436460302101196 0.00517825020031839
10.6212065826072 0.00436460302101196 0.00517825020031839
10.6248672808751 0.00436460302101196 0.00517825020031839
10.628529240837 0.00436460302101196 0.00517825020031839
10.6321924629276 0.00436460302101196 0.00517825020031839
10.6358569475821 0.00436460302101196 0.00517825020031839
10.6395226952354 0.00436460302101196 0.00517825020031839
10.643189706323 0.00436460302101196 0.00517825020031839
10.6468579812803 0.00436460302101196 0.00517825020031839
10.6505275205429 0.00436460302101196 0.00517825020031839
10.6541983245466 0.00436460302101196 0.00517825020031839
10.6578703937272 0.00436460302101196 0.00517825020031839
10.6615437285208 0.00436460302101196 0.00517825020031839
10.6652183293637 0.00436557365361292 0.00517767487860959
10.6688941966921 0.00436557365361292 0.00517767487860959
10.6725713309426 0.00436557365361292 0.00517767487860959
10.6762497325519 0.00436557365361292 0.00517767487860959
10.6799294019567 0.00436557365361292 0.00517767487860959
10.683610339594 0.00436557365361292 0.00517767487860959
10.6872925459009 0.00436557365361292 0.00517767487860959
10.6909760213147 0.00436557365361292 0.00517767487860959
10.6946607662728 0.00436557365361292 0.00517767487860959
10.6983467812127 0.00436557365361292 0.00517767487860959
10.7020340665721 0.00436557365361292 0.00517767487860959
10.705722622789 0.00436557365361292 0.00517767487860959
10.7094124503013 0.00436557365361292 0.00517767487860959
10.7131035495472 0.00436557365361292 0.00517767487860959
10.716795920965 0.00436557365361292 0.00517767487860959
10.7204895649932 0.00440579203520133 0.00523087449382137
10.7241844820703 0.00440579203520133 0.00523087449382137
10.7278806726352 0.00440579203520133 0.00523087449382137
10.7315781371268 0.00440579203520133 0.00523087449382137
10.7352768759841 0.00440579203520133 0.00523087449382137
10.7389768896464 0.00440579203520133 0.00523087449382137
10.7426781785531 0.00440579203520133 0.00523087449382137
10.7463807431436 0.00440579203520133 0.00523087449382137
10.7500845838577 0.00440579203520133 0.00523087449382137
10.7537897011351 0.00440579203520133 0.00523087449382137
10.7574960954159 0.00440579203520133 0.00523087449382137
10.7612037671401 0.00441563644559698 0.00524423706317374
10.7649127167482 0.00441563644559698 0.00524423706317374
10.7686229446804 0.00441563644559698 0.00524423706317374
10.7723344513774 0.00441563644559698 0.00524423706317374
10.7760472372799 0.00441563644559698 0.00524423706317374
10.7797613028289 0.00441563644559698 0.00524423706317374
10.7834766484653 0.00441563644559698 0.00524423706317374
10.7871932746304 0.00444398027167644 0.00523268623121594
10.7909111817654 0.00444398027167644 0.00523268623121594
10.794630370312 0.00444398027167644 0.00523268623121594
10.7983508407117 0.00444849568452106 0.00522998229514393
10.8020725934063 0.00444849568452106 0.00522998229514393
10.8057956288379 0.00444849568452106 0.00522998229514393
10.8095199474484 0.00444849568452106 0.00522998229514393
10.8132455496803 0.00444849568452106 0.00522998229514393
10.8169724359758 0.00444849568452106 0.00522998229514393
10.8207006067775 0.00444849568452106 0.00522998229514393
10.8244300625283 0.00444849568452106 0.00522998229514393
10.8281608036708 0.00446962171272563 0.00526451827889405
10.8318928306482 0.00446962171272563 0.00526451827889405
10.8356261439037 0.00446962171272563 0.00526451827889405
10.8393607438805 0.00446962171272563 0.00526451827889405
10.8430966310221 0.00446962171272563 0.00526451827889405
10.8468338057723 0.00446962171272563 0.00526451827889405
10.8505722685746 0.00446962171272563 0.00526451827889405
10.8543120198732 0.00446962171272563 0.00526451827889405
10.8580530601121 0.00446962171272563 0.00526451827889405
10.8617953897355 0.00446962171272563 0.00526451827889405
10.8655390091878 0.00446962171272563 0.00526451827889405
10.8692839189137 0.00446962171272563 0.00526451827889405
10.8730301193577 0.00446962171272563 0.00526451827889405
10.8767776109647 0.00446962171272563 0.00526451827889405
10.8805263941799 0.00446962171272563 0.00526451827889405
10.8842764694482 0.00446962171272563 0.00526451827889405
10.8880278372151 0.00446962171272563 0.00526451827889405
10.891780497926 0.00446962171272563 0.00526451827889405
10.8955344520266 0.00446962171272563 0.00526451827889405
10.8992896999625 0.00446962171272563 0.00526451827889405
10.9030462421799 0.00446962171272563 0.00526451827889405
10.9068040791246 0.00446962171272563 0.00526451827889405
10.910563211243 0.00446962171272563 0.00526451827889405
10.9143236389816 0.00447240234181783 0.00526286819770778
10.9180853627867 0.00447240234181783 0.00526286819770778
10.9218483831051 0.00447240234181783 0.00526286819770778
10.9256127003838 0.00447240234181783 0.00526286819770778
10.9293783150696 0.00447240234181783 0.00526286819770778
10.9331452276097 0.00447378628222546 0.00526484023019358
10.9369134384516 0.00447378628222546 0.00526484023019358
10.9406829480425 0.00447378628222546 0.00526484023019358
10.9444537568303 0.00447899581434031 0.00526188312862048
10.9482258652625 0.00466582041342471 0.00553605103553542
10.9519992737873 0.00466582041342471 0.00553605103553542
10.9557739828526 0.00466582041342471 0.00553605103553542
10.9595499929068 0.00466582041342471 0.00553605103553542
10.9633273043981 0.00466582041342471 0.00553605103553542
10.9671059177752 0.00466582041342471 0.00553605103553542
10.9708858334868 0.00466582041342471 0.00553605103553542
10.9746670519817 0.00477885661008411 0.00571609096949221
10.978449573709 0.00477885661008411 0.00571609096949221
10.9822333991177 0.00477886715874198 0.00571608459207736
10.9860185286574 0.00477886715874198 0.00571608459207736
10.9898049627773 0.00477886715874198 0.00571608459207736
10.9935927019272 0.00477886715874198 0.00571608459207736
10.9973817465569 0.00478473912490135 0.00571271914034228
11.0011720971163 0.00478473912490135 0.00571271914034228
11.0049637540554 0.00478473912490135 0.00571271914034228
11.0087567178247 0.00478473930158091 0.00571271897386589
11.0125509888743 0.00478473930158091 0.00571271897386589
11.0163465676551 0.00478473930158091 0.00571271897386589
11.0201434546175 0.00478473930158091 0.00571271897386589
11.0239416502126 0.00478473930158091 0.00571271897386589
11.0277411548914 0.00478473930158091 0.00571271897386589
11.031541969105 0.00478473930158091 0.00571271897386589
11.0353440933049 0.00478473930158091 0.00571271897386589
11.0391475279424 0.00478473930158091 0.00571271897386589
11.0429522734693 0.00478473930158091 0.00571271897386589
11.0467583303373 0.00478473930158091 0.00571271897386589
11.0505656989984 0.00478473930158091 0.00571271897386589
11.0543743799048 0.00478473930158091 0.00571271897386589
11.0581843735088 0.00478473930158091 0.00571271897386589
11.0619956802626 0.00478473930158091 0.00571271897386589
11.0658083006191 0.00478473930158091 0.00571271897386589
11.0696222350308 0.00478473930158091 0.00571271897386589
11.0734374839507 0.00478473930158091 0.00571271897386589
11.0772540478319 0.00478473930158091 0.00571271897386589
11.0810719271275 0.00478473930158091 0.00571271897386589
11.084891122291 0.00478473930158091 0.00571271897386589
11.0887116337758 0.0048443782858994 0.00578971948837042
11.0925334620357 0.0048443782858994 0.00578971948837042
11.0963566075245 0.0048443782858994 0.00578971948837042
11.1001810706961 0.00492951935015783 0.00590730186162965
11.1040068520048 0.00492951935015783 0.00590730186162965
11.1078339519048 0.00492951935015783 0.00590730186162965
11.1116623708507 0.00492951935015783 0.00590730186162965
11.1154921092969 0.00492951935015783 0.00590730186162965
11.1193231676984 0.00494082070396754 0.00590045972949031
11.1231555465099 0.00494082070396754 0.00590045972949031
11.1269892461868 0.00494082070396754 0.00590045972949031
11.1308242671841 0.00494082070396754 0.00590045972949031
11.1346606099572 0.00494082070396754 0.00590045972949031
11.1384982749619 0.00494082070396754 0.00590045972949031
11.1423372626537 0.00494082070396754 0.00590045972949031
11.1461775734885 0.00494082070396754 0.00590045972949031
11.1500192079224 0.00494082070396754 0.00590045972949031
11.1538621664116 0.00494082070396754 0.00590045972949031
11.1577064494124 0.00494082070396754 0.00590045972949031
11.1615520573813 0.00494082070396754 0.00590045972949031
11.165398990775 0.00494082070396754 0.00590045972949031
11.1692472500503 0.00494082070396754 0.00590045972949031
11.1730968356642 0.00494082070396754 0.00590045972949031
11.1769477480738 0.00494082070396754 0.00590045972949031
11.1807999877364 0.00494082070396754 0.00590045972949031
11.1846535551095 0.00494082070396754 0.00590045972949031
11.1885084506506 0.00494082070396754 0.00590045972949031
11.1923646748176 0.00494082070396754 0.00590045972949031
11.1962222280683 0.00494082070396754 0.00590045972949031
11.2000811108608 0.00494082070396754 0.00590045972949031
11.2039413236535 0.00494082070396754 0.00590045972949031
11.2078028669046 0.00494082070396754 0.00590045972949031
11.2116657410727 0.00494082070396754 0.00590045972949031
11.2155299466166 0.00494082070396754 0.00590045972949031
11.219395483995 0.00494082070396754 0.00590045972949031
11.2232623536672 0.00494082070396754 0.00590045972949031
11.2271305560921 0.00494082070396754 0.00590045972949031
11.2310000917292 0.00494082070396754 0.00590045972949031
11.234870961038 0.00494082070396754 0.00590045972949031
11.2387431644782 0.00494082070396754 0.00590045972949031
11.2426167025095 0.00494082070396754 0.00590045972949031
11.2464915755919 0.00494082070396754 0.00590045972949031
11.2503677841856 0.00494082070396754 0.00590045972949031
11.2542453287509 0.00494082070396754 0.00590045972949031
11.2581242097483 0.00494082070396754 0.00590045972949031
11.2620044276382 0.00494082070396754 0.00590045972949031
11.2658859828816 0.00494082070396754 0.00590045972949031
11.2697688759394 0.00494082070396754 0.00590045972949031
11.2736531072725 0.00494082070396754 0.00590045972949031
11.2775386773424 0.00494082070396754 0.00590045972949031
11.2814255866103 0.00494082070396754 0.00590045972949031
11.285313835538 0.00494082070396754 0.00590045972949031
11.289203424587 0.00494082070396754 0.00590045972949031
11.2930943542192 0.00494082070396754 0.00590045972949031
11.2969866248968 0.00494082070396754 0.00590045972949031
11.300880237082 0.00494082070396754 0.00590045972949031
11.304775191237 0.00494082070396754 0.00590045972949031
11.3086714878244 0.00494082070396754 0.00590045972949031
11.3125691273069 0.00494082070396754 0.00590045972949031
11.3164681101473 0.00494082070396754 0.00590045972949031
11.3203684368087 0.00494082070396754 0.00590045972949031
11.3242701077542 0.00494082070396754 0.00590045972949031
11.328173123447 0.00494082070396754 0.00590045972949031
11.3320774843508 0.00494082070396754 0.00590045972949031
11.3359831909291 0.00494082070396754 0.00590045972949031
11.3398902436457 0.00494082070396754 0.00590045972949031
11.3437986429646 0.00494082070396754 0.00590045972949031
11.34770838935 0.00494082070396754 0.00590045972949031
11.351619483266 0.00494082070396754 0.00590045972949031
11.3555319251771 0.00494082070396754 0.00590045972949031
11.359445715548 0.00494082070396754 0.00590045972949031
11.3633608548434 0.00494082070396754 0.00590045972949031
11.3672773435281 0.00494082070396754 0.00590045972949031
11.3711951820674 0.00494082070396754 0.00590045972949031
11.3751143709264 0.00494082070396754 0.00590045972949031
11.3790349105705 0.00494082070396754 0.00590045972949031
11.3829568014652 0.00494082070396754 0.00590045972949031
11.3868800440764 0.00494082070396754 0.00590045972949031
11.3908046388699 0.00494082070396754 0.00590045972949031
11.3947305863117 0.00494082070396754 0.00590045972949031
11.3986578868681 0.00494082070396754 0.00590045972949031
11.4025865410053 0.00494082070396754 0.00590045972949031
11.40651654919 0.00494082070396754 0.00590045972949031
11.4104479118888 0.00494082070396754 0.00590045972949031
11.4143806295685 0.00494082070396754 0.00590045972949031
11.4183147026962 0.00494082070396754 0.00590045972949031
11.422250131739 0.00494082070396754 0.00590045972949031
11.4261869171643 0.00494082070396754 0.00590045972949031
11.4301250594395 0.00494082070396754 0.00590045972949031
11.4340645590324 0.00494082070396754 0.00590045972949031
11.4380054164106 0.00494082070396754 0.00590045972949031
11.4419476320422 0.00494082070396754 0.00590045972949031
11.4458912063953 0.00494082070396754 0.00590045972949031
11.4498361399383 0.00494082070396754 0.00590045972949031
11.4537824331395 0.00494082070396754 0.00590045972949031
11.4577300864676 0.00494082070396754 0.00590045972949031
11.4616791003914 0.00494082070396754 0.00590045972949031
11.4656294753798 0.00494082070396754 0.00590045972949031
11.4695812119019 0.00494082070396754 0.00590045972949031
11.473534310427 0.00494082070396754 0.00590045972949031
11.4774887714245 0.00494082070396754 0.00590045972949031
11.481444595364 0.00494082070396754 0.00590045972949031
11.4854017827153 0.00494082070396754 0.00590045972949031
11.4893603339482 0.00494082070396754 0.00590045972949031
11.4933202495328 0.00494082070396754 0.00590045972949031
11.4972815299394 0.00494082070396754 0.00590045972949031
11.5012441756384 0.00494082070396754 0.00590045972949031
11.5052081871004 0.00494082070396754 0.00590045972949031
11.5091735647959 0.00494082070396754 0.00590045972949031
11.5131403091961 0.00494082070396754 0.00590045972949031
11.5171084207718 0.00494082070396754 0.00590045972949031
11.5210778999943 0.00494082070396754 0.00590045972949031
11.525048747335 0.00494082070396754 0.00590045972949031
11.5290209632653 0.00494082070396754 0.00590045972949031
11.5329945482571 0.00494082070396754 0.00590045972949031
11.5369695027822 0.00494082070396754 0.00590045972949031
11.5409458273125 0.00494082070396754 0.00590045972949031
11.5449235223203 0.00494082070396754 0.00590045972949031
11.5489025882779 0.00494082070396754 0.00590045972949031
11.5528830256579 0.00494082070396754 0.00590045972949031
11.5568648349328 0.00494082070396754 0.00590045972949031
11.5608480165756 0.00494082070396754 0.00590045972949031
11.5648325710592 0.00494082070396754 0.00590045972949031
11.5688184988569 0.00494082070396754 0.00590045972949031
11.5728058004418 0.00494082070396754 0.00590045972949031
11.5767944762876 0.00494082070396754 0.00590045972949031
11.5807845268678 0.00494082070396754 0.00590045972949031
11.5847759526563 0.00494082070396754 0.00590045972949031
11.5887687541271 0.00494082070396754 0.00590045972949031
11.5927629317542 0.00494082070396754 0.00590045972949031
11.5967584860121 0.00505424779145432 0.00607021762946599
11.6007554173752 0.00505424779145432 0.00607021762946599
11.604753726318 0.00505424779145432 0.00607021762946599
11.6087534133155 0.00508092428433838 0.00611086344637774
11.6127544788425 0.00508092428433838 0.00611086344637774
11.6167569233742 0.00508092428433838 0.00611086344637774
11.6207607473859 0.00508092428433838 0.00611086344637774
11.624765951353 0.00508092428433838 0.00611086344637774
11.6287725357512 0.00508092428433838 0.00611086344637774
11.6327805010561 0.00508092428433838 0.00611086344637774
11.6367898477439 0.00508092428433838 0.00611086344637774
11.6408005762904 0.00508092428433838 0.00611086344637774
11.6448126871722 0.00508092428433838 0.00611086344637774
11.6488261808655 0.00508141787080127 0.00611064361340719
11.6528410578469 0.00508141787080127 0.00611064361340719
11.6568573185933 0.00508141787080127 0.00611064361340719
11.6608749635816 0.00508141787080127 0.00611064361340719
11.6648939932888 0.00508141787080127 0.00611064361340719
11.6689144081922 0.00508141787080127 0.00611064361340719
11.6729362087692 0.00508141787080127 0.00611064361340719
11.6769593954975 0.00508141787080127 0.00611064361340719
11.6809839688547 0.00508141787080127 0.00611064361340719
11.6850099293188 0.00508141787080127 0.00611064361340719
11.6890372773679 0.00508141787080127 0.00611064361340719
11.6930660134801 0.00508141787080127 0.00611064361340719
11.697096138134 0.00508141787080127 0.00611064361340719
11.7011276518081 0.00508141787080127 0.00611064361340719
11.7051605549811 0.00508141787080127 0.00611064361340719
11.7091948481319 0.00508141787080127 0.00611064361340719
11.7132305317396 0.00508141787080127 0.00611064361340719
11.7172676062834 0.00508141787080127 0.00611064361340719
11.7213060722428 0.00508141787080127 0.00611064361340719
11.7253459300973 0.00508453206763175 0.00610877415806796
11.7293871803266 0.00508453206763175 0.00610877415806796
11.7334298234106 0.00508453206763175 0.00610877415806796
11.7374738598294 0.00508453206763175 0.00610877415806796
11.7415192900632 0.00508453206763175 0.00610877415806796
11.7455661145924 0.00508453206763175 0.00610877415806796
11.7496143338975 0.00508453206763175 0.00610877415806796
11.7536639484594 0.00508453206763175 0.00610877415806796
11.7577149587587 0.00508453206763175 0.00610877415806796
11.7617673652768 0.00508453206763175 0.00610877415806796
11.7658211684946 0.00508453206763175 0.00610877415806796
11.7698763688937 0.00508453206763175 0.00610877415806796
11.7739329669555 0.00508453206763175 0.00610877415806796
11.7779909631619 0.00508453206763175 0.00610877415806796
11.7820503579946 0.00508453206763175 0.00610877415806796
11.7861111519357 0.00508453206763175 0.00610877415806796
11.7901733454675 0.00508453206763175 0.00610877415806796
11.7942369390723 0.00508453206763175 0.00610877415806796
11.7983019332327 0.00508453206763175 0.00610877415806796
11.8023683284314 0.00508453206763175 0.00610877415806796
11.8064361251512 0.00508453206763175 0.00610877415806796
11.8105053238753 0.00508453206763175 0.00610877415806796
11.8145759250868 0.00508453206763175 0.00610877415806796
11.8186479292691 0.005087182063493 0.00610722352677276
11.8227213369057 0.005087182063493 0.00610722352677276
11.8267961484805 0.005087182063493 0.00610722352677276
11.8308723644772 0.005087182063493 0.00610722352677276
11.8349499853798 0.005087182063493 0.00610722352677276
11.8390290116727 0.005087182063493 0.00610722352677276
11.8431094438402 0.005087182063493 0.00610722352677276
11.8471912823668 0.005087182063493 0.00610722352677276
11.8512745277373 0.005087182063493 0.00610722352677276
11.8553591804365 0.005087182063493 0.00610722352677276
11.8594452409495 0.005087182063493 0.00610722352677276
11.8635327097615 0.005087182063493 0.00610722352677276
11.8676215873579 0.005087182063493 0.00610722352677276
11.8717118742243 0.005087182063493 0.00610722352677276
11.8758035708463 0.005087182063493 0.00610722352677276
11.8798966777098 0.005087182063493 0.00610722352677276
11.8839911953009 0.005087182063493 0.00610722352677276
11.8880871241058 0.005087182063493 0.00610722352677276
11.892184464611 0.00513678851825445 0.0061848381592437
11.8962832173029 0.00513678851825445 0.0061848381592437
11.9003833826682 0.00513678851825445 0.0061848381592437
11.904484961194 0.00513678851825445 0.0061848381592437
11.9085879533672 0.00513678851825445 0.0061848381592437
11.912692359675 0.00513678851825445 0.0061848381592437
11.9167981806049 0.00513678851825445 0.0061848381592437
11.9209054166444 0.00513678851825445 0.0061848381592437
11.9250140682813 0.00513678851825445 0.0061848381592437
11.9291241360034 0.00513678851825445 0.0061848381592437
11.9332356202988 0.00513678851825445 0.0061848381592437
11.9373485216558 0.00513678851825445 0.0061848381592437
11.9414628405627 0.00513678851825445 0.0061848381592437
11.9455785775081 0.00513678851825445 0.0061848381592437
11.9496957329808 0.00513678851825445 0.0061848381592437
11.9538143074697 0.00513678851825445 0.0061848381592437
11.9579343014638 0.00513678851825445 0.0061848381592437
11.9620557154524 0.00513678851825445 0.0061848381592437
11.9661785499249 0.00513678851825445 0.0061848381592437
11.970302805371 0.00513678851825445 0.0061848381592437
11.9744284822802 0.00513678851825445 0.0061848381592437
11.9785555811426 0.00513678851825445 0.0061848381592437
11.9826841024483 0.00513678851825445 0.0061848381592437
11.9868140466875 0.00513678851825445 0.0061848381592437
11.9909454143507 0.00513678851825445 0.0061848381592437
11.9950782059283 0.00513678851825445 0.0061848381592437
11.9992124219113 0.00513678851825445 0.0061848381592437
12.0033480627905 0.00513678851825445 0.0061848381592437
12.0074851290571 0.00513678851825445 0.0061848381592437
12.0116236212022 0.00513678851825445 0.0061848381592437
12.0157635397174 0.00514493269483943 0.00618122246497117
12.0199048850943 0.00514493269483943 0.00618122246497117
12.0240476578247 0.00514493269483943 0.00618122246497117
12.0281918584004 0.00514493269483943 0.00618122246497117
12.0323374873137 0.00514493269483943 0.00618122246497117
12.0364845450567 0.00514493269483943 0.00618122246497117
12.0406330321221 0.00514493269483943 0.00618122246497117
12.0447829490023 0.00514493269483943 0.00618122246497117
12.0489342961902 0.00514493269483943 0.00618122246497117
12.0530870741788 0.00514493269483943 0.00618122246497117
12.0572412834612 0.00514493269483943 0.00618122246497117
12.0613969245308 0.00514493269483943 0.00618122246497117
12.0655539978809 0.00514493269483943 0.00618122246497117
12.0697125040052 0.00514493269483943 0.00618122246497117
12.0738724433976 0.00514493269483943 0.00618122246497117
12.0780338165521 0.00514493269483943 0.00618122246497117
12.0821966239628 0.00514493269483943 0.00618122246497117
12.086360866124 0.00514493269483943 0.00618122246497117
12.0905265435303 0.00514493269483943 0.00618122246497117
12.0946936566762 0.00514493269483943 0.00618122246497117
12.0988622060567 0.00514493269483943 0.00618122246497117
12.1030321921668 0.00514493269483943 0.00618122246497117
12.1072036155016 0.00515283226384256 0.00617650991286597
12.1113764765566 0.00515283226384256 0.00617650991286597
12.1155507758271 0.00515283226384256 0.00617650991286597
12.119726513809 0.00515283226384256 0.00617650991286597
12.123903690998 0.00515283226384256 0.00617650991286597
12.1280823078903 0.00515283226384256 0.00617650991286597
12.132262364982 0.00515283226384256 0.00617650991286597
12.1364438627695 0.00515283226384256 0.00617650991286597
12.1406268017493 0.00515283226384256 0.00617650991286597
12.1448111824183 0.00515283226384256 0.00617650991286597
12.1489970052732 0.00515283226384256 0.00617650991286597
12.1531842708111 0.00515283226384256 0.00617650991286597
12.1573729795292 0.00515283226384256 0.00617650991286597
12.1615631319251 0.00515283226384256 0.00617650991286597
12.1657547284962 0.00515283226384256 0.00617650991286597
12.1699477697403 0.00515283226384256 0.00617650991286597
12.1741422561553 0.00515283226384256 0.00617650991286597
12.1783381882393 0.00515283226384256 0.00617650991286597
12.1825355664905 0.00515283226384256 0.00617650991286597
12.1867343914075 0.00515283226384256 0.00617650991286597
12.1909346634888 0.00515283226384256 0.00617650991286597
12.1951363832332 0.00515283226384256 0.00617650991286597
12.1993395511396 0.00515283226384256 0.00617650991286597
12.2035441677072 0.00515283226384256 0.00617650991286597
12.2077502334352 0.00515283226384256 0.00617650991286597
12.2119577488232 0.00515283226384256 0.00617650991286597
12.2161667143707 0.00515283226384256 0.00617650991286597
12.2203771305776 0.00515283226384256 0.00617650991286597
12.2245889979438 0.00515283226384256 0.00617650991286597
12.2288023169696 0.00515283226384256 0.00617650991286597
12.2330170881552 0.00515283226384256 0.00617650991286597
12.2372333120012 0.00515283226384256 0.00617650991286597
12.2414509890081 0.00515283226384256 0.00617650991286597
12.2456701196769 0.00515283226384256 0.00617650991286597
12.2498907045086 0.00516342057168602 0.00617193173405832
12.2541127440044 0.00516342057168602 0.00617193173405832
12.2583362386656 0.00516342057168602 0.00617193173405832
12.2625611889938 0.00516342057168602 0.00617193173405832
12.2667875954906 0.00516899192748195 0.00616866056070992
12.271015458658 0.00516899192748195 0.00616866056070992
12.275244778998 0.00523157213292582 0.00627013420678193
12.2794755570129 0.00523157213292582 0.00627013420678193
12.283707793205 0.00523157213292582 0.00627013420678193
12.287941488077 0.00523157213292582 0.00627013420678193
12.2921766421315 0.00523157213292582 0.00627013420678193
12.2964132558714 0.00523157213292582 0.00627013420678193
12.3006513298 0.00523157213292582 0.00627013420678193
12.3048908644204 0.00523157213292582 0.00627013420678193
12.3091318602361 0.00523157213292582 0.00627013420678193
12.3133743177507 0.00523157213292582 0.00627013420678193
12.3176182374681 0.00523157213292582 0.00627013420678193
12.321863619892 0.00523704637723846 0.00627919967211419
12.3261104655268 0.00523704637723846 0.00627919967211419
12.3303587748766 0.00523704637723846 0.00627919967211419
12.3346085484461 0.00523704637723846 0.00627919967211419
12.3388597867397 0.00523704637723846 0.00627919967211419
12.3431124902625 0.00523704637723846 0.00627919967211419
12.3473666595193 0.00523704637723846 0.00627919967211419
12.3516222950154 0.00523704637723846 0.00627919967211419
12.3558793972561 0.00523704637723846 0.00627919967211419
12.3601379667469 0.00523704637723846 0.00627919967211419
12.3643980039936 0.00523704637723846 0.00627919967211419
12.3686595095019 0.00523704637723846 0.00627919967211419
12.3729224837781 0.00523704637723846 0.00627919967211419
12.3771869273282 0.00523704637723846 0.00627919967211419
12.3814528406587 0.00523704637723846 0.00627919967211419
12.3857202242762 0.00523704637723846 0.00627919967211419
12.3899890786874 0.00523704637723846 0.00627919967211419
12.3942594043992 0.00523704637723846 0.00627919967211419
12.3985312019187 0.00523704637723846 0.00627919967211419
12.4028044717533 0.00523704637723846 0.00627919967211419
12.4070792144103 0.00523704637723846 0.00627919967211419
12.4113554303973 0.00523704637723846 0.00627919967211419
12.4156331202222 0.00523704637723846 0.00627919967211419
12.419912284393 0.00525980415193267 0.00630893400094083
12.4241929234178 0.00525980415193267 0.00630893400094083
12.4284750378048 0.00525980415193267 0.00630893400094083
12.4327586280627 0.00525980415193267 0.00630893400094083
12.4370436947 0.00525980415193267 0.00630893400094083
12.4413302382257 0.00525980415193267 0.00630893400094083
12.4456182591487 0.00525980415193267 0.00630893400094083
12.4499077579783 0.00525980415193267 0.00630893400094083
12.4541987352238 0.00525980415193267 0.00630893400094083
12.4584911913948 0.00525980415193267 0.00630893400094083
12.4627851270009 0.00525980415193267 0.00630893400094083
12.4670805425522 0.00529639210819674 0.00635798368610729
12.4713774385587 0.00529657413379882 0.00635824697545703
12.4756758155305 0.00529657413379882 0.00635824697545703
12.4799756739783 0.00529657413379882 0.00635824697545703
12.4842770144125 0.00529657413379882 0.00635824697545703
12.4885798373439 0.00529657413379882 0.00635824697545703
12.4928841432835 0.00529657413379882 0.00635824697545703
12.4971899327425 0.00529657413379882 0.00635824697545703
12.5014972062321 0.00529657413379882 0.00635824697545703
12.5058059642638 0.00529657413379882 0.00635824697545703
12.5101162073494 0.00529657413379882 0.00635824697545703
12.5144279360005 0.00529657413379882 0.00635824697545703
12.5187411507293 0.00529657413379882 0.00635824697545703
12.5230558520479 0.00529657413379882 0.00635824697545703
12.5273720404687 0.00529657413379882 0.00635824697545703
12.5316897165043 0.00529657413379882 0.00635824697545703
12.5360088806673 0.00529657413379882 0.00635824697545703
12.5403295334707 0.00529657413379882 0.00635824697545703
12.5446516754275 0.00529657413379882 0.00635824697545703
12.548975307051 0.00529657413379882 0.00635824697545703
12.5533004288546 0.00529657413379882 0.00635824697545703
12.5576270413519 0.00533299041073499 0.00641163897857779
12.5619551450567 0.00533299041073499 0.00641163897857779
12.566284740483 0.00533757837831675 0.00640889594875215
12.5706158281448 0.00533757837831675 0.00640889594875215
12.5749484085566 0.00533757837831675 0.00640889594875215
12.5792824822327 0.00533757837831675 0.00640889594875215
12.583618049688 0.00534011539655385 0.00640740100815229
12.5879551114371 0.00534011539655385 0.00640740100815229
12.5922936679951 0.00534011539655385 0.00640740100815229
12.5966337198773 0.00534011539655385 0.00640740100815229
12.600975267599 0.00534011539655385 0.00640740100815229
12.6053183116757 0.00534011539655385 0.00640740100815229
12.6096628526233 0.00534011539655385 0.00640740100815229
12.6140088909575 0.00534011539655385 0.00640740100815229
12.6183564271945 0.00534011539655385 0.00640740100815229
12.6227054618506 0.00534011539655385 0.00640740100815229
12.6270559954422 0.00534011539655385 0.00640740100815229
12.631408028486 0.00534011539655385 0.00640740100815229
12.6357615614986 0.00534011539655385 0.00640740100815229
12.6401165949972 0.00534011539655385 0.00640740100815229
12.6444731294988 0.00534011539655385 0.00640740100815229
12.6488311655208 0.00534011539655385 0.00640740100815229
12.6531907035807 0.00534057681271997 0.00640713005242399
12.6575517441962 0.00534057681271997 0.00640713005242399
12.6619142878852 0.00534057681271997 0.00640713005242399
12.6662783351657 0.00534057681271997 0.00640713005242399
12.670643886556 0.00534057681271997 0.00640713005242399
12.6750109425744 0.00534057681271997 0.00640713005242399
12.6793795037395 0.00534057681271997 0.00640713005242399
12.6837495705701 0.00534057681271997 0.00640713005242399
12.6881211435852 0.00534057681271997 0.00640713005242399
12.6924942233038 0.00534057681271997 0.00640713005242399
12.6968688102453 0.00536123000297981 0.00639529705202025
12.7012449049291 0.00536123000297981 0.00639529705202025
12.705622507875 0.00536695840771534 0.00639277176221029
12.7100016196026 0.00536695840771534 0.00639277176221029
12.7143822406321 0.00536695840771534 0.00639277176221029
12.7187643714837 0.00536695840771534 0.00639277176221029
12.7231480126776 0.00536695840771534 0.00639277176221029
12.7275331647345 0.00536695840771534 0.00639277176221029
12.7319198281752 0.00536695840771534 0.00639277176221029
12.7363080035204 0.00536695840771534 0.00639277176221029
12.7406976912914 0.00536695840771534 0.00639277176221029
12.7450888920093 0.00536695840771534 0.00639277176221029
12.7494816061957 0.00536695840771534 0.00639277176221029
12.7538758343721 0.00536695840771534 0.00639277176221029
12.7582715770604 0.00536695840771534 0.00639277176221029
12.7626688347826 0.00536695840771534 0.00639277176221029
12.7670676080608 0.00536695840771534 0.00639277176221029
12.7714678974174 0.00536695840771534 0.00639277176221029
12.7758697033749 0.00536695840771534 0.00639277176221029
12.780273026456 0.00536695840771534 0.00639277176221029
12.7846778671836 0.00536695840771534 0.00639277176221029
12.7890842260809 0.00536695840771534 0.00639277176221029
12.7934921036709 0.00538971775832115 0.00638318583696057
12.7979015004773 0.00538971775832115 0.00638318583696057
12.8023124170235 0.00538971775832115 0.00638318583696057
12.8067248538334 0.00538971775832115 0.00638318583696057
12.8111388114309 0.00538971775832115 0.00638318583696057
12.8155542903403 0.00538971775832115 0.00638318583696057
12.8199712910858 0.00538971775832115 0.00638318583696057
12.8243898141919 0.00538971775832115 0.00638318583696057
12.8288098601834 0.00538971775832115 0.00638318583696057
12.8332314295851 0.00538971775832115 0.00638318583696057
12.8376545229221 0.00538971775832115 0.00638318583696057
12.8420791407196 0.00538971775832115 0.00638318583696057
12.8465052835031 0.00538971775832115 0.00638318583696057
12.8509329517981 0.00538971775832115 0.00638318583696057
12.8553621461304 0.00538971775832115 0.00638318583696057
12.859792867026 0.00548477471511903 0.00654017464389182
12.8642251150111 0.00548477471511903 0.00654017464389182
12.8686588906118 0.00548477471511903 0.00654017464389182
12.8730941943549 0.00548477471511903 0.00654017464389182
12.8775310267669 0.00548477471511903 0.00654017464389182
12.8819693883747 0.00548477471511903 0.00654017464389182
12.8864092797054 0.00548477471511903 0.00654017464389182
12.8908507012863 0.00548477471511903 0.00654017464389182
12.8952936536446 0.00548477471511903 0.00654017464389182
12.899738137308 0.00548477471511903 0.00654017464389182
12.9041841528044 0.00548477471511903 0.00654017464389182
12.9086317006616 0.00548477471511903 0.00654017464389182
12.9130807814078 0.00548477471511903 0.00654017464389182
12.9175313955713 0.00548477471511903 0.00654017464389182
12.9219835436807 0.00548477471511903 0.00654017464389182
12.9264372262645 0.00548477471511903 0.00654017464389182
12.9308924438518 0.00548477471511903 0.00654017464389182
12.9353491969715 0.00548477471511903 0.00654017464389182
12.9398074861529 0.00548477471511903 0.00654017464389182
12.9442673119254 0.00548477471511903 0.00654017464389182
12.9487286748186 0.00556602987539379 0.00664871671200141
12.9531915753623 0.00556602987539379 0.00664871671200141
12.9576560140864 0.00556602987539379 0.00664871671200141
12.9621219915211 0.00556602987539379 0.00664871671200141
12.9665895081967 0.00556602987539379 0.00664871671200141
12.9710585646438 0.00556602987539379 0.00664871671200141
12.975529161393 0.00556602987539379 0.00664871671200141
12.9800012989753 0.00556602987539379 0.00664871671200141
12.9844749779216 0.00556602987539379 0.00664871671200141
12.9889501987632 0.00556602987539379 0.00664871671200141
12.9934269620316 0.00556602987539379 0.00664871671200141
12.9979052682584 0.00556602987539379 0.00664871671200141
13.0023851179753 0.00556602987539379 0.00664871671200141
13.0068665117143 0.00556602987539379 0.00664871671200141
13.0113494500077 0.00556602987539379 0.00664871671200141
13.0158339333877 0.00556710685516986 0.00664805837156154
13.0203199623869 0.00556710685516986 0.00664805837156154
13.0248075375379 0.00556710685516986 0.00664805837156154
13.0292966593738 0.00556710685516986 0.00664805837156154
13.0337873284275 0.00556710685516986 0.00664805837156154
13.0382795452323 0.00556710685516986 0.00664805837156154
13.0427733103217 0.00556710685516986 0.00664805837156154
13.0472686242293 0.00556710685516986 0.00664805837156154
13.0517654874889 0.00556710685516986 0.00664805837156154
13.0562639006345 0.00556710685516986 0.00664805837156154
13.0607638642004 0.00556710685516986 0.00664805837156154
13.0652653787207 0.00556710685516986 0.00664805837156154
13.0697684447302 0.00556710685516986 0.00664805837156154
13.0742730627636 0.00556710685516986 0.00664805837156154
13.0787792333557 0.00556710685516986 0.00664805837156154
13.0832869570417 0.00556710685516986 0.00664805837156154
13.0877962343569 0.00556710685516986 0.00664805837156154
13.0923070658367 0.00556710685516986 0.00664805837156154
13.0968194520168 0.00556710685516986 0.00664805837156154
13.101333393433 0.00556710685516986 0.00664805837156154
13.1058488906214 0.00556710685516986 0.00664805837156154
13.1103659441182 0.00556710685516986 0.00664805837156154
13.1148845544597 0.00556710685516986 0.00664805837156154
13.1194047221826 0.00556710685516986 0.00664805837156154
13.1239264478236 0.00556710685516986 0.00664805837156154
13.1284497319197 0.00556710685516986 0.00664805837156154
13.1329745750079 0.00556710685516986 0.00664805837156154
13.1375009776257 0.00556710685516986 0.00664805837156154
13.1420289403106 0.00556877905711682 0.00664703916441614
13.1465584636001 0.00556877905711682 0.00664703916441614
13.1510895480323 0.00556877905711682 0.00664703916441614
13.1556221941451 0.00556877905711682 0.00664703916441614
13.1601564024768 0.00556877905711682 0.00664703916441614
13.1646921735659 0.00556877905711682 0.00664703916441614
13.1692295079509 0.00556877905711682 0.00664703916441614
13.1737684061707 0.00556877905711682 0.00664703916441614
13.1783088687642 0.00556877905711682 0.00664703916441614
13.1828508962707 0.00556877905711682 0.00664703916441614
13.1873944892295 0.00556877905711682 0.00664703916441614
13.1919396481801 0.00556877905711682 0.00664703916441614
13.1964863736623 0.00556877905711682 0.00664703916441614
13.201034666216 0.00556877905711682 0.00664703916441614
13.2055845263813 0.00556877905711682 0.00664703916441614
13.2101359546985 0.00556877905711682 0.00664703916441614
13.2146889517081 0.00556877905711682 0.00664703916441614
13.2192435179507 0.00556877905711682 0.00664703916441614
13.2237996539672 0.00556877905711682 0.00664703916441614
13.2283573602986 0.00556877905711682 0.00664703916441614
13.2329166374862 0.00556877905711682 0.00664703916441614
13.2374774860713 0.00556877905711682 0.00664703916441614
13.2420399065956 0.00556877905711682 0.00664703916441614
13.2466038996009 0.00556877905711682 0.00664703916441614
13.251169465629 0.00556877905711682 0.00664703916441614
13.2557366052222 0.00556877905711682 0.00664703916441614
13.2603053189228 0.00575542161008347 0.00692482836061655
13.2648756072734 0.00575542161008347 0.00692482836061655
13.2694474708166 0.00576068287358604 0.00692256703342615
13.2740209100954 0.00576068287358604 0.00692256703342615
13.2785959256528 0.00576144315015031 0.00692209953012871
13.2831725180322 0.00576144315015031 0.00692209953012871
13.287750687777 0.00576144315015031 0.00692209953012871
13.2923304354308 0.00576144315015031 0.00692209953012871
13.2969117615375 0.00576144315015031 0.00692209953012871
13.3014946666412 0.00577456473868765 0.00691457793039208
13.306079151286 0.00577456473868765 0.00691457793039208
13.3106652160163 0.00577456473868765 0.00691457793039208
13.3152528613768 0.00577456473868765 0.00691457793039208
13.3198420879122 0.00577456473868765 0.00691457793039208
13.3244328961675 0.00577456473868765 0.00691457793039208
13.3290252866878 0.00577456473868765 0.00691457793039208
13.3336192600185 0.00578000634954653 0.00691123760409307
13.3382148167051 0.00578000634954653 0.00691123760409307
13.3428119572934 0.00578000634954653 0.00691123760409307
13.3474106823292 0.00578000634954653 0.00691123760409307
13.3520109923586 0.00578000634954653 0.00691123760409307
13.3566128879279 0.00578000634954653 0.00691123760409307
13.3612163695836 0.00578000634954653 0.00691123760409307
13.3658214378723 0.00578000634954653 0.00691123760409307
13.3704280933409 0.00578000634954653 0.00691123760409307
13.3750363365365 0.00578000634954653 0.00691123760409307
13.3796461680062 0.00578000634954653 0.00691123760409307
13.3842575882975 0.00578000634954653 0.00691123760409307
13.3888705979579 0.00578000634954653 0.00691123760409307
13.3934851975353 0.00578000634954653 0.00691123760409307
13.3981013875777 0.00578000634954653 0.00691123760409307
13.4027191686331 0.00578000634954653 0.00691123760409307
13.4073385412501 0.00578000634954653 0.00691123760409307
13.411959505977 0.00578000634954653 0.00691123760409307
13.4165820633627 0.00578000634954653 0.00691123760409307
13.421206213956 0.00578000634954653 0.00691123760409307
13.4258319583062 0.00578000634954653 0.00691123760409307
13.4304592969624 0.00578149480914889 0.00691059853066539
13.4350882304742 0.00578149480914889 0.00691059853066539
13.4397187593913 0.00578149480914889 0.00691059853066539
13.4443508842635 0.00578149480914889 0.00691059853066539
13.4489846056409 0.00578149480914889 0.00691059853066539
13.4536199240737 0.00578149480914889 0.00691059853066539
13.4582568401125 0.00578149480914889 0.00691059853066539
13.4628953543077 0.00578149480914889 0.00691059853066539
13.4675354672103 0.00578149480914889 0.00691059853066539
13.4721771793712 0.00580401485989868 0.00694592099741181
13.4768204913417 0.00580401485989868 0.00694592099741181
13.4814654036731 0.00585970233975243 0.00692395688056434
13.486111916917 0.00585970233975243 0.00692395688056434
13.4907600316253 0.00585970233975243 0.00692395688056434
13.4954097483497 0.00586571486628912 0.00692023789205734
13.5000610676425 0.00586571486628912 0.00692023789205734
13.5047139900561 0.00586571486628912 0.00692023789205734
13.509368516143 0.00586571486628912 0.00692023789205734
13.5140246464558 0.00586571486628912 0.00692023789205734
13.5186823815475 0.00586571486628912 0.00692023789205734
13.5233417219712 0.00586571486628912 0.00692023789205734
13.5280026682802 0.00586571486628912 0.00692023789205734
13.532665221028 0.00586571486628912 0.00692023789205734
13.5373293807682 0.0058722874386426 0.00692865435771013
13.5419951480548 0.0058722874386426 0.00692865435771013
13.5466625234417 0.0058722874386426 0.00692865435771013
13.5513315074832 0.0058722874386426 0.00692865435771013
13.5560021007338 0.0058722874386426 0.00692865435771013
13.5606743037481 0.0058722874386426 0.00692865435771013
13.5653481170808 0.0058722874386426 0.00692865435771013
13.5700235412871 0.0058722874386426 0.00692865435771013
13.5747005769221 0.0058722874386426 0.00692865435771013
13.5793792245412 0.00587708676856014 0.00692571654577808
13.5840594847 0.00587708676856014 0.00692571654577808
13.5887413579543 0.00587708676856014 0.00692571654577808
13.59342484486 0.00587708676856014 0.00692571654577808
13.5981099459733 0.00587708676856014 0.00692571654577808
13.6027966618506 0.00587708676856014 0.00692571654577808
13.6074849930484 0.00587708676856014 0.00692571654577808
13.6121749401234 0.00587708676856014 0.00692571654577808
13.6168665036326 0.00587708676856014 0.00692571654577808
13.621559684133 0.00587708676856014 0.00692571654577808
13.626254482182 0.00587708676856014 0.00692571654577808
13.6309508983372 0.00587708676856014 0.00692571654577808
13.6356489331561 0.00587708676856014 0.00692571654577808
13.6403485871966 0.00587708676856014 0.00692571654577808
13.645049861017 0.00587708676856014 0.00692571654577808
13.6497527551754 0.00587708676856014 0.00692571654577808
13.6544572702302 0.00587708676856014 0.00692571654577808
13.6591634067402 0.00587708676856014 0.00692571654577808
13.6638711652643 0.00587708676856014 0.00692571654577808
13.6685805463613 0.00587708676856014 0.00692571654577808
13.6732915505907 0.00587708676856014 0.00692571654577808
13.6780041785117 0.00587708676856014 0.00692571654577808
13.6827184306841 0.00587708676856014 0.00692571654577808
13.6874343076676 0.00587708676856014 0.00692571654577808
13.6921518100222 0.00589606663574571 0.00695027342067576
13.6968709383082 0.00589606663574571 0.00695027342067576
13.7015916930859 0.00589606663574571 0.00695027342067576
13.706314074916 0.00589606663574571 0.00695027342067576
13.7110380843591 0.00589606663574571 0.00695027342067576
13.7157637219764 0.00589606663574571 0.00695027342067576
13.7204909883288 0.00589606663574571 0.00695027342067576
13.7252198839779 0.00589606663574571 0.00695027342067576
13.7299504094851 0.00589606663574571 0.00695027342067576
13.7346825654122 0.00589606663574571 0.00695027342067576
13.7394163523212 0.00589606663574571 0.00695027342067576
13.7441517707741 0.00589606663574571 0.00695027342067576
13.7488888213333 0.00589606663574571 0.00695027342067576
13.7536275045613 0.00589606663574571 0.00695027342067576
13.7583678210209 0.00589606663574571 0.00695027342067576
13.7631097712749 0.00589606663574571 0.00695027342067576
13.7678533558864 0.00589606663574571 0.00695027342067576
13.7725985754188 0.00589606663574571 0.00695027342067576
13.7773454304355 0.00589606663574571 0.00695027342067576
13.7820939215002 0.00589606663574571 0.00695027342067576
13.7868440491768 0.00589988908459047 0.00694795056565871
13.7915958140294 0.00589988908459047 0.00694795056565871
13.7963492166222 0.00589988908459047 0.00694795056565871
13.8011042575197 0.00589988908459047 0.00694795056565871
13.8058609372866 0.00589988908459047 0.00694795056565871
13.8106192564876 0.00589988908459047 0.00694795056565871
13.815379215688 0.00589988908459047 0.00694795056565871
13.8201408154528 0.00589988908459047 0.00694795056565871
13.8249040563475 0.00589988908459047 0.00694795056565871
13.8296689389378 0.00589988908459047 0.00694795056565871
13.8344354637895 0.00589988908459047 0.00694795056565871
13.8392036314686 0.00589988908459047 0.00694795056565871
13.8439734425414 0.00589988908459047 0.00694795056565871
13.8487448975741 0.00589988908459047 0.00694795056565871
13.8535179971335 0.00589988908459047 0.00694795056565871
13.8582927417864 0.00589988908459047 0.00694795056565871
13.8630691320996 0.00589988908459047 0.00694795056565871
13.8678471686406 0.00589988908459047 0.00694795056565871
13.8726268519765 0.00589988908459047 0.00694795056565871
13.877408182675 0.00589988908459047 0.00694795056565871
13.8821911613039 0.00589988908459047 0.00694795056565871
13.8869757884312 0.00589988908459047 0.00694795056565871
13.891762064625 0.00589988908459047 0.00694795056565871
13.8965499904537 0.00589988908459047 0.00694795056565871
13.9013395664858 0.00589988908459047 0.00694795056565871
13.9061307932901 0.00589988908459047 0.00694795056565871
13.9109236714357 0.00589988908459047 0.00694795056565871
13.9157182014915 0.00589988908459047 0.00694795056565871
13.920514384027 0.00589988908459047 0.00694795056565871
13.9253122196117 0.00589988908459047 0.00694795056565871
13.9301117088153 0.00589988908459047 0.00694795056565871
13.9349128522078 0.00589988908459047 0.00694795056565871
13.9397156503594 0.00589988908459047 0.00694795056565871
13.9445201038403 0.00589988908459047 0.00694795056565871
13.949326213221 0.00589988908459047 0.00694795056565871
13.9541339790723 0.00589988908459047 0.00694795056565871
13.9589434019651 0.00593574419641168 0.00700459763578855
13.9637544824706 0.00593574419641168 0.00700459763578855
13.96856722116 0.00593574419641168 0.00700459763578855
13.9733816186048 0.00593574419641168 0.00700459763578855
13.9781976753767 0.00593574419641168 0.00700459763578855
13.9830153920477 0.00593574419641168 0.00700459763578855
13.9878347691899 0.00593574419641168 0.00700459763578855
13.9926558073755 0.00593574419641168 0.00700459763578855
13.997478507177 0.00593574419641168 0.00700459763578855
14.0023028691672 0.00593574419641168 0.00700459763578855
14.0071288939189 0.00593574419641168 0.00700459763578855
14.0119565820051 0.00593574419641168 0.00700459763578855
14.0167859339993 0.00593574419641168 0.00700459763578855
14.0216169504748 0.00593574419641168 0.00700459763578855
14.0264496320054 0.00593574419641168 0.00700459763578855
14.031283979165 0.00593574419641168 0.00700459763578855
14.0361199925275 0.00593574419641168 0.00700459763578855
14.0409576726673 0.00593574419641168 0.00700459763578855
14.0457970201588 0.00593574419641168 0.00700459763578855
14.0506380355767 0.00593574419641168 0.00700459763578855
14.055480719496 0.00593574419641168 0.00700459763578855
14.0603250724915 0.00593574419641168 0.00700459763578855
14.0651710951387 0.00593574419641168 0.00700459763578855
14.0700187880129 0.00593574419641168 0.00700459763578855
14.0748681516899 0.00593574419641168 0.00700459763578855
14.0797191867454 0.00593574419641168 0.00700459763578855
14.0845718937556 0.00593574419641168 0.00700459763578855
14.0894262732967 0.00593574419641168 0.00700459763578855
14.0942823259451 0.00593574419641168 0.00700459763578855
14.0991400522776 0.00593574419641168 0.00700459763578855
14.1039994528708 0.00593574419641168 0.00700459763578855
14.108860528302 0.00593574419641168 0.00700459763578855
14.1137232791483 0.00593574419641168 0.00700459763578855
14.1185877059873 0.00593574419641168 0.00700459763578855
14.1234538093964 0.00593574419641168 0.00700459763578855
14.1283215899537 0.00593574419641168 0.00700459763578855
14.1331910482371 0.00593574419641168 0.00700459763578855
14.1380621848248 0.00593574419641168 0.00700459763578855
14.1429350002954 0.00593574419641168 0.00700459763578855
14.1478094952275 0.00593574419641168 0.00700459763578855
14.1526856701998 0.00593574419641168 0.00700459763578855
14.1575635257915 0.00593574419641168 0.00700459763578855
14.1624430625818 0.00593574419641168 0.00700459763578855
14.1673242811502 0.00593574419641168 0.00700459763578855
14.1722071820762 0.00594865243435931 0.00702446265815856
14.1770917659397 0.00594865243435931 0.00702446265815856
14.1819780333207 0.00594865243435931 0.00702446265815856
14.1868659847996 0.00594865243435931 0.00702446265815856
14.1917556209566 0.00594865243435931 0.00702446265815856
14.1966469423726 0.00594865243435931 0.00702446265815856
14.2015399496282 0.00594865243435931 0.00702446265815856
14.2064346433047 0.00594865243435931 0.00702446265815856
14.2113310239831 0.00594865243435931 0.00702446265815856
14.2162290922449 0.00594865243435931 0.00702446265815856
14.2211288486718 0.00594865243435931 0.00702446265815856
14.2260302938456 0.00594865243435931 0.00702446265815856
14.2309334283484 0.00594865243435931 0.00702446265815856
14.2358382527624 0.00594865243435931 0.00702446265815856
14.24074476767 0.00594865243435931 0.00702446265815856
14.2456529736539 0.00594865243435931 0.00702446265815856
14.250562871297 0.00594865243435931 0.00702446265815856
14.2554744611822 0.00595372267043577 0.00702140321013359
14.2603877438929 0.00595372267043577 0.00702140321013359
14.2653027200124 0.00595372267043577 0.00702140321013359
14.2702193901245 0.00595372267043577 0.00702140321013359
14.275137754813 0.00595372267043577 0.00702140321013359
14.2800578146618 0.00595372267043577 0.00702140321013359
14.2849795702554 0.00595372267043577 0.00702140321013359
14.2899030221781 0.00595372267043577 0.00702140321013359
14.2948281710146 0.00595372267043577 0.00702140321013359
14.2997550173497 0.00595372267043577 0.00702140321013359
14.3046835617685 0.00595372267043577 0.00702140321013359
14.3096138048563 0.00595372267043577 0.00702140321013359
14.3145457471986 0.00595372267043577 0.00702140321013359
14.3194793893809 0.00598936053936755 0.00706773052719631
14.3244147319892 0.00598936053936755 0.00706773052719631
14.3293517756095 0.00598936053936755 0.00706773052719631
14.3342905208281 0.00598936053936755 0.00706773052719631
14.3392309682315 0.00598936053936755 0.00706773052719631
14.3441731184063 0.00598936053936755 0.00706773052719631
14.3491169719394 0.00598936053936755 0.00706773052719631
14.354062529418 0.00598936053936755 0.00706773052719631
14.3590097914292 0.00598936053936755 0.00706773052719631
14.3639587585605 0.00598936053936755 0.00706773052719631
14.3689094313998 0.00598936053936755 0.00706773052719631
14.3738618105347 0.00598936053936755 0.00706773052719631
14.3788158965535 0.00598936053936755 0.00706773052719631
14.3837716900444 0.00598936053936755 0.00706773052719631
14.3887291915959 0.00598936053936755 0.00706773052719631
14.3936884017967 0.00598936053936755 0.00706773052719631
14.3986493212358 0.00598936053936755 0.00706773052719631
14.4036119505022 0.00598936053936755 0.00706773052719631
14.4085762901852 0.00598936053936755 0.00706773052719631
14.4135423408743 0.00598936053936755 0.00706773052719631
14.4185101031593 0.00598936053936755 0.00706773052719631
14.42347957763 0.00598936053936755 0.00706773052719631
14.4284507648767 0.00598936053936755 0.00706773052719631
14.4334236654896 0.00598936053936755 0.00706773052719631
14.4383982800592 0.00598936053936755 0.00706773052719631
14.4433746091763 0.00605389438683321 0.00717118440448633
14.4483526534318 0.00605389438683321 0.00717118440448633
14.4533324134168 0.00605389438683321 0.00717118440448633
14.4583138897228 0.00605389438683321 0.00717118440448633
14.4632970829411 0.00605389438683321 0.00717118440448633
14.4682819936637 0.00605389438683321 0.00717118440448633
14.4732686224824 0.00605389438683321 0.00717118440448633
14.4782569699894 0.00605389438683321 0.00717118440448633
14.4832470367771 0.00605389438683321 0.00717118440448633
14.488238823438 0.00605389438683321 0.00717118440448633
14.4932323305649 0.00605389438683321 0.00717118440448633
14.4982275587508 0.00605389438683321 0.00717118440448633
14.5032245085888 0.00605389438683321 0.00717118440448633
14.5082231806724 0.00605389438683321 0.00717118440448633
14.513223575595 0.00605389438683321 0.00717118440448633
14.5182256939506 0.00605389438683321 0.00717118440448633
14.5232295363331 0.00605569647604884 0.00717350937862284
14.5282351033368 0.00605569647604884 0.00717350937862284
14.5332423955559 0.00606081078800082 0.00718186346758138
14.5382514135852 0.00606081078800082 0.00718186346758138
14.5432621580194 0.00606081078800082 0.00718186346758138
14.5482746294536 0.00606081078800082 0.00718186346758138
14.553288828483 0.00606081078800082 0.00718186346758138
14.5583047557031 0.00606081078800082 0.00718186346758138
14.5633224117094 0.00606081078800082 0.00718186346758138
14.5683417970978 0.00606081078800082 0.00718186346758138
14.5733629124643 0.00606081078800082 0.00718186346758138
14.5783857584053 0.00606081078800082 0.00718186346758138
14.5834103355172 0.00606081078800082 0.00718186346758138
14.5884366443966 0.00606912836968289 0.00718031170730115
14.5934646856403 0.00606912836968289 0.00718031170730115
14.5984944598456 0.00607732193489555 0.00719373588859426
14.6035259676096 0.00607732193489555 0.00719373588859426
14.6085592095299 0.00607732193489555 0.00719373588859426
14.6135941862041 0.00607732193489555 0.00719373588859426
14.6186308982302 0.00607732193489555 0.00719373588859426
14.6236693462062 0.00607732193489555 0.00719373588859426
14.6287095307304 0.00607732193489555 0.00719373588859426
14.6337514524015 0.00607732193489555 0.00719373588859426
14.638795111818 0.00607732193489555 0.00719373588859426
14.643840509579 0.00607732193489555 0.00719373588859426
14.6488876462835 0.00607732193489555 0.00719373588859426
14.6539365225309 0.00607732193489555 0.00719373588859426
14.6589871389208 0.00607732193489555 0.00719373588859426
14.6640394960529 0.00607732193489555 0.00719373588859426
14.6690935945272 0.00607732193489555 0.00719373588859426
14.6741494349439 0.00607732193489555 0.00719373588859426
14.6792070179032 0.00607732193489555 0.00719373588859426
14.6842663440059 0.00607732193489555 0.00719373588859426
14.6893274138526 0.00607732193489555 0.00719373588859426
14.6943902280445 0.00607732193489555 0.00719373588859426
14.6994547871827 0.00607732193489555 0.00719373588859426
14.7045210918685 0.00607732193489555 0.00719373588859426
14.7095891427038 0.00610290938938842 0.00722692481835352
14.7146589402901 0.00610290938938842 0.00722692481835352
14.7197304852297 0.00610290938938842 0.00722692481835352
14.7248037781247 0.00610290938938842 0.00722692481835352
14.7298788195776 0.00610290938938842 0.00722692481835352
14.734955610191 0.00610290938938842 0.00722692481835352
14.7400341505678 0.0061382176026825 0.0072850358673387
14.7451144413111 0.0061382176026825 0.0072850358673387
14.7501964830242 0.0061382176026825 0.0072850358673387
14.7552802763105 0.0061382176026825 0.0072850358673387
14.7603658217738 0.0061382176026825 0.0072850358673387
14.7654531200179 0.0061382176026825 0.0072850358673387
14.7705421716469 0.0061382176026825 0.0072850358673387
14.7756329772653 0.0061382176026825 0.0072850358673387
14.7807255374774 0.0061382176026825 0.0072850358673387
14.7858198528881 0.0061382176026825 0.0072850358673387
14.7909159241023 0.0061382176026825 0.0072850358673387
14.7960137517252 0.0061382176026825 0.0072850358673387
14.801113336362 0.0061382176026825 0.0072850358673387
14.8062146786184 0.0061382176026825 0.0072850358673387
14.8113177791002 0.0061382176026825 0.0072850358673387
14.8164226384133 0.00617289858482269 0.00733632883667149
14.821529257164 0.00617289858482269 0.00733632883667149
14.8266376359586 0.00617289858482269 0.00733632883667149
14.8317477754038 0.00617289858482269 0.00733632883667149
14.8368596761064 0.00617289858482269 0.00733632883667149
14.8419733386734 0.00617289858482269 0.00733632883667149
14.8470887637121 0.00617289858482269 0.00733632883667149
14.8522059518299 0.00617289858482269 0.00733632883667149
14.8573249036345 0.00617289858482269 0.00733632883667149
14.8624456197338 0.00617289858482269 0.00733632883667149
14.8675681007358 0.00617289858482269 0.00733632883667149
14.8726923472488 0.00617865547167392 0.00733293110125261
14.8778183598813 0.00617865547167392 0.00733293110125261
14.8829461392421 0.00617865547167392 0.00733293110125261
14.88807568594 0.00617865547167392 0.00733293110125261
14.8932070005842 0.00622108946127162 0.00739416935617434
14.898340083784 0.00622108946127162 0.00739416935617434
14.9034749361491 0.00622108946127162 0.00739416935617434
14.908611558289 0.00622108946127162 0.00739416935617434
14.9137499508138 0.00622108946127162 0.00739416935617434
14.9188901143338 0.00622108946127162 0.00739416935617434
14.9240320494591 0.00622108946127162 0.00739416935617434
14.9291757568006 0.00622108946127162 0.00739416935617434
14.934321236969 0.00622108946127162 0.00739416935617434
14.9394684905752 0.00622108946127162 0.00739416935617434
14.9446175182306 0.00623021673688849 0.00740819190540839
14.9497683205466 0.00623021673688849 0.00740819190540839
14.9549208981348 0.00623021673688849 0.00740819190540839
14.9600752516071 0.00623021673688849 0.00740819190540839
14.9652313815755 0.00623021673688849 0.00740819190540839
14.9703892886524 0.00623021673688849 0.00740819190540839
14.9755489734503 0.00623021673688849 0.00740819190540839
14.9807104365819 0.00623021673688849 0.00740819190540839
14.98587367866 0.00623021673688849 0.00740819190540839
14.9910387002978 0.00623021673688849 0.00740819190540839
14.9962055021087 0.00623021673688849 0.00740819190540839
15.0013740847062 0.00623021673688849 0.00740819190540839
15.0065444487041 0.00623021673688849 0.00740819190540839
15.0117165947163 0.00623021673688849 0.00740819190540839
15.016890523357 0.00623298740929242 0.00740653430801294
15.0220662352407 0.00623298740929242 0.00740653430801294
15.027243730982 0.00623298740929242 0.00740653430801294
15.0324230111956 0.00627084209797655 0.00746844898284943
15.0376040764966 0.0063322697748226 0.00757146706216174
15.0427869275003 0.0063322697748226 0.00757146706216174
15.047971564822 0.0063322697748226 0.00757146706216174
15.0531579890776 0.0063322697748226 0.00757146706216174
15.0583462008828 0.0063322697748226 0.00757146706216174
15.0635362008538 0.0063322697748226 0.00757146706216174
15.0687279896069 0.00633849809375768 0.00757906205955556
15.0739215677586 0.00633849809375768 0.00757906205955556
15.0791169359255 0.00633849809375768 0.00757906205955556
15.0843140947248 0.00633849809375768 0.00757906205955556
15.0895130447735 0.00633849809375768 0.00757906205955556
15.0947137866889 0.00633849809375768 0.00757906205955556
15.0999163210888 0.00633849809375768 0.00757906205955556
15.1051206485908 0.00633849809375768 0.00757906205955556
15.1103267698131 0.00633849809375768 0.00757906205955556
15.1155346853737 0.00633849809375768 0.00757906205955556
15.1207443958912 0.00633849809375768 0.00757906205955556
15.1259559019842 0.00633849809375768 0.00757906205955556
15.1311692042715 0.00633849809375768 0.00757906205955556
15.1363843033723 0.00633849809375768 0.00757906205955556
15.1416011999057 0.00633849809375768 0.00757906205955556
15.1468198944915 0.00633849809375768 0.00757906205955556
15.1520403877491 0.00633849809375768 0.00757906205955556
15.1572626802986 0.00633849809375768 0.00757906205955556
15.1624867727601 0.00633849809375768 0.00757906205955556
15.167712665754 0.00633849809375768 0.00757906205955556
15.1729403599009 0.00633849809375768 0.00757906205955556
15.1781698558214 0.00633849809375768 0.00757906205955556
15.1834011541367 0.00633849809375768 0.00757906205955556
15.1886342554679 0.00633849809375768 0.00757906205955556
15.1938691604365 0.00633849809375768 0.00757906205955556
15.199105869664 0.00633849809375768 0.00757906205955556
15.2043443837724 0.00633849809375768 0.00757906205955556
15.2095847033838 0.00633849809375768 0.00757906205955556
15.2148268291203 0.00633849809375768 0.00757906205955556
15.2200707616045 0.00633849809375768 0.00757906205955556
15.2253165014592 0.00636432795028797 0.00761096846515269
15.2305640493072 0.00636432795028797 0.00761096846515269
15.2358134057717 0.00638221617357596 0.00764130307459689
15.241064571476 0.00638221617357596 0.00764130307459689
15.2463175470438 0.00638221617357596 0.00764130307459689
15.2515723330987 0.00638221617357596 0.00764130307459689
15.2568289302649 0.00638221617357596 0.00764130307459689
15.2620873391664 0.00638221617357596 0.00764130307459689
15.2673475604278 0.00638221617357596 0.00764130307459689
15.2726095946737 0.00638221617357596 0.00764130307459689
15.277873442529 0.00638221617357596 0.00764130307459689
15.2831391046187 0.00638384435717592 0.00764407685586735
15.2884065815681 0.00638384435717592 0.00764407685586735
15.2936758740028 0.00638613415797582 0.00764270522934317
15.2989469825484 0.00638613415797582 0.00764270522934317
15.304219907831 0.00638613415797582 0.00764270522934317
15.3094946504765 0.00640379727604445 0.00766475133522359
15.3147712111115 0.00643909259856234 0.0077169556005173
15.3200495903626 0.00643909259856234 0.0077169556005173
15.3253297888564 0.00643909259856234 0.0077169556005173
15.3306118072201 0.00643909259856234 0.0077169556005173
15.3358956460808 0.00643909259856234 0.0077169556005173
15.3411813060661 0.00643909259856234 0.0077169556005173
15.3464687878035 0.00643909259856234 0.0077169556005173
15.3517580919211 0.00643909259856234 0.0077169556005173
15.3570492190468 0.00643909259856234 0.0077169556005173
15.362342169809 0.00643909259856234 0.0077169556005173
15.3676369448362 0.00643909259856234 0.0077169556005173
15.3729335447572 0.00643909259856234 0.0077169556005173
15.3782319702009 0.00644083173970173 0.00771592150936302
15.3835322217966 0.00644083173970173 0.00771592150936302
15.3888343001736 0.00644083173970173 0.00771592150936302
15.3941382059615 0.00644083173970173 0.00771592150936302
15.3994439397902 0.00644083173970173 0.00771592150936302
15.4047515022898 0.00644720018067376 0.00771212300733798
15.4100608940904 0.00644720018067376 0.00771212300733798
15.4153721158226 0.00644720018067376 0.00771212300733798
15.4206851681171 0.00644720018067376 0.00771212300733798
15.4260000516048 0.00644720018067376 0.00771212300733798
15.4313167669169 0.00644728849873302 0.00771207047609374
15.4366353146846 0.00644728849873302 0.00771207047609374
15.4419556955396 0.00644728849873302 0.00771207047609374
15.4472779101137 0.00644728849873302 0.00771207047609374
15.4526019590389 0.00644728849873302 0.00771207047609374
15.4579278429473 0.00644728849873302 0.00771207047609374
15.4632555624715 0.00644728849873302 0.00771207047609374
15.4685851182441 0.00644728849873302 0.00771207047609374
15.473916510898 0.00644728849873302 0.00771207047609374
15.4792497410663 0.00644728849873302 0.00771207047609374
15.4845848093822 0.00644728849873302 0.00771207047609374
15.4899217164794 0.00644728849873302 0.00771207047609374
15.4952604629916 0.00644728849873302 0.00771207047609374
15.5006010495528 0.00644728849873302 0.00771207047609374
15.505943476797 0.00644728849873302 0.00771207047609374
15.5112877453589 0.00644728849873302 0.00771207047609374
15.5166338558729 0.00644728849873302 0.00771207047609374
15.521981808974 0.00644728849873302 0.00771207047609374
15.5273316052971 0.00644728849873302 0.00771207047609374
15.5326832454777 0.00644728849873302 0.00771207047609374
15.5380367301511 0.00644728849873302 0.00771207047609374
15.5433920599531 0.00645059014286964 0.00771700923401652
15.5487492355197 0.00645059014286964 0.00771700923401652
15.554108257487 0.00645059014286964 0.00771700923401652
15.5594691264913 0.00645059014286964 0.00771700923401652
15.5648318431694 0.00645059014286964 0.00771700923401652
15.5701964081579 0.00645059014286964 0.00771700923401652
15.575562822094 0.00645059014286964 0.00771700923401652
15.5809310856149 0.00645059014286964 0.00771700923401652
15.586301199358 0.00645059014286964 0.00771700923401652
15.5916731639611 0.00645059014286964 0.00771700923401652
15.5970469800621 0.00645059014286964 0.00771700923401652
15.6024226482991 0.00645698140011675 0.00771324207491458
15.6078001693105 0.00645698140011675 0.00771324207491458
15.6131795437349 0.00645698140011675 0.00771324207491458
15.618560772211 0.0064571435036647 0.00771314712308117
15.6239438553778 0.0064571435036647 0.00771314712308117
15.6293287938747 0.0064571435036647 0.00771314712308117
15.634715588341 0.0064571435036647 0.00771314712308117
15.6401042394165 0.0064571435036647 0.00771314712308117
15.645494747741 0.0064571435036647 0.00771314712308117
15.6508871139546 0.0064571435036647 0.00771314712308117
15.6562813386977 0.0064571435036647 0.00771314712308117
15.6616774226109 0.0064571435036647 0.00771314712308117
15.6670753663349 0.0064571435036647 0.00771314712308117
15.6724751705108 0.00650832761133412 0.00777792571829647
15.6778768357797 0.00650832761133412 0.00777792571829647
15.6832803627831 0.00650832761133412 0.00777792571829647
15.6886857521626 0.00650973527518464 0.00777708427652423
15.6940930045602 0.00650973527518464 0.00777708427652423
15.699502120618 0.00650973527518464 0.00777708427652423
15.7049131009782 0.00650973527518464 0.00777708427652423
15.7103259462835 0.00650973527518464 0.00777708427652423
15.7157406571765 0.00650973527518464 0.00777708427652423
15.7211572343004 0.00650973527518464 0.00777708427652423
15.7265756782983 0.00650973527518464 0.00777708427652423
15.7319959898136 0.00650973527518464 0.00777708427652423
15.73741816949 0.00650973527518464 0.00777708427652423
15.7428422179714 0.00650973527518464 0.00777708427652423
15.7482681359019 0.00650973527518464 0.00777708427652423
15.7536959239257 0.00650973527518464 0.00777708427652423
15.7591255826876 0.00650973527518464 0.00777708427652423
15.7645571128321 0.00650973527518464 0.00777708427652423
15.7699905150044 0.00650973527518464 0.00777708427652423
15.7754257898495 0.00650973527518464 0.00777708427652423
15.780862938013 0.00650973527518464 0.00777708427652423
15.7863019601406 0.00650973527518464 0.00777708427652423
15.791742856878 0.00650973527518464 0.00777708427652423
15.7971856288714 0.00650973527518464 0.00777708427652423
15.8026302767671 0.00652783048266761 0.00776978764431128
15.8080768012117 0.00652783048266761 0.00776978764431128
15.8135252028519 0.00652783048266761 0.00776978764431128
15.8189754823347 0.00652783048266761 0.00776978764431128
15.8244276403074 0.00652783048266761 0.00776978764431128
15.8298816774174 0.00652783048266761 0.00776978764431128
15.8353375943123 0.00652783048266761 0.00776978764431128
15.84079539164 0.00652783048266761 0.00776978764431128
15.8462550700486 0.00652783048266761 0.00776978764431128
15.8517166301866 0.00652783048266761 0.00776978764431128
15.8571800727023 0.00652783048266761 0.00776978764431128
15.8626453982447 0.00652783048266761 0.00776978764431128
15.8681126074626 0.00652783048266761 0.00776978764431128
15.8735817010054 0.00652783048266761 0.00776978764431128
15.8790526795225 0.00652783048266761 0.00776978764431128
15.8845255436636 0.00652783048266761 0.00776978764431128
15.8900002940785 0.00652783048266761 0.00776978764431128
15.8954769314173 0.00652783048266761 0.00776978764431128
15.9009554563305 0.00652783048266761 0.00776978764431128
15.9064358694686 0.00652804546850214 0.00776965864495071
15.9119181714824 0.00653622581571502 0.00776478834628534
15.9174023630228 0.00653622581571502 0.00776478834628534
15.9228884447413 0.00653622581571502 0.00776478834628534
15.9283764172891 0.00653622581571502 0.00776478834628534
15.9338662813181 0.0065371450645653 0.00776424350021704
15.93935803748 0.0065371450645653 0.00776424350021704
15.9448516864272 0.0065371450645653 0.00776424350021704
15.9503472288119 0.0065371450645653 0.00776424350021704
15.9558446652867 0.0065371450645653 0.00776424350021704
15.9613439965044 0.0065371450645653 0.00776424350021704
15.9668452231181 0.00658405789887423 0.00783442849018951
15.9723483457811 0.00658405789887423 0.00783442849018951
15.9778533651468 0.00658405789887423 0.00783442849018951
15.9833602818689 0.00658632983514812 0.00783731574755384
15.9888690966015 0.00658632983514812 0.00783731574755384
15.9943798099986 0.00658632983514812 0.00783731574755384
15.9998924227147 0.00658632983514812 0.00783731574755384
16.0054069354043 0.00658632983514812 0.00783731574755384
16.0109233487224 0.00658632983514812 0.00783731574755384
16.0164416633239 0.00675277299400334 0.00810833275278067
16.0219618798642 0.00675277299400334 0.00810833275278067
16.0274839989989 0.00675277299400334 0.00810833275278067
16.0330080213835 0.00675277299400334 0.00810833275278067
16.0385339476742 0.0067539265111468 0.0081078631330945
16.0440617785272 0.0067539265111468 0.0081078631330945
16.0495915145987 0.0067539265111468 0.0081078631330945
16.0551231565456 0.0067539265111468 0.0081078631330945
16.0606567050246 0.00676406061773047 0.00810186605615991
16.066192160693 0.00676406061773047 0.00810186605615991
16.0717295242079 0.00676406061773047 0.00810186605615991
16.077268796227 0.00676406061773047 0.00810186605615991
16.082809977408 0.00676406061773047 0.00810186605615991
16.088353068409 0.00676406061773047 0.00810186605615991
16.0938980698883 0.00676406061773047 0.00810186605615991
16.0994449825041 0.00676406061773047 0.00810186605615991
16.1049938069154 0.00676406061773047 0.00810186605615991
16.1105445437809 0.00677346498988076 0.00810778044814671
16.1160971937598 0.00677346498988076 0.00810778044814671
16.1216517575115 0.00677346498988076 0.00810778044814671
16.1272082356956 0.00677346498988076 0.00810778044814671
16.1327666289719 0.00677346498988076 0.00810778044814671
16.1383269380005 0.00677346498988076 0.00810778044814671
16.1438891634416 0.00677346498988076 0.00810778044814671
16.1494533059559 0.00677346498988076 0.00810778044814671
16.1550193662039 0.00677346498988076 0.00810778044814671
16.1605873448466 0.00677346498988076 0.00810778044814671
16.1661572425454 0.00677346498988076 0.00810778044814671
16.1717290599615 0.00677346498988076 0.00810778044814671
16.1773027977566 0.00677346498988076 0.00810778044814671
16.1828784565927 0.00677346498988076 0.00810778044814671
16.1884560371317 0.00677346498988076 0.00810778044814671
16.1940355400361 0.00677346498988076 0.00810778044814671
16.1996169659684 0.00677346498988076 0.00810778044814671
16.2052003155914 0.00677346498988076 0.00810778044814671
16.2107855895681 0.00677346498988076 0.00810778044814671
16.2163727885617 0.00681835520446569 0.00816396126517875
16.2219619132358 0.00681835520446569 0.00816396126517875
16.227552964254 0.00681835520446569 0.00816396126517875
16.2331459422803 0.00681835520446569 0.00816396126517875
16.2387408479788 0.00681835520446569 0.00816396126517875
16.244337682014 0.00681835520446569 0.00816396126517875
16.2499364450503 0.00681835520446569 0.00816396126517875
16.2555371377528 0.00681835520446569 0.00816396126517875
16.2611397607864 0.00681835520446569 0.00816396126517875
16.2667443148165 0.00681835520446569 0.00816396126517875
16.2723508005087 0.00681835520446569 0.00816396126517875
16.2779592185285 0.00681835520446569 0.00816396126517875
16.2835695695422 0.00681835520446569 0.00816396126517875
16.2891818542158 0.00681835520446569 0.00816396126517875
16.2947960732159 0.00681835520446569 0.00816396126517875
16.3004122272091 0.00681835520446569 0.00816396126517875
16.3060303168624 0.00681835520446569 0.00816396126517875
16.3116503428428 0.00681835520446569 0.00816396126517875
16.3172723058178 0.00681835520446569 0.00816396126517875
16.322896206455 0.00681835520446569 0.00816396126517875
16.3285220454222 0.00681835520446569 0.00816396126517875
16.3341498233874 0.00681835520446569 0.00816396126517875
16.339779541019 0.00681835520446569 0.00816396126517875
16.3454111989855 0.00681835520446569 0.00816396126517875
16.3510447979555 0.00681835520446569 0.00816396126517875
16.3566803385983 0.00681835520446569 0.00816396126517875
16.3623178215828 0.00681835520446569 0.00816396126517875
16.3679572475786 0.00681835520446569 0.00816396126517875
16.3735986172554 0.00681835520446569 0.00816396126517875
16.3792419312831 0.00681835520446569 0.00816396126517875
16.3848871903317 0.00681835520446569 0.00816396126517875
16.3905343950717 0.00681835520446569 0.00816396126517875
16.3961835461737 0.00681835520446569 0.00816396126517875
16.4018346443085 0.00681835520446569 0.00816396126517875
16.4074876901472 0.00681835520446569 0.00816396126517875
16.413142684361 0.00681835520446569 0.00816396126517875
16.4187996276216 0.00681835520446569 0.00816396126517875
16.4244585206005 0.00681835520446569 0.00816396126517875
16.4301193639699 0.00681835520446569 0.00816396126517875
16.435782158402 0.0068436608410306 0.00820041561119917
16.4414469045692 0.0068436608410306 0.00820041561119917
16.4471136031441 0.0068436608410306 0.00820041561119917
16.4527822547998 0.00684411589054949 0.00820119106593768
16.4584528602093 0.00684411589054949 0.00820119106593768
16.4641254200461 0.00684411589054949 0.00820119106593768
16.4697999349837 0.0068565015127421 0.0081961430979072
16.475476405696 0.0068565015127421 0.0081961430979072
16.481154832857 0.0068565015127421 0.0081961430979072
16.4868352171412 0.0068565015127421 0.0081961430979072
16.4925175592229 0.0068565015127421 0.0081961430979072
16.498201859777 0.0068565015127421 0.0081961430979072
16.5038881194786 0.0068565015127421 0.0081961430979072
16.5095763390027 0.0068565015127421 0.0081961430979072
16.515266519025 0.0068565015127421 0.0081961430979072
16.520958660221 0.0068565015127421 0.0081961430979072
16.5266527632669 0.0068565015127421 0.0081961430979072
16.5323488288386 0.0068565015127421 0.0081961430979072
16.5380468576126 0.0068565015127421 0.0081961430979072
16.5437468502656 0.00686760385853346 0.00818955740010837
16.5494488074744 0.00686760385853346 0.00818955740010837
16.5551527299162 0.00686760385853346 0.00818955740010837
16.5608586182682 0.00686760385853346 0.00818955740010837
16.566566473208 0.00686760385853346 0.00818955740010837
16.5722762954135 0.00686760385853346 0.00818955740010837
16.5779880855626 0.00686760385853346 0.00818955740010837
16.5837018443337 0.00686760385853346 0.00818955740010837
16.5894175724052 0.00686760385853346 0.00818955740010837
16.5951352704559 0.00686760385853346 0.00818955740010837
16.6008549391648 0.00689756391377207 0.00822774756954541
16.606576579211 0.00689756391377207 0.00822774756954541
16.612300191274 0.00695990119138297 0.00831907287458088
16.6180257760335 0.00695990119138297 0.00831907287458088
16.6237533341694 0.00695990119138297 0.00831907287458088
16.6294828663618 0.00695990119138297 0.00831907287458088
16.635214373291 0.00695990119138297 0.00831907287458088
16.6409478556378 0.00696896502647106 0.00831376200439781
16.646683314083 0.00696896502647106 0.00831376200439781
16.6524207493076 0.00696896502647106 0.00831376200439781
16.658160161993 0.00696896502647106 0.00831376200439781
16.6639015528206 0.00696896502647106 0.00831376200439781
16.6696449224724 0.00696896502647106 0.00831376200439781
16.6753902716303 0.00696896502647106 0.00831376200439781
16.6811376009765 0.00696896502647106 0.00831376200439781
16.6868869111936 0.00696896502647106 0.00831376200439781
16.6926382029643 0.00699206736952799 0.00835241049473381
16.6983914769715 0.00699206736952799 0.00835241049473381
16.7041467338984 0.00699206736952799 0.00835241049473381
16.7099039744286 0.00699206736952799 0.00835241049473381
16.7156631992455 0.00699206736952799 0.00835241049473381
16.7214244090332 0.00699206736952799 0.00835241049473381
16.7271876044758 0.00699206736952799 0.00835241049473381
16.7329527862577 0.00699206736952799 0.00835241049473381
16.7387199550634 0.00699206736952799 0.00835241049473381
16.7444891115778 0.00699206736952799 0.00835241049473381
16.750260256486 0.00699206736952799 0.00835241049473381
16.7560333904733 0.00699206736952799 0.00835241049473381
16.7618085142253 0.00699206736952799 0.00835241049473381
16.7675856284278 0.00699206736952799 0.00835241049473381
16.7733647337667 0.00699206736952799 0.00835241049473381
16.7791458309284 0.00699206736952799 0.00835241049473381
16.7849289205994 0.00699206736952799 0.00835241049473381
16.7907140034663 0.00699206736952799 0.00835241049473381
16.7965010802162 0.00699206736952799 0.00835241049473381
16.8022901515363 0.00699206736952799 0.00835241049473381
16.8080812181139 0.00699206736952799 0.00835241049473381
16.8138742806369 0.00699206736952799 0.00835241049473381
16.8196693397931 0.00705114357419946 0.00845302154244879
16.8254663962707 0.00705114357419946 0.00845302154244879
16.8312654507581 0.00705114357419946 0.00845302154244879
16.8370665039439 0.00705114357419946 0.00845302154244879
16.8428695565169 0.00705114357419946 0.00845302154244879
16.8486746091664 0.00705114357419946 0.00845302154244879
16.8544816625816 0.00705114357419946 0.00845302154244879
16.8602907174521 0.00705114357419946 0.00845302154244879
16.8661017744677 0.00706276433999052 0.00846741379242391
16.8719148343185 0.00706276433999052 0.00846741379242391
16.8777298976949 0.00706276433999052 0.00846741379242391
16.8835469652872 0.00706276433999052 0.00846741379242391
16.8893660377863 0.00706276433999052 0.00846741379242391
16.8951871158833 0.00706276433999052 0.00846741379242391
16.9010102002693 0.00706276433999052 0.00846741379242391
16.9068352916358 0.00709970790943803 0.00853143675708282
16.9126623906746 0.00715762366798984 0.0086159059505593
16.9184914980777 0.00715762366798984 0.0086159059505593
16.9243226145371 0.00715762366798984 0.0086159059505593
16.9301557407455 0.00716228751470474 0.00861395510752713
16.9359908773954 0.00716228751470474 0.00861395510752713
16.9418280251797 0.00716228751470474 0.00861395510752713
16.9476671847917 0.00716228751470474 0.00861395510752713
16.9535083569247 0.00716228751470474 0.00861395510752713
16.9593515422723 0.00716228751470474 0.00861395510752713
16.9651967415285 0.00716228751470474 0.00861395510752713
16.9710439553873 0.00716228751470474 0.00861395510752713
16.9768931845431 0.00716228751470474 0.00861395510752713
16.9827444296904 0.00716228751470474 0.00861395510752713
16.9885976915242 0.00716228751470474 0.00861395510752713
16.9944529707395 0.00716228751470474 0.00861395510752713
17.0003102680315 0.00716228751470474 0.00861395510752713
17.0061695840959 0.00716228751470474 0.00861395510752713
17.0120309196284 0.00716228751470474 0.00861395510752713
17.0178942753251 0.00716228751470474 0.00861395510752713
17.0237596518822 0.00716228751470474 0.00861395510752713
17.0296270499962 0.00716228751470474 0.00861395510752713
17.0354964703639 0.00719941883808523 0.00865946411418653
17.0413679136823 0.00719941883808523 0.00865946411418653
17.0472413806486 0.00719941905990491 0.00865946390671515
17.0531168719602 0.00719941905990491 0.00865946390671515
17.058994388315 0.00719941905990491 0.00865946390671515
17.0648739304107 0.00719941905990491 0.00865946390671515
17.0707554989457 0.00719941905990491 0.00865946390671515
17.0766390946183 0.00719941905990491 0.00865946390671515
17.0825247181273 0.00719941905990491 0.00865946390671515
17.0884123701714 0.00719941905990491 0.00865946390671515
17.09430205145 0.00719941905990491 0.00865946390671515
17.1001937626624 0.00719941905990491 0.00865946390671515
17.1060875045081 0.00719941905990491 0.00865946390671515
17.1119832776872 0.00719941905990491 0.00865946390671515
17.1178810828997 0.00719941905990491 0.00865946390671515
17.1237809208459 0.00719941905990491 0.00865946390671515
17.1296827922265 0.00719941905990491 0.00865946390671515
17.1355866977424 0.00719941905990491 0.00865946390671515
17.1414926380945 0.00719941905990491 0.00865946390671515
17.1474006139843 0.00719941905990491 0.00865946390671515
17.1533106261132 0.00719941905990491 0.00865946390671515
17.1592226751832 0.00719941905990491 0.00865946390671515
17.1651367618962 0.00719941905990491 0.00865946390671515
17.1710528869545 0.00719941905990491 0.00865946390671515
17.1769710510608 0.00719941905990491 0.00865946390671515
17.1828912549177 0.00719941905990491 0.00865946390671515
17.1888134992282 0.00719941905990491 0.00865946390671515
17.1947377846957 0.00719941905990491 0.00865946390671515
17.2006641120236 0.00719941905990491 0.00865946390671515
17.2065924819158 0.00719941905990491 0.00865946390671515
17.2125228950761 0.00720010846149315 0.00865904694199807
17.2184553522088 0.00720010846149315 0.00865904694199807
17.2243898540184 0.00720010846149315 0.00865904694199807
17.2303264012095 0.00720010846149315 0.00865904694199807
17.2362649944873 0.00720010846149315 0.00865904694199807
17.2422056345568 0.00720010846149315 0.00865904694199807
17.2481483221235 0.00720010846149315 0.00865904694199807
17.2540930578931 0.00720761569382387 0.00865453710324259
17.2600398425715 0.00720761569382387 0.00865453710324259
17.265988676865 0.00720761569382387 0.00865453710324259
17.2719395614798 0.00720761569382387 0.00865453710324259
17.2778924971228 0.00720761569382387 0.00865453710324259
17.2838474845007 0.00720761569382387 0.00865453710324259
17.2898045243208 0.00720761569382387 0.00865453710324259
17.2957636172904 0.00720761569382387 0.00865453710324259
17.3017247641172 0.00720761569382387 0.00865453710324259
17.307687965509 0.00720761569382387 0.00865453710324259
17.3136532221741 0.00720761569382387 0.00865453710324259
17.3196205348206 0.00720761569382387 0.00865453710324259
17.3255899041574 0.00720761569382387 0.00865453710324259
17.3315613308931 0.00720761569382387 0.00865453710324259
17.337534815737 0.00720761569382387 0.00865453710324259
17.3435103593983 0.00720761569382387 0.00865453710324259
17.3494879625867 0.00720761569382387 0.00865453710324259
17.355467626012 0.00720761569382387 0.00865453710324259
17.3614493503842 0.00720761569382387 0.00865453710324259
17.3674331364137 0.00720761569382387 0.00865453710324259
17.3734189848112 0.00720761569382387 0.00865453710324259
17.3794068962873 0.00720761569382387 0.00865453710324259
17.3853968715531 0.00720761569382387 0.00865453710324259
17.39138891132 0.00720761569382387 0.00865453710324259
17.3973830162994 0.00720761569382387 0.00865453710324259
17.4033791872033 0.00720761569382387 0.00865453710324259
17.4093774247436 0.00720761569382387 0.00865453710324259
17.4153777296326 0.00720761569382387 0.00865453710324259
17.4213801025828 0.00720761569382387 0.00865453710324259
17.4273845443071 0.00720761569382387 0.00865453710324259
17.4333910555184 0.00720761569382387 0.00865453710324259
17.43939963693 0.00720761569382387 0.00865453710324259
17.4454102892555 0.00720761569382387 0.00865453710324259
17.4514230132085 0.00720761569382387 0.00865453710324259
17.4574378095032 0.00720761569382387 0.00865453710324259
17.4634546788536 0.00720761569382387 0.00865453710324259
17.4694736219744 0.00720761569382387 0.00865453710324259
17.4754946395804 0.00720761569382387 0.00865453710324259
17.4815177323863 0.00720761569382387 0.00865453710324259
17.4875429011076 0.00720761569382387 0.00865453710324259
17.4935701464597 0.00720761569382387 0.00865453710324259
17.4995994691583 0.00720761569382387 0.00865453710324259
17.5056308699195 0.00720761569382387 0.00865453710324259
17.5116643494593 0.00720761569382387 0.00865453710324259
17.5176999084944 0.00720761569382387 0.00865453710324259
17.5237375477414 0.00720761569382387 0.00865453710324259
17.5297772679172 0.00720761569382387 0.00865453710324259
17.5358190697392 0.00720761569382387 0.00865453710324259
17.5418629539247 0.00721371143594117 0.00866211998832267
17.5479089211914 0.00721371143594117 0.00866211998832267
17.5539569722574 0.00721371143594117 0.00866211998832267
17.5600071078408 0.00721371143594117 0.00866211998832267
17.56605932866 0.00721371143594117 0.00866211998832267
17.5721136354338 0.00721371143594117 0.00866211998832267
17.5781700288811 0.00721371143594117 0.00866211998832267
17.5842285097211 0.00721371143594117 0.00866211998832267
17.5902890786732 0.00721371143594117 0.00866211998832267
17.5963517364572 0.00721371143594117 0.00866211998832267
17.6024164837929 0.00724221085075664 0.00870423095315943
17.6084833214005 0.00724221085075664 0.00870423095315943
17.6145522500005 0.00724221085075664 0.00870423095315943
17.6206232703136 0.00724221085075664 0.00870423095315943
17.6266963830606 0.00724221085075664 0.00870423095315943
17.6327715889628 0.00728843350285352 0.00878322730323713
17.6388488887415 0.00728843350285352 0.00878322730323713
17.6449282831186 0.00728843350285352 0.00878322730323713
17.6510097728158 0.00729402023687374 0.00879005549005587
17.6570933585553 0.00729402023687374 0.00879005549005587
17.6631790410596 0.00729402023687374 0.00879005549005587
17.6692668210514 0.00729402023687374 0.00879005549005587
17.6753566992535 0.00729402023687374 0.00879005549005587
17.6814486763892 0.00729402023687374 0.00879005549005587
17.6875427531818 0.00729402023687374 0.00879005549005587
17.693638930355 0.00729402023687374 0.00879005549005587
17.6997372086327 0.00732162807242807 0.00882418796838551
17.7058375887391 0.00732162807242807 0.00882418796838551
17.7119400713986 0.00732162807242807 0.00882418796838551
17.7180446573359 0.00732162807242807 0.00882418796838551
17.7241513472759 0.00732162807242807 0.00882418796838551
17.7302601419437 0.00732162807242807 0.00882418796838551
17.7363710420648 0.00732162807242807 0.00882418796838551
17.7424840483648 0.00732162807242807 0.00882418796838551
17.7485991615697 0.00732162807242807 0.00882418796838551
17.7547163824056 0.00732162807242807 0.00882418796838551
17.7608357115988 0.00732162807242807 0.00882418796838551
17.7669571498762 0.00732162807242807 0.00882418796838551
17.7730806979646 0.00732162807242807 0.00882418796838551
17.7792063565911 0.00737545287469068 0.00888592293834118
17.7853341264833 0.00737545287469068 0.00888592293834118
17.7914640083686 0.00737545287469068 0.00888592293834118
17.7975960029752 0.00737545287469068 0.00888592293834118
17.8037301110311 0.00737545287469068 0.00888592293834118
17.8098663332647 0.00737545287469068 0.00888592293834118
17.8160046704048 0.00737545287469068 0.00888592293834118
17.8221451231802 0.00737545287469068 0.00888592293834118
17.8282876923202 0.00737545287469068 0.00888592293834118
17.8344323785541 0.00737545287469068 0.00888592293834118
17.8405791826116 0.00737545287469068 0.00888592293834118
17.8467281052227 0.00737545287469068 0.00888592293834118
17.8528791471176 0.00737545287469068 0.00888592293834118
17.8590323090266 0.00737545287469068 0.00888592293834118
17.8651875916804 0.00737545287469068 0.00888592293834118
17.87134499581 0.00737545287469068 0.00888592293834118
17.8775045221466 0.00737545287469068 0.00888592293834118
17.8836661714216 0.00737545287469068 0.00888592293834118
17.8898299443667 0.00737545287469068 0.00888592293834118
17.8959958417138 0.00738568523184703 0.0088816184862387
17.9021638641952 0.00738568523184703 0.0088816184862387
17.9083340125433 0.00738568523184703 0.0088816184862387
17.9145062874907 0.00742749630467701 0.0089530286833497
17.9206806897705 0.00742749630467701 0.0089530286833497
17.9268572201158 0.00742749630467701 0.0089530286833497
17.9330358792602 0.00742749630467701 0.0089530286833497
17.9392166679372 0.00742749630467701 0.0089530286833497
17.9453995868809 0.00742749630467701 0.0089530286833497
17.9515846368255 0.00742749630467701 0.0089530286833497
17.9577718185054 0.00742749630467701 0.0089530286833497
17.9639611326554 0.00742749630467701 0.0089530286833497
17.9701525800105 0.00742749630467701 0.0089530286833497
17.9763461613059 0.00742749630467701 0.0089530286833497
17.982541877277 0.00742749630467701 0.0089530286833497
17.9887397286597 0.00742749630467701 0.0089530286833497
17.9949397161898 0.00744046308317782 0.0089452686694279
18.0011418406037 0.00744046308317782 0.0089452686694279
18.0073461026378 0.00744046308317782 0.0089452686694279
18.0135525030289 0.00744046308317782 0.0089452686694279
18.019761042514 0.00744046308317782 0.0089452686694279
18.0259717218303 0.00744046308317782 0.0089452686694279
18.0321845417154 0.00744046308317782 0.0089452686694279
18.038399502907 0.00744046308317782 0.0089452686694279
18.0446166061432 0.00744269237562065 0.0089443358876659
18.0508358521622 0.00744269237562065 0.0089443358876659
18.0570572417025 0.00744269237562065 0.0089443358876659
18.063280775503 0.00744269237562065 0.0089443358876659
18.0695064543027 0.00744269237562065 0.0089443358876659
18.0757342788408 0.00744269237562065 0.0089443358876659
18.081964249857 0.00744269237562065 0.0089443358876659
18.088196368091 0.00744269237562065 0.0089443358876659
18.0944306342829 0.00744269237562065 0.0089443358876659
18.1006670491729 0.00744269237562065 0.0089443358876659
18.1069056135018 0.00744269237562065 0.0089443358876659
18.1131463280102 0.00744269237562065 0.0089443358876659
18.1193891934393 0.00744269237562065 0.0089443358876659
18.1256342105304 0.00744890867541082 0.00894067122074956
18.1318813800251 0.00744890867541082 0.00894067122074956
18.1381307026653 0.00744890867541082 0.00894067122074956
18.144382179193 0.00744890867541082 0.00894067122074956
18.1506358103506 0.00744890867541082 0.00894067122074956
18.1568915968807 0.00744890867541082 0.00894067122074956
18.1631495395262 0.00744890867541082 0.00894067122074956
18.1694096390302 0.00744890867541082 0.00894067122074956
18.1756718961361 0.00744890867541082 0.00894067122074956
18.1819363115875 0.00744890867541082 0.00894067122074956
18.1882028861283 0.00744890867541082 0.00894067122074956
18.1944716205028 0.00744890867541082 0.00894067122074956
18.2007425154552 0.00744890867541082 0.00894067122074956
18.2070155717302 0.00744890867541082 0.00894067122074956
18.2132907900728 0.00744890867541082 0.00894067122074956
18.2195681712282 0.00744890867541082 0.00894067122074956
18.2258477159417 0.00744890867541082 0.00894067122074956
18.2321294249591 0.00744890867541082 0.00894067122074956
18.2384132990263 0.00744890867541082 0.00894067122074956
18.2446993388895 0.00749277103959611 0.00900384949040034
18.2509875452952 0.00749277103959611 0.00900384949040034
18.2572779189901 0.00749277103959611 0.00900384949040034
18.2635704607212 0.00749277103959611 0.00900384949040034
18.2698651712357 0.00754673107506338 0.00908358458259019
18.276162051281 0.00754673107506338 0.00908358458259019
18.2824611016051 0.00754673107506338 0.00908358458259019
18.2887623229558 0.00754673107506338 0.00908358458259019
18.2950657160814 0.00754673107506338 0.00908358458259019
18.3013712817304 0.0075669953380866 0.00907519597221095
18.3076790206517 0.0075669953380866 0.00907519597221095
18.3139889335942 0.0075669953380866 0.00907519597221095
18.3203010213073 0.0075669953380866 0.00907519597221095
18.3266152845405 0.0075669953380866 0.00907519597221095
18.3329317240437 0.0075678196305212 0.00907469628768847
18.3392503405668 0.0075678196305212 0.00907469628768847
18.3455711348603 0.0075678196305212 0.00907469628768847
18.3518941076747 0.0075678196305212 0.00907469628768847
18.3582192597608 0.0075678196305212 0.00907469628768847
18.3645465918698 0.0075678196305212 0.00907469628768847
18.3708761047531 0.0075678196305212 0.00907469628768847
18.3772077991622 0.0075678196305212 0.00907469628768847
18.3835416758491 0.00758233891766758 0.00906600078679543
18.3898777355659 0.00758233891766758 0.00906600078679543
18.3962159790649 0.00758233891766758 0.00906600078679543
18.4025564070989 0.00758233891766758 0.00906600078679543
18.4088990204208 0.00758233891766758 0.00906600078679543
18.4152438197837 0.00758233891766758 0.00906600078679543
18.4215908059411 0.00758233891766758 0.00906600078679543
18.4279399796467 0.00758233891766758 0.00906600078679543
18.4342913416545 0.00758233891766758 0.00906600078679543
18.4406448927186 0.00758233891766758 0.00906600078679543
18.4470006335935 0.00758233891766758 0.00906600078679543
18.4533585650341 0.00764456463854358 0.00917193359574588
18.4597186877952 0.00764456463854358 0.00917193359574588
18.4660810026322 0.00764456463854358 0.00917193359574588
18.4724455103005 0.00764456463854358 0.00917193359574588
18.478812211556 0.00766276524698114 0.00916124729374745
18.4851811071547 0.00766276524698114 0.00916124729374745
18.4915521978528 0.00766276524698114 0.00916124729374745
18.497925484407 0.00766276524698114 0.00916124729374745
18.5043009675741 0.00766276524698114 0.00916124729374745
18.5106786481111 0.00766276524698114 0.00916124729374745
18.5170585267754 0.00766276524698114 0.00916124729374745
18.5234406043246 0.00766276524698114 0.00916124729374745
18.5298248815166 0.00766276524698114 0.00916124729374745
18.5362113591095 0.00766276524698114 0.00916124729374745
18.5426000378616 0.00766276524698114 0.00916124729374745
18.5489909185317 0.00766276524698114 0.00916124729374745
18.5553840018786 0.00766276524698114 0.00916124729374745
18.5617792886616 0.00766276524698114 0.00916124729374745
18.56817677964 0.00766276524698114 0.00916124729374745
18.5745764755735 0.00766276524698114 0.00916124729374745
18.5809783772222 0.007717906825978 0.00922950685279581
18.5873824853461 0.007717906825978 0.00922950685279581
18.5937888007059 0.007717906825978 0.00922950685279581
18.6001973240623 0.007717906825978 0.00922950685279581
18.6066080561762 0.007717906825978 0.00922950685279581
18.6130209978089 0.007717906825978 0.00922950685279581
18.619436149722 0.007717906825978 0.00922950685279581
18.6258535126773 0.007717906825978 0.00922950685279581
18.6322730874368 0.007717906825978 0.00922950685279581
18.6386948747628 0.007717906825978 0.00922950685279581
18.6451188754179 0.00774080487913192 0.00926868402698467
18.6515450901649 0.00774080487913192 0.00926868402698467
18.6579735197671 0.00774080487913192 0.00926868402698467
18.6644041649876 0.00774080487913192 0.00926868402698467
18.6708370265903 0.00774080487913192 0.00926868402698467
18.6772721053389 0.00774080487913192 0.00926868402698467
18.6837094019976 0.00774080487913192 0.00926868402698467
18.6901489173309 0.00774080487913192 0.00926868402698467
18.6965906521034 0.00774080487913192 0.00926868402698467
18.7030346070801 0.00774080487913192 0.00926868402698467
18.7094807830262 0.00774080487913192 0.00926868402698467
18.7159291807072 0.00774080487913192 0.00926868402698467
18.7223798008888 0.00774080487913192 0.00926868402698467
18.728832644337 0.00774080487913192 0.00926868402698467
18.7352877118182 0.00774080487913192 0.00926868402698467
18.7417450040987 0.00774080487913192 0.00926868402698467
18.7482045219455 0.00774080487913192 0.00926868402698467
18.7546662661256 0.00777307898769941 0.00932448290857058
18.7611302374063 0.00777307898769941 0.00932448290857058
18.7675964365552 0.00777307898769941 0.00932448290857058
18.7740648643401 0.00777307898769941 0.00932448290857058
18.7805355215293 0.00777307898769941 0.00932448290857058
18.787008408891 0.00777307898769941 0.00932448290857058
18.7934835271939 0.00777307898769941 0.00932448290857058
18.799960877207 0.00777307898769941 0.00932448290857058
18.8064404596993 0.00781719902851822 0.00938837924552194
18.8129222754405 0.00783487471195016 0.00941019137650996
18.8194063252001 0.00783487471195016 0.00941019137650996
18.8258926097481 0.00783487471195016 0.00941019137650996
18.8323811298549 0.00783487471195016 0.00941019137650996
18.8388718862908 0.00783487471195016 0.00941019137650996
18.8453648798267 0.00783487471195016 0.00941019137650996
18.8518601112335 0.00783487471195016 0.00941019137650996
18.8583575812827 0.00783487471195016 0.00941019137650996
18.8648572907458 0.00783487471195016 0.00941019137650996
18.8713592403945 0.00783487471195016 0.00941019137650996
18.8778634310011 0.00783487471195016 0.00941019137650996
18.8843698633379 0.00783487471195016 0.00941019137650996
18.8908785381774 0.00783487471195016 0.00941019137650996
18.8973894562927 0.00783487471195016 0.00941019137650996
18.9039026184568 0.00783487471195016 0.00941019137650996
18.9104180254432 0.00783487471195016 0.00941019137650996
18.9169356780257 0.00783487471195016 0.00941019137650996
18.9234555769781 0.00783487471195016 0.00941019137650996
18.9299777230747 0.00783487471195016 0.00941019137650996
18.93650211709 0.00783487471195016 0.00941019137650996
18.9430287597988 0.00783487471195016 0.00941019137650996
18.9495576519761 0.00783487471195016 0.00941019137650996
18.9560887943972 0.00783487471195016 0.00941019137650996
18.9626221878377 0.00783487471195016 0.00941019137650996
18.9691578330733 0.00783487471195016 0.00941019137650996
18.9756957308803 0.00783487471195016 0.00941019137650996
18.982235882035 0.00783487471195016 0.00941019137650996
18.9887782873139 0.00783487471195016 0.00941019137650996
18.9953229474941 0.00783820294523831 0.00940819781764494
19.0018698633527 0.00783820294523831 0.00940819781764494
19.0084190356671 0.00783820294523831 0.00940819781764494
19.0149704652151 0.00783820294523831 0.00940819781764494
19.0215241527745 0.00783820294523831 0.00940819781764494
19.0280800991238 0.00783820294523831 0.00940819781764494
19.0346383050413 0.00784759823081541 0.00941989144233688
19.0411987713058 0.00784759823081541 0.00941989144233688
19.0477614986965 0.00784759823081541 0.00941989144233688
19.0543264879926 0.00784759823081541 0.00941989144233688
19.0608937399737 0.00784759823081541 0.00941989144233688
19.0674632554197 0.00784759823081541 0.00941989144233688
19.0740350351107 0.00784759823081541 0.00941989144233688
19.080609079827 0.00784759823081541 0.00941989144233688
19.0871853903494 0.00784759823081541 0.00941989144233688
19.0937639674588 0.00786330782869709 0.00944687795236506
19.1003448119364 0.00786330782869709 0.00944687795236506
19.1069279245636 0.00786330782869709 0.00944687795236506
19.1135133061222 0.00786330782869709 0.00944687795236506
19.1201009573942 0.00786330782869709 0.00944687795236506
19.1266908791618 0.00786330782869709 0.00944687795236506
19.1332830722077 0.00786330782869709 0.00944687795236506
19.1398775373146 0.00786330782869709 0.00944687795236506
19.1464742752657 0.00786330782869709 0.00944687795236506
19.1530732868442 0.00786330782869709 0.00944687795236506
19.1596745728339 0.00786330782869709 0.00944687795236506
19.1662781340185 0.00786330782869709 0.00944687795236506
19.1728839711824 0.00786330782869709 0.00944687795236506
19.1794920851098 0.00786330782869709 0.00944687795236506
19.1861024765856 0.00786330782869709 0.00944687795236506
19.1927151463946 0.00786330782869709 0.00944687795236506
19.1993300953222 0.00786330782869709 0.00944687795236506
19.2059473241539 0.00786330782869709 0.00944687795236506
19.2125668336754 0.00786330782869709 0.00944687795236506
19.2191886246729 0.00786330782869709 0.00944687795236506
19.2258126979326 0.00786671225160466 0.0094450674406207
19.2324390542411 0.00786671225160466 0.0094450674406207
19.2390676943854 0.00786671225160466 0.0094450674406207
19.2456986191526 0.00786671225160466 0.0094450674406207
19.25233182933 0.00786671225160466 0.0094450674406207
19.2589673257054 0.00786671225160466 0.0094450674406207
19.2656051090668 0.00786671225160466 0.0094450674406207
19.2722451802023 0.00786671225160466 0.0094450674406207
19.2788875399005 0.00786671225160466 0.0094450674406207
19.2855321889502 0.00786794858565666 0.00944454566842918
19.2921791281403 0.00786794858565666 0.00944454566842918
19.2988283582602 0.00786794858565666 0.00944454566842918
19.3054798800996 0.00786794858565666 0.00944454566842918
19.3121336944482 0.00786794858565666 0.00944454566842918
19.3187898020962 0.00786794858565666 0.00944454566842918
19.325448203834 0.00786794858565666 0.00944454566842918
19.3321089004523 0.00786794858565666 0.00944454566842918
19.338771892742 0.00786794858565666 0.00944454566842918
19.3454371814944 0.00786794858565666 0.00944454566842918
19.352104767501 0.00786794858565666 0.00944454566842918
19.3587746515535 0.0078702660245238 0.00944742757575351
19.3654468344439 0.0078702660245238 0.00944742757575351
19.3721213169647 0.0078702660245238 0.00944742757575351
19.3787980999083 0.0078702660245238 0.00944742757575351
19.3854771840676 0.0078702660245238 0.00944742757575351
19.3921585702359 0.0078702660245238 0.00944742757575351
19.3988422592064 0.0078702660245238 0.00944742757575351
19.4055282517728 0.0078702660245238 0.00944742757575351
19.4122165487292 0.0078702660245238 0.00944742757575351
19.4189071508698 0.0078702660245238 0.00944742757575351
19.425600058989 0.0078702660245238 0.00944742757575351
19.4322952738816 0.0078702660245238 0.00944742757575351
19.4389927963428 0.0078702660245238 0.00944742757575351
19.4456926271677 0.0078702660245238 0.00944742757575351
19.452394767152 0.0078702660245238 0.00944742757575351
19.4590992170917 0.0078702660245238 0.00944742757575351
19.4658059777827 0.0078702660245238 0.00944742757575351
19.4725150500216 0.0078702660245238 0.00944742757575351
19.4792264346051 0.0078702660245238 0.00944742757575351
19.48594013233 0.0078702660245238 0.00944742757575351
19.4926561439937 0.0078702660245238 0.00944742757575351
19.4993744703938 0.0078702660245238 0.00944742757575351
19.5060951123278 0.0078702660245238 0.00944742757575351
19.5128180705941 0.0078702660245238 0.00944742757575351
19.5195433459908 0.0078702660245238 0.00944742757575351
19.5262709393167 0.0078702660245238 0.00944742757575351
19.5330008513706 0.0078702660245238 0.00944742757575351
19.5397330829516 0.00787797085273938 0.00945703953208593
19.5464676348593 0.00793200006425189 0.00955085404552849
19.5532045078933 0.00793200006425189 0.00955085404552849
19.5599437028537 0.00793200006425189 0.00955085404552849
19.5666852205407 0.00804029544949103 0.00968879364326438
19.5734290617549 0.00804029544949103 0.00968879364326438
19.5801752272971 0.00804029544949103 0.00968879364326438
19.5869237179684 0.00804029544949103 0.00968879364326438
19.5936745345702 0.00804029544949103 0.00968879364326438
19.6004276779041 0.00804029544949103 0.00968879364326438
19.6071831487721 0.00804029544949103 0.00968879364326438
19.6139409479763 0.00804029544949103 0.00968879364326438
19.6207010763193 0.00804029544949103 0.00968879364326438
19.6274635346038 0.00804029544949103 0.00968879364326438
19.6342283236328 0.00804029544949103 0.00968879364326438
19.6409954442097 0.00804029544949103 0.00968879364326438
19.6477648971381 0.00804029544949103 0.00968879364326438
19.6545366832217 0.00804029544949103 0.00968879364326438
19.6613108032649 0.00804029544949103 0.00968879364326438
19.6680872580719 0.00804029544949103 0.00968879364326438
19.6748660484475 0.00804029544949103 0.00968879364326438
19.6816471751966 0.00804029544949103 0.00968879364326438
19.6884306391246 0.00804029544949103 0.00968879364326438
19.6952164410369 0.00804029544949103 0.00968879364326438
19.7020045817393 0.00804029544949103 0.00968879364326438
19.708795062038 0.0080453694770681 0.00968661925517196
19.7155878827393 0.0080453694770681 0.00968661925517196
19.7223830446498 0.00805515675426722 0.00970028650818675
19.7291805485764 0.00805515675426722 0.00970028650818675
19.7359803953265 0.00805515675426722 0.00970028650818675
19.7427825857073 0.00805515675426722 0.00970028650818675
19.7495871205268 0.00805515675426722 0.00970028650818675
19.7563940005928 0.00805515675426722 0.00970028650818675
19.7632032267138 0.00805515675426722 0.00970028650818675
19.7700147996983 0.00805515675426722 0.00970028650818675
19.7768287203552 0.00805515675426722 0.00970028650818675
19.7836449894937 0.00805515675426722 0.00970028650818675
19.7904636079231 0.00805515675426722 0.00970028650818675
19.7972845764531 0.00805515675426722 0.00970028650818675
19.8041078958939 0.00805515675426722 0.00970028650818675
19.8109335670555 0.00805515675426722 0.00970028650818675
19.8177615907486 0.00805515675426722 0.00970028650818675
19.824591967784 0.00805515675426722 0.00970028650818675
19.8314246989727 0.00805515675426722 0.00970028650818675
19.8382597851262 0.00805515675426722 0.00970028650818675
19.8450972270561 0.00805515675426722 0.00970028650818675
19.8519370255744 0.00805515675426722 0.00970028650818675
19.8587791814933 0.00805515675426722 0.00970028650818675
19.8656236956253 0.00805515675426722 0.00970028650818675
19.8724705687831 0.00805515675426722 0.00970028650818675
19.8793198017799 0.00805515675426722 0.00970028650818675
19.8861713954289 0.00805515675426722 0.00970028650818675
19.8930253505438 0.00805515675426722 0.00970028650818675
19.8998816679385 0.00805515675426722 0.00970028650818675
19.9067403484271 0.00805515675426722 0.00970028650818675
19.9136013928242 0.00805515675426722 0.00970028650818675
19.9204648019445 0.00805515675426722 0.00970028650818675
19.9273305766029 0.00805515675426722 0.00970028650818675
19.9341987176149 0.00806115729638002 0.00970870024477821
19.9410692257959 0.00806115729638002 0.00970870024477821
19.9479421019619 0.00806115729638002 0.00970870024477821
19.954817346929 0.00806115729638002 0.00970870024477821
19.9616949615137 0.00806115729638002 0.00970870024477821
19.9685749465325 0.00806115729638002 0.00970870024477821
19.9754573028027 0.00806115729638002 0.00970870024477821
19.9823420311413 0.00806115729638002 0.00970870024477821
19.989229132366 0.00809173315547824 0.00975197590908073
19.9961186072946 0.00809173315547824 0.00975197590908073
20.0030104567452 0.0080931880459157 0.00975405180807645
20.0099046815363 0.0080931880459157 0.00975405180807645
20.0168012824864 0.0080931880459157 0.00975405180807645
20.0237002604146 0.0080931880459157 0.00975405180807645
20.0306016161402 0.0080931880459157 0.00975405180807645
20.0375053504826 0.0080931880459157 0.00975405180807645
20.0444114642616 0.0080931880459157 0.00975405180807645
20.0513199582975 0.0080931880459157 0.00975405180807645
20.0582308334104 0.0080931880459157 0.00975405180807645
20.0651440904212 0.0080931880459157 0.00975405180807645
20.0720597301507 0.0080931880459157 0.00975405180807645
20.0789777534201 0.0080931880459157 0.00975405180807645
20.0858981610511 0.0080931880459157 0.00975405180807645
20.0928209538653 0.0080931880459157 0.00975405180807645
20.0997461326848 0.0080931880459157 0.00975405180807645
20.1066736983321 0.0080931880459157 0.00975405180807645
20.1136036516296 0.0080931880459157 0.00975405180807645
20.1205359934005 0.0080931880459157 0.00975405180807645
20.1274707244679 0.0080931880459157 0.00975405180807645
20.1344078456552 0.0080931880459157 0.00975405180807645
20.1413473577862 0.0080931880459157 0.00975405180807645
20.1482892616851 0.00810381344664476 0.00974954676112209
20.1552335581762 0.00811752793634964 0.00974147663119839
20.162180248084 0.00811752793634964 0.00974147663119839
20.1691293322335 0.00811752793634964 0.00974147663119839
20.17608081145 0.00811752793634964 0.00974147663119839
20.1830346865588 0.00811752793634964 0.00974147663119839
20.1899909583857 0.00812146959335396 0.00974710453522887
20.1969496277569 0.00812146959335396 0.00974710453522887
20.2039106954986 0.00812146959335396 0.00974710453522887
20.2108741624374 0.00812146959335396 0.00974710453522887
20.2178400294004 0.00812146959335396 0.00974710453522887
20.2248082972145 0.00812146959335396 0.00974710453522887
20.2317789667074 0.00812146959335396 0.00974710453522887
20.2387520387068 0.00812146959335396 0.00974710453522887
20.2457275140407 0.00812146959335396 0.00974710453522887
20.2527053935375 0.00812146959335396 0.00974710453522887
20.2596856780258 0.00812146959335396 0.00974710453522887
20.2666683683344 0.00812146959335396 0.00974710453522887
20.2736534652927 0.00812146959335396 0.00974710453522887
20.2806409697299 0.00812146959335396 0.00974710453522887
20.287630882476 0.00812146959335396 0.00974710453522887
20.294623204361 0.00813742543857625 0.00973792402223135
20.3016179362151 0.00823387128239461 0.00987899411579008
20.3086150788691 0.00823387128239461 0.00987899411579008
20.3156146331537 0.00823387128239461 0.00987899411579008
20.3226165999003 0.00823387128239461 0.00987899411579008
20.3296209799402 0.00823387128239461 0.00987899411579008
20.3366277741053 0.00828928387807389 0.00997197786069066
20.3436369832276 0.00828928387807389 0.00997197786069066
20.3506486081394 0.00828928387807389 0.00997197786069066
20.3576626496734 0.00830963563017814 0.0100066050997459
20.3646791086624 0.00830963563017814 0.0100066050997459
20.3716979859397 0.00830963563017814 0.0100066050997459
20.3787192823388 0.00830963563017814 0.0100066050997459
20.3857429986934 0.00830980262138022 0.0100065028169721
20.3927691358376 0.00830980262138022 0.0100065028169721
20.3997976946057 0.00830980262138022 0.0100065028169721
20.4068286758324 0.00831287010992768 0.0100117438568279
20.4138620803525 0.00831287010992768 0.0100117438568279
20.4208979090014 0.00831287010992768 0.0100117438568279
20.4279361626145 0.00831287010992768 0.0100117438568279
20.4349768420276 0.00831287010992768 0.0100117438568279
20.4420199480767 0.00831287010992768 0.0100117438568279
20.4490654815982 0.00831287010992768 0.0100117438568279
20.4561134434289 0.00831287010992768 0.0100117438568279
20.4631638344055 0.00831287010992768 0.0100117438568279
20.4702166553654 0.00831287010992768 0.0100117438568279
20.4772719071461 0.00831287010992768 0.0100117438568279
20.4843295905853 0.00831287010992768 0.0100117438568279
20.4913897065212 0.00831287010992768 0.0100117438568279
20.4984522557921 0.00831287010992768 0.0100117438568279
20.5055172392368 0.00831287010992768 0.0100117438568279
20.5125846576941 0.00831287010992768 0.0100117438568279
20.5196545120034 0.00831287010992768 0.0100117438568279
20.5267268030041 0.00831287010992768 0.0100117438568279
20.5338015315361 0.00831287010992768 0.0100117438568279
20.5408786984395 0.00831287010992768 0.0100117438568279
20.5479583045547 0.00831287010992768 0.0100117438568279
20.5550403507225 0.00831287010992768 0.0100117438568279
20.5621248377837 0.00831287010992768 0.0100117438568279
20.5692117665798 0.00831287010992768 0.0100117438568279
20.5763011379521 0.00831287010992768 0.0100117438568279
20.5833929527427 0.0083174109066945 0.010009792692886
20.5904872117936 0.0083174109066945 0.010009792692886
20.5975839159474 0.0083174109066945 0.010009792692886
20.6046830660466 0.0083174109066945 0.010009792692886
20.6117846629344 0.0083174109066945 0.010009792692886
20.618888707454 0.0083174109066945 0.010009792692886
20.625995200449 0.0083174109066945 0.010009792692886
20.6331041427634 0.0083174109066945 0.010009792692886
20.6402155352413 0.0083174109066945 0.010009792692886
20.6473293787272 0.0083174109066945 0.010009792692886
20.6544456740658 0.0083174109066945 0.010009792692886
20.6615644221022 0.0083174109066945 0.010009792692886
20.6686856236818 0.0083174109066945 0.010009792692886
20.6758092796501 0.0083174109066945 0.010009792692886
20.6829353908532 0.0083174109066945 0.010009792692886
20.6900639581372 0.0083174109066945 0.010009792692886
20.6971949823486 0.0083174109066945 0.010009792692886
20.7043284643343 0.0083174109066945 0.010009792692886
20.7114644049413 0.0083174109066945 0.010009792692886
20.718602805017 0.0083174109066945 0.010009792692886
20.7257436654092 0.0083174109066945 0.010009792692886
20.7328869869657 0.0083174109066945 0.010009792692886
20.7400327705349 0.0083174109066945 0.010009792692886
20.7471810169652 0.0083174109066945 0.010009792692886
20.7543317271056 0.0083174109066945 0.010009792692886
20.7614849018052 0.00832141184152026 0.0100156684813694
20.7686405419134 0.00834880567687383 0.0100561918003726
20.7757986482799 0.00834880567687383 0.0100561918003726
20.7829592217548 0.00836141333794807 0.0100776469962976
20.7901222631884 0.00836141333794807 0.0100776469962976
20.7972877734313 0.00836401443261687 0.01008208540685
20.8044557533343 0.00836401443261687 0.01008208540685
20.8116262037487 0.00836401443261687 0.01008208540685
20.818799125526 0.00836401443261687 0.01008208540685
20.8259745195178 0.00836401443261687 0.01008208540685
20.8331523865764 0.00836401443261687 0.01008208540685
20.8403327275541 0.00836401443261687 0.01008208540685
20.8475155433035 0.00836401443261687 0.01008208540685
20.8547008346776 0.00836401443261687 0.01008208540685
20.8618886025296 0.00836401443261687 0.01008208540685
20.869078847713 0.00836401443261687 0.01008208540685
20.8762715710818 0.00836401443261687 0.01008208540685
20.88346677349 0.00836401443261687 0.01008208540685
20.8906644557921 0.00836401443261687 0.01008208540685
20.8978646188428 0.00836401443261687 0.01008208540685
20.905067263497 0.00836401443261687 0.01008208540685
20.9122723906102 0.00836401443261687 0.01008208540685
20.9194800010378 0.00836401443261687 0.01008208540685
20.9266900956359 0.00836401443261687 0.01008208540685
20.9339026752605 0.00836401443261687 0.01008208540685
20.9411177407683 0.00836401443261687 0.01008208540685
20.9483352930158 0.00836401443261687 0.01008208540685
20.9555553328604 0.00836401443261687 0.01008208540685
20.9627778611592 0.00836401443261687 0.01008208540685
20.97000287877 0.00836401443261687 0.01008208540685
20.9772303865508 0.00836401443261687 0.01008208540685
20.9844603853598 0.00836401443261687 0.01008208540685
20.9916928760556 0.00836882173781661 0.0100791441364182
20.9989278594969 0.00836882173781661 0.0100791441364182
21.0061653365431 0.00838116232895588 0.010100256757456
21.0134053080534 0.00838116232895588 0.010100256757456
21.0206477748877 0.00838116232895588 0.010100256757456
21.027892737906 0.00838116232895588 0.010100256757456
21.0351401979686 0.00838116232895588 0.010100256757456
21.0423901559362 0.00838116232895588 0.010100256757456
21.0496426126696 0.00838116232895588 0.010100256757456
21.0568975690301 0.00862147710358234 0.0105289191346187
21.0641550258793 0.00862147710358234 0.0105289191346187
21.0714149840789 0.00862147710358234 0.0105289191346187
21.078677444491 0.00862147710358234 0.0105289191346187
21.0859424079781 0.00862147710358234 0.0105289191346187
21.0932098754029 0.00862147710358234 0.0105289191346187
21.1004798476283 0.00862147710358234 0.0105289191346187
21.1077523255177 0.00862338755979251 0.0105277538688257
21.1150273099347 0.00862348097973137 0.0105278839632944
21.1223048017432 0.00862348097973137 0.0105278839632944
21.1295848018074 0.00862348097973137 0.0105278839632944
21.1368673109917 0.00862348097973137 0.0105278839632944
21.1441523301609 0.00862348097973137 0.0105278839632944
21.1514398601803 0.00862348097973137 0.0105278839632944
21.158729901915 0.00862348097973137 0.0105278839632944
21.1660224562309 0.00862348097973137 0.0105278839632944
21.1733175239939 0.00862348097973137 0.0105278839632944
21.1806151060702 0.00862348097973137 0.0105278839632944
21.1879152033266 0.00862348097973137 0.0105278839632944
21.1952178166298 0.00862348097973137 0.0105278839632944
21.202522946847 0.00862348097973137 0.0105278839632944
21.2098305948457 0.00862527167476634 0.0105299405683829
21.2171407614937 0.00862527167476634 0.0105299405683829
21.2244534476591 0.00862527167476634 0.0105299405683829
21.2317686542103 0.00862527167476634 0.0105299405683829
21.2390863820158 0.00862527167476634 0.0105299405683829
21.2464066319447 0.00867266313741105 0.0105966647730733
21.2537294048663 0.00867266313741105 0.0105966647730733
21.2610547016501 0.00867266313741105 0.0105966647730733
21.268382523166 0.00867266313741105 0.0105966647730733
21.2757128702842 0.00867266313741105 0.0105966647730733
21.2830457438751 0.00867266313741105 0.0105966647730733
21.2903811448096 0.00867266313741105 0.0105966647730733
21.2977190739586 0.00867266313741105 0.0105966647730733
21.3050595321936 0.00867266313741105 0.0105966647730733
21.3124025203863 0.00867438542631088 0.0105956146469462
21.3197480394086 0.00867438542631088 0.0105956146469462
21.3270960901327 0.00867438542631088 0.0105956146469462
21.3344466734314 0.00867438542631088 0.0105956146469462
21.3417997901773 0.00867438542631088 0.0105956146469462
21.3491554412438 0.00867438542631088 0.0105956146469462
21.3565136275043 0.00867438542631088 0.0105956146469462
21.3638743498325 0.00867438542631088 0.0105956146469462
21.3712376091026 0.00867438542631088 0.0105956146469462
21.378603406189 0.00867438542631088 0.0105956146469462
21.3859717419662 0.00867438542631088 0.0105956146469462
21.3933426173093 0.00867438542631088 0.0105956146469462
21.4007160330936 0.00867438542631088 0.0105956146469462
21.4080919901947 0.00867438542631088 0.0105956146469462
21.4154704894885 0.00867438542631088 0.0105956146469462
21.4228515318511 0.00867438542631088 0.0105956146469462
21.430235118159 0.00867438542631088 0.0105956146469462
21.4376212492891 0.00867438542631088 0.0105956146469462
21.4450099261184 0.00867438542631088 0.0105956146469462
21.4524011495243 0.00867438542631088 0.0105956146469462
21.4597949203845 0.00867438542631088 0.0105956146469462
21.4671912395771 0.00867438542631088 0.0105956146469462
21.4745901079804 0.00867438542631088 0.0105956146469462
21.4819915264729 0.00867438542631088 0.0105956146469462
21.4893954959335 0.00867438542631088 0.0105956146469462
21.4968020172415 0.00867438542631088 0.0105956146469462
21.5042110912765 0.00867438542631088 0.0105956146469462
21.5116227189181 0.00867438542631088 0.0105956146469462
21.5190369010466 0.00869038114081849 0.0106138916560622
21.5264536385424 0.00869038114081849 0.0106138916560622
21.5338729322861 0.00869038114081849 0.0106138916560622
21.5412947831589 0.00869038114081849 0.0106138916560622
21.5487191920421 0.00869038114081849 0.0106138916560622
21.5561461598173 0.00869038114081849 0.0106138916560622
21.5635756873665 0.00869038114081849 0.0106138916560622
21.5710077755718 0.00869038114081849 0.0106138916560622
21.578442425316 0.00869038114081849 0.0106138916560622
21.5858796374817 0.00869200496444896 0.0106129027273107
21.5933194129523 0.00869200496444896 0.0106129027273107
21.6007617526111 0.00869200496444896 0.0106129027273107
21.6082066573419 0.00869200496444896 0.0106129027273107
21.6156541280289 0.00869200496444896 0.0106129027273107
21.6231041655563 0.00869200496444896 0.0106129027273107
21.6305567708089 0.00869200496444896 0.0106129027273107
21.6380119446716 0.00869200496444896 0.0106129027273107
21.6454696880298 0.00869200496444896 0.0106129027273107
21.6529300017691 0.00869200496444896 0.0106129027273107
21.6603928867753 0.00869200496444896 0.0106129027273107
21.6678583439347 0.00870046766163697 0.0106091826220165
21.6753263741338 0.00870046766163697 0.0106091826220165
21.6827969782594 0.00870046766163697 0.0106091826220165
21.6902701571986 0.00870046766163697 0.0106091826220165
21.697745911839 0.00880946111598186 0.0107676991404161
21.7052242430681 0.00880946111598186 0.0107676991404161
21.7127051517741 0.00880946111598186 0.0107676991404161
21.7201886388453 0.00880946111598186 0.0107676991404161
21.7276747051703 0.00880946111598186 0.0107676991404161
21.7351633516382 0.00881983469023673 0.0107613949022095
21.7426545791382 0.00881983469023673 0.0107613949022095
21.7501483885599 0.00881983469023673 0.0107613949022095
21.7576447807931 0.00881983469023673 0.0107613949022095
21.7651437567281 0.00889241306586873 0.0108445022862897
21.7726453172554 0.00889241306586873 0.0108445022862897
21.7801494632657 0.00889241306586873 0.0108445022862897
21.7876561956501 0.00889241306586873 0.0108445022862897
21.7951655153002 0.00889241306586873 0.0108445022862897
21.8026774231075 0.00889241306586873 0.0108445022862897
21.8101919199642 0.00889241306586873 0.0108445022862897
21.8177090067626 0.00889241306586873 0.0108445022862897
21.8252286843953 0.00889241306586873 0.0108445022862897
21.8327509537553 0.00889241306586873 0.0108445022862897
21.8402758157358 0.00889241306586873 0.0108445022862897
21.8478032712305 0.00889241306586873 0.0108445022862897
21.8553333211331 0.00889241306586873 0.0108445022862897
21.8628659663379 0.00889241306586873 0.0108445022862897
21.8704012077394 0.00889241306586873 0.0108445022862897
21.8779390462324 0.00889241306586873 0.0108445022862897
21.885479482712 0.00889241306586873 0.0108445022862897
21.8930225180736 0.00889241306586873 0.0108445022862897
21.9005681532129 0.00889241306586873 0.0108445022862897
21.9081163890261 0.00889837521347547 0.0108418544609274
21.9156672264093 0.00889837521347547 0.0108418544609274
21.9232206662594 0.00889837521347547 0.0108418544609274
21.9307767094731 0.00889837521347547 0.0108418544609274
21.9383353569479 0.00889837521347547 0.0108418544609274
21.9458966095814 0.00889837521347547 0.0108418544609274
21.9534604682713 0.00889837521347547 0.0108418544609274
21.9610269339159 0.00889837521347547 0.0108418544609274
21.9685960074137 0.00889837521347547 0.0108418544609274
21.9761676896635 0.00889837521347547 0.0108418544609274
21.9837419815645 0.00889837521347547 0.0108418544609274
21.9913188840161 0.00889837521347547 0.0108418544609274
21.9988983979181 0.00889837521347547 0.0108418544609274
22.0064805241705 0.00889837521347547 0.0108418544609274
22.0140652636736 0.00889837521347547 0.0108418544609274
22.0216526173283 0.00889837521347547 0.0108418544609274
22.0292425860354 0.00889837521347547 0.0108418544609274
22.0368351706962 0.00889837521347547 0.0108418544609274
22.0444303722124 0.00889837521347547 0.0108418544609274
22.0520281914859 0.00889837521347547 0.0108418544609274
22.059628629419 0.00889837521347547 0.0108418544609274
22.0672316869141 0.00889837521347547 0.0108418544609274
22.0748373648742 0.00889837521347547 0.0108418544609274
22.0824456642023 0.00889837521347547 0.0108418544609274
22.0900565858021 0.00897497507510305 0.0109788541670951
22.0976701305772 0.00897497507510305 0.0109788541670951
22.1052862994318 0.00897497507510305 0.0109788541670951
22.1129050932702 0.00897497507510305 0.0109788541670951
22.1205265129973 0.00897497507510305 0.0109788541670951
22.128150559518 0.00897497507510305 0.0109788541670951
22.1357772337378 0.00897497507510305 0.0109788541670951
22.1434065365622 0.00897497507510305 0.0109788541670951
22.1510384688972 0.00897497507510305 0.0109788541670951
22.1586730316491 0.00897497507510305 0.0109788541670951
22.1663102257246 0.00897497507510305 0.0109788541670951
22.1739500520305 0.00897497507510305 0.0109788541670951
22.181592511474 0.00897497507510305 0.0109788541670951
22.1892376049627 0.00897497507510305 0.0109788541670951
22.1968853334044 0.00897497507510305 0.0109788541670951
22.2045356977074 0.00897497507510305 0.0109788541670951
22.21218869878 0.00897497507510305 0.0109788541670951
22.219844337531 0.00897497507510305 0.0109788541670951
22.2275026148697 0.00897497507510305 0.0109788541670951
22.2351635317053 0.00897497507510305 0.0109788541670951
22.2428270889475 0.00897497507510305 0.0109788541670951
22.2504932875066 0.00897497507510305 0.0109788541670951
22.2581621282927 0.00897497507510305 0.0109788541670951
22.2658336122165 0.00897497507510305 0.0109788541670951
22.2735077401892 0.00897497507510305 0.0109788541670951
22.2811845131218 0.00897497507510305 0.0109788541670951
22.2888639319261 0.00897497507510305 0.0109788541670951
22.296545997514 0.00897497507510305 0.0109788541670951
22.3042307107977 0.00897497507510305 0.0109788541670951
22.3119180726898 0.00897497507510305 0.0109788541670951
22.319608084103 0.00897497507510305 0.0109788541670951
22.3273007459507 0.00897497507510305 0.0109788541670951
22.3349960591464 0.00897497507510305 0.0109788541670951
22.3426940246037 0.00897497507510305 0.0109788541670951
22.3503946432369 0.00897497507510305 0.0109788541670951
22.3580979159604 0.00897497507510305 0.0109788541670951
22.3658038436889 0.00897497507510305 0.0109788541670951
22.3735124273376 0.00897497507510305 0.0109788541670951
22.3812236678218 0.00897497507510305 0.0109788541670951
22.3889375660571 0.00897497507510305 0.0109788541670951
22.3966541229598 0.00897497507510305 0.0109788541670951
22.4043733394459 0.00897497507510305 0.0109788541670951
22.4120952164323 0.00897497507510305 0.0109788541670951
22.4198197548359 0.00897497507510305 0.0109788541670951
22.427546955574 0.00897497507510305 0.0109788541670951
22.4352768195641 0.00897497507510305 0.0109788541670951
22.4430093477242 0.00897497507510305 0.0109788541670951
22.4507445409725 0.00897497507510305 0.0109788541670951
22.4584824002276 0.00897497507510305 0.0109788541670951
22.4662229264082 0.00897497507510305 0.0109788541670951
22.4739661204337 0.00897497507510305 0.0109788541670951
22.4817119832235 0.00897497507510305 0.0109788541670951
22.4894605156974 0.00897497507510305 0.0109788541670951
22.4972117187756 0.00897497507510305 0.0109788541670951
22.5049655933784 0.00897497507510305 0.0109788541670951
22.5127221404267 0.00897497507510305 0.0109788541670951
22.5204813608416 0.00897497507510305 0.0109788541670951
22.5282432555444 0.00897497507510305 0.0109788541670951
22.5360078254568 0.00897497507510305 0.0109788541670951
22.543775071501 0.00897497507510305 0.0109788541670951
22.5515449945992 0.00897497507510305 0.0109788541670951
22.5593175956741 0.00897497507510305 0.0109788541670951
22.5670928756488 0.00897497507510305 0.0109788541670951
22.5748708354465 0.00897497507510305 0.0109788541670951
22.5826514759908 0.00897497507510305 0.0109788541670951
22.5904347982057 0.00897497507510305 0.0109788541670951
22.5982208030155 0.00897497507510305 0.0109788541670951
22.6060094913447 0.00897497507510305 0.0109788541670951
22.6138008641183 0.00904504472057216 0.011106858746246
22.6215949222614 0.00904504472057216 0.011106858746246
22.6293916666996 0.00904504472057216 0.011106858746246
22.6371910983588 0.00904504472057216 0.011106858746246
22.6449932181651 0.00904504472057216 0.011106858746246
22.652798027045 0.00905374644378827 0.0111030077611464
22.6606055259253 0.00905374644378827 0.0111030077611464
22.6684157157332 0.00905374644378827 0.0111030077611464
22.6762285973962 0.00905374644378827 0.0111030077611464
22.6840441718419 0.00905374644378827 0.0111030077611464
22.6918624399986 0.00905374644378827 0.0111030077611464
22.6996834027945 0.00905374644378827 0.0111030077611464
22.7075070611585 0.00905374644378827 0.0111030077611464
22.7153334160195 0.00905374644378827 0.0111030077611464
22.723162468307 0.00905374644378827 0.0111030077611464
22.7309942189507 0.00905374644378827 0.0111030077611464
22.7388286688805 0.00905374644378827 0.0111030077611464
22.7466658190269 0.00905374644378827 0.0111030077611464
22.7545056703204 0.00905374644378827 0.0111030077611464
22.762348223692 0.00905374644378827 0.0111030077611464
22.7701934800731 0.00905374644378827 0.0111030077611464
22.7780414403952 0.00905374644378827 0.0111030077611464
22.7858921055903 0.00905374644378827 0.0111030077611464
22.7937454765906 0.00905374644378827 0.0111030077611464
22.8016015543288 0.00905374644378827 0.0111030077611464
22.8094603397377 0.00905374644378827 0.0111030077611464
22.8173218337505 0.00905374644378827 0.0111030077611464
22.8251860373009 0.00905374644378827 0.0111030077611464
22.8330529513226 0.00905374644378827 0.0111030077611464
22.8409225767499 0.00905374644378827 0.0111030077611464
22.8487949145172 0.00905374644378827 0.0111030077611464
22.8566699655594 0.00905374644378827 0.0111030077611464
22.8645477308117 0.00905374644378827 0.0111030077611464
22.8724282112095 0.00905374644378827 0.0111030077611464
22.8803114076887 0.00905784760756395 0.0111005179539603
22.8881973211853 0.00905784760756395 0.0111005179539603
22.8960859526358 0.00905784760756395 0.0111005179539603
22.903977302977 0.00905784760756395 0.0111005179539603
22.911871373146 0.00905784760756395 0.0111005179539603
22.9197681640801 0.00905784760756395 0.0111005179539603
22.9276676767171 0.00905784760756395 0.0111005179539603
22.9355699119951 0.00905784760756395 0.0111005179539603
22.9434748708525 0.00905784760756395 0.0111005179539603
22.9513825542279 0.00905850771508276 0.0111001184261659
22.9592929630605 0.00905850771508276 0.0111001184261659
22.9672060982894 0.00913330908702813 0.0112080332471085
22.9751219608545 0.00913330908702813 0.0112080332471085
22.9830405516958 0.00913330908702813 0.0112080332471085
22.9909618717535 0.00913330908702813 0.0112080332471085
22.9988859219682 0.00913330908702813 0.0112080332471085
23.0068127032811 0.00913330908702813 0.0112080332471085
23.0147422166334 0.00913330908702813 0.0112080332471085
23.0226744629666 0.00913330908702813 0.0112080332471085
23.0306094432228 0.00913330908702813 0.0112080332471085
23.0385471583442 0.00913330908702813 0.0112080332471085
23.0464876092735 0.00913330908702813 0.0112080332471085
23.0544307969534 0.00913330908702813 0.0112080332471085
23.0623767223274 0.00913330908702813 0.0112080332471085
23.0703253863389 0.00913330908702813 0.0112080332471085
23.0782767899319 0.00913330908702813 0.0112080332471085
23.0862309340505 0.00913330908702813 0.0112080332471085
23.0941878196394 0.00913330908702813 0.0112080332471085
23.1021474476434 0.00913330908702813 0.0112080332471085
23.1101098190076 0.00913330908702813 0.0112080332471085
23.1180749346777 0.00913330908702813 0.0112080332471085
23.1260427955995 0.00913330908702813 0.0112080332471085
23.1340134027191 0.00913330908702813 0.0112080332471085
23.1419867569831 0.00913330908702813 0.0112080332471085
23.1499628593382 0.00913330908702813 0.0112080332471085
23.1579417107317 0.00913330908702813 0.0112080332471085
23.165923312111 0.00913330908702813 0.0112080332471085
23.1739076644239 0.00913330908702813 0.0112080332471085
23.1818947686186 0.00913330908702813 0.0112080332471085
23.1898846256435 0.00913330908702813 0.0112080332471085
23.1978772364475 0.00913330908702813 0.0112080332471085
23.2058726019795 0.00913330908702813 0.0112080332471085
23.2138707231892 0.00913330908702813 0.0112080332471085
23.2218716010261 0.00913330908702813 0.0112080332471085
23.2298752364405 0.00913330908702813 0.0112080332471085
23.2378816303828 0.00913330908702813 0.0112080332471085
23.2458907838037 0.00913330908702813 0.0112080332471085
23.2539026976542 0.00913330908702813 0.0112080332471085
23.2619173728859 0.00913330908702813 0.0112080332471085
23.2699348104504 0.00913330908702813 0.0112080332471085
23.2779550112999 0.00913330908702813 0.0112080332471085
23.2859779763866 0.00913330908702813 0.0112080332471085
23.2940037066633 0.00913330908702813 0.0112080332471085
23.3020322030831 0.00913330908702813 0.0112080332471085
23.3100634665994 0.00913330908702813 0.0112080332471085
23.3180974981658 0.00913330908702813 0.0112080332471085
23.3261342987363 0.00913330908702813 0.0112080332471085
23.3341738692654 0.00913330908702813 0.0112080332471085
23.3422162107078 0.00913330908702813 0.0112080332471085
23.3502613240184 0.00913330908702813 0.0112080332471085
23.3583092101526 0.00913330908702813 0.0112080332471085
23.3663598700661 0.00913330908702813 0.0112080332471085
23.3744133047149 0.00913330908702813 0.0112080332471085
23.3824695150554 0.00913330908702813 0.0112080332471085
23.3905285020441 0.00913330908702813 0.0112080332471085
23.3985902666382 0.00913330908702813 0.0112080332471085
23.4066548097948 0.00913330908702813 0.0112080332471085
23.4147221324718 0.00913330908702813 0.0112080332471085
23.422792235627 0.00913330908702813 0.0112080332471085
23.4308651202189 0.00913330908702813 0.0112080332471085
23.4389407872059 0.00913330908702813 0.0112080332471085
23.4470192375472 0.00913330908702813 0.0112080332471085
23.455100472202 0.00913330908702813 0.0112080332471085
23.46318449213 0.00913330908702813 0.0112080332471085
23.4712712982911 0.00913330908702813 0.0112080332471085
23.4793608916457 0.00913330908702813 0.0112080332471085
23.4874532731543 0.00913330908702813 0.0112080332471085
23.495548443778 0.00915241970999989 0.0112428911490597
23.503646404478 0.00915241970999989 0.0112428911490597
23.5117471562159 0.00915241970999989 0.0112428911490597
23.5198506999538 0.00915241970999989 0.0112428911490597
23.5279570366539 0.00915241970999989 0.0112428911490597
23.5360661672788 0.00915241970999989 0.0112428911490597
23.5441780927914 0.00915241970999989 0.0112428911490597
23.5522928141551 0.00915241970999989 0.0112428911490597
23.5604103323335 0.00915241970999989 0.0112428911490597
23.5685306482906 0.00915241970999989 0.0112428911490597
23.5766537629905 0.00915241970999989 0.0112428911490597
23.5847796773979 0.00915241970999989 0.0112428911490597
23.5929083924778 0.00915241970999989 0.0112428911490597
23.6010399091955 0.00915241970999989 0.0112428911490597
23.6091742285165 0.00915241970999989 0.0112428911490597
23.6173113514068 0.00915241970999989 0.0112428911490597
23.6254512788326 0.00915241970999989 0.0112428911490597
23.6335940117607 0.00915241970999989 0.0112428911490597
23.6417395511579 0.00915241970999989 0.0112428911490597
23.6498878979914 0.00915241970999989 0.0112428911490597
23.658039053229 0.00915241970999989 0.0112428911490597
23.6661930178385 0.00915241970999989 0.0112428911490597
23.6743497927883 0.00915241970999989 0.0112428911490597
23.6825093790469 0.00915241970999989 0.0112428911490597
23.6906717775833 0.00915241970999989 0.0112428911490597
23.6988369893667 0.00915241970999989 0.0112428911490597
23.7070050153668 0.00915241970999989 0.0112428911490597
23.7151758565535 0.00915241970999989 0.0112428911490597
23.7233495138971 0.00915241970999989 0.0112428911490597
23.7315259883683 0.00915241970999989 0.0112428911490597
23.7397052809379 0.00915241970999989 0.0112428911490597
23.7478873925772 0.00915241970999989 0.0112428911490597
23.7560723242579 0.00915241970999989 0.0112428911490597
23.7642600769519 0.00915241970999989 0.0112428911490597
23.7724506516316 0.00915241970999989 0.0112428911490597
23.7806440492694 0.00915241970999989 0.0112428911490597
23.7888402708385 0.0091778352773046 0.0112711550601754
23.797039317312 0.0091778352773046 0.0112711550601754
23.8052411896637 0.0091778352773046 0.0112711550601754
23.8134458888674 0.0091778352773046 0.0112711550601754
23.8216534158975 0.0091778352773046 0.0112711550601754
23.8298637717286 0.0091778352773046 0.0112711550601754
23.8380769573357 0.0091778352773046 0.0112711550601754
23.8462929736942 0.0091778352773046 0.0112711550601754
23.8545118217795 0.0091778352773046 0.0112711550601754
23.8627335025678 0.0091778352773046 0.0112711550601754
23.8709580170353 0.0091778352773046 0.0112711550601754
23.8791853661587 0.0091778352773046 0.0112711550601754
23.8874155509151 0.0091778352773046 0.0112711550601754
23.8956485722816 0.0091778352773046 0.0112711550601754
23.903884431236 0.0091778352773046 0.0112711550601754
23.9121231287563 0.009240019275377 0.011342172458869
23.9203646658208 0.009240019275377 0.011342172458869
23.9286090434081 0.009240019275377 0.011342172458869
23.9368562624974 0.009240019275377 0.011342172458869
23.945106324068 0.009240019275377 0.011342172458869
23.9533592290995 0.009240019275377 0.011342172458869
23.961614978572 0.009240019275377 0.011342172458869
23.9698735734658 0.009240019275377 0.011342172458869
23.9781350147616 0.009240019275377 0.011342172458869
23.9863993034405 0.009240019275377 0.011342172458869
23.9946664404839 0.009240019275377 0.011342172458869
24.0029364268734 0.009240019275377 0.011342172458869
24.0112092635912 0.009240019275377 0.011342172458869
24.0194849516195 0.009240019275377 0.011342172458869
24.0277634919412 0.00924653142876012 0.0113382156442409
24.0360448855393 0.00924653142876012 0.0113382156442409
24.0443291333973 0.00924653142876012 0.0113382156442409
24.0526162364988 0.00924653142876012 0.0113382156442409
24.060906195828 0.00924653142876012 0.0113382156442409
24.0691990123692 0.00924653142876012 0.0113382156442409
24.0774946871073 0.00924653142876012 0.0113382156442409
24.0857932210273 0.00924653142876012 0.0113382156442409
24.0940946151147 0.00924653142876012 0.0113382156442409
24.1023988703554 0.00924653142876012 0.0113382156442409
24.1107059877353 0.00924653142876012 0.0113382156442409
24.1190159682409 0.00924653142876012 0.0113382156442409
24.1273288128592 0.00924653142876012 0.0113382156442409
24.1356445225771 0.00924653142876012 0.0113382156442409
24.1439630983823 0.00924653142876012 0.0113382156442409
24.1522845412624 0.00924653142876012 0.0113382156442409
24.1606088522058 0.00924653142876012 0.0113382156442409
24.1689360322008 0.00924653142876012 0.0113382156442409
24.1772660822363 0.00924653142876012 0.0113382156442409
24.1855990033016 0.00924653142876012 0.0113382156442409
24.1939347963861 0.00924653142876012 0.0113382156442409
24.2022734624798 0.00924653142876012 0.0113382156442409
24.2106150025727 0.00924653142876012 0.0113382156442409
24.2189594176555 0.00924653142876012 0.0113382156442409
24.2273067087191 0.00924653142876012 0.0113382156442409
24.2356568767547 0.00924653142876012 0.0113382156442409
24.2440099227539 0.00924653142876012 0.0113382156442409
24.2523658477086 0.00924653142876012 0.0113382156442409
24.260724652611 0.00924653142876012 0.0113382156442409
24.2690863384537 0.00924653142876012 0.0113382156442409
24.2774509062298 0.00924653142876012 0.0113382156442409
24.2858183569324 0.00924653142876012 0.0113382156442409
24.2941886915553 0.00924653142876012 0.0113382156442409
24.3025619110923 0.00924653142876012 0.0113382156442409
24.3109380165378 0.00924653142876012 0.0113382156442409
24.3193170088865 0.00924653142876012 0.0113382156442409
24.3276988891333 0.00924653142876012 0.0113382156442409
24.3360836582736 0.00924653142876012 0.0113382156442409
24.344471317303 0.00924653142876012 0.0113382156442409
24.3528618672177 0.00924653142876012 0.0113382156442409
24.3612553090139 0.00924653142876012 0.0113382156442409
24.3696516436884 0.00924653142876012 0.0113382156442409
24.3780508722382 0.00924653142876012 0.0113382156442409
24.3864529956608 0.00924653142876012 0.0113382156442409
24.3948580149539 0.00924653142876012 0.0113382156442409
24.4032659311155 0.00924653142876012 0.0113382156442409
24.4116767451442 0.00924653142876012 0.0113382156442409
24.4200904580386 0.00924653142876012 0.0113382156442409
24.4285070707979 0.00924653142876012 0.0113382156442409
24.4369265844216 0.00924653142876012 0.0113382156442409
24.4453489999095 0.00924653142876012 0.0113382156442409
24.4537743182618 0.0092624402849805 0.0113287969461419
24.4622025404788 0.0092624402849805 0.0113287969461419
24.4706336675616 0.00926458883650079 0.011327494085097
24.4790677005112 0.00926458883650079 0.011327494085097
24.4875046403292 0.00926458883650079 0.011327494085097
24.4959444880175 0.00926458883650079 0.011327494085097
24.5043872445783 0.00926458883650079 0.011327494085097
24.5128329110141 0.00926458883650079 0.011327494085097
24.521281488328 0.00926458883650079 0.011327494085097
24.5297329775231 0.00926458883650079 0.011327494085097
24.5381873796031 0.00926826738813457 0.011325271615806
24.5466446955719 0.00926826738813457 0.011325271615806
24.5551049264338 0.00926826738813457 0.011325271615806
24.5635680731935 0.00926826738813457 0.011325271615806
24.5720341368559 0.00926826738813457 0.011325271615806
24.5805031184264 0.00926826738813457 0.011325271615806
24.5889750189107 0.00926826738813457 0.011325271615806
24.5974498393148 0.00926826738813457 0.011325271615806
24.605927580645 0.00926826738813457 0.011325271615806
24.6144082439082 0.00926826738813457 0.011325271615806
24.6228918301113 0.00926826738813457 0.011325271615806
24.6313783402618 0.00926826738813457 0.011325271615806
24.6398677753675 0.00926826738813457 0.011325271615806
24.6483601364365 0.00926826738813457 0.011325271615806
24.6568554244772 0.00926826738813457 0.011325271615806
24.6653536404985 0.00926826738813457 0.011325271615806
24.6738547855094 0.00926826738813457 0.011325271615806
24.6823588605196 0.00926826738813457 0.011325271615806
24.6908658665388 0.00926826738813457 0.011325271615806
24.6993758045772 0.00926826738813457 0.011325271615806
24.7078886756455 0.00926826738813457 0.011325271615806
24.7164044807544 0.00926826738813457 0.011325271615806
24.7249232209153 0.00926826738813457 0.011325271615806
24.7334448971398 0.00926826738813457 0.011325271615806
24.7419695104397 0.00926826738813457 0.011325271615806
24.7504970618274 0.00926826738813457 0.011325271615806
24.7590275523154 0.00926826738813457 0.011325271615806
24.7675609829169 0.00926826738813457 0.011325271615806
24.7760973546451 0.00926826738813457 0.011325271615806
24.7846366685138 0.00926826738813457 0.011325271615806
24.7931789255369 0.00926826738813457 0.011325271615806
24.8017241267288 0.00926826738813457 0.011325271615806
24.8102722731043 0.00926826738813457 0.011325271615806
24.8188233656785 0.00926826738813457 0.011325271615806
24.8273774054668 0.00926826738813457 0.011325271615806
24.8359343934849 0.00926826738813457 0.011325271615806
24.8444943307491 0.00926826738813457 0.011325271615806
24.8530572182758 0.00926826738813457 0.011325271615806
24.8616230570818 0.00926826738813457 0.011325271615806
24.8701918481843 0.00926826738813457 0.011325271615806
24.878763592601 0.00926826738813457 0.011325271615806
24.8873382913495 0.00926826738813457 0.011325271615806
24.8959159454482 0.00926826738813457 0.011325271615806
24.9044965559158 0.00926826738813457 0.011325271615806
24.913080123771 0.00926826738813457 0.011325271615806
24.9216666500332 0.00926826738813457 0.011325271615806
24.9302561357221 0.00926826738813457 0.011325271615806
24.9388485818576 0.00926826738813457 0.011325271615806
24.9474439894601 0.00926826738813457 0.011325271615806
24.9560423595504 0.00926826738813457 0.011325271615806
24.9646436931493 0.00926826738813457 0.011325271615806
24.9732479912784 0.00926826738813457 0.011325271615806
24.9818552549594 0.00926826738813457 0.011325271615806
24.9904654852143 0.00926826738813457 0.011325271615806
24.9990786830657 0.00926826738813457 0.011325271615806
25.0076948495364 0.00926826738813457 0.011325271615806
25.0163139856495 0.00926826738813457 0.011325271615806
25.0249360924286 0.00926826738813457 0.011325271615806
25.0335611708974 0.00926826738813457 0.011325271615806
25.0421892220803 0.00926826738813457 0.011325271615806
25.0508202470018 0.00926826738813457 0.011325271615806
25.0594542466868 0.00926826738813457 0.011325271615806
25.0680912221607 0.00926826738813457 0.011325271615806
25.0767311744489 0.00926826738813457 0.011325271615806
25.0853741045776 0.00926826738813457 0.011325271615806
25.0940200135731 0.00926826738813457 0.011325271615806
25.102668902462 0.00926826738813457 0.011325271615806
25.1113207722715 0.00926826738813457 0.011325271615806
25.1199756240288 0.00926826738813457 0.011325271615806
25.1286334587619 0.00926826738813457 0.011325271615806
25.1372942774987 0.00926826738813457 0.011325271615806
25.1459580812678 0.00926826738813457 0.011325271615806
25.1546248710979 0.00926826738813457 0.011325271615806
25.1632946480183 0.00926826738813457 0.011325271615806
25.1719674130584 0.00926826738813457 0.011325271615806
25.1806431672482 0.00926826738813457 0.011325271615806
25.1893219116179 0.00926826738813457 0.011325271615806
25.198003647198 0.00926826738813457 0.011325271615806
25.2066883750196 0.00926826738813457 0.011325271615806
25.215376096114 0.00926826738813457 0.011325271615806
25.2240668115127 0.00926826738813457 0.011325271615806
25.2327605222478 0.00926826738813457 0.011325271615806
25.2414572293518 0.00926826738813457 0.011325271615806
25.2501569338572 0.00926826738813457 0.011325271615806
25.2588596367972 0.00926826738813457 0.011325271615806
25.2675653392053 0.00926826738813457 0.011325271615806
25.2762740421151 0.00926826738813457 0.011325271615806
25.284985746561 0.00926826738813457 0.011325271615806
25.2937004535773 0.00926826738813457 0.011325271615806
25.302418164199 0.00926826738813457 0.011325271615806
25.3111388794613 0.00926826738813457 0.011325271615806
25.3198626003997 0.00926826738813457 0.011325271615806
25.3285893280501 0.00926826738813457 0.011325271615806
25.337319063449 0.00926826738813457 0.011325271615806
25.3460518076328 0.00926826738813457 0.011325271615806
25.3547875616387 0.00926826738813457 0.011325271615806
25.363526326504 0.00926826738813457 0.011325271615806
25.3722681032664 0.00926826738813457 0.011325271615806
25.3810128929639 0.00926826738813457 0.011325271615806
25.3897606966351 0.00926826738813457 0.011325271615806
25.3985115153188 0.00926826738813457 0.011325271615806
25.407265350054 0.00926826738813457 0.011325271615806
25.4160222018802 0.00926826738813457 0.011325271615806
25.4247820718374 0.00926826738813457 0.011325271615806
25.4335449609658 0.00926826738813457 0.011325271615806
25.442310870306 0.00926826738813457 0.011325271615806
25.4510798008989 0.00926826738813457 0.011325271615806
25.4598517537857 0.00926826738813457 0.011325271615806
25.4686267300083 0.00926826738813457 0.011325271615806
25.4774047306085 0.00926826738813457 0.011325271615806
25.4861857566288 0.00926826738813457 0.011325271615806
25.494969809112 0.00926826738813457 0.011325271615806
25.503756889101 0.00926826738813457 0.011325271615806
25.5125469976394 0.00926826738813457 0.011325271615806
25.521340135771 0.00926826738813457 0.011325271615806
25.53013630454 0.00928364441757402 0.0113530718748778
25.5389355049908 0.00928364441757402 0.0113530718748778
25.5477377381685 0.00928364441757402 0.0113530718748778
25.5565430051182 0.00928364441757402 0.0113530718748778
25.5653513068856 0.00928364441757402 0.0113530718748778
25.5741626445167 0.00928364441757402 0.0113530718748778
25.5829770190577 0.00928364441757402 0.0113530718748778
25.5917944315554 0.00928364441757402 0.0113530718748778
25.6006148830569 0.00928364441757402 0.0113530718748778
25.6094383746096 0.00928364441757402 0.0113530718748778
25.6182649072612 0.00928364441757402 0.0113530718748778
25.6270944820599 0.00928364441757402 0.0113530718748778
25.6359271000542 0.00928364441757402 0.0113530718748778
25.644762762293 0.00928364441757402 0.0113530718748778
25.6536014698255 0.00928364441757402 0.0113530718748778
25.6624432237012 0.00928364441757402 0.0113530718748778
25.6712880249702 0.00928364441757402 0.0113530718748778
25.6801358746828 0.00928364441757402 0.0113530718748778
25.6889867738896 0.00928364441757402 0.0113530718748778
25.6978407236416 0.00928364441757402 0.0113530718748778
25.7066977249903 0.00928364441757402 0.0113530718748778
25.7155577789874 0.00928364441757402 0.0113530718748778
25.7244208866851 0.00928364441757402 0.0113530718748778
25.7332870491357 0.00928364441757402 0.0113530718748778
25.7421562673923 0.00928364441757402 0.0113530718748778
25.751028542508 0.00928364441757402 0.0113530718748778
25.7599038755363 0.00928364441757402 0.0113530718748778
25.7687822675312 0.00928364441757402 0.0113530718748778
25.7776637195471 0.00928364441757402 0.0113530718748778
25.7865482326385 0.00931791152045911 0.0113931379433226
25.7954358078605 0.00931791152045911 0.0113931379433226
25.8043264462685 0.00931791152045911 0.0113931379433226
25.8132201489182 0.00931791152045911 0.0113931379433226
25.8221169168659 0.00931791152045911 0.0113931379433226
25.8310167511678 0.00931791152045911 0.0113931379433226
25.839919652881 0.00931791152045911 0.0113931379433226
25.8488256230626 0.00931791152045911 0.0113931379433226
25.8577346627701 0.00931791152045911 0.0113931379433226
25.8666467730616 0.00931791152045911 0.0113931379433226
25.8755619549953 0.00931791152045911 0.0113931379433226
25.88448020963 0.00931791152045911 0.0113931379433226
25.8934015380245 0.00931791152045911 0.0113931379433226
25.9023259412384 0.00931791152045911 0.0113931379433226
25.9112534203315 0.00931791152045911 0.0113931379433226
25.9201839763637 0.00931791152045911 0.0113931379433226
25.9291176103957 0.00931791152045911 0.0113931379433226
25.9380543234882 0.00931791152045911 0.0113931379433226
25.9469941167026 0.00931791152045911 0.0113931379433226
25.9559369911004 0.00931791152045911 0.0113931379433226
25.9648829477436 0.00931791152045911 0.0113931379433226
25.9738319876945 0.00931791152045911 0.0113931379433226
25.9827841120157 0.00931791152045911 0.0113931379433226
25.9917393217704 0.00931791152045911 0.0113931379433226
26.000697618022 0.00931791152045911 0.0113931379433226
26.0096590018342 0.00931791152045911 0.0113931379433226
26.0186234742712 0.00931791152045911 0.0113931379433226
26.0275910363976 0.00931791152045911 0.0113931379433226
26.0365616892782 0.00931791152045911 0.0113931379433226
26.0455354339782 0.00931791152045911 0.0113931379433226
26.0545122715634 0.00931791152045911 0.0113931379433226
26.0634922030997 0.00931791152045911 0.0113931379433226
26.0724752296535 0.00931791152045911 0.0113931379433226
26.0814613522914 0.00931791152045911 0.0113931379433226
26.0904505720806 0.00931791152045911 0.0113931379433226
26.0994428900886 0.00931791152045911 0.0113931379433226
26.1084383073831 0.00931791152045911 0.0113931379433226
26.1174368250324 0.00931791152045911 0.0113931379433226
26.1264384441051 0.00931791152045911 0.0113931379433226
26.13544316567 0.00931791152045911 0.0113931379433226
26.1444509907965 0.00931791152045911 0.0113931379433226
26.1534619205542 0.00931791152045911 0.0113931379433226
26.1624759560132 0.00931791152045911 0.0113931379433226
26.171493098244 0.00931791152045911 0.0113931379433226
26.1805133483172 0.00931791152045911 0.0113931379433226
26.189536707304 0.00931791152045911 0.0113931379433226
26.1985631762759 0.00931791152045911 0.0113931379433226
26.2075927563049 0.00931791152045911 0.0113931379433226
26.2166254484632 0.00931791152045911 0.0113931379433226
26.2256612538233 0.00931791152045911 0.0113931379433226
26.2347001734584 0.00931791152045911 0.0113931379433226
26.2437422084417 0.00931791152045911 0.0113931379433226
26.252787359847 0.00931791152045911 0.0113931379433226
26.2618356287484 0.00931791152045911 0.0113931379433226
26.2708870162204 0.00931791152045911 0.0113931379433226
26.2799415233378 0.00931791152045911 0.0113931379433226
26.2889991511758 0.00931791152045911 0.0113931379433226
26.2980599008101 0.00931791152045911 0.0113931379433226
26.3071237733165 0.00931791152045911 0.0113931379433226
26.3161907697714 0.00931791152045911 0.0113931379433226
26.3252608912516 0.00931791152045911 0.0113931379433226
26.334334138834 0.00931791152045911 0.0113931379433226
26.3434105135961 0.00931791152045911 0.0113931379433226
26.3524900166157 0.00931791152045911 0.0113931379433226
26.361572648971 0.00931791152045911 0.0113931379433226
26.3706584117406 0.00931791152045911 0.0113931379433226
26.3797473060034 0.00931791152045911 0.0113931379433226
26.3888393328386 0.00931791152045911 0.0113931379433226
26.397934493326 0.00931791152045911 0.0113931379433226
26.4070327885456 0.00931791152045911 0.0113931379433226
26.4161342195779 0.00931791152045911 0.0113931379433226
26.4252387875035 0.00931791152045911 0.0113931379433226
26.4343464934036 0.00931791152045911 0.0113931379433226
26.4434573383599 0.00931791152045911 0.0113931379433226
26.4525713234542 0.00931791152045911 0.0113931379433226
26.4616884497687 0.00931791152045911 0.0113931379433226
26.4708087183862 0.00931791152045911 0.0113931379433226
26.4799321303896 0.00931791152045911 0.0113931379433226
26.4890586868623 0.00931791152045911 0.0113931379433226
26.4981883888882 0.00931791152045911 0.0113931379433226
26.5073212375513 0.00931791152045911 0.0113931379433226
26.5164572339362 0.00931791152045911 0.0113931379433226
26.5255963791278 0.00931791152045911 0.0113931379433226
26.5347386742113 0.00931791152045911 0.0113931379433226
26.5438841202724 0.00931791152045911 0.0113931379433226
26.5530327183971 0.00931791152045911 0.0113931379433226
26.5621844696718 0.00931791152045911 0.0113931379433226
26.5713393751832 0.00931791152045911 0.0113931379433226
26.5804974360185 0.00931791152045911 0.0113931379433226
26.5896586532651 0.00931791152045911 0.0113931379433226
26.5988230280111 0.00931791152045911 0.0113931379433226
26.6079905613446 0.00931791152045911 0.0113931379433226
26.6171612543542 0.00931791152045911 0.0113931379433226
26.6263351081291 0.00931791152045911 0.0113931379433226
26.6355121237585 0.00931791152045911 0.0113931379433226
26.6446923023323 0.00931791152045911 0.0113931379433226
26.6538756449405 0.00931791152045911 0.0113931379433226
26.6630621526738 0.00931791152045911 0.0113931379433226
26.6722518266229 0.00931791152045911 0.0113931379433226
26.6814446678791 0.00931791152045911 0.0113931379433226
26.6906406775342 0.00931791152045911 0.0113931379433226
26.6998398566801 0.00931791152045911 0.0113931379433226
26.7090422064091 0.00931791152045911 0.0113931379433226
26.7182477278141 0.00931791152045911 0.0113931379433226
26.7274564219883 0.00931791152045911 0.0113931379433226
26.7366682900251 0.00931791152045911 0.0113931379433226
26.7458833330184 0.00931791152045911 0.0113931379433226
26.7551015520626 0.00931791152045911 0.0113931379433226
26.7643229482522 0.00931791152045911 0.0113931379433226
26.7735475226824 0.00931791152045911 0.0113931379433226
26.7827752764484 0.00931791152045911 0.0113931379433226
26.7920062106462 0.00931791152045911 0.0113931379433226
26.8012403263719 0.00931791152045911 0.0113931379433226
26.810477624722 0.00931791152045911 0.0113931379433226
26.8197181067934 0.00931791152045911 0.0113931379433226
26.8289617736835 0.00931791152045911 0.0113931379433226
26.8382086264899 0.00931791152045911 0.0113931379433226
26.8474586663106 0.00931791152045911 0.0113931379433226
26.8567118942442 0.00931791152045911 0.0113931379433226
26.8659683113894 0.00931791152045911 0.0113931379433226
26.8752279188454 0.00931791152045911 0.0113931379433226
26.8844907177118 0.00931791152045911 0.0113931379433226
26.8937567090885 0.00931791152045911 0.0113931379433226
26.9030258940759 0.00931791152045911 0.0113931379433226
26.9122982737747 0.00931791152045911 0.0113931379433226
26.9215738492859 0.00931791152045911 0.0113931379433226
26.930852621711 0.00931791152045911 0.0113931379433226
26.9401345921519 0.00931791152045911 0.0113931379433226
26.9494197617108 0.00931791152045911 0.0113931379433226
26.9587081314903 0.00931791152045911 0.0113931379433226
26.9679997025934 0.00931791152045911 0.0113931379433226
26.9772944761235 0.00931791152045911 0.0113931379433226
26.9865924531842 0.00931791152045911 0.0113931379433226
26.9958936348798 0.00931791152045911 0.0113931379433226
27.0051980223147 0.00931791152045911 0.0113931379433226
27.0145056165938 0.00931791152045911 0.0113931379433226
27.0238164188224 0.00931791152045911 0.0113931379433226
27.0331304301062 0.00931791152045911 0.0113931379433226
27.0424476515511 0.00931791152045911 0.0113931379433226
27.0517680842636 0.00931791152045911 0.0113931379433226
27.0610917293505 0.00931791152045911 0.0113931379433226
27.070418587919 0.00931791152045911 0.0113931379433226
27.0797486610765 0.00931791152045911 0.0113931379433226
27.0890819499312 0.00931791152045911 0.0113931379433226
27.0984184555911 0.00932153716377699 0.0113910105643797
27.1077581791652 0.00932153716377699 0.0113910105643797
27.1171011217624 0.00932153716377699 0.0113910105643797
27.1264472844922 0.00932153716377699 0.0113910105643797
27.1357966684645 0.00932153716377699 0.0113910105643797
27.1451492747895 0.00932153716377699 0.0113910105643797
27.1545051045778 0.00932153716377699 0.0113910105643797
27.1638641589404 0.00932153716377699 0.0113910105643797
27.1732264389887 0.00932153716377699 0.0113910105643797
27.1825919458344 0.00932153716377699 0.0113910105643797
27.1919606805898 0.00932153716377699 0.0113910105643797
27.2013326443673 0.00932153716377699 0.0113910105643797
27.2107078382798 0.00932153716377699 0.0113910105643797
27.2200862634407 0.00932153716377699 0.0113910105643797
27.2294679209636 0.00932153716377699 0.0113910105643797
27.2388528119625 0.00932153716377699 0.0113910105643797
27.248240937552 0.00932772547296637 0.0113882130732249
27.2576322988469 0.00932772547296637 0.0113882130732249
27.2670268969623 0.00932772547296637 0.0113882130732249
27.2764247330139 0.00932772547296637 0.0113882130732249
27.2858258081177 0.00932772547296637 0.0113882130732249
27.29523012339 0.00932772547296637 0.0113882130732249
27.3046376799476 0.00932772547296637 0.0113882130732249
27.3140484789076 0.00932772547296637 0.0113882130732249
27.3234625213876 0.00932772547296637 0.0113882130732249
27.3328798085054 0.00932772547296637 0.0113882130732249
27.3423003413794 0.00932772547296637 0.0113882130732249
27.3517241211282 0.00932772547296637 0.0113882130732249
27.361151148871 0.00932772547296637 0.0113882130732249
27.370581425727 0.00932772547296637 0.0113882130732249
27.3800149528163 0.00932772547296637 0.0113882130732249
27.389451731259 0.00932772547296637 0.0113882130732249
27.3988917621757 0.00932772547296637 0.0113882130732249
27.4083350466874 0.00932772547296637 0.0113882130732249
27.4177815859155 0.00932772547296637 0.0113882130732249
27.4272313809818 0.00932772547296637 0.0113882130732249
27.4366844330084 0.00932772547296637 0.0113882130732249
27.4461407431179 0.00932772547296637 0.0113882130732249
27.4556003124332 0.00932772547296637 0.0113882130732249
27.4650631420776 0.00932772547296637 0.0113882130732249
27.4745292331748 0.00932772547296637 0.0113882130732249
27.4839985868489 0.00932772547296637 0.0113882130732249
27.4934712042244 0.00932772547296637 0.0113882130732249
27.5029470864261 0.00932772547296637 0.0113882130732249
27.5124262345793 0.00932772547296637 0.0113882130732249
27.5219086498097 0.00932772547296637 0.0113882130732249
27.5313943332432 0.00932772547296637 0.0113882130732249
27.5408832860064 0.00932772547296637 0.0113882130732249
27.5503755092259 0.00932772547296637 0.0113882130732249
27.559871004029 0.00932772547296637 0.0113882130732249
27.5693697715432 0.00932772547296637 0.0113882130732249
27.5788718128966 0.00932772547296637 0.0113882130732249
27.5883771292175 0.00932772547296637 0.0113882130732249
27.5978857216347 0.00932772547296637 0.0113882130732249
27.6073975912772 0.00932772547296637 0.0113882130732249
27.6169127392746 0.00932772547296637 0.0113882130732249
27.6264311667569 0.00932772547296637 0.0113882130732249
27.6359528748543 0.00932772547296637 0.0113882130732249
27.6454778646975 0.00932772547296637 0.0113882130732249
27.6550061374176 0.00932772547296637 0.0113882130732249
27.6645376941461 0.00932772547296637 0.0113882130732249
27.6740725360148 0.00932772547296637 0.0113882130732249
27.6836106641561 0.00932772547296637 0.0113882130732249
27.6931520797024 0.00932772547296637 0.0113882130732249
27.702696783787 0.00932772547296637 0.0113882130732249
27.7122447775432 0.00932772547296637 0.0113882130732249
27.7217960621048 0.00932772547296637 0.0113882130732249
27.731350638606 0.00932772547296637 0.0113882130732249
27.7409085081814 0.00932772547296637 0.0113882130732249
27.7504696719661 0.00932858969346016 0.0113876902354594
27.7600341310954 0.00932858969346016 0.0113876902354594
27.769601886705 0.00932858969346016 0.0113876902354594
27.7791729399311 0.00932858969346016 0.0113876902354594
27.7887472919104 0.00932858969346016 0.0113876902354594
27.7983249437796 0.00932858969346016 0.0113876902354594
27.8079058966763 0.00932858969346016 0.0113876902354594
27.817490151738 0.00932858969346016 0.0113876902354594
27.827077710103 0.00932858969346016 0.0113876902354594
27.8366685729097 0.00932858969346016 0.0113876902354594
27.846262741297 0.00932858969346016 0.0113876902354594
27.8558602164043 0.00932858969346016 0.0113876902354594
27.8654609993712 0.00932858969346016 0.0113876902354594
27.8750650913378 0.00932858969346016 0.0113876902354594
27.8846724934446 0.00932858969346016 0.0113876902354594
27.8942832068325 0.00932858969346016 0.0113876902354594
27.9038972326427 0.00932858969346016 0.0113876902354594
27.9135145720169 0.00932858969346016 0.0113876902354594
27.9231352260971 0.00932858969346016 0.0113876902354594
27.9327591960258 0.00932858969346016 0.0113876902354594
27.9423864829458 0.00932858969346016 0.0113876902354594
27.9520170880004 0.00932858969346016 0.0113876902354594
27.9616510123332 0.00932858969346016 0.0113876902354594
27.9712882570882 0.00932858969346016 0.0113876902354594
27.9809288234098 0.00932858969346016 0.0113876902354594
27.9905727124428 0.00932858969346016 0.0113876902354594
28.0002199253324 0.00932858969346016 0.0113876902354594
28.0098704632242 0.00932858969346016 0.0113876902354594
28.0195243272643 0.00932858969346016 0.0113876902354594
28.029181518599 0.00932858969346016 0.0113876902354594
28.0388420383751 0.00932858969346016 0.0113876902354594
28.0485058877397 0.00932858969346016 0.0113876902354594
28.0581730678405 0.00932858969346016 0.0113876902354594
28.0678435798254 0.00932858969346016 0.0113876902354594
28.0775174248427 0.00932858969346016 0.0113876902354594
28.0871946040413 0.00932858969346016 0.0113876902354594
28.0968751185703 0.00933317625174324 0.0113856354348464
28.1065589695793 0.00933317625174324 0.0113856354348464
28.1162461582181 0.00933317625174324 0.0113856354348464
28.1259366856372 0.00933317625174324 0.0113856354348464
28.1356305529872 0.00933317625174324 0.0113856354348464
28.1453277614194 0.00933317625174324 0.0113856354348464
28.1550283120853 0.00933317625174324 0.0113856354348464
28.1647322061367 0.00933317625174324 0.0113856354348464
28.174439444726 0.00933317625174324 0.0113856354348464
28.184150029006 0.00933317625174324 0.0113856354348464
28.1938639601298 0.00933317625174324 0.0113856354348464
28.2035812392508 0.00933317625174324 0.0113856354348464
28.2133018675231 0.00933317625174324 0.0113856354348464
28.2230258461008 0.00933317625174324 0.0113856354348464
28.2327531761388 0.00933317625174324 0.0113856354348464
28.2424838587922 0.00933317625174324 0.0113856354348464
28.2522178952164 0.00933317625174324 0.0113856354348464
28.2619552865674 0.00933317625174324 0.0113856354348464
28.2716960340015 0.00933317625174324 0.0113856354348464
28.2814401386753 0.00933317625174324 0.0113856354348464
28.2911876017461 0.00933317625174324 0.0113856354348464
28.3009384243712 0.00933317625174324 0.0113856354348464
28.3106926077086 0.00933317625174324 0.0113856354348464
28.3204501529166 0.00933317625174324 0.0113856354348464
28.3302110611539 0.00933317625174324 0.0113856354348464
28.3399753335795 0.00933317625174324 0.0113856354348464
28.3497429713531 0.00933317625174324 0.0113856354348464
28.3595139756345 0.00933317625174324 0.0113856354348464
28.3692883475839 0.00933317625174324 0.0113856354348464
28.3790660883621 0.00933317625174324 0.0113856354348464
28.3888471991303 0.00933317625174324 0.0113856354348464
28.3986316810497 0.00933317625174324 0.0113856354348464
28.4084195352825 0.00933317625174324 0.0113856354348464
28.4182107629909 0.00933317625174324 0.0113856354348464
28.4280053653375 0.00933317625174324 0.0113856354348464
28.4378033434855 0.00933317625174324 0.0113856354348464
28.4476046985984 0.00933317625174324 0.0113856354348464
28.4574094318401 0.00933317625174324 0.0113856354348464
28.4672175443749 0.00933317625174324 0.0113856354348464
28.4770290373674 0.00933317625174324 0.0113856354348464
28.4868439119829 0.00933317625174324 0.0113856354348464
28.4966621693868 0.00933317625174324 0.0113856354348464
28.506483810745 0.00933317625174324 0.0113856354348464
28.5163088372238 0.00933317625174324 0.0113856354348464
28.5261372499899 0.00933317625174324 0.0113856354348464
28.5359690502106 0.00934213623572844 0.0113802431568204
28.5458042390532 0.00934213623572844 0.0113802431568204
28.5556428176857 0.00934213623572844 0.0113802431568204
28.5654847872764 0.00934213623572844 0.0113802431568204
28.575330148994 0.00934213623572844 0.0113802431568204
28.5851789040078 0.00934213623572844 0.0113802431568204
28.5950310534871 0.00934213623572844 0.0113802431568204
28.604886598602 0.00934213623572844 0.0113802431568204
28.6147455405227 0.00934213623572844 0.0113802431568204
28.6246078804201 0.00934213623572844 0.0113802431568204
28.6344736194652 0.00934213623572844 0.0113802431568204
28.6443427588296 0.00934213623572844 0.0113802431568204
28.6542152996853 0.00934213623572844 0.0113802431568204
28.6640912432046 0.00934213623572844 0.0113802431568204
28.6739705905603 0.00934213623572844 0.0113802431568204
28.6838533429256 0.00934213623572844 0.0113802431568204
28.6937395014739 0.00934213623572844 0.0113802431568204
28.7036290673793 0.00934213623572844 0.0113802431568204
28.7135220418162 0.00934213623572844 0.0113802431568204
28.7234184259593 0.00934213623572844 0.0113802431568204
28.7333182209839 0.00934213623572844 0.0113802431568204
28.7432214280655 0.00934213623572844 0.0113802431568204
28.7531280483801 0.00934213623572844 0.0113802431568204
28.7630380831041 0.00934213623572844 0.0113802431568204
28.7729515334144 0.00934213623572844 0.0113802431568204
28.7828684004881 0.00934213623572844 0.0113802431568204
28.7927886855028 0.00934213623572844 0.0113802431568204
28.8027123896367 0.00934213623572844 0.0113802431568204
28.812639514068 0.00934213623572844 0.0113802431568204
28.8225700599758 0.00934213623572844 0.0113802431568204
28.8325040285391 0.00934213623572844 0.0113802431568204
28.8424414209377 0.00934242569592385 0.0113801137050597
28.8523822383515 0.00934242569592385 0.0113801137050597
28.8623264819612 0.00934242569592385 0.0113801137050597
28.8722741529475 0.00934242569592385 0.0113801137050597
28.8822252524917 0.00934242569592385 0.0113801137050597
28.8921797817755 0.00934242569592385 0.0113801137050597
28.9021377419811 0.00934242569592385 0.0113801137050597
28.9120991342908 0.00934242569592385 0.0113801137050597
28.9220639598876 0.00934242569592385 0.0113801137050597
28.9320322199548 0.00934242569592385 0.0113801137050597
28.9420039156762 0.00934242569592385 0.0113801137050597
28.9519790482359 0.00934242569592385 0.0113801137050597
28.9619576188183 0.00934242569592385 0.0113801137050597
28.9719396286085 0.00934242569592385 0.0113801137050597
28.9819250787918 0.00934242569592385 0.0113801137050597
28.991913970554 0.00934242569592385 0.0113801137050597
29.0019063050813 0.00934242569592385 0.0113801137050597
29.0119020835601 0.00934242569592385 0.0113801137050597
29.0219013071776 0.00934242569592385 0.0113801137050597
29.0319039771211 0.00934242569592385 0.0113801137050597
29.0419100945785 0.00934242569592385 0.0113801137050597
29.0519196607378 0.00934242569592385 0.0113801137050597
29.0619326767879 0.00934242569592385 0.0113801137050597
29.0719491439176 0.00934242569592385 0.0113801137050597
29.0819690633165 0.00934242569592385 0.0113801137050597
29.0919924361744 0.00934242569592385 0.0113801137050597
29.1020192636816 0.00934242569592385 0.0113801137050597
29.1120495470288 0.00934242569592385 0.0113801137050597
29.122083287407 0.00934242569592385 0.0113801137050597
29.1321204860077 0.00934242569592385 0.0113801137050597
29.1421611440229 0.00934242569592385 0.0113801137050597
29.1522052626449 0.00934242569592385 0.0113801137050597
29.1622528430663 0.00934242569592385 0.0113801137050597
29.1723038864804 0.00934242569592385 0.0113801137050597
29.1823583940807 0.00934242569592385 0.0113801137050597
29.1924163670612 0.00934242569592385 0.0113801137050597
29.2024778066162 0.00934242569592385 0.0113801137050597
29.2125427139405 0.00934242569592385 0.0113801137050597
29.2226110902293 0.00934242569592385 0.0113801137050597
29.2326829366783 0.00934242569592385 0.0113801137050597
29.2427582544834 0.00934242569592385 0.0113801137050597
29.2528370448411 0.00934242569592385 0.0113801137050597
29.2629193089482 0.00934242569592385 0.0113801137050597
29.2730050480021 0.00934242569592385 0.0113801137050597
29.2830942632003 0.00934242569592385 0.0113801137050597
29.293186955741 0.00934242569592385 0.0113801137050597
29.3032831268226 0.00934242569592385 0.0113801137050597
29.3133827776441 0.00934242569592385 0.0113801137050597
29.3234859094048 0.00934242569592385 0.0113801137050597
29.3335925233045 0.00934371817786874 0.0113795364746627
29.3437026205432 0.00934371817786874 0.0113795364746627
29.3538162023215 0.00934371817786874 0.0113795364746627
29.3639332698405 0.00934371817786874 0.0113795364746627
29.3740538243015 0.00934371817786874 0.0113795364746627
29.3841778669064 0.00934371817786874 0.0113795364746627
29.3943053988573 0.00934371817786874 0.0113795364746627
29.4044364213568 0.00934371817786874 0.0113795364746627
29.4145709356081 0.00934371817786874 0.0113795364746627
29.4247089428146 0.00934371817786874 0.0113795364746627
29.4348504441802 0.00934371817786874 0.0113795364746627
29.4449954409092 0.00934371817786874 0.0113795364746627
29.4551439342062 0.00934371817786874 0.0113795364746627
29.4652959252765 0.00934371817786874 0.0113795364746627
29.4754514153255 0.00934371817786874 0.0113795364746627
29.4856104055592 0.00934371817786874 0.0113795364746627
29.495772897184 0.00934371817786874 0.0113795364746627
29.5059388914066 0.00934371817786874 0.0113795364746627
29.5161083894343 0.00934371817786874 0.0113795364746627
29.5262813924747 0.00934371817786874 0.0113795364746627
29.5364579017358 0.00934371817786874 0.0113795364746627
29.5466379184261 0.00934371817786874 0.0113795364746627
29.5568214437545 0.00934371817786874 0.0113795364746627
29.5670084789301 0.00934371817786874 0.0113795364746627
29.5771990251628 0.00934371817786874 0.0113795364746627
29.5873930836627 0.00934371817786874 0.0113795364746627
29.5975906556402 0.00934371817786874 0.0113795364746627
29.6077917423064 0.00934371817786874 0.0113795364746627
29.6179963448725 0.00934371817786874 0.0113795364746627
29.6282044645505 0.00934371817786874 0.0113795364746627
29.6384161025525 0.00934371817786874 0.0113795364746627
29.648631260091 0.00934371817786874 0.0113795364746627
29.6588499383793 0.00934371817786874 0.0113795364746627
29.6690721386307 0.00934371817786874 0.0113795364746627
29.679297862059 0.00934371817786874 0.0113795364746627
29.6895271098787 0.00934371817786874 0.0113795364746627
29.6997598833044 0.00934371817786874 0.0113795364746627
29.7099961835512 0.00934371817786874 0.0113795364746627
29.7202360118347 0.00934371817786874 0.0113795364746627
29.7304793693709 0.00934371817786874 0.0113795364746627
29.7407262573762 0.00934371817786874 0.0113795364746627
29.7509766770673 0.00934371817786874 0.0113795364746627
29.7612306296615 0.00934371817786874 0.0113795364746627
29.7714881163764 0.00934371817786874 0.0113795364746627
29.7817491384302 0.00934371817786874 0.0113795364746627
29.7920136970412 0.00934371817786874 0.0113795364746627
29.8022817934285 0.00934371817786874 0.0113795364746627
29.8125534288113 0.00934371817786874 0.0113795364746627
29.8228286044094 0.00934371817786874 0.0113795364746627
29.8331073214429 0.00934371817786874 0.0113795364746627
29.8433895811325 0.00934371817786874 0.0113795364746627
29.8536753846991 0.00934371817786874 0.0113795364746627
29.8639647333642 0.00934371817786874 0.0113795364746627
29.8742576283496 0.00934371817786874 0.0113795364746627
29.8845540708777 0.00934371817786874 0.0113795364746627
29.894854062171 0.00934371817786874 0.0113795364746627
29.9051576034527 0.00934371817786874 0.0113795364746627
29.9154646959464 0.00934371817786874 0.0113795364746627
29.925775340876 0.00934371817786874 0.0113795364746627
29.9360895394659 0.00934371817786874 0.0113795364746627
29.9464072929409 0.00934371817786874 0.0113795364746627
29.9567286025262 0.00934371817786874 0.0113795364746627
29.9670534694474 0.00934371817786874 0.0113795364746627
29.9773818949307 0.00934371817786874 0.0113795364746627
29.9877138802025 0.00934371817786874 0.0113795364746627
29.9980494264897 0.00934371817786874 0.0113795364746627
30.0083885350197 0.00934371817786874 0.0113795364746627
30.0187312070203 0.00934371817786874 0.0113795364746627
30.0290774437195 0.00934371817786874 0.0113795364746627
30.0394272463461 0.00934371817786874 0.0113795364746627
30.049780616129 0.00934371817786874 0.0113795364746627
30.0601375542978 0.00934371817786874 0.0113795364746627
30.0704980620822 0.00934371817786874 0.0113795364746627
30.0808621407126 0.00934371817786874 0.0113795364746627
30.0912297914197 0.00934371817786874 0.0113795364746627
30.1016010154347 0.00934371817786874 0.0113795364746627
30.1119758139892 0.00934371817786874 0.0113795364746627
30.122354188315 0.00934371817786874 0.0113795364746627
30.1327361396447 0.00934371817786874 0.0113795364746627
30.1431216692112 0.00934371817786874 0.0113795364746627
30.1535107782476 0.00934371817786874 0.0113795364746627
30.1639034679876 0.00934371817786874 0.0113795364746627
30.1742997396655 0.00934371817786874 0.0113795364746627
30.1846995945158 0.00934371817786874 0.0113795364746627
30.1951030337733 0.00934371817786874 0.0113795364746627
30.2055100586736 0.00934371817786874 0.0113795364746627
30.2159206704524 0.00934371817786874 0.0113795364746627
30.226334870346 0.00934371817786874 0.0113795364746627
30.2367526595911 0.00934371817786874 0.0113795364746627
30.2471740394247 0.00934371817786874 0.0113795364746627
30.2575990110845 0.00934371817786874 0.0113795364746627
30.2680275758083 0.00934371817786874 0.0113795364746627
30.2784597348346 0.00934371817786874 0.0113795364746627
30.2888954894022 0.00934371817786874 0.0113795364746627
30.2993348407502 0.00934371817786874 0.0113795364746627
30.3097777901184 0.00934371817786874 0.0113795364746627
30.3202243387469 0.00934371817786874 0.0113795364746627
30.3306744878761 0.00934371817786874 0.0113795364746627
30.341128238747 0.00934371817786874 0.0113795364746627
30.351585592601 0.00934371817786874 0.0113795364746627
30.36204655068 0.00934371817786874 0.0113795364746627
30.372511114226 0.00934371817786874 0.0113795364746627
30.3829792844818 0.00934371817786874 0.0113795364746627
30.3934510626905 0.00934371817786874 0.0113795364746627
30.4039264500955 0.00934371817786874 0.0113795364746627
30.4144054479409 0.00934371817786874 0.0113795364746627
30.424888057471 0.00934371817786874 0.0113795364746627
30.4353742799306 0.00934371817786874 0.0113795364746627
30.4458641165649 0.00934371817786874 0.0113795364746627
30.4563575686196 0.00934371817786874 0.0113795364746627
30.4668546373407 0.00934371817786874 0.0113795364746627
30.4773553239749 0.00934371817786874 0.0113795364746627
30.487859629769 0.00934371817786874 0.0113795364746627
30.4983675559704 0.00934371817786874 0.0113795364746627
30.5088791038269 0.00934371817786874 0.0113795364746627
30.5193942745868 0.00934371817786874 0.0113795364746627
30.5299130694987 0.00934371817786874 0.0113795364746627
30.5404354898118 0.00934371817786874 0.0113795364746627
30.5509615367755 0.00934371817786874 0.0113795364746627
30.5614912116398 0.00934371817786874 0.0113795364746627
30.5720245156551 0.00934371817786874 0.0113795364746627
30.5825614500723 0.00934371817786874 0.0113795364746627
30.5931020161425 0.00934371817786874 0.0113795364746627
30.6036462151175 0.00934371817786874 0.0113795364746627
30.6141940482494 0.00934371817786874 0.0113795364746627
30.6247455167907 0.00934371817786874 0.0113795364746627
30.6353006219944 0.00934371817786874 0.0113795364746627
30.6458593651138 0.00934371817786874 0.0113795364746627
30.656421747403 0.00934371817786874 0.0113795364746627
30.6669877701161 0.00934371817786874 0.0113795364746627
30.6775574345078 0.00934371817786874 0.0113795364746627
30.6881307418332 0.00934371817786874 0.0113795364746627
30.698707693348 0.00934371817786874 0.0113795364746627
30.7092882903082 0.00934371817786874 0.0113795364746627
30.7198725339701 0.00934371817786874 0.0113795364746627
30.7304604255907 0.00934371817786874 0.0113795364746627
30.7410519664273 0.00934371817786874 0.0113795364746627
30.7516471577375 0.00934371817786874 0.0113795364746627
30.7622460007796 0.00934371817786874 0.0113795364746627
30.7728484968121 0.00934371817786874 0.0113795364746627
30.7834546470942 0.00934371817786874 0.0113795364746627
30.7940644528852 0.00934371817786874 0.0113795364746627
30.8046779154451 0.00934371817786874 0.0113795364746627
30.8152950360343 0.00934371817786874 0.0113795364746627
30.8259158159134 0.00934371817786874 0.0113795364746627
30.8365402563437 0.00934371817786874 0.0113795364746627
30.8471683585869 0.00934371817786874 0.0113795364746627
30.857800123905 0.00934371817786874 0.0113795364746627
30.8684355535605 0.00934371817786874 0.0113795364746627
30.8790746488164 0.00934371817786874 0.0113795364746627
30.8897174109361 0.00934371817786874 0.0113795364746627
30.9003638411833 0.00934371817786874 0.0113795364746627
30.9110139408224 0.00934371817786874 0.0113795364746627
30.9216677111181 0.00934371817786874 0.0113795364746627
30.9323251533353 0.00934371817786874 0.0113795364746627
30.9429862687398 0.00934371817786874 0.0113795364746627
30.9536510585976 0.00934371817786874 0.0113795364746627
30.9643195241749 0.00934371817786874 0.0113795364746627
30.9749916667388 0.00934371817786874 0.0113795364746627
30.9856674875565 0.00934371817786874 0.0113795364746627
30.9963469878959 0.00934371817786874 0.0113795364746627
31.0070301690249 0.00934371817786874 0.0113795364746627
31.0177170322123 0.00934371817786874 0.0113795364746627
31.0284075787272 0.00934371817786874 0.0113795364746627
31.039101809839 0.00934371817786874 0.0113795364746627
31.0497997268176 0.00934371817786874 0.0113795364746627
31.0605013309335 0.00934371817786874 0.0113795364746627
31.0712066234574 0.00934371817786874 0.0113795364746627
31.0819156056606 0.00934371817786874 0.0113795364746627
31.0926282788147 0.00934371817786874 0.0113795364746627
31.1033446441919 0.00934371817786874 0.0113795364746627
31.1140647030648 0.00934371817786874 0.0113795364746627
31.1247884567062 0.00934371817786874 0.0113795364746627
31.1355159063898 0.00934371817786874 0.0113795364746627
31.1462470533893 0.00934371817786874 0.0113795364746627
31.1569818989791 0.00934371817786874 0.0113795364746627
31.1677204444338 0.00934371817786874 0.0113795364746627
31.1784626910288 0.00934371817786874 0.0113795364746627
31.1892086400396 0.00934371817786874 0.0113795364746627
31.1999582927424 0.00934371817786874 0.0113795364746627
31.2107116504136 0.00934371817786874 0.0113795364746627
31.2214687143301 0.00934371817786874 0.0113795364746627
31.2322294857694 0.00934371817786874 0.0113795364746627
31.2429939660093 0.00934371817786874 0.0113795364746627
31.2537621563281 0.00934371817786874 0.0113795364746627
31.2645340580045 0.00934371817786874 0.0113795364746627
31.2753096723176 0.00934371817786874 0.0113795364746627
31.2860890005471 0.00934371817786874 0.0113795364746627
31.2968720439729 0.00934371817786874 0.0113795364746627
31.3076588038756 0.00934371817786874 0.0113795364746627
31.318449281536 0.00934371817786874 0.0113795364746627
31.3292434782356 0.00934371817786874 0.0113795364746627
31.3400413952561 0.00934371817786874 0.0113795364746627
31.3508430338798 0.00934371817786874 0.0113795364746627
31.3616483953894 0.00934371817786874 0.0113795364746627
31.3724574810679 0.00934371817786874 0.0113795364746627
31.383270292199 0.00934371817786874 0.0113795364746627
31.3940868300667 0.00934371817786874 0.0113795364746627
31.4049070959553 0.00934371817786874 0.0113795364746627
31.4157310911499 0.00934371817786874 0.0113795364746627
31.4265588169358 0.00934371817786874 0.0113795364746627
31.4373902745987 0.00934371817786874 0.0113795364746627
31.4482254654249 0.00934371817786874 0.0113795364746627
31.459064390701 0.00934371817786874 0.0113795364746627
31.4699070517142 0.00934371817786874 0.0113795364746627
31.480753449752 0.00934371817786874 0.0113795364746627
31.4916035861024 0.00934371817786874 0.0113795364746627
31.5024574620538 0.00934371817786874 0.0113795364746627
31.5133150788952 0.00934371817786874 0.0113795364746627
31.5241764379159 0.00934371817786874 0.0113795364746627
31.5350415404056 0.00934371817786874 0.0113795364746627
31.5459103876546 0.00934371817786874 0.0113795364746627
31.5567829809536 0.00934371817786874 0.0113795364746627
31.5676593215936 0.00934371817786874 0.0113795364746627
31.5785394108662 0.00934371817786874 0.0113795364746627
31.5894232500634 0.00934371817786874 0.0113795364746627
31.6003108404777 0.00934371817786874 0.0113795364746627
31.6112021834019 0.00934371817786874 0.0113795364746627
31.6220972801294 0.00934371817786874 0.0113795364746627
31.632996131954 0.00934371817786874 0.0113795364746627
31.6438987401699 0.00934371817786874 0.0113795364746627
31.6548051060717 0.00934371817786874 0.0113795364746627
31.6657152309547 0.00934371817786874 0.0113795364746627
31.6766291161143 0.00934371817786874 0.0113795364746627
31.6875467628466 0.00934371817786874 0.0113795364746627
31.698468172448 0.00934371817786874 0.0113795364746627
31.7093933462155 0.00934371817786874 0.0113795364746627
31.7203222854464 0.00934371817786874 0.0113795364746627
31.7312549914385 0.00934371817786874 0.0113795364746627
31.74219146549 0.00934371817786874 0.0113795364746627
31.7531317088997 0.00934371817786874 0.0113795364746627
31.7640757229667 0.00934371817786874 0.0113795364746627
31.7750235089906 0.00934371817786874 0.0113795364746627
31.7859750682714 0.00934371817786874 0.0113795364746627
31.7969304021096 0.00934371817786874 0.0113795364746627
31.8078895118062 0.00934371817786874 0.0113795364746627
31.8188523986625 0.00934371817786874 0.0113795364746627
31.8298190639804 0.00934371817786874 0.0113795364746627
31.8407895090622 0.00934371817786874 0.0113795364746627
31.8517637352105 0.00934371817786874 0.0113795364746627
31.8627417437286 0.00934371817786874 0.0113795364746627
31.8737235359201 0.00934371817786874 0.0113795364746627
31.8847091130891 0.00934371817786874 0.0113795364746627
31.8956984765401 0.00934371817786874 0.0113795364746627
31.906691627578 0.00934371817786874 0.0113795364746627
31.9176885675084 0.00934371817786874 0.0113795364746627
31.928689297637 0.00934371817786874 0.0113795364746627
31.9396938192703 0.00934371817786874 0.0113795364746627
31.9507021337149 0.00934371817786874 0.0113795364746627
31.9617142422782 0.00934371817786874 0.0113795364746627
31.9727301462677 0.00934371817786874 0.0113795364746627
31.9837498469917 0.00934371817786874 0.0113795364746627
31.9947733457587 0.00934371817786874 0.0113795364746627
32.0058006438777 0.00934371817786874 0.0113795364746627
32.0168317426582 0.00934371817786874 0.0113795364746627
32.0278666434102 0.00934371817786874 0.0113795364746627
32.038905347444 0.00934371817786874 0.0113795364746627
32.0499478560705 0.00934371817786874 0.0113795364746627
32.0609941706009 0.00934371817786874 0.0113795364746627
32.0720442923471 0.00934371817786874 0.0113795364746627
32.0830982226211 0.00934371817786874 0.0113795364746627
32.0941559627357 0.00934371817786874 0.0113795364746627
32.1052175140039 0.00934371817786874 0.0113795364746627
32.1162828777393 0.00934371817786874 0.0113795364746627
32.1273520552559 0.00934371817786874 0.0113795364746627
32.1384250478682 0.00934371817786874 0.0113795364746627
32.149501856891 0.00934371817786874 0.0113795364746627
32.1605824836397 0.00934371817786874 0.0113795364746627
32.1716669294301 0.00934371817786874 0.0113795364746627
32.1827551955785 0.00934371817786874 0.0113795364746627
32.1938472834017 0.00934371817786874 0.0113795364746627
32.2049431942167 0.00934371817786874 0.0113795364746627
32.2160429293413 0.00934371817786874 0.0113795364746627
32.2271464900934 0.00934371817786874 0.0113795364746627
32.2382538777918 0.00934371817786874 0.0113795364746627
32.2493650937552 0.00934371817786874 0.0113795364746627
32.2604801393033 0.00934371817786874 0.0113795364746627
32.2715990157558 0.00934371817786874 0.0113795364746627
32.2827217244332 0.00934371817786874 0.0113795364746627
32.2938482666563 0.00934371817786874 0.0113795364746627
32.3049786437462 0.00934371817786874 0.0113795364746627
32.3161128570249 0.00934371817786874 0.0113795364746627
32.3272509078143 0.00934371817786874 0.0113795364746627
32.3383927974372 0.00934371817786874 0.0113795364746627
32.3495385272167 0.00934371817786874 0.0113795364746627
32.3606880984763 0.00934371817786874 0.0113795364746627
32.3718415125399 0.00934371817786874 0.0113795364746627
32.3829987707321 0.00934371817786874 0.0113795364746627
32.3941598743778 0.00934371817786874 0.0113795364746627
32.4053248248024 0.00934371817786874 0.0113795364746627
32.4164936233316 0.00934371817786874 0.0113795364746627
32.4276662712918 0.00934371817786874 0.0113795364746627
32.4388427700096 0.00934371817786874 0.0113795364746627
32.4500231208124 0.00934371817786874 0.0113795364746627
32.4612073250277 0.00934371817786874 0.0113795364746627
32.4723953839837 0.00934371817786874 0.0113795364746627
32.483587299009 0.00934371817786874 0.0113795364746627
32.4947830714325 0.00934371817786874 0.0113795364746627
32.5059827025838 0.00934371817786874 0.0113795364746627
32.5171861937927 0.00934371817786874 0.0113795364746627
32.5283935463899 0.00934371817786874 0.0113795364746627
32.5396047617059 0.00934371817786874 0.0113795364746627
32.5508198410723 0.00934371817786874 0.0113795364746627
32.5620387858208 0.00934371817786874 0.0113795364746627
32.5732615972836 0.00934371817786874 0.0113795364746627
32.5844882767934 0.00934371817786874 0.0113795364746627
32.5957188256834 0.00934371817786874 0.0113795364746627
32.6069532452872 0.00934371817786874 0.0113795364746627
32.6181915369388 0.00934371817786874 0.0113795364746627
32.6294337019729 0.00934371817786874 0.0113795364746627
32.6406797417244 0.00934371817786874 0.0113795364746627
32.6519296575287 0.00934371817786874 0.0113795364746627
32.6631834507219 0.00934371817786874 0.0113795364746627
32.6744411226402 0.00934371817786874 0.0113795364746627
32.6857026746205 0.00934371817786874 0.0113795364746627
32.6969681080001 0.00934371817786874 0.0113795364746627
32.7082374241168 0.00934371817786874 0.0113795364746627
32.7195106243087 0.00934371817786874 0.0113795364746627
32.7307877099147 0.00934371817786874 0.0113795364746627
32.7420686822737 0.00934371817786874 0.0113795364746627
32.7533535427255 0.00934371817786874 0.0113795364746627
32.76464229261 0.00934371817786874 0.0113795364746627
32.7759349332679 0.00934371817786874 0.0113795364746627
32.7872314660401 0.00934371817786874 0.0113795364746627
32.798531892268 0.00934371817786874 0.0113795364746627
32.8098362132936 0.00934371817786874 0.0113795364746627
32.8211444304592 0.00934371817786874 0.0113795364746627
32.8324565451078 0.00934371817786874 0.0113795364746627
32.8437725585826 0.00934371817786874 0.0113795364746627
32.8550924722273 0.00934371817786874 0.0113795364746627
32.8664162873862 0.00934371817786874 0.0113795364746627
32.877744005404 0.00934371817786874 0.0113795364746627
32.8890756276259 0.00934371817786874 0.0113795364746627
32.9004111553974 0.00934371817786874 0.0113795364746627
32.9117505900647 0.00934371817786874 0.0113795364746627
32.9230939329743 0.00934371817786874 0.0113795364746627
32.9344411854732 0.00934371817786874 0.0113795364746627
32.9457923489088 0.00934371817786874 0.0113795364746627
32.9571474246293 0.00934371817786874 0.0113795364746627
32.9685064139828 0.00934371817786874 0.0113795364746627
32.9798693183184 0.00934371817786874 0.0113795364746627
32.9912361389853 0.00934371817786874 0.0113795364746627
33.0026068773333 0.00934371817786874 0.0113795364746627
33.0139815347127 0.00934371817786874 0.0113795364746627
33.0253601124743 0.00934371817786874 0.0113795364746627
33.0367426119692 0.00934371817786874 0.0113795364746627
33.0481290345491 0.00934371817786874 0.0113795364746627
33.0595193815662 0.00934371817786874 0.0113795364746627
33.0709136543729 0.00934371817786874 0.0113795364746627
33.0823118543224 0.00934371817786874 0.0113795364746627
33.0937139827683 0.00934371817786874 0.0113795364746627
33.1051200410644 0.00934371817786874 0.0113795364746627
33.1165300305653 0.00934371817786874 0.0113795364746627
33.1279439526259 0.00934371817786874 0.0113795364746627
33.1393618086015 0.00934371817786874 0.0113795364746627
33.1507835998481 0.00934371817786874 0.0113795364746627
33.162209327722 0.00934371817786874 0.0113795364746627
33.1736389935799 0.00934371817786874 0.0113795364746627
33.1850725987792 0.00934371817786874 0.0113795364746627
33.1965101446774 0.00934371817786874 0.0113795364746627
33.207951632633 0.00934371817786874 0.0113795364746627
33.2193970640045 0.00934371817786874 0.0113795364746627
33.230846440151 0.00934371817786874 0.0113795364746627
33.2422997624322 0.00934371817786874 0.0113795364746627
33.2537570322081 0.00934371817786874 0.0113795364746627
33.2652182508393 0.00934371817786874 0.0113795364746627
33.2766834196868 0.00934371817786874 0.0113795364746627
33.2881525401121 0.00934371817786874 0.0113795364746627
33.299625613477 0.00934371817786874 0.0113795364746627
33.3111026411441 0.00934371817786874 0.0113795364746627
33.3225836244762 0.00934371817786874 0.0113795364746627
33.3340685648367 0.00934371817786874 0.0113795364746627
33.3455574635893 0.00934371817786874 0.0113795364746627
33.3570503220985 0.00934371817786874 0.0113795364746627
33.3685471417289 0.00934371817786874 0.0113795364746627
33.3800479238459 0.00934371817786874 0.0113795364746627
33.391552669815 0.00934371817786874 0.0113795364746627
33.4030613810025 0.00934371817786874 0.0113795364746627
33.4145740587751 0.00934371817786874 0.0113795364746627
33.4260907044998 0.00934371817786874 0.0113795364746627
33.4376113195443 0.00934371817786874 0.0113795364746627
33.4491359052766 0.00934371817786874 0.0113795364746627
33.4606644630652 0.00934371817786874 0.0113795364746627
33.4721969942792 0.00934371817786874 0.0113795364746627
33.483733500288 0.00934371817786874 0.0113795364746627
33.4952739824616 0.00934371817786874 0.0113795364746627
33.5068184421704 0.00934371817786874 0.0113795364746627
33.5183668807853 0.00934371817786874 0.0113795364746627
33.5299192996777 0.00934371817786874 0.0113795364746627
33.5414757002194 0.00934371817786874 0.0113795364746627
33.5530360837827 0.00934371817786874 0.0113795364746627
33.5646004517404 0.00934371817786874 0.0113795364746627
33.5761688054658 0.00934371817786874 0.0113795364746627
33.5877411463326 0.00934371817786874 0.0113795364746627
33.5993174757149 0.00934371817786874 0.0113795364746627
33.6108977949876 0.00934371817786874 0.0113795364746627
33.6224821055257 0.00934371817786874 0.0113795364746627
33.6340704087048 0.00934371817786874 0.0113795364746627
33.6456627059011 0.00934371817786874 0.0113795364746627
33.6572589984912 0.00934371817786874 0.0113795364746627
33.668859287852 0.00934371817786874 0.0113795364746627
33.6804635753612 0.00934371817786874 0.0113795364746627
33.6920718623966 0.00934371817786874 0.0113795364746627
33.7036841503369 0.00934371817786874 0.0113795364746627
33.7153004405608 0.00934371817786874 0.0113795364746627
33.726920734448 0.00934371817786874 0.0113795364746627
33.7385450333782 0.00934371817786874 0.0113795364746627
33.7501733387318 0.00934371817786874 0.0113795364746627
33.7618056518897 0.00934371817786874 0.0113795364746627
33.7734419742333 0.00934371817786874 0.0113795364746627
33.7850823071442 0.00934371817786874 0.0113795364746627
33.7967266520049 0.00934371817786874 0.0113795364746627
33.808375010198 0.00934371817786874 0.0113795364746627
33.8200273831067 0.00934371817786874 0.0113795364746627
33.8316837721149 0.00934371817786874 0.0113795364746627
33.8433441786067 0.00934371817786874 0.0113795364746627
33.8550086039667 0.00934371817786874 0.0113795364746627
33.8666770495801 0.00934371817786874 0.0113795364746627
33.8783495168325 0.00934371817786874 0.0113795364746627
33.89002600711 0.00934371817786874 0.0113795364746627
33.9017065217991 0.00934371817786874 0.0113795364746627
33.913391062287 0.00934371817786874 0.0113795364746627
33.9250796299611 0.00934371817786874 0.0113795364746627
33.9367722262095 0.00934371817786874 0.0113795364746627
33.9484688524207 0.00934371817786874 0.0113795364746627
33.9601695099835 0.00934371817786874 0.0113795364746627
33.9718742002875 0.00934371817786874 0.0113795364746627
33.9835829247226 0.00934371817786874 0.0113795364746627
33.9952956846791 0.00934371817786874 0.0113795364746627
34.0070124815481 0.00934371817786874 0.0113795364746627
34.0187333167207 0.00934371817786874 0.0113795364746627
34.0304581915888 0.00934371817786874 0.0113795364746627
34.0421871075449 0.00934371817786874 0.0113795364746627
34.0539200659816 0.00934371817786874 0.0113795364746627
34.0656570682923 0.00934371817786874 0.0113795364746627
34.0773981158707 0.00934371817786874 0.0113795364746627
34.089143210111 0.00934371817786874 0.0113795364746627
34.100892352408 0.00934371817786874 0.0113795364746627
34.1126455441569 0.00934371817786874 0.0113795364746627
34.1244027867533 0.00934371817786874 0.0113795364746627
34.1361640815934 0.00934371817786874 0.0113795364746627
34.1479294300739 0.00934371817786874 0.0113795364746627
34.1596988335919 0.00934371817786874 0.0113795364746627
34.171472293545 0.00934371817786874 0.0113795364746627
34.1832498113312 0.00934371817786874 0.0113795364746627
34.1950313883492 0.00934371817786874 0.0113795364746627
34.206817025998 0.00934371817786874 0.0113795364746627
34.2186067256771 0.00934371817786874 0.0113795364746627
34.2304004887866 0.00934371817786874 0.0113795364746627
34.2421983167269 0.00934371817786874 0.0113795364746627
34.2540002108991 0.00934371817786874 0.0113795364746627
34.2658061727045 0.00934371817786874 0.0113795364746627
34.2776162035452 0.00934371817786874 0.0113795364746627
34.2894303048236 0.00934371817786874 0.0113795364746627
34.3012484779426 0.00934371817786874 0.0113795364746627
34.3130707243056 0.00934371817786874 0.0113795364746627
34.3248970453164 0.00934371817786874 0.0113795364746627
34.3367274423794 0.00934371817786874 0.0113795364746627
34.3485619168996 0.00934371817786874 0.0113795364746627
34.3604004702822 0.00934371817786874 0.0113795364746627
34.372243103933 0.00934371817786874 0.0113795364746627
34.3840898192583 0.00934371817786874 0.0113795364746627
34.395940617665 0.00934371817786874 0.0113795364746627
34.4077955005603 0.00934371817786874 0.0113795364746627
34.4196544693519 0.00934371817786874 0.0113795364746627
34.4315175254481 0.00934371817786874 0.0113795364746627
34.4433846702577 0.00934371817786874 0.0113795364746627
34.4552559051898 0.00934371817786874 0.0113795364746627
34.4671312316541 0.00934371817786874 0.0113795364746627
34.4790106510609 0.00934371817786874 0.0113795364746627
34.4908941648207 0.00934371817786874 0.0113795364746627
34.5027817743449 0.00934371817786874 0.0113795364746627
34.5146734810449 0.00934371817786874 0.0113795364746627
34.5265692863329 0.00934371817786874 0.0113795364746627
34.5384691916216 0.00934371817786874 0.0113795364746627
34.550373198324 0.00934371817786874 0.0113795364746627
34.5622813078538 0.00934371817786874 0.0113795364746627
34.5741935216249 0.00934371817786874 0.0113795364746627
34.5861098410521 0.00934371817786874 0.0113795364746627
34.5980302675503 0.00934371817786874 0.0113795364746627
34.609954802535 0.00934371817786874 0.0113795364746627
34.6218834474224 0.00934371817786874 0.0113795364746627
34.6338162036289 0.00934371817786874 0.0113795364746627
34.6457530725714 0.00934371817786874 0.0113795364746627
34.6576940556677 0.00934371817786874 0.0113795364746627
34.6696391543355 0.00934371817786874 0.0113795364746627
34.6815883699934 0.00934371817786874 0.0113795364746627
34.6935417040603 0.00934371817786874 0.0113795364746627
34.7054991579556 0.00934371817786874 0.0113795364746627
34.7174607330994 0.00934371817786874 0.0113795364746627
34.7294264309121 0.00934371817786874 0.0113795364746627
34.7413962528145 0.00934371817786874 0.0113795364746627
34.753370200228 0.00934371817786874 0.0113795364746627
34.7653482745746 0.00934371817786874 0.0113795364746627
34.7773304772767 0.00934371817786874 0.0113795364746627
34.789316809757 0.00934371817786874 0.0113795364746627
34.8013072734391 0.00934371817786874 0.0113795364746627
34.8133018697467 0.00934371817786874 0.0113795364746627
34.8253006001042 0.00934371817786874 0.0113795364746627
34.8373034659364 0.00934371817786874 0.0113795364746627
34.8493104686687 0.00934371817786874 0.0113795364746627
34.8613216097269 0.00934371817786874 0.0113795364746627
34.8733368905372 0.00934371817786874 0.0113795364746627
34.8853563125266 0.00934371817786874 0.0113795364746627
34.8973798771222 0.00934371817786874 0.0113795364746627
34.909407585752 0.00934371817786874 0.0113795364746627
34.9214394398441 0.00934371817786874 0.0113795364746627
34.9334754408273 0.00934371817786874 0.0113795364746627
34.945515590131 0.00934371817786874 0.0113795364746627
34.9575598891848 0.00934371817786874 0.0113795364746627
34.969608339419 0.00934371817786874 0.0113795364746627
34.9816609422644 0.00934371817786874 0.0113795364746627
34.9937176991521 0.00934371817786874 0.0113795364746627
35.005778611514 0.00934371817786874 0.0113795364746627
35.0178436807822 0.00934371817786874 0.0113795364746627
35.0299129083895 0.00934371817786874 0.0113795364746627
35.041986295769 0.00934371817786874 0.0113795364746627
35.0540638443545 0.00934371817786874 0.0113795364746627
35.0661455555802 0.00934371817786874 0.0113795364746627
35.0782314308807 0.00934371817786874 0.0113795364746627
35.0903214716913 0.00934371817786874 0.0113795364746627
35.1024156794477 0.00934371817786874 0.0113795364746627
35.1145140555859 0.00934371817786874 0.0113795364746627
35.1266166015427 0.00934371817786874 0.0113795364746627
35.1387233187553 0.00934371817786874 0.0113795364746627
35.1508342086613 0.00934371817786874 0.0113795364746627
35.1629492726988 0.00934371817786874 0.0113795364746627
35.1750685123066 0.00934371817786874 0.0113795364746627
35.1871919289238 0.00934371817786874 0.0113795364746627
35.1993195239899 0.00934371817786874 0.0113795364746627
35.2114512989453 0.00934371817786874 0.0113795364746627
35.2235872552304 0.00934371817786874 0.0113795364746627
35.2357273942864 0.00934371817786874 0.0113795364746627
35.2478717175551 0.00934371817786874 0.0113795364746627
35.2600202264784 0.00934371817786874 0.0113795364746627
35.272172922499 0.00934371817786874 0.0113795364746627
35.2843298070601 0.00934371817786874 0.0113795364746627
35.2964908816052 0.00934371817786874 0.0113795364746627
35.3086561475785 0.00934371817786874 0.0113795364746627
35.3208256064246 0.00934371817786874 0.0113795364746627
35.3329992595885 0.00934371817786874 0.0113795364746627
35.345177108516 0.00934371817786874 0.0113795364746627
35.3573591546532 0.00934371817786874 0.0113795364746627
35.3695453994465 0.00934371817786874 0.0113795364746627
35.3817358443432 0.00934371817786874 0.0113795364746627
35.3939304907909 0.00934371817786874 0.0113795364746627
35.4061293402375 0.00934371817786874 0.0113795364746627
35.4183323941319 0.00934371817786874 0.0113795364746627
35.4305396539229 0.00934371817786874 0.0113795364746627
35.4427511210604 0.00934371817786874 0.0113795364746627
35.4549667969942 0.00934371817786874 0.0113795364746627
35.4671866831752 0.00934371817786874 0.0113795364746627
35.4794107810543 0.00934371817786874 0.0113795364746627
35.4916390920831 0.00934371817786874 0.0113795364746627
35.5038716177138 0.00934371817786874 0.0113795364746627
35.516108359399 0.00934371817786874 0.0113795364746627
35.5283493185918 0.00934371817786874 0.0113795364746627
35.5405944967457 0.00934371817786874 0.0113795364746627
35.5528438953148 0.00934371817786874 0.0113795364746627
35.5650975157539 0.00934371817786874 0.0113795364746627
35.5773553595179 0.00934371817786874 0.0113795364746627
35.5896174280625 0.00934371817786874 0.0113795364746627
35.6018837228439 0.00934371817786874 0.0113795364746627
35.6141542453185 0.00934371817786874 0.0113795364746627
35.6264289969436 0.00934371817786874 0.0113795364746627
35.6387079791767 0.00934371817786874 0.0113795364746627
35.650991193476 0.00934371817786874 0.0113795364746627
35.6632786413 0.00934371817786874 0.0113795364746627
35.675570324108 0.00934371817786874 0.0113795364746627
35.6878662433595 0.00934371817786874 0.0113795364746627
35.7001664005147 0.00934371817786874 0.0113795364746627
35.7124707970342 0.00934371817786874 0.0113795364746627
35.7247794343791 0.00934371817786874 0.0113795364746627
35.7370923140111 0.00934371817786874 0.0113795364746627
35.7494094373922 0.00934371817786874 0.0113795364746627
35.7617308059853 0.00934371817786874 0.0113795364746627
35.7740564212534 0.00934371817786874 0.0113795364746627
35.7863862846602 0.00934371817786874 0.0113795364746627
35.7987203976698 0.00934371817786874 0.0113795364746627
35.8110587617469 0.00934371817786874 0.0113795364746627
35.8234013783566 0.00934371817786874 0.0113795364746627
35.8357482489648 0.00934371817786874 0.0113795364746627
35.8480993750374 0.00934371817786874 0.0113795364746627
35.8604547580413 0.00934371817786874 0.0113795364746627
35.8728143994435 0.00934371817786874 0.0113795364746627
35.8851783007119 0.00934371817786874 0.0113795364746627
35.8975464633146 0.00934371817786874 0.0113795364746627
35.9099188887202 0.00934371817786874 0.0113795364746627
35.9222955783981 0.00934371817786874 0.0113795364746627
35.934676533818 0.00934371817786874 0.0113795364746627
35.94706175645 0.00934371817786874 0.0113795364746627
35.959451247765 0.00934371817786874 0.0113795364746627
35.9718450092341 0.00934371817786874 0.0113795364746627
35.9842430423291 0.00934371817786874 0.0113795364746627
35.9966453485222 0.00934371817786874 0.0113795364746627
36.0090519292863 0.00934371817786874 0.0113795364746627
36.0214627860946 0.00934371817786874 0.0113795364746627
36.0338779204208 0.00934371817786874 0.0113795364746627
36.0462973337393 0.00934371817786874 0.0113795364746627
36.0587210275249 0.00934371817786874 0.0113795364746627
36.0711490032528 0.00934371817786874 0.0113795364746627
36.0835812623988 0.00934371817786874 0.0113795364746627
36.0960178064394 0.00934371817786874 0.0113795364746627
36.1084586368513 0.00934371817786874 0.0113795364746627
36.1209037551118 0.00934371817786874 0.0113795364746627
36.1333531626988 0.00934371817786874 0.0113795364746627
36.1458068610907 0.00934371817786874 0.0113795364746627
36.1582648517663 0.00934371817786874 0.0113795364746627
36.170727136205 0.00934371817786874 0.0113795364746627
36.1831937158867 0.00934371817786874 0.0113795364746627
36.1956645922918 0.00934371817786874 0.0113795364746627
36.2081397669011 0.00934371817786874 0.0113795364746627
36.2206192411962 0.00934371817786874 0.0113795364746627
36.2331030166588 0.00934371817786874 0.0113795364746627
36.2455910947716 0.00934371817786874 0.0113795364746627
36.2580834770174 0.00934371817786874 0.0113795364746627
36.2705801648796 0.00934371817786874 0.0113795364746627
36.2830811598423 0.00934371817786874 0.0113795364746627
36.2955864633899 0.00934371817786874 0.0113795364746627
36.3080960770074 0.00934371817786874 0.0113795364746627
36.3206100021804 0.00934371817786874 0.0113795364746627
36.3331282403948 0.00934371817786874 0.0113795364746627
36.3456507931372 0.00934371817786874 0.0113795364746627
36.3581776618946 0.00934371817786874 0.0113795364746627
36.3707088481546 0.00934371817786874 0.0113795364746627
36.3832443534052 0.00934371817786874 0.0113795364746627
36.3957841791351 0.00934371817786874 0.0113795364746627
36.4083283268333 0.00934371817786874 0.0113795364746627
36.4208767979893 0.00934371817786874 0.0113795364746627
36.4334295940935 0.00934371817786874 0.0113795364746627
36.4459867166363 0.00934371817786874 0.0113795364746627
36.4585481671089 0.00934371817786874 0.0113795364746627
36.471113947003 0.00934371817786874 0.0113795364746627
36.4836840578108 0.00934371817786874 0.0113795364746627
36.496258501025 0.00934371817786874 0.0113795364746627
36.5088372781386 0.00934371817786874 0.0113795364746627
36.5214203906456 0.00934371817786874 0.0113795364746627
36.5340078400401 0.00934371817786874 0.0113795364746627
36.5465996278168 0.00934371817786874 0.0113795364746627
36.5591957554711 0.00934371817786874 0.0113795364746627
36.5717962244986 0.00934371817786874 0.0113795364746627
36.5844010363958 0.00934371817786874 0.0113795364746627
36.5970101926593 0.00934371817786874 0.0113795364746627
36.6096236947866 0.00934371817786874 0.0113795364746627
36.6222415442755 0.00934371817786874 0.0113795364746627
36.6348637426243 0.00934371817786874 0.0113795364746627
36.6474902913319 0.00934371817786874 0.0113795364746627
36.6601211918978 0.00934371817786874 0.0113795364746627
36.6727564458217 0.00934371817786874 0.0113795364746627
36.6853960546041 0.00934371817786874 0.0113795364746627
36.6980400197461 0.00934371817786874 0.0113795364746627
36.710688342749 0.00934371817786874 0.0113795364746627
36.7233410251148 0.00934371817786874 0.0113795364746627
36.735998068346 0.00934371817786874 0.0113795364746627
36.7486594739456 0.00934371817786874 0.0113795364746627
36.7613252434172 0.00934371817786874 0.0113795364746627
36.7739953782648 0.00934371817786874 0.0113795364746627
36.786669879993 0.00934371817786874 0.0113795364746627
36.7993487501068 0.00934371817786874 0.0113795364746627
36.8120319901119 0.00934371817786874 0.0113795364746627
36.8247196015144 0.00934371817786874 0.0113795364746627
36.8374115858209 0.00934371817786874 0.0113795364746627
36.8501079445386 0.00934371817786874 0.0113795364746627
36.8628086791752 0.00934371817786874 0.0113795364746627
36.8755137912389 0.00934371817786874 0.0113795364746627
36.8882232822383 0.00934371817786874 0.0113795364746627
36.9009371536828 0.00934371817786874 0.0113795364746627
36.9136554070821 0.00934371817786874 0.0113795364746627
36.9263780439465 0.00934371817786874 0.0113795364746627
36.9391050657868 0.00934371817786874 0.0113795364746627
36.9518364741143 0.00934371817786874 0.0113795364746627
36.9645722704408 0.00934371817786874 0.0113795364746627
36.9773124562787 0.00934371817786874 0.0113795364746627
36.990057033141 0.00934371817786874 0.0113795364746627
37.002806002541 0.00934371817786874 0.0113795364746627
37.0155593659925 0.00934371817786874 0.0113795364746627
37.0283171250102 0.00934371817786874 0.0113795364746627
37.041079281109 0.00934371817786874 0.0113795364746627
37.0538458358043 0.00934371817786874 0.0113795364746627
37.0666167906122 0.00934371817786874 0.0113795364746627
37.0793921470492 0.00934371817786874 0.0113795364746627
37.0921719066324 0.00934371817786874 0.0113795364746627
37.1049560708793 0.00934371817786874 0.0113795364746627
37.1177446413082 0.00934371817786874 0.0113795364746627
37.1305376194375 0.00934371817786874 0.0113795364746627
37.1433350067865 0.00934371817786874 0.0113795364746627
37.1561368048748 0.00934371817786874 0.0113795364746627
37.1689430152227 0.00934371817786874 0.0113795364746627
37.1817536393508 0.00934371817786874 0.0113795364746627
37.1945686787805 0.00934371817786874 0.0113795364746627
37.2073881350334 0.00934371817786874 0.0113795364746627
37.220212009632 0.00934371817786874 0.0113795364746627
37.2330403040989 0.00934371817786874 0.0113795364746627
37.2458730199576 0.00934371817786874 0.0113795364746627
37.258710158732 0.00934371817786874 0.0113795364746627
37.2715517219464 0.00934371817786874 0.0113795364746627
37.2843977111258 0.00934371817786874 0.0113795364746627
37.2972481277956 0.00934371817786874 0.0113795364746627
37.3101029734817 0.00934371817786874 0.0113795364746627
37.3229622497108 0.00934371817786874 0.0113795364746627
37.3358259580098 0.00934371817786874 0.0113795364746627
37.3486940999063 0.00934371817786874 0.0113795364746627
37.3615666769283 0.00934371817786874 0.0113795364746627
37.3744436906045 0.00934371817786874 0.0113795364746627
37.387325142464 0.00934371817786874 0.0113795364746627
37.4002110340364 0.00934371817786874 0.0113795364746627
37.413101366852 0.00934371817786874 0.0113795364746627
37.4259961424415 0.00934371817786874 0.0113795364746627
37.438895362336 0.00934371817786874 0.0113795364746627
37.4517990280675 0.00934371817786874 0.0113795364746627
37.4647071411681 0.00934371817786874 0.0113795364746627
37.4776197031707 0.00934371817786874 0.0113795364746627
37.4905367156087 0.00934371817786874 0.0113795364746627
37.503458180016 0.00934371817786874 0.0113795364746627
37.5163840979269 0.00934371817786874 0.0113795364746627
37.5293144708763 0.00934371817786874 0.0113795364746627
37.5422493003999 0.00934371817786874 0.0113795364746627
37.5551885880336 0.00934371817786874 0.0113795364746627
37.5681323353138 0.00934371817786874 0.0113795364746627
37.5810805437777 0.00934371817786874 0.0113795364746627
37.5940332149628 0.00934371817786874 0.0113795364746627
37.6069903504073 0.00934371817786874 0.0113795364746627
37.6199519516499 0.00934371817786874 0.0113795364746627
37.6329180202296 0.00934371817786874 0.0113795364746627
37.6458885576862 0.00934371817786874 0.0113795364746627
37.65886356556 0.00934371817786874 0.0113795364746627
37.6718430453917 0.00934371817786874 0.0113795364746627
37.6848269987226 0.00934371817786874 0.0113795364746627
37.6978154270945 0.00934371817786874 0.0113795364746627
37.7108083320499 0.00934371817786874 0.0113795364746627
37.7238057151316 0.00934371817786874 0.0113795364746627
37.736807577883 0.00934371817786874 0.0113795364746627
37.7498139218481 0.00934371817786874 0.0113795364746627
37.7628247485714 0.00934371817786874 0.0113795364746627
37.775840059598 0.00934371817786874 0.0113795364746627
37.7888598564733 0.00934371817786874 0.0113795364746627
37.8018841407435 0.00934371817786874 0.0113795364746627
37.8149129139551 0.00934371817786874 0.0113795364746627
37.8279461776554 0.00934371817786874 0.0113795364746627
37.8409839333921 0.00934371817786874 0.0113795364746627
37.8540261827132 0.00934371817786874 0.0113795364746627
37.8670729271677 0.00934371817786874 0.0113795364746627
37.8801241683048 0.00934371817786874 0.0113795364746627
37.8931799076744 0.00934371817786874 0.0113795364746627
37.9062401468267 0.00934371817786874 0.0113795364746627
37.9193048873126 0.00934371817786874 0.0113795364746627
37.9323741306837 0.00934371817786874 0.0113795364746627
37.9454478784919 0.00934371817786874 0.0113795364746627
37.9585261322896 0.00934371817786874 0.0113795364746627
37.9716088936298 0.00934371817786874 0.0113795364746627
37.9846961640663 0.00934371817786874 0.0113795364746627
37.997787945153 0.00934371817786874 0.0113795364746627
38.0108842384446 0.00934371817786874 0.0113795364746627
38.0239850454962 0.00934371817786874 0.0113795364746627
38.0370903678637 0.00934371817786874 0.0113795364746627
38.0502002071031 0.00934371817786874 0.0113795364746627
38.0633145647714 0.00934371817786874 0.0113795364746627
38.0764334424258 0.00934371817786874 0.0113795364746627
38.0895568416242 0.00934371817786874 0.0113795364746627
38.102684763925 0.00934371817786874 0.0113795364746627
38.1158172108871 0.00934371817786874 0.0113795364746627
38.1289541840699 0.00934371817786874 0.0113795364746627
38.1420956850335 0.00934371817786874 0.0113795364746627
38.1552417153384 0.00934371817786874 0.0113795364746627
38.1683922765458 0.00934371817786874 0.0113795364746627
38.1815473702171 0.00934371817786874 0.0113795364746627
38.1947069979146 0.00934371817786874 0.0113795364746627
38.207871161201 0.00934371817786874 0.0113795364746627
38.2210398616395 0.00934371817786874 0.0113795364746627
38.2342131007938 0.00934371817786874 0.0113795364746627
38.2473908802284 0.00934371817786874 0.0113795364746627
38.260573201508 0.00934371817786874 0.0113795364746627
38.2737600661979 0.00934371817786874 0.0113795364746627
38.2869514758643 0.00934371817786874 0.0113795364746627
38.3001474320734 0.00934371817786874 0.0113795364746627
38.3133479363924 0.00934371817786874 0.0113795364746627
38.3265529903888 0.00934371817786874 0.0113795364746627
38.3397625956306 0.00934371817786874 0.0113795364746627
38.3529767536865 0.00934371817786874 0.0113795364746627
38.3661954661257 0.00934371817786874 0.0113795364746627
38.3794187345179 0.00934371817786874 0.0113795364746627
38.3926465604332 0.00934371817786874 0.0113795364746627
38.4058789454426 0.00934371817786874 0.0113795364746627
38.4191158911174 0.00934371817786874 0.0113795364746627
38.4323573990294 0.00934371817786874 0.0113795364746627
38.4456034707511 0.00934371817786874 0.0113795364746627
38.4588541078553 0.00934371817786874 0.0113795364746627
38.4721093119157 0.00934371817786874 0.0113795364746627
38.4853690845062 0.00934371817786874 0.0113795364746627
38.4986334272014 0.00934371817786874 0.0113795364746627
38.5119023415765 0.00934371817786874 0.0113795364746627
38.5251758292072 0.00934371817786874 0.0113795364746627
38.5384538916696 0.00934371817786874 0.0113795364746627
38.5517365305406 0.00934371817786874 0.0113795364746627
38.5650237473973 0.00934371817786874 0.0113795364746627
38.5783155438177 0.00934371817786874 0.0113795364746627
38.5916119213802 0.00934371817786874 0.0113795364746627
38.6049128816637 0.00934371817786874 0.0113795364746627
38.6182184262476 0.00934371817786874 0.0113795364746627
38.631528556712 0.00934371817786874 0.0113795364746627
38.6448432746375 0.00934371817786874 0.0113795364746627
38.6581625816051 0.00934371817786874 0.0113795364746627
38.6714864791966 0.00934371817786874 0.0113795364746627
38.684814968994 0.00934371817786874 0.0113795364746627
38.6981480525803 0.00934371817786874 0.0113795364746627
38.7114857315386 0.00934371817786874 0.0113795364746627
38.7248280074528 0.00934371817786874 0.0113795364746627
38.7381748819073 0.00934371817786874 0.0113795364746627
38.751526356487 0.00934371817786874 0.0113795364746627
38.7648824327774 0.00934371817786874 0.0113795364746627
38.7782431123645 0.00934371817786874 0.0113795364746627
38.7916083968349 0.00934371817786874 0.0113795364746627
38.8049782877756 0.00934371817786874 0.0113795364746627
38.8183527867745 0.00934371817786874 0.0113795364746627
38.8317318954196 0.00934371817786874 0.0113795364746627
38.8451156152998 0.00934371817786874 0.0113795364746627
38.8585039480042 0.00934371817786874 0.0113795364746627
38.8718968951229 0.00934371817786874 0.0113795364746627
38.8852944582462 0.00934371817786874 0.0113795364746627
38.8986966389649 0.00934371817786874 0.0113795364746627
38.9121034388708 0.00934371817786874 0.0113795364746627
38.9255148595557 0.00934371817786874 0.0113795364746627
38.9389309026123 0.00934371817786874 0.0113795364746627
38.9523515696337 0.00934371817786874 0.0113795364746627
38.9657768622136 0.00934371817786874 0.0113795364746627
38.9792067819463 0.00934371817786874 0.0113795364746627
38.9926413304265 0.00934371817786874 0.0113795364746627
39.0060805092496 0.00934371817786874 0.0113795364746627
39.0195243200115 0.00934371817786874 0.0113795364746627
39.0329727643086 0.00934371817786874 0.0113795364746627
39.0464258437379 0.00934371817786874 0.0113795364746627
39.0598835598969 0.00934371817786874 0.0113795364746627
39.0733459143839 0.00934371817786874 0.0113795364746627
39.0868129087972 0.00934371817786874 0.0113795364746627
39.1002845447363 0.00934371817786874 0.0113795364746627
39.1137608238008 0.00934371817786874 0.0113795364746627
39.1272417475911 0.00934371817786874 0.0113795364746627
39.1407273177078 0.00934371817786874 0.0113795364746627
39.1542175357526 0.00934371817786874 0.0113795364746627
39.1677124033273 0.00934371817786874 0.0113795364746627
39.1812119220344 0.00934371817786874 0.0113795364746627
39.1947160934771 0.00934371817786874 0.0113795364746627
39.2082249192588 0.00934371817786874 0.0113795364746627
39.2217384009837 0.00934371817786874 0.0113795364746627
39.2352565402566 0.00934371817786874 0.0113795364746627
39.2487793386828 0.00934371817786874 0.0113795364746627
39.262306797868 0.00934371817786874 0.0113795364746627
39.2758389194186 0.00934371817786874 0.0113795364746627
39.2893757049417 0.00934371817786874 0.0113795364746627
39.3029171560445 0.00934371817786874 0.0113795364746627
39.3164632743352 0.00934371817786874 0.0113795364746627
39.3300140614224 0.00934371817786874 0.0113795364746627
39.3435695189152 0.00934371817786874 0.0113795364746627
39.3571296484233 0.00934371817786874 0.0113795364746627
39.370694451557 0.00934371817786874 0.0113795364746627
39.3842639299271 0.00934371817786874 0.0113795364746627
39.3978380851448 0.00934371817786874 0.0113795364746627
39.4114169188223 0.00934371817786874 0.0113795364746627
39.4250004325719 0.00934371817786874 0.0113795364746627
39.4385886280066 0.00934371817786874 0.0113795364746627
39.4521815067401 0.00934371817786874 0.0113795364746627
39.4657790703864 0.00934371817786874 0.0113795364746627
39.4793813205604 0.00934371817786874 0.0113795364746627
39.4929882588772 0.00934371817786874 0.0113795364746627
39.5065998869527 0.00934371817786874 0.0113795364746627
39.5202162064032 0.00934371817786874 0.0113795364746627
39.5338372188456 0.00934371817786874 0.0113795364746627
39.5474629258975 0.00934371817786874 0.0113795364746627
39.5610933291769 0.00934371817786874 0.0113795364746627
39.5747284303023 0.00934371817786874 0.0113795364746627
39.588368230893 0.00934371817786874 0.0113795364746627
39.6020127325686 0.00934371817786874 0.0113795364746627
39.6156619369494 0.00934371817786874 0.0113795364746627
39.6293158456563 0.00934371817786874 0.0113795364746627
39.6429744603107 0.00934371817786874 0.0113795364746627
39.6566377825344 0.00934371817786874 0.0113795364746627
39.67030581395 0.00934371817786874 0.0113795364746627
39.6839785561806 0.00934371817786874 0.0113795364746627
39.6976560108498 0.00934371817786874 0.0113795364746627
39.7113381795818 0.00934371817786874 0.0113795364746627
39.7250250640012 0.00934371817786874 0.0113795364746627
39.7387166657336 0.00934371817786874 0.0113795364746627
39.7524129864046 0.00934371817786874 0.0113795364746627
39.7661140276407 0.00934371817786874 0.0113795364746627
39.779819791069 0.00934371817786874 0.0113795364746627
39.7935302783169 0.00934371817786874 0.0113795364746627
39.8072454910125 0.00934371817786874 0.0113795364746627
39.8209654307847 0.00934371817786874 0.0113795364746627
39.8346900992624 0.00934371817786874 0.0113795364746627
39.8484194980757 0.00934371817786874 0.0113795364746627
39.8621536288547 0.00934371817786874 0.0113795364746627
39.8758924932305 0.00934371817786874 0.0113795364746627
39.8896360928345 0.00934371817786874 0.0113795364746627
39.9033844292987 0.00934371817786874 0.0113795364746627
39.9171375042558 0.00934371817786874 0.0113795364746627
39.930895319339 0.00934371817786874 0.0113795364746627
39.9446578761818 0.00934371817786874 0.0113795364746627
39.9584251764187 0.00934371817786874 0.0113795364746627
39.9721972216845 0.00934371817786874 0.0113795364746627
39.9859740136146 0.00934371817786874 0.0113795364746627
39.999755553845 0.00934371817786874 0.0113795364746627
40.0135418440123 0.00934371817786874 0.0113795364746627
40.0273328857535 0.00934371817786874 0.0113795364746627
40.0411286807063 0.00934371817786874 0.0113795364746627
40.054929230509 0.00934371817786874 0.0113795364746627
40.0687345368003 0.00934371817786874 0.0113795364746627
40.0825446012197 0.00934371817786874 0.0113795364746627
40.0963594254071 0.00934371817786874 0.0113795364746627
40.1101790110029 0.00934371817786874 0.0113795364746627
40.1240033596483 0.00934371817786874 0.0113795364746627
40.1378324729848 0.00934371817786874 0.0113795364746627
40.1516663526547 0.00934371817786874 0.0113795364746627
40.1655050003007 0.00934371817786874 0.0113795364746627
40.1793484175662 0.00934371817786874 0.0113795364746627
40.193196606095 0.00934371817786874 0.0113795364746627
40.2070495675316 0.00934371817786874 0.0113795364746627
40.220907303521 0.00934371817786874 0.0113795364746627
40.2347698157088 0.00934371817786874 0.0113795364746627
40.2486371057413 0.00934371817786874 0.0113795364746627
40.262509175265 0.00934371817786874 0.0113795364746627
40.2763860259274 0.00934371817786874 0.0113795364746627
40.2902676593762 0.00934371817786874 0.0113795364746627
40.30415407726 0.00934371817786874 0.0113795364746627
40.3180452812276 0.00934371817786874 0.0113795364746627
40.3319412729287 0.00934371817786874 0.0113795364746627
40.3458420540135 0.00934371817786874 0.0113795364746627
40.3597476261325 0.00934371817786874 0.0113795364746627
40.3736579909371 0.00934371817786874 0.0113795364746627
40.3875731500792 0.00934371817786874 0.0113795364746627
40.4014931052112 0.00934371817786874 0.0113795364746627
40.4154178579859 0.00934371817786874 0.0113795364746627
40.4293474100571 0.00934371817786874 0.0113795364746627
40.4432817630788 0.00934371817786874 0.0113795364746627
40.4572209187056 0.00934371817786874 0.0113795364746627
40.4711648785929 0.00934371817786874 0.0113795364746627
40.4851136443966 0.00934371817786874 0.0113795364746627
40.4990672177729 0.00934371817786874 0.0113795364746627
40.5130256003789 0.00934371817786874 0.0113795364746627
40.5269887938721 0.00934371817786874 0.0113795364746627
40.5409567999107 0.00934371817786874 0.0113795364746627
40.5549296201532 0.00934371817786874 0.0113795364746627
40.5689072562591 0.00934371817786874 0.0113795364746627
40.5828897098881 0.00934371817786874 0.0113795364746627
40.5968769827006 0.00934371817786874 0.0113795364746627
40.6108690763577 0.00934371817786874 0.0113795364746627
40.6248659925207 0.00934371817786874 0.0113795364746627
40.638867732852 0.00934371817786874 0.0113795364746627
40.6528742990141 0.00934371817786874 0.0113795364746627
40.6668856926704 0.00934371817786874 0.0113795364746627
40.6809019154846 0.00934371817786874 0.0113795364746627
40.6949229691212 0.00934371817786874 0.0113795364746627
40.7089488552452 0.00934371817786874 0.0113795364746627
40.7229795755221 0.00934371817786874 0.0113795364746627
40.7370151316181 0.00934371817786874 0.0113795364746627
40.7510555252 0.00934371817786874 0.0113795364746627
40.7651007579348 0.00934371817786874 0.0113795364746627
40.7791508314907 0.00934371817786874 0.0113795364746627
40.7932057475358 0.00934371817786874 0.0113795364746627
40.8072655077394 0.00934371817786874 0.0113795364746627
40.8213301137709 0.00934371817786874 0.0113795364746627
40.8353995673005 0.00934371817786874 0.0113795364746627
40.849473869999 0.00934371817786874 0.0113795364746627
40.8635530235376 0.00934371817786874 0.0113795364746627
40.8776370295883 0.00934371817786874 0.0113795364746627
40.8917258898236 0.00934371817786874 0.0113795364746627
40.9058196059164 0.00934371817786874 0.0113795364746627
40.9199181795403 0.00934371817786874 0.0113795364746627
40.9340216123696 0.00934371817786874 0.0113795364746627
40.9481299060791 0.00934371817786874 0.0113795364746627
40.9622430623441 0.00934371817786874 0.0113795364746627
40.9763610828404 0.00934371817786874 0.0113795364746627
40.9904839692447 0.00934371817786874 0.0113795364746627
41.004611723234 0.00934371817786874 0.0113795364746627
41.0187443464859 0.00934371817786874 0.0113795364746627
41.0328818406787 0.00934371817786874 0.0113795364746627
41.0470242074912 0.00934371817786874 0.0113795364746627
41.0611714486029 0.00934371817786874 0.0113795364746627
41.0753235656936 0.00934371817786874 0.0113795364746627
41.0894805604439 0.00934371817786874 0.0113795364746627
41.103642434535 0.00934371817786874 0.0113795364746627
41.1178091896485 0.00934371817786874 0.0113795364746627
41.1319808274668 0.00934371817786874 0.0113795364746627
41.1461573496728 0.00934371817786874 0.0113795364746627
41.1603387579498 0.00934371817786874 0.0113795364746627
41.1745250539819 0.00934371817786874 0.0113795364746627
41.1887162394537 0.00934371817786874 0.0113795364746627
41.2029123160505 0.00934371817786874 0.0113795364746627
41.2171132854579 0.00934371817786874 0.0113795364746627
41.2313191493624 0.00934371817786874 0.0113795364746627
41.2455299094508 0.00934371817786874 0.0113795364746627
41.2597455674107 0.00934371817786874 0.0113795364746627
41.2739661249302 0.00934371817786874 0.0113795364746627
41.2881915836979 0.00934371817786874 0.0113795364746627
41.3024219454032 0.00934371817786874 0.0113795364746627
41.3166572117358 0.00934371817786874 0.0113795364746627
41.3308973843863 0.00934371817786874 0.0113795364746627
41.3451424650455 0.00934371817786874 0.0113795364746627
41.3593924554051 0.00934371817786874 0.0113795364746627
41.3736473571573 0.00934371817786874 0.0113795364746627
41.3879071719948 0.00934371817786874 0.0113795364746627
41.4021719016109 0.00934371817786874 0.0113795364746627
41.4164415476997 0.00934371817786874 0.0113795364746627
41.4307161119555 0.00934371817786874 0.0113795364746627
41.4449955960736 0.00934371817786874 0.0113795364746627
41.4592800017495 0.00934371817786874 0.0113795364746627
41.4735693306795 0.00934371817786874 0.0113795364746627
41.4878635845605 0.00934371817786874 0.0113795364746627
41.5021627650898 0.00934371817786874 0.0113795364746627
41.5164668739657 0.00934371817786874 0.0113795364746627
41.5307759128865 0.00934371817786874 0.0113795364746627
41.5450898835515 0.00934371817786874 0.0113795364746627
41.5594087876605 0.00934371817786874 0.0113795364746627
41.5737326269138 0.00934371817786874 0.0113795364746627
41.5880614030124 0.00934371817786874 0.0113795364746627
41.6023951176578 0.00934371817786874 0.0113795364746627
41.6167337725522 0.00934371817786874 0.0113795364746627
41.6310773693982 0.00934371817786874 0.0113795364746627
41.645425909899 0.00934371817786874 0.0113795364746627
41.6597793957587 0.00934371817786874 0.0113795364746627
41.6741378286816 0.00934371817786874 0.0113795364746627
41.6885012103729 0.00934371817786874 0.0113795364746627
41.702869542538 0.00934371817786874 0.0113795364746627
41.7172428268834 0.00934371817786874 0.0113795364746627
41.7316210651158 0.00934371817786874 0.0113795364746627
41.7460042589425 0.00934371817786874 0.0113795364746627
41.7603924100716 0.00934371817786874 0.0113795364746627
41.7747855202117 0.00934371817786874 0.0113795364746627
41.7891835910719 0.00934371817786874 0.0113795364746627
41.8035866243621 0.00934371817786874 0.0113795364746627
41.8179946217924 0.00934371817786874 0.0113795364746627
41.832407585074 0.00934371817786874 0.0113795364746627
41.8468255159182 0.00934371817786874 0.0113795364746627
41.8612484160373 0.00934371817786874 0.0113795364746627
41.8756762871439 0.00934371817786874 0.0113795364746627
41.8901091309513 0.00934371817786874 0.0113795364746627
41.9045469491735 0.00934371817786874 0.0113795364746627
41.9189897435248 0.00934371817786874 0.0113795364746627
41.9334375157204 0.00934371817786874 0.0113795364746627
41.947890267476 0.00934371817786874 0.0113795364746627
41.9623480005077 0.00934371817786874 0.0113795364746627
41.9768107165324 0.00934371817786874 0.0113795364746627
41.9912784172676 0.00934371817786874 0.0113795364746627
42.0057511044313 0.00934371817786874 0.0113795364746627
42.020228779742 0.00934371817786874 0.0113795364746627
42.0347114449191 0.00934371817786874 0.0113795364746627
42.0491991016823 0.00934371817786874 0.0113795364746627
42.063691751752 0.00934371817786874 0.0113795364746627
42.0781893968493 0.00934371817786874 0.0113795364746627
42.0926920386956 0.00934371817786874 0.0113795364746627
42.1071996790131 0.00934371817786874 0.0113795364746627
42.1217123195248 0.00934371817786874 0.0113795364746627
42.1362299619537 0.00934371817786874 0.0113795364746627
42.1507526080241 0.00934371817786874 0.0113795364746627
42.1652802594604 0.00934371817786874 0.0113795364746627
42.1798129179877 0.00934371817786874 0.0113795364746627
42.1943505853318 0.00934371817786874 0.0113795364746627
42.208893263219 0.00934371817786874 0.0113795364746627
42.2234409533763 0.00934371817786874 0.0113795364746627
42.2379936575312 0.00934371817786874 0.0113795364746627
42.2525513774118 0.00934371817786874 0.0113795364746627
42.2671141147468 0.00934371817786874 0.0113795364746627
42.2816818712656 0.00934371817786874 0.0113795364746627
42.296254648698 0.00934371817786874 0.0113795364746627
42.3108324487745 0.00934371817786874 0.0113795364746627
42.3254152732263 0.00934371817786874 0.0113795364746627
42.3400031237851 0.00934371817786874 0.0113795364746627
42.354596002183 0.00934371817786874 0.0113795364746627
42.3691939101532 0.00934371817786874 0.0113795364746627
42.3837968494289 0.00934371817786874 0.0113795364746627
42.3984048217444 0.00934371817786874 0.0113795364746627
42.4130178288342 0.00934371817786874 0.0113795364746627
42.4276358724338 0.00934371817786874 0.0113795364746627
42.4422589542789 0.00934371817786874 0.0113795364746627
42.456887076106 0.00934371817786874 0.0113795364746627
42.4715202396522 0.00934371817786874 0.0113795364746627
42.4861584466553 0.00934371817786874 0.0113795364746627
42.5008016988534 0.00934371817786874 0.0113795364746627
42.5154499979854 0.00934371817786874 0.0113795364746627
42.5301033457908 0.00934371817786874 0.0113795364746627
42.5447617440098 0.00934371817786874 0.0113795364746627
42.5594251943829 0.00934371817786874 0.0113795364746627
42.5740936986514 0.00934371817786874 0.0113795364746627
42.5887672585572 0.00934371817786874 0.0113795364746627
42.6034458758428 0.00934371817786874 0.0113795364746627
42.6181295522512 0.00934371817786874 0.0113795364746627
42.6328182895261 0.00934371817786874 0.0113795364746627
42.6475120894119 0.00934371817786874 0.0113795364746627
42.6622109536533 0.00934371817786874 0.0113795364746627
42.6769148839958 0.00934371817786874 0.0113795364746627
42.6916238821856 0.00934371817786874 0.0113795364746627
42.7063379499693 0.00934371817786874 0.0113795364746627
42.7210570890942 0.00934371817786874 0.0113795364746627
42.7357813013082 0.00934371817786874 0.0113795364746627
42.7505105883597 0.00934371817786874 0.0113795364746627
42.7652449519979 0.00934371817786874 0.0113795364746627
42.7799843939725 0.00934371817786874 0.0113795364746627
42.7947289160336 0.00934371817786874 0.0113795364746627
42.8094785199324 0.00934371817786874 0.0113795364746627
42.8242332074201 0.00934371817786874 0.0113795364746627
42.8389929802491 0.00934371817786874 0.0113795364746627
42.8537578401719 0.00934371817786874 0.0113795364746627
42.8685277889418 0.00934371817786874 0.0113795364746627
42.8833028283129 0.00934371817786874 0.0113795364746627
42.8980829600396 0.00934371817786874 0.0113795364746627
42.912868185877 0.00934371817786874 0.0113795364746627
42.9276585075809 0.00934371817786874 0.0113795364746627
42.9424539269076 0.00934371817786874 0.0113795364746627
42.9572544456141 0.00934371817786874 0.0113795364746627
42.9720600654579 0.00934371817786874 0.0113795364746627
42.9868707881972 0.00934371817786874 0.0113795364746627
43.0016866155907 0.00934371817786874 0.0113795364746627
43.0165075493978 0.00934371817786874 0.0113795364746627
43.0313335913785 0.00934371817786874 0.0113795364746627
43.0461647432933 0.00934371817786874 0.0113795364746627
43.0610010069034 0.00934371817786874 0.0113795364746627
43.0758423839707 0.00934371817786874 0.0113795364746627
43.0906888762575 0.00934371817786874 0.0113795364746627
43.1055404855268 0.00934371817786874 0.0113795364746627
43.1203972135423 0.00934371817786874 0.0113795364746627
43.1352590620682 0.00934371817786874 0.0113795364746627
43.1501260328692 0.00934371817786874 0.0113795364746627
43.1649981277109 0.00934371817786874 0.0113795364746627
43.1798753483594 0.00934371817786874 0.0113795364746627
43.1947576965811 0.00934371817786874 0.0113795364746627
43.2096451741435 0.00934371817786874 0.0113795364746627
43.2245377828144 0.00934371817786874 0.0113795364746627
43.2394355243623 0.00934371817786874 0.0113795364746627
43.2543384005562 0.00934371817786874 0.0113795364746627
43.2692464131659 0.00934371817786874 0.0113795364746627
43.2841595639617 0.00934371817786874 0.0113795364746627
43.2990778547146 0.00934371817786874 0.0113795364746627
43.3140012871959 0.00934371817786874 0.0113795364746627
43.328929863178 0.00934371817786874 0.0113795364746627
43.3438635844335 0.00934371817786874 0.0113795364746627
43.3588024527359 0.00934371817786874 0.0113795364746627
43.373746469859 0.00934371817786874 0.0113795364746627
43.3886956375775 0.00934371817786874 0.0113795364746627
43.4036499576666 0.00934371817786874 0.0113795364746627
43.4186094319021 0.00934371817786874 0.0113795364746627
43.4335740620604 0.00934371817786874 0.0113795364746627
43.4485438499186 0.00934371817786874 0.0113795364746627
43.4635187972543 0.00934371817786874 0.0113795364746627
43.4784989058457 0.00934371817786874 0.0113795364746627
43.4934841774718 0.00934371817786874 0.0113795364746627
43.5084746139121 0.00934371817786874 0.0113795364746627
43.5234702169466 0.00934371817786874 0.0113795364746627
43.538470988356 0.00934371817786874 0.0113795364746627
43.5534769299217 0.00934371817786874 0.0113795364746627
43.5684880434256 0.00934371817786874 0.0113795364746627
43.5835043306503 0.00934371817786874 0.0113795364746627
43.598525793379 0.00934371817786874 0.0113795364746627
43.6135524333954 0.00934371817786874 0.0113795364746627
43.6285842524839 0.00934371817786874 0.0113795364746627
43.6436212524296 0.00934371817786874 0.0113795364746627
43.6586634350181 0.00934371817786874 0.0113795364746627
43.6737108020356 0.00934371817786874 0.0113795364746627
43.688763355269 0.00934371817786874 0.0113795364746627
43.7038210965058 0.00934371817786874 0.0113795364746627
43.718884027534 0.00934371817786874 0.0113795364746627
43.7339521501424 0.00934371817786874 0.0113795364746627
43.7490254661204 0.00934371817786874 0.0113795364746627
43.7641039772577 0.00934371817786874 0.0113795364746627
43.7791876853451 0.00934371817786874 0.0113795364746627
43.7942765921736 0.00934371817786874 0.0113795364746627
43.8093706995351 0.00934371817786874 0.0113795364746627
43.824470009222 0.00934371817786874 0.0113795364746627
43.8395745230274 0.00934371817786874 0.0113795364746627
43.8546842427448 0.00934371817786874 0.0113795364746627
43.8697991701685 0.00934371817786874 0.0113795364746627
43.8849193070934 0.00934371817786874 0.0113795364746627
43.9000446553151 0.00934371817786874 0.0113795364746627
43.9151752166296 0.00934371817786874 0.0113795364746627
43.9303109928337 0.00934371817786874 0.0113795364746627
43.9454519857248 0.00934371817786874 0.0113795364746627
43.9605981971008 0.00934371817786874 0.0113795364746627
43.9757496287603 0.00934371817786874 0.0113795364746627
43.9909062825025 0.00934371817786874 0.0113795364746627
44.0060681601274 0.00934371817786874 0.0113795364746627
44.0212352634352 0.00934371817786874 0.0113795364746627
44.0364075942272 0.00934371817786874 0.0113795364746627
44.0515851543051 0.00934371817786874 0.0113795364746627
44.0667679454711 0.00934371817786874 0.0113795364746627
44.0819559695281 0.00934371817786874 0.0113795364746627
44.0971492282799 0.00934371817786874 0.0113795364746627
44.1123477235304 0.00934371817786874 0.0113795364746627
44.1275514570847 0.00934371817786874 0.0113795364746627
44.142760430748 0.00934371817786874 0.0113795364746627
44.1579746463264 0.00934371817786874 0.0113795364746627
44.1731941056267 0.00934371817786874 0.0113795364746627
44.1884188104561 0.00934371817786874 0.0113795364746627
44.2036487626225 0.00934371817786874 0.0113795364746627
44.2188839639344 0.00934371817786874 0.0113795364746627
44.2341244162011 0.00934371817786874 0.0113795364746627
44.2493701212324 0.00934371817786874 0.0113795364746627
44.2646210808386 0.00934371817786874 0.0113795364746627
44.2798772968307 0.00934371817786874 0.0113795364746627
44.2951387710206 0.00934371817786874 0.0113795364746627
44.3104055052203 0.00934371817786874 0.0113795364746627
44.3256775012429 0.00934371817786874 0.0113795364746627
44.3409547609019 0.00934371817786874 0.0113795364746627
44.3562372860114 0.00934371817786874 0.0113795364746627
44.3715250783863 0.00934371817786874 0.0113795364746627
44.3868181398419 0.00934371817786874 0.0113795364746627
44.4021164721943 0.00934371817786874 0.0113795364746627
44.4174200772601 0.00934371817786874 0.0113795364746627
44.4327289568566 0.00934371817786874 0.0113795364746627
44.4480431128018 0.00934371817786874 0.0113795364746627
44.4633625469143 0.00934371817786874 0.0113795364746627
44.478687261013 0.00934371817786874 0.0113795364746627
44.4940172569179 0.00934371817786874 0.0113795364746627
44.5093525364494 0.00934371817786874 0.0113795364746627
44.5246931014286 0.00934371817786874 0.0113795364746627
44.540038953677 0.00934371817786874 0.0113795364746627
44.5553900950171 0.00934371817786874 0.0113795364746627
44.5707465272718 0.00934371817786874 0.0113795364746627
44.5861082522645 0.00934371817786874 0.0113795364746627
44.6014752718196 0.00934371817786874 0.0113795364746627
44.6168475877618 0.00934371817786874 0.0113795364746627
44.6322252019166 0.00934371817786874 0.0113795364746627
44.64760811611 0.00934371817786874 0.0113795364746627
44.6629963321688 0.00934371817786874 0.0113795364746627
44.6783898519204 0.00934371817786874 0.0113795364746627
44.6937886771925 0.00934371817786874 0.0113795364746627
44.709192809814 0.00934371817786874 0.0113795364746627
44.724602251614 0.00934371817786874 0.0113795364746627
44.7400170044222 0.00934371817786874 0.0113795364746627
44.7554370700694 0.00934371817786874 0.0113795364746627
44.7708624503865 0.00934371817786874 0.0113795364746627
44.7862931472054 0.00934371817786874 0.0113795364746627
44.8017291623583 0.00934371817786874 0.0113795364746627
44.8171704976783 0.00934371817786874 0.0113795364746627
44.8326171549991 0.00934371817786874 0.0113795364746627
44.848069136155 0.00934371817786874 0.0113795364746627
44.8635264429807 0.00934371817786874 0.0113795364746627
44.878989077312 0.00934371817786874 0.0113795364746627
44.8944570409849 0.00934371817786874 0.0113795364746627
44.9099303358363 0.00934371817786874 0.0113795364746627
44.9254089637036 0.00934371817786874 0.0113795364746627
44.9408929264249 0.00934371817786874 0.0113795364746627
44.9563822258388 0.00934371817786874 0.0113795364746627
44.9718768637848 0.00934371817786874 0.0113795364746627
44.9873768421028 0.00934371817786874 0.0113795364746627
45.0028821626334 0.00934371817786874 0.0113795364746627
45.0183928272179 0.00934371817786874 0.0113795364746627
45.0339088376981 0.00934371817786874 0.0113795364746627
45.0494301959165 0.00934371817786874 0.0113795364746627
45.0649569037164 0.00934371817786874 0.0113795364746627
45.0804889629414 0.00934371817786874 0.0113795364746627
45.0960263754361 0.00934371817786874 0.0113795364746627
45.1115691430453 0.00934371817786874 0.0113795364746627
45.127117267615 0.00934371817786874 0.0113795364746627
45.1426707509913 0.00934371817786874 0.0113795364746627
45.1582295950212 0.00934371817786874 0.0113795364746627
45.1737938015523 0.00934371817786874 0.0113795364746627
45.189363372433 0.00934371817786874 0.0113795364746627
45.204938309512 0.00934371817786874 0.0113795364746627
45.2205186146388 0.00934371817786874 0.0113795364746627
45.2361042896636 0.00934371817786874 0.0113795364746627
45.2516953364372 0.00934371817786874 0.0113795364746627
45.267291756811 0.00934371817786874 0.0113795364746627
45.2828935526371 0.00934371817786874 0.0113795364746627
45.2985007257682 0.00934371817786874 0.0113795364746627
45.3141132780576 0.00934371817786874 0.0113795364746627
45.3297312113592 0.00934371817786874 0.0113795364746627
45.3453545275278 0.00934371817786874 0.0113795364746627
45.3609832284185 0.00934371817786874 0.0113795364746627
45.3766173158873 0.00934371817786874 0.0113795364746627
45.3922567917907 0.00934371817786874 0.0113795364746627
45.4079016579858 0.00934371817786874 0.0113795364746627
45.4235519163305 0.00934371817786874 0.0113795364746627
45.4392075686832 0.00934371817786874 0.0113795364746627
45.4548686169031 0.00934371817786874 0.0113795364746627
45.4705350628498 0.00934371817786874 0.0113795364746627
45.4862069083838 0.00934371817786874 0.0113795364746627
45.501884155366 0.00934371817786874 0.0113795364746627
45.5175668056582 0.00934371817786874 0.0113795364746627
45.5332548611225 0.00934371817786874 0.0113795364746627
45.5489483236221 0.00934371817786874 0.0113795364746627
45.5646471950203 0.00934371817786874 0.0113795364746627
45.5803514771816 0.00934371817786874 0.0113795364746627
45.5960611719707 0.00934371817786874 0.0113795364746627
45.6117762812531 0.00934371817786874 0.0113795364746627
45.6274968068951 0.00934371817786874 0.0113795364746627
45.6432227507634 0.00934371817786874 0.0113795364746627
45.6589541147254 0.00934371817786874 0.0113795364746627
45.6746909006493 0.00934371817786874 0.0113795364746627
45.6904331104038 0.00934371817786874 0.0113795364746627
45.7061807458582 0.00934371817786874 0.0113795364746627
45.7219338088826 0.00934371817786874 0.0113795364746627
45.7376923013475 0.00934371817786874 0.0113795364746627
45.7534562251245 0.00934371817786874 0.0113795364746627
45.7692255820853 0.00934371817786874 0.0113795364746627
45.7850003741026 0.00934371817786874 0.0113795364746627
45.8007806030496 0.00934371817786874 0.0113795364746627
45.8165662708003 0.00934371817786874 0.0113795364746627
45.8323573792291 0.00934371817786874 0.0113795364746627
45.8481539302112 0.00934371817786874 0.0113795364746627
45.8639559256225 0.00934371817786874 0.0113795364746627
45.8797633673394 0.00934371817786874 0.0113795364746627
45.895576257239 0.00934371817786874 0.0113795364746627
45.9113945971992 0.00934371817786874 0.0113795364746627
45.9272183890984 0.00934371817786874 0.0113795364746627
45.9430476348155 0.00934371817786874 0.0113795364746627
45.9588823362303 0.00934371817786874 0.0113795364746627
45.9747224952232 0.00934371817786874 0.0113795364746627
45.9905681136752 0.00934371817786874 0.0113795364746627
46.0064191934678 0.00934371817786874 0.0113795364746627
46.0222757364835 0.00934371817786874 0.0113795364746627
46.0381377446052 0.00934371817786874 0.0113795364746627
46.0540052197165 0.00934371817786874 0.0113795364746627
46.0698781637015 0.00934371817786874 0.0113795364746627
46.0857565784453 0.00934371817786874 0.0113795364746627
46.1016404658334 0.00934371817786874 0.0113795364746627
46.1175298277519 0.00934371817786874 0.0113795364746627
46.1334246660878 0.00934371817786874 0.0113795364746627
46.1493249827285 0.00934371817786874 0.0113795364746627
46.1652307795621 0.00934371817786874 0.0113795364746627
46.1811420584775 0.00934371817786874 0.0113795364746627
46.1970588213641 0.00934371817786874 0.0113795364746627
46.212981070112 0.00934371817786874 0.0113795364746627
46.228908806612 0.00934371817786874 0.0113795364746627
46.2448420327555 0.00934371817786874 0.0113795364746627
46.2607807504345 0.00934371817786874 0.0113795364746627
46.2767249615417 0.00934371817786874 0.0113795364746627
46.2926746679706 0.00934371817786874 0.0113795364746627
46.3086298716151 0.00934371817786874 0.0113795364746627
46.3245905743698 0.00934371817786874 0.0113795364746627
46.3405567781302 0.00934371817786874 0.0113795364746627
46.3565284847921 0.00934371817786874 0.0113795364746627
46.3725056962522 0.00934371817786874 0.0113795364746627
46.3884884144078 0.00934371817786874 0.0113795364746627
46.4044766411569 0.00934371817786874 0.0113795364746627
46.4204703783979 0.00934371817786874 0.0113795364746627
46.4364696280302 0.00934371817786874 0.0113795364746627
46.4524743919537 0.00934371817786874 0.0113795364746627
46.4684846720688 0.00934371817786874 0.0113795364746627
46.4845004702768 0.00934371817786874 0.0113795364746627
46.5005217884796 0.00934371817786874 0.0113795364746627
46.5165486285797 0.00934371817786874 0.0113795364746627
46.5325809924803 0.00934371817786874 0.0113795364746627
46.5486188820851 0.00934371817786874 0.0113795364746627
46.5646622992987 0.00934371817786874 0.0113795364746627
46.5807112460263 0.00934371817786874 0.0113795364746627
46.5967657241735 0.00934371817786874 0.0113795364746627
46.6128257356469 0.00934371817786874 0.0113795364746627
46.6288912823536 0.00934371817786874 0.0113795364746627
46.6449623662014 0.00934371817786874 0.0113795364746627
46.6610389890986 0.00934371817786874 0.0113795364746627
46.6771211529544 0.00934371817786874 0.0113795364746627
46.6932088596785 0.00934371817786874 0.0113795364746627
46.7093021111813 0.00934371817786874 0.0113795364746627
46.7254009093739 0.00934371817786874 0.0113795364746627
46.741505256168 0.00934371817786874 0.0113795364746627
46.757615153476 0.00934371817786874 0.0113795364746627
46.7737306032108 0.00934371817786874 0.0113795364746627
46.7898516072863 0.00934371817786874 0.0113795364746627
46.8059781676166 0.00934371817786874 0.0113795364746627
46.822110286117 0.00934371817786874 0.0113795364746627
46.838247964703 0.00934371817786874 0.0113795364746627
46.854391205291 0.00934371817786874 0.0113795364746627
46.870540009798 0.00934371817786874 0.0113795364746627
46.8866943801416 0.00934371817786874 0.0113795364746627
46.9028543182402 0.00934371817786874 0.0113795364746627
46.9190198260127 0.00934371817786874 0.0113795364746627
46.9351909053787 0.00934371817786874 0.0113795364746627
46.9513675582587 0.00934371817786874 0.0113795364746627
46.9675497865734 0.00934371817786874 0.0113795364746627
46.9837375922446 0.00934371817786874 0.0113795364746627
46.9999309771946 0.00934371817786874 0.0113795364746627
47.0161299433463 0.00934371817786874 0.0113795364746627
47.0323344926233 0.00934371817786874 0.0113795364746627
47.0485446269499 0.00934371817786874 0.0113795364746627
47.064760348251 0.00934371817786874 0.0113795364746627
47.0809816584522 0.00934371817786874 0.0113795364746627
47.0972085594799 0.00934371817786874 0.0113795364746627
47.1134410532608 0.00934371817786874 0.0113795364746627
47.1296791417227 0.00934371817786874 0.0113795364746627
47.1459228267938 0.00934371817786874 0.0113795364746627
47.162172110403 0.00934371817786874 0.0113795364746627
47.1784269944799 0.00934371817786874 0.0113795364746627
47.1946874809547 0.00934371817786874 0.0113795364746627
47.2109535717584 0.00934371817786874 0.0113795364746627
47.2272252688226 0.00934371817786874 0.0113795364746627
47.2435025740795 0.00934371817786874 0.0113795364746627
47.2597854894619 0.00934371817786874 0.0113795364746627
47.2760740169036 0.00934371817786874 0.0113795364746627
47.2923681583388 0.00934371817786874 0.0113795364746627
47.3086679157023 0.00934371817786874 0.0113795364746627
47.3249732909297 0.00934371817786874 0.0113795364746627
47.3412842859574 0.00934371817786874 0.0113795364746627
47.3576009027221 0.00934371817786874 0.0113795364746627
47.3739231431616 0.00934371817786874 0.0113795364746627
47.390251009214 0.00934371817786874 0.0113795364746627
47.4065845028183 0.00934371817786874 0.0113795364746627
47.422923625914 0.00934371817786874 0.0113795364746627
47.4392683804415 0.00934371817786874 0.0113795364746627
47.4556187683416 0.00934371817786874 0.0113795364746627
47.4719747915559 0.00934371817786874 0.0113795364746627
47.4883364520268 0.00934371817786874 0.0113795364746627
47.504703751697 0.00934371817786874 0.0113795364746627
47.5210766925103 0.00934371817786874 0.0113795364746627
47.537455276411 0.00934371817786874 0.0113795364746627
47.5538395053438 0.00934371817786874 0.0113795364746627
47.5702293812546 0.00934371817786874 0.0113795364746627
47.5866249060894 0.00934371817786874 0.0113795364746627
47.6030260817954 0.00934371817786874 0.0113795364746627
47.6194329103202 0.00934371817786874 0.0113795364746627
47.6358453936119 0.00934371817786874 0.0113795364746627
47.6522635336196 0.00934371817786874 0.0113795364746627
47.668687332293 0.00934371817786874 0.0113795364746627
47.6851167915823 0.00934371817786874 0.0113795364746627
47.7015519134386 0.00934371817786874 0.0113795364746627
47.7179926998134 0.00934371817786874 0.0113795364746627
47.7344391526592 0.00934371817786874 0.0113795364746627
47.7508912739289 0.00934371817786874 0.0113795364746627
47.7673490655761 0.00934371817786874 0.0113795364746627
47.7838125295553 0.00934371817786874 0.0113795364746627
47.8002816678215 0.00934371817786874 0.0113795364746627
47.8167564823304 0.00934371817786874 0.0113795364746627
47.8332369750382 0.00934371817786874 0.0113795364746627
47.8497231479022 0.00934371817786874 0.0113795364746627
47.8662150028799 0.00934371817786874 0.0113795364746627
47.8827125419299 0.00934371817786874 0.0113795364746627
47.8992157670111 0.00934371817786874 0.0113795364746627
47.9157246800833 0.00934371817786874 0.0113795364746627
47.9322392831069 0.00934371817786874 0.0113795364746627
47.948759578043 0.00934371817786874 0.0113795364746627
47.9652855668534 0.00934371817786874 0.0113795364746627
47.9818172515006 0.00934371817786874 0.0113795364746627
47.9983546339476 0.00934371817786874 0.0113795364746627
48.0148977161583 0.00934371817786874 0.0113795364746627
48.0314465000971 0.00934371817786874 0.0113795364746627
48.0480009877292 0.00934371817786874 0.0113795364746627
48.0645611810204 0.00934371817786874 0.0113795364746627
48.0811270819372 0.00934371817786874 0.0113795364746627
48.0976986924469 0.00934371817786874 0.0113795364746627
48.1142760145172 0.00934371817786874 0.0113795364746627
48.1308590501168 0.00934371817786874 0.0113795364746627
48.1474478012148 0.00934371817786874 0.0113795364746627
48.1640422697811 0.00934371817786874 0.0113795364746627
48.1806424577864 0.00934371817786874 0.0113795364746627
48.1972483672018 0.00934371817786874 0.0113795364746627
48.2138599999994 0.00934371817786874 0.0113795364746627
48.2304773581517 0.00934371817786874 0.0113795364746627
48.247100443632 0.00934371817786874 0.0113795364746627
48.2637292584144 0.00934371817786874 0.0113795364746627
48.2803638044734 0.00934371817786874 0.0113795364746627
48.2970040837844 0.00934371817786874 0.0113795364746627
48.3136500983235 0.00934371817786874 0.0113795364746627
48.3303018500673 0.00934371817786874 0.0113795364746627
48.3469593409931 0.00934371817786874 0.0113795364746627
48.3636225730792 0.00934371817786874 0.0113795364746627
48.3802915483042 0.00934371817786874 0.0113795364746627
48.3969662686475 0.00934371817786874 0.0113795364746627
48.4136467360892 0.00934371817786874 0.0113795364746627
48.4303329526102 0.00934371817786874 0.0113795364746627
48.4470249201919 0.00934371817786874 0.0113795364746627
48.4637226408165 0.00934371817786874 0.0113795364746627
48.4804261164668 0.00934371817786874 0.0113795364746627
48.4971353491263 0.00934371817786874 0.0113795364746627
48.5138503407792 0.00934371817786874 0.0113795364746627
48.5305710934106 0.00934371817786874 0.0113795364746627
48.5472976090058 0.00934371817786874 0.0113795364746627
48.5640298895512 0.00934371817786874 0.0113795364746627
48.5807679370336 0.00934371817786874 0.0113795364746627
48.5975117534409 0.00934371817786874 0.0113795364746627
48.6142613407611 0.00934371817786874 0.0113795364746627
48.6310167009835 0.00934371817786874 0.0113795364746627
48.6477778360975 0.00934371817786874 0.0113795364746627
48.6645447480937 0.00934371817786874 0.0113795364746627
48.6813174389631 0.00934371817786874 0.0113795364746627
48.6980959106973 0.00934371817786874 0.0113795364746627
48.7148801652889 0.00934371817786874 0.0113795364746627
48.731670204731 0.00934371817786874 0.0113795364746627
48.7484660310173 0.00934371817786874 0.0113795364746627
48.7652676461423 0.00934371817786874 0.0113795364746627
48.7820750521013 0.00934371817786874 0.0113795364746627
48.79888825089 0.00934371817786874 0.0113795364746627
48.8157072445051 0.00934371817786874 0.0113795364746627
48.8325320349438 0.00934371817786874 0.0113795364746627
48.849362624204 0.00934371817786874 0.0113795364746627
48.8661990142844 0.00934371817786874 0.0113795364746627
48.8830412071841 0.00934371817786874 0.0113795364746627
48.8998892049033 0.00934371817786874 0.0113795364746627
48.9167430094426 0.00934371817786874 0.0113795364746627
48.9336026228034 0.00934371817786874 0.0113795364746627
48.9504680469878 0.00934371817786874 0.0113795364746627
48.9673392839985 0.00934371817786874 0.0113795364746627
48.9842163358389 0.00934371817786874 0.0113795364746627
49.0010992045133 0.00934371817786874 0.0113795364746627
49.0179878920263 0.00934371817786874 0.0113795364746627
49.0348824003836 0.00934371817786874 0.0113795364746627
49.0517827315913 0.00934371817786874 0.0113795364746627
49.0686888876564 0.00934371817786874 0.0113795364746627
49.0856008705864 0.00934371817786874 0.0113795364746627
49.1025186823897 0.00934371817786874 0.0113795364746627
49.1194423250751 0.00934371817786874 0.0113795364746627
49.1363718006524 0.00934371817786874 0.0113795364746627
49.1533071111319 0.00934371817786874 0.0113795364746627
49.1702482585247 0.00934371817786874 0.0113795364746627
49.1871952448426 0.00934371817786874 0.0113795364746627
49.2041480720979 0.00934371817786874 0.0113795364746627
49.2211067423038 0.00934371817786874 0.0113795364746627
49.2380712574741 0.00934371817786874 0.0113795364746627
49.2550416196233 0.00934371817786874 0.0113795364746627
49.2720178307668 0.00934371817786874 0.0113795364746627
49.2889998929203 0.00934371817786874 0.0113795364746627
49.3059878081005 0.00934371817786874 0.0113795364746627
49.3229815783247 0.00934371817786874 0.0113795364746627
49.3399812056108 0.00934371817786874 0.0113795364746627
49.3569866919776 0.00934371817786874 0.0113795364746627
49.3739980394445 0.00934371817786874 0.0113795364746627
49.3910152500315 0.00934371817786874 0.0113795364746627
49.4080383257594 0.00934371817786874 0.0113795364746627
49.4250672686498 0.00934371817786874 0.0113795364746627
49.4421020807247 0.00934371817786874 0.0113795364746627
49.459142764007 0.00934371817786874 0.0113795364746627
49.4761893205203 0.00934371817786874 0.0113795364746627
49.4932417522889 0.00934371817786874 0.0113795364746627
49.5103000613377 0.00934371817786874 0.0113795364746627
49.5273642496924 0.00934371817786874 0.0113795364746627
49.5444343193794 0.00934371817786874 0.0113795364746627
49.5615102724256 0.00934371817786874 0.0113795364746627
49.5785921108589 0.00934371817786874 0.0113795364746627
49.5956798367077 0.00934371817786874 0.0113795364746627
49.6127734520012 0.00934371817786874 0.0113795364746627
49.6298729587692 0.00934371817786874 0.0113795364746627
49.6469783590423 0.00934371817786874 0.0113795364746627
49.6640896548517 0.00934371817786874 0.0113795364746627
49.6812068482293 0.00934371817786874 0.0113795364746627
49.6983299412079 0.00934371817786874 0.0113795364746627
49.7154589358207 0.00934371817786874 0.0113795364746627
49.7325938341019 0.00934371817786874 0.0113795364746627
49.7497346380862 0.00934371817786874 0.0113795364746627
49.7668813498089 0.00934371817786874 0.0113795364746627
49.7840339713064 0.00934371817786874 0.0113795364746627
49.8011925046155 0.00934371817786874 0.0113795364746627
49.8183569517737 0.00934371817786874 0.0113795364746627
49.8355273148192 0.00934371817786874 0.0113795364746627
49.8527035957911 0.00934371817786874 0.0113795364746627
49.869885796729 0.00934371817786874 0.0113795364746627
49.8870739196733 0.00934371817786874 0.0113795364746627
49.904267966665 0.00934371817786874 0.0113795364746627
49.921467939746 0.00934371817786874 0.0113795364746627
49.9386738409587 0.00934371817786874 0.0113795364746627
49.9558856723464 0.00934371817786874 0.0113795364746627
49.9731034359528 0.00934371817786874 0.0113795364746627
49.9903271338226 0.00934371817786874 0.0113795364746627
50.0075567680011 0.00934371817786874 0.0113795364746627
50.0247923405343 0.00934371817786874 0.0113795364746627
50.0420338534689 0.00934371817786874 0.0113795364746627
50.0592813088523 0.00934371817786874 0.0113795364746627
50.0765347087327 0.00934371817786874 0.0113795364746627
50.0937940551589 0.00934371817786874 0.0113795364746627
50.1110593501803 0.00934371817786874 0.0113795364746627
50.1283305958473 0.00934371817786874 0.0113795364746627
50.1456077942107 0.00934371817786874 0.0113795364746627
50.1628909473224 0.00934371817786874 0.0113795364746627
50.1801800572344 0.00934371817786874 0.0113795364746627
50.1974751260001 0.00934371817786874 0.0113795364746627
50.2147761556731 0.00934371817786874 0.0113795364746627
50.2320831483079 0.00934371817786874 0.0113795364746627
50.2493961059598 0.00934371817786874 0.0113795364746627
50.2667150306846 0.00934371817786874 0.0113795364746627
50.2840399245388 0.00934371817786874 0.0113795364746627
50.3013707895799 0.00934371817786874 0.0113795364746627
50.3187076278659 0.00934371817786874 0.0113795364746627
50.3360504414555 0.00934371817786874 0.0113795364746627
50.3533992324081 0.00934371817786874 0.0113795364746627
50.3707540027839 0.00934371817786874 0.0113795364746627
50.3881147546437 0.00934371817786874 0.0113795364746627
50.4054814900492 0.00934371817786874 0.0113795364746627
50.4228542110626 0.00934371817786874 0.0113795364746627
50.440232919747 0.00934371817786874 0.0113795364746627
50.4576176181659 0.00934371817786874 0.0113795364746627
50.4750083083839 0.00934371817786874 0.0113795364746627
50.492404992466 0.00934371817786874 0.0113795364746627
50.5098076724782 0.00934371817786874 0.0113795364746627
50.5272163504869 0.00934371817786874 0.0113795364746627
50.5446310285595 0.00934371817786874 0.0113795364746627
50.5620517087638 0.00934371817786874 0.0113795364746627
50.5794783931687 0.00934371817786874 0.0113795364746627
50.5969110838434 0.00934371817786874 0.0113795364746627
50.6143497828582 0.00934371817786874 0.0113795364746627
50.6317944922839 0.00934371817786874 0.0113795364746627
50.6492452141919 0.00934371817786874 0.0113795364746627
50.6667019506545 0.00934371817786874 0.0113795364746627
50.6841647037448 0.00934371817786874 0.0113795364746627
50.7016334755364 0.00934371817786874 0.0113795364746627
50.7191082681038 0.00934371817786874 0.0113795364746627
50.7365890835219 0.00934371817786874 0.0113795364746627
50.7540759238667 0.00934371817786874 0.0113795364746627
50.7715687912147 0.00934371817786874 0.0113795364746627
50.7890676876433 0.00934371817786874 0.0113795364746627
50.8065726152302 0.00934371817786874 0.0113795364746627
50.8240835760543 0.00934371817786874 0.0113795364746627
50.8416005721949 0.00934371817786874 0.0113795364746627
50.8591236057323 0.00934371817786874 0.0113795364746627
50.8766526787472 0.00934371817786874 0.0113795364746627
50.8941877933211 0.00934371817786874 0.0113795364746627
50.9117289515365 0.00934371817786874 0.0113795364746627
50.9292761554762 0.00934371817786874 0.0113795364746627
50.946829407224 0.00934371817786874 0.0113795364746627
50.9643887088643 0.00934371817786874 0.0113795364746627
50.9819540624823 0.00934371817786874 0.0113795364746627
50.9995254701638 0.00934371817786874 0.0113795364746627
51.0171029339955 0.00934371817786874 0.0113795364746627
51.0346864560646 0.00934371817786874 0.0113795364746627
51.0522760384592 0.00934371817786874 0.0113795364746627
51.069871683268 0.00934371817786874 0.0113795364746627
51.0874733925805 0.00934371817786874 0.0113795364746627
51.1050811684869 0.00934371817786874 0.0113795364746627
51.122695013078 0.00934371817786874 0.0113795364746627
51.1403149284456 0.00934371817786874 0.0113795364746627
51.1579409166819 0.00934371817786874 0.0113795364746627
51.1755729798801 0.00934371817786874 0.0113795364746627
51.1932111201339 0.00934371817786874 0.0113795364746627
51.2108553395378 0.00934371817786874 0.0113795364746627
51.2285056401871 0.00934371817786874 0.0113795364746627
51.2461620241777 0.00934371817786874 0.0113795364746627
51.2638244936063 0.00934371817786874 0.0113795364746627
51.2814930505704 0.00934371817786874 0.0113795364746627
51.299167697168 0.00934371817786874 0.0113795364746627
51.316848435498 0.00934371817786874 0.0113795364746627
51.33453526766 0.00934371817786874 0.0113795364746627
51.3522281957542 0.00934371817786874 0.0113795364746627
51.3699272218817 0.00934371817786874 0.0113795364746627
51.3876323481442 0.00934371817786874 0.0113795364746627
51.4053435766442 0.00934371817786874 0.0113795364746627
51.4230609094849 0.00934371817786874 0.0113795364746627
51.4407843487703 0.00934371817786874 0.0113795364746627
51.4585138966048 0.00934371817786874 0.0113795364746627
51.476249555094 0.00934371817786874 0.0113795364746627
51.4939913263439 0.00934371817786874 0.0113795364746627
51.5117392124613 0.00934371817786874 0.0113795364746627
51.5294932155538 0.00934371817786874 0.0113795364746627
51.5472533377297 0.00934371817786874 0.0113795364746627
