constant type,value,seconds required
trivial,1090.9505483503835,0.0004830360412597656
ECLipsE,"tensor(1.5136, dtype=torch.float64)",201.38555216789246
ECLipsE_Fast,"tensor(1.5136, dtype=torch.float64)",0.06635880470275879
R^2 on train,0.6961355805397034,0
R^2 on test,0.6860904097557068,0
