constant type,value,seconds required
trivial,1037134483259.8281,0.0003418922424316406
ECLipsE,"tensor(0.0569, dtype=torch.float64)",0.7803740501403809
ECLipsE_Fast,"tensor(0.0569, dtype=torch.float64)",0.007757902145385742
R^2 on train,0.0,0
R^2 on test,-0.0002976655960083008,0
dmoc_union,1.2620547882605403e-07,5.224063873291016
dmoc_train,1.2553629868975258e-07,3.191438913345337
dmoc_test,9.1197439596657e-08,0.22012066841125488
