constant type,value,seconds required
trivial,8.991169496812838e+90,0.013164043426513672
ECLipsE,"tensor(4.2235e-06, dtype=torch.float64)",25.59672713279724
ECLipsE_Fast,"tensor(4.2235e-06, dtype=torch.float64)",0.7683420181274414
R^2 on train,0.0,0
R^2 on test,-0.0002976655960083008,0
dmoc_union,5.196949682371228e-08,5.226132869720459
dmoc_train,5.187039392227671e-08,3.2711501121520996
dmoc_test,3.68427984735895e-08,0.22337865829467773
