constant type,value,seconds required
trivial,7.599830801206505e+75,0.0019888877868652344
ECLipsE,"tensor(1.4155e-06, dtype=torch.float64)",2.546196937561035
ECLipsE_Fast,"tensor(1.4155e-06, dtype=torch.float64)",0.18893790245056152
R^2 on train,0.0,0
R^2 on test,-0.0002976655960083008,0
dmoc_union,5.366496484987312e-08,5.8969080448150635
dmoc_train,4.828736668097198e-08,3.3949689865112305
dmoc_test,2.657667342479361e-08,0.25177431106567383
