constant type,value,seconds required
trivial,371.5077723297868,0.000164031982421875
ECLipsE,"tensor(4.4120, dtype=torch.float64)",30.550429821014404
ECLipsE_Fast,"tensor(4.4120, dtype=torch.float64)",0.00781393051147461
R^2 on train,0.7690405249595642,0
R^2 on test,0.7546231746673584,0
dmoc_union,5.165387849994862,5.236518144607544
dmoc_train,5.150130582873975,2.9315950870513916
dmoc_test,4.340997423394512,0.16636133193969727
