constant type,value,seconds required
trivial,1.002608521737553e+18,0.002778768539428711
ECLipsE,"tensor(0.0583, dtype=torch.float64)",17.835027933120728
ECLipsE_Fast,"tensor(0.0583, dtype=torch.float64)",0.16685009002685547
R^2 on train,0.0,0
R^2 on test,-0.0002976655960083008,0
dmoc_union,6.601541535250503e-08,5.363829135894775
dmoc_train,6.104241469858762e-08,3.7746126651763916
dmoc_test,5.315334684958722e-08,0.23739981651306152
