constant type,value,seconds required
trivial,134.0850524841768,0.00017786026000976562
ECLipsE,"tensor(4.0955, dtype=torch.float64)",3.2305760383605957
ECLipsE_Fast,"tensor(4.0955, dtype=torch.float64)",0.0014200210571289062
R^2 on train,0.7565169334411621,0
R^2 on test,0.7439253926277161,0
dmoc_union,5.206610009934112,4.787555932998657
dmoc_train,5.2175867293720755,3.0792438983917236
dmoc_test,4.297906674352138,0.1981337070465088
