constant type,value,seconds required
trivial,1007.8133624761368,0.00045108795166015625
ECLipsE,"tensor(4.4451, dtype=torch.float64)",97.34135389328003
ECLipsE_Fast,"tensor(4.4451, dtype=torch.float64)",0.030218124389648438
R^2 on train,0.7803792357444763,0
R^2 on test,0.7649494409561157,0
dmoc_union,5.595044951109368,4.919478893280029
dmoc_train,5.578518584096573,3.352947950363159
dmoc_test,4.534686845282577,0.19613313674926758
