constant type,value,seconds required
trivial,5.950536614243068e+99,0.015421152114868164
ECLipsE,"tensor(5.4324e-06, dtype=torch.float64)",64.1460828781128
ECLipsE_Fast,"tensor(5.4324e-06, dtype=torch.float64)",1.7181580066680908
R^2 on train,-1.1920928955078125e-07,0
R^2 on test,-0.00029671192169189453,0
