constant type,value,seconds required
trivial,1060622356964872.0,0.00044798851013183594
ECLipsE,"tensor(0.0546, dtype=torch.float64)",5.494115114212036
ECLipsE_Fast,"tensor(0.0546, dtype=torch.float64)",0.03937411308288574
R^2 on train,-1.1920928955078125e-07,0
R^2 on test,-0.0002976655960083008,0
dmoc_union,1.428832682043074e-07,4.970990180969238
dmoc_train,1.4262488114314853e-07,3.2637174129486084
dmoc_test,5.8106955291452206e-08,0.20794439315795898
