0.0194894644874591 0.586059033870697 0
0.0195076157341004 0.586059033870697 0
0.0195257838856575 0.586059033870697 0
0.0195439689578745 0.586059033870697 0
0.0195621709665102 0.586059033870697 0
0.0195803899273381 0.586059033870697 0
0.0195986258561464 0.586059033870697 0
0.019616878768738 0.586059033870697 0
0.0196351486809306 0.586059033870697 0
0.0196534356085564 0.586059033870697 0
0.0196717395674625 0.586059033870697 0
0.0196900605735109 0.586059033870697 0
0.019708398642578 0.586059033870697 0
0.0197267537905555 0.586059033870697 0
0.0197451260333493 0.586059033870697 0
0.0197635153868807 0.586059033870697 0
0.0197819218670853 0.586059033870697 0
0.019800345489914 0.586059033870697 0
0.0198187862713323 0.586059033870697 0
0.0198372442273205 0.586059033870697 0
0.019855719373874 0.586059033870697 0
0.019874211727003 0.586059033870697 0
0.0198927213027326 0.586059033870697 0
0.0199112481171028 0.586059033870697 0
0.0199297921861686 0.586059033870697 0
0.0199483535259999 0.586059033870697 0
0.0199669321526817 0.586059033870697 0
0.0199855280823137 0.586059033870697 0
0.0200041413310109 0.586059033870697 0
0.0200227719149031 0.586059033870697 0
0.0200414198501353 0.586059033870697 0
0.0200600851528673 0.586059033870697 0
0.0200787678392742 0.586059033870697 0
0.0200974679255459 0.586059033870697 0
0.0201161854278877 0.586059033870697 0
0.0201349203625197 0.586059033870697 0
0.0201536727456772 0.586059033870697 0
0.0201724425936108 0.586059033870697 0
0.020191229922586 0.586059033870697 0
0.0202100347488834 0.586059033870697 0
0.0202288570887991 0.586059033870697 0
0.0202476969586441 0.586059033870697 0
0.0202665543747446 0.586059033870697 0
0.0202854293534421 0.586059033870697 0
0.0203043219110933 0.586059033870697 0
0.0203232320640702 0.586059033870697 0
0.0203421598287598 0.586059033870697 0
0.0203611052215646 0.586059033870697 0
0.0203800682589023 0.586059033870697 0
0.0203990489572059 0.586059033870697 0
0.0204180473329237 0.586059033870697 0
0.0204370634025193 0.586059033870697 0
0.0204560971824717 0.586059033870697 0
0.0204751486892752 0.586059033870697 0
0.0204942179394394 0.586059033870697 0
0.0205133049494894 0.586059033870697 0
0.0205324097359656 0.586059033870697 0
0.0205515323154238 0.586059033870697 0
0.0205706727044353 0.586059033870697 0
0.0205898309195867 0.586059033870697 0
0.0206090069774803 0.586059033870697 0
0.0206282008947335 0.586059033870697 0
0.0206474126879795 0.586059033870697 0
0.0206666423738668 0.586059033870697 0
0.0206858899690595 0.586059033870697 0
0.0207051554902372 0.586059033870697 0
0.0207244389540949 0.586059033870697 0
0.0207437403773435 0.586059033870697 0
0.020763059776709 0.586059033870697 0
0.0207823971689334 0.586059033870697 0
0.020801752570774 0.586059033870697 0
0.0208211259990038 0.586059033870697 0
0.0208405174704114 0.586059033870697 0
0.0208599270018012 0.586059033870697 0
0.020879354609993 0.586059033870697 0
0.0208988003118225 0.586059033870697 0
0.0209182641241408 0.586059033870697 0
0.020937746063815 0.586059033870697 0
0.0209572461477277 0.586059033870697 0
0.0209767643927772 0.586059033870697 0
0.0209963008158779 0.586059033870697 0
0.0210158554339594 0.586059033870697 0
0.0210354282639674 0.586059033870697 0
0.0210550193228635 0.586059033870697 0
0.0210746286276247 0.586059033870697 0
0.0210942561952442 0.586059033870697 0
0.0211139020427308 0.586059033870697 0
0.0211335661871093 0.586059033870697 0
0.0211532486454201 0.586059033870697 0
0.0211729494347196 0.586059033870697 0
0.0211926685720804 0.586059033870697 0
0.0212124060745904 0.586059033870697 0
0.0212321619593539 0.586059033870697 0
0.021251936243491 0.586059033870697 0
0.0212717289441375 0.586059033870697 0
0.0212915400784456 0.586059033870697 0
0.0213113696635831 0.586059033870697 0
0.021331217716734 0.586059033870697 0
0.0213510842550982 0.586059033870697 0
0.0213709692958916 0.586059033870697 0
0.0213908728563463 0.586059033870697 0
0.0214107949537102 0.586059033870697 0
0.0214307356052475 0.586059033870697 0
0.0214506948282383 0.586059033870697 0
0.0214706726399789 0.586059033870697 0
0.0214906690577817 0.586059033870697 0
0.0215106840989753 0.586059033870697 0
0.0215307177809041 0.586059033870697 0
0.0215507701209291 0.586059033870697 0
0.0215708411364271 0.586059033870697 0
0.0215909308447914 0.586059033870697 0
0.0216110392634313 0.586059033870697 0
0.0216311664097723 0.586059033870697 0
0.0216513123012562 0.586059033870697 0
0.0216714769553411 0.586059033870697 0
0.0216916603895013 0.586059033870697 0
0.0217118626212272 0.586059033870697 0
0.0217320836680259 0.586059033870697 0
0.0217523235474204 0.586059033870697 0
0.0217725822769502 0.586059033870697 0
0.0217928598741711 0.586059033870697 0
0.0218131563566554 0.586059033870697 0
0.0218334717419915 0.586059033870697 0
0.0218538060477843 0.586059033870697 0
0.0218741592916552 0.586059033870697 0
0.0218945314912418 0.586059033870697 0
0.0219149226641984 0.586059033870697 0
0.0219353328281955 0.586059033870697 0
0.0219557620009201 0.586059033870697 0
0.0219762102000759 0.586059033870697 0
0.0219966774433827 0.586059033870697 0
0.0220171637485771 0.586059033870697 0
0.0220376691334121 0.586059033870697 0
0.0220581936156573 0.586059033870697 0
0.0220787372130988 0.586059033870697 0
0.0220992999435393 0.586059033870697 0
0.022119881824798 0.586059033870697 0
0.0221404828747109 0.586059033870697 0
0.0221611031111302 0.586059033870697 0
0.0221817425519252 0.586059033870697 0
0.0222024012149816 0.586059033870697 0
0.0222230791182017 0.586059033870697 0
0.0222437762795047 0.586059033870697 0
0.0222644927168262 0.586059033870697 0
0.0222852284481188 0.586059033870697 0
0.0223059834913516 0.586059033870697 0
0.0223267578645105 0.586059033870697 0
0.0223475515855982 0.586059033870697 0
0.0223683646726341 0.586059033870697 0
0.0223891971436545 0.586059033870697 0
0.0224100490167123 0.586059033870697 0
0.0224309203098773 0.586059033870697 0
0.0224518110412363 0.586059033870697 0
0.0224727212288927 0.586059033870697 0
0.0224936508909668 0.586059033870697 0
0.0225146000455959 0.586059033870697 0
0.0225355687109342 0.586059033870697 0
0.0225565569051526 0.586059033870697 0
0.0225775646464392 0.586059033870697 0
0.0225985919529987 0.586059033870697 0
0.0226196388430531 0.586059033870697 0
0.0226407053348412 0.586059033870697 0
0.0226617914466188 0.586059033870697 0
0.0226828971966586 0.586059033870697 0
0.0227040226032506 0.586059033870697 0
0.0227251676847015 0.586059033870697 0
0.0227463324593354 0.586059033870697 0
0.0227675169454931 0.586059033870697 0
0.0227887211615328 0.586059033870697 0
0.0228099451258295 0.586059033870697 0
0.0228311888567756 0.586059033870697 0
0.0228524523727805 0.586059033870697 0
0.0228737356922707 0.586059033870697 0
0.0228950388336898 0.586059033870697 0
0.0229163618154989 0.586059033870697 0
0.0229377046561759 0.586059033870697 0
0.0229590673742161 0.586059033870697 0
0.0229804499881322 0.586059033870697 0
0.0230018525164537 0.586059033870697 0
0.0230232749777277 0.586059033870697 0
0.0230447173905186 0.586059033870697 0
0.0230661797734078 0.586059033870697 0
0.0230876621449943 0.586059033870697 0
0.0231091645238943 0.586059033870697 0
0.0231306869287412 0.586059033870697 0
0.0231522293781861 0.586059033870697 0
0.0231737918908971 0.586059033870697 0
0.0231953744855599 0.586059033870697 0
0.0232169771808775 0.586059033870697 0
0.0232385999955704 0.586059033870697 0
0.0232602429483766 0.586059033870697 0
0.0232819060580514 0.586059033870697 0
0.0233035893433676 0.586059033870697 0
0.0233252928231155 0.586059033870697 0
0.0233470165161029 0.586059033870697 0
0.0233687604411551 0.586059033870697 0
0.0233905246171151 0.586059033870697 0
0.0234123090628432 0.586059033870697 0
0.0234341137972173 0.586059033870697 0
0.0234559388391332 0.586059033870697 0
0.0234777842075037 0.586059033870697 0
0.0234996499212599 0.586059033870697 0
0.02352153599935 0.586059033870697 0
0.0235434424607401 0.586059033870697 0
0.0235653693244139 0.586059033870697 0
0.0235873166093728 0.586059033870697 0
0.0236092843346359 0.586059033870697 0
0.0236312725192399 0.586059033870697 0
0.0236532811822395 0.586059033870697 0
0.0236753103427068 0.586059033870697 0
0.0236973600197319 0.586059033870697 0
0.0237194302324227 0.586059033870697 0
0.0237415209999048 0.586059033870697 0
0.0237636323413214 0.586059033870697 0
0.0237857642758341 0.586059033870697 0
0.0238079168226217 0.586059033870697 0
0.0238300900008813 0.586059033870697 0
0.0238522838298277 0.586059033870697 0
0.0238744983286937 0.586059033870697 0
0.0238967335167299 0.586059033870697 0
0.0239189894132049 0.586059033870697 0
0.0239412660374051 0.586059033870697 0
0.0239635634086352 0.586059033870697 0
0.0239858815462175 0.586059033870697 0
0.0240082204694925 0.586059033870697 0
0.0240305801978186 0.586059033870697 0
0.0240529607505725 0.586059033870697 0
0.0240753621471486 0.586059033870697 0
0.0240977844069595 0.586059033870697 0
0.0241202275494359 0.586059033870697 0
0.0241426915940267 0.586059033870697 0
0.0241651765601986 0.586059033870697 0
0.0241876824674368 0.586059033870697 0
0.0242102093352444 0.586059033870697 0
0.0242327571831427 0.586059033870697 0
0.0242553260306713 0.586059033870697 0
0.0242779158973879 0.586059033870697 0
0.0243005268028685 0.586059033870697 0
0.0243231587667071 0.586059033870697 0
0.0243458118085162 0.586059033870697 0
0.0243684859479265 0.586059033870697 0
0.024391181204587 0.586059033870697 0
0.0244138975981648 0.586059033870697 0
0.0244366351483457 0.586059033870697 0
0.0244593938748334 0.586059033870697 0
0.0244821737973504 0.586059033870697 0
0.0245049749356371 0.586059033870697 0
0.0245277973094526 0.586059033870697 0
0.0245506409385744 0.586059033870697 0
0.0245735058427982 0.586059033870697 0
0.0245963920419384 0.586059033870697 0
0.0246192995558277 0.586059033870697 0
0.0246422284043173 0.586059033870697 0
0.0246651786072768 0.586059033870697 0
0.0246881501845945 0.586059033870697 0
0.0247111431561771 0.586059033870697 0
0.0247341575419498 0.586059033870697 0
0.0247571933618565 0.586059033870697 0
0.0247802506358595 0.586059033870697 0
0.0248033293839398 0.586059033870697 0
0.0248264296260971 0.586059033870697 0
0.0248495513823494 0.586059033870697 0
0.0248726946727338 0.586059033870697 0
0.0248958595173056 0.586059033870697 0
0.0249190459361392 0.586059033870697 0
0.0249422539493273 0.586059033870697 0
0.0249654835769816 0.586059033870697 0
0.0249887348392325 0.586059033870697 0
0.025012007756229 0.586059033870697 0
0.025035302348139 0.586059033870697 0
0.0250586186351491 0.586059033870697 0
0.0250819566374647 0.586059033870697 0
0.0251053163753101 0.586059033870697 0
0.0251286978689285 0.586059033870697 0
0.0251521011385816 0.586059033870697 0
0.0251755262045504 0.586059033870697 0
0.0251989730871345 0.586059033870697 0
0.0252224418066526 0.586059033870697 0
0.0252459323834422 0.586059033870697 0
0.0252694448378597 0.586059033870697 0
0.0252929791902806 0.586059033870697 0
0.0253165354610993 0.586059033870697 0
0.0253401136707292 0.586059033870697 0
0.0253637138396027 0.586059033870697 0
0.0253873359881712 0.586059033870697 0
0.0254109801369053 0.586059033870697 0
0.0254346463062944 0.586059033870697 0
0.0254583345168473 0.586059033870697 0
0.0254820447890917 0.586059033870697 0
0.0255057771435743 0.586059033870697 0
0.0255295316008613 0.586059033870697 0
0.0255533081815377 0.586059033870697 0
0.0255771069062078 0.586059033870697 0
0.0256009277954953 0.586059033870697 0
0.0256247708700427 0.586059033870697 0
0.0256486361505121 0.586059033870697 0
0.0256725236575846 0.586059033870697 0
0.0256964334119606 0.586059033870697 0
0.0257203654343599 0.586059033870697 0
0.0257443197455215 0.586059033870697 0
0.0257682963662037 0.586059033870697 0
0.0257922953171842 0.586059033870697 0
0.02581631661926 0.586059033870697 0
0.0258403602932476 0.586059033870697 0
0.0258644263599826 0.586059033870697 0
0.0258885148403202 0.586059033870697 0
0.0259126257551352 0.586059033870697 0
0.0259367591253214 0.586059033870697 0
0.0259609149717924 0.586059033870697 0
0.0259850933154812 0.586059033870697 0
0.0260092941773403 0.586059033870697 0
0.0260335175783416 0.586059033870697 0
0.0260577635394767 0.586059033870697 0
0.0260820320817567 0.586059033870697 0
0.0261063232262121 0.586059033870697 0
0.0261306369938933 0.586059033870697 0
0.02615497340587 0.586059033870697 0
0.0261793324832318 0.586059033870697 0
0.0262037142470876 0.586059033870697 0
0.0262281187185663 0.586059033870697 0
0.0262525459188162 0.586059033870697 0
0.0262769958690056 0.586059033870697 0
0.0263014685903223 0.586059033870697 0
0.0263259641039738 0.586059033870697 0
0.0263504824311875 0.586059033870697 0
0.0263750235932105 0.586059033870697 0
0.0263995876113096 0.586059033870697 0
0.0264241745067716 0.586059033870697 0
0.026448784300903 0.586059033870697 0
0.0264734170150301 0.586059033870697 0
0.0264980726704992 0.586059033870697 0
0.0265227512886764 0.586059033870697 0
0.0265474528909476 0.586059033870697 0
0.0265721774987189 0.586059033870697 0
0.0265969251334159 0.586059033870697 0
0.0266216958164847 0.586059033870697 0
0.0266464895693909 0.586059033870697 0
0.0266713064136204 0.586059033870697 0
0.0266961463706789 0.586059033870697 0
0.0267210094620922 0.586059033870697 0
0.0267458957094062 0.586059033870697 0
0.0267708051341869 0.586059033870697 0
0.0267957377580202 0.586059033870697 0
0.0268206936025123 0.586059033870697 0
0.0268456726892895 0.586059033870697 0
0.026870675039998 0.586059033870697 0
0.0268957006763045 0.586059033870697 0
0.0269207496198956 0.586059033870697 0
0.0269458218924784 0.586059033870697 0
0.0269709175157799 0.586059033870697 0
0.0269960365115475 0.586059033870697 0
0.0270211789015488 0.586059033870697 0
0.0270463447075717 0.586059033870697 0
0.0270715339514245 0.586059033870697 0
0.0270967466549356 0.586059033870697 0
0.0271219828399539 0.586059033870697 0
0.0271472425283485 0.586059033870697 0
0.027172525742009 0.586059033870697 0
0.0271978325028454 0.586059033870697 0
0.0272231628327879 0.586059033870697 0
0.0272485167537873 0.586059033870697 0
0.0272738942878149 0.586059033870697 0
0.0272992954568623 0.586059033870697 0
0.0273247202829416 0.586059033870697 0
0.0273501687880856 0.586059033870697 0
0.0273756409943473 0.586059033870697 0
0.0274011369238006 0.586059033870697 0
0.0274266565985396 0.586059033870697 0
0.0274522000406793 0.586059033870697 0
0.027477767272355 0.586059033870697 0
0.0275033583157229 0.586059033870697 0
0.0275289731929596 0.586059033870697 0
0.0275546119262624 0.586059033870697 0
0.0275802745378494 0.586059033870697 0
0.0276059610499594 0.586059033870697 0
0.0276316714848516 0.586059033870697 0
0.0276574058648064 0.586059033870697 0
0.0276831642121245 0.586059033870697 0
0.0277089465491278 0.586059033870697 0
0.0277347528981585 0.586059033870697 0
0.0277605832815801 0.586059033870697 0
0.0277864377217766 0.586059033870697 0
0.0278123162411529 0.586059033870697 0
0.0278382188621349 0.586059033870697 0
0.0278641456071693 0.586059033870697 0
0.0278900964987237 0.586059033870697 0
0.0279160715592866 0.586059033870697 0
0.0279420708113675 0.586059033870697 0
0.0279680942774968 0.586059033870697 0
0.027994141980226 0.586059033870697 0
0.0280202139421274 0.586059033870697 0
0.0280463101857946 0.586059033870697 0
0.028072430733842 0.586059033870697 0
0.0280985756089052 0.586059033870697 0
0.0281247448336408 0.586059033870697 0
0.0281509384307265 0.586059033870697 0
0.0281771564228612 0.586059033870697 0
0.028203398832765 0.586059033870697 0
0.0282296656831788 0.586059033870697 0
0.0282559569968652 0.586059033870697 0
0.0282822727966076 0.586059033870697 0
0.0283086131052107 0.586059033870697 0
0.0283349779455006 0.586059033870697 0
0.0283613673403246 0.586059033870697 0
0.0283877813125511 0.586059033870697 0
0.0284142198850699 0.586059033870697 0
0.0284406830807923 0.586059033870697 0
0.0284671709226507 0.586059033870697 0
0.028493683433599 0.586059033870697 0
0.0285202206366123 0.586059033870697 0
0.0285467825546873 0.586059033870697 0
0.028573369210842 0.586059033870697 0
0.0285999806281159 0.586059033870697 0
0.02862661682957 0.586059033870697 0
0.0286532778382866 0.586059033870697 0
0.0286799636773696 0.586059033870697 0
0.0287066743699445 0.586059033870697 0
0.0287334099391582 0.586059033870697 0
0.0287601704081792 0.586059033870697 0
0.0287869558001977 0.586059033870697 0
0.0288137661384253 0.586059033870697 0
0.0288406014460953 0.586059033870697 0
0.0288674617464628 0.586059033870697 0
0.0288943470628042 0.586059033870697 0
0.0289212574184179 0.586059033870697 0
0.0289481928366239 0.586059033870697 0
0.0289751533407639 0.586059033870697 0
0.0290021389542012 0.586059033870697 0
0.0290291497003212 0.586059033870697 0
0.0290561856025308 0.586059033870697 0
0.0290832466842588 0.586059033870697 0
0.0291103329689557 0.586059033870697 0
0.029137444480094 0.586059033870697 0
0.0291645812411681 0.586059033870697 0
0.0291917432756941 0.586059033870697 0
0.02921893060721 0.586059033870697 0
0.0292461432592759 0.586059033870697 0
0.0292733812554738 0.586059033870697 0
0.0293006446194076 0.586059033870697 0
0.029327933374703 0.586059033870697 0
0.0293552475450082 0.586059033870697 0
0.0293825871539928 0.586059033870697 0
0.0294099522253491 0.586059033870697 0
0.0294373427827908 0.586059033870697 0
0.0294647588500543 0.586059033870697 0
0.0294922004508977 0.586059033870697 0
0.0295196676091013 0.586059033870697 0
0.0295471603484677 0.586059033870697 0
0.0295746786928215 0.586059033870697 0
0.0296022226660096 0.586059033870697 0
0.029629792291901 0.586059033870697 0
0.0296573875943871 0.586059033870697 0
0.0296850085973814 0.586059033870697 0
0.0297126553248196 0.586059033870697 0
0.02974032780066 0.586059033870697 0
0.0297680260488829 0.586059033870697 0
0.0297957500934911 0.586059033870697 0
0.0298234999585097 0.586059033870697 0
0.0298512756679862 0.586059033870697 0
0.0298790772459904 0.586059033870697 0
0.0299069047166148 0.586059033870697 0
0.0299347581039739 0.586059033870697 0
0.029962637432205 0.586059033870697 0
0.0299905427254679 0.586059033870697 0
0.0300184740079446 0.586059033870697 0
0.0300464313038398 0.586059033870697 0
0.0300744146373809 0.586059033870697 0
0.0301024240328176 0.586059033870697 0
0.0301304595144222 0.586059033870697 0
0.0301585211064899 0.586059033870697 0
0.0301866088333382 0.586059033870697 0
0.0302147227193073 0.586059033870697 0
0.0302428627887603 0.586059033870697 0
0.0302710290660828 0.586059033870697 0
0.0302992215756831 0.586059033870697 0
0.0303274403419922 0.586059033870697 0
0.030355685389464 0.586059033870697 0
0.0303839567425752 0.586059033870697 0
0.030412254425825 0.586059033870697 0
0.0304405784637358 0.586059033870697 0
0.0304689288808526 0.586059033870697 0
0.0304973057017432 0.586059033870697 0
0.0305257089509985 0.586059033870697 0
0.0305541386532322 0.586059033870697 0
0.0305825948330809 0.586059033870697 0
0.0306110775152041 0.586059033870697 0
0.0306395867242844 0.586059033870697 0
0.0306681224850274 0.586059033870697 0
0.0306966848221615 0.586059033870697 0
0.0307252737604382 0.586059033870697 0
0.0307538893246324 0.586059033870697 0
0.0307825315395414 0.586059033870697 0
0.0308112004299863 0.586059033870697 0
0.0308398960208108 0.586059033870697 0
0.0308686183368821 0.586059033870697 0
0.0308973674030902 0.586059033870697 0
0.0309261432443487 0.586059033870697 0
0.0309549458855939 0.586059033870697 0
0.0309837753517859 0.586059033870697 0
0.0310126316679075 0.586059033870697 0
0.0310415148589651 0.586059033870697 0
0.0310704249499884 0.586059033870697 0
0.0310993619660302 0.586059033870697 0
0.0311283259321667 0.586059033870697 0
0.0311573168734977 0.586059033870697 0
0.031186334815146 0.586059033870697 0
0.0312153797822581 0.586059033870697 0
0.0312444518000037 0.586059033870697 0
0.0312735508935761 0.586059033870697 0
0.031302677088192 0.586059033870697 0
0.0313318304090915 0.586059033870697 0
0.0313610108815384 0.586059033870697 0
0.0313902185308199 0.586059033870697 0
0.0314194533822468 0.586059033870697 0
0.0314487154611533 0.586059033870697 0
0.0314780047928975 0.586059033870697 0
0.0315073214028609 0.586059033870697 0
0.0315366653164487 0.586059033870697 0
0.0315660365590898 0.586059033870697 0
0.0315954351562366 0.586059033870697 0
0.0316248611333655 0.586059033870697 0
0.0316543145159764 0.586059033870697 0
0.0316837953295931 0.586059033870697 0
0.0317133035997629 0.586059033870697 0
0.0317428393520573 0.586059033870697 0
0.0317724026120714 0.586059033870697 0
0.0318019934054239 0.586059033870697 0
0.0318316117577579 0.586059033870697 0
0.0318612576947398 0.586059033870697 0
0.0318909312420604 0.586059033870697 0
0.0319206324254342 0.586059033870697 0
0.0319503612705995 0.586059033870697 0
0.0319801178033188 0.586059033870697 0
0.0320099020493786 0.586059033870697 0
0.0320397140345893 0.586059033870697 0
0.0320695537847854 0.586059033870697 0
0.0320994213258254 0.586059033870697 0
0.0321293166835919 0.586059033870697 0
0.0321592398839917 0.586059033870697 0
0.0321891909529556 0.586059033870697 0
0.0322191699164386 0.586059033870697 0
0.03224917680042 0.586059033870697 0
0.032279211630903 0.586059033870697 0
0.0323092744339153 0.586059033870697 0
0.0323393652355087 0.586059033870697 0
0.0323694840617593 0.586059033870697 0
0.0323996309387675 0.586059033870697 0
0.032429805892658 0.586059033870697 0
0.0324600089495798 0.586059033870697 0
0.0324902401357062 0.586059033870697 0
0.0325204994772351 0.586059033870697 0
0.0325507870003885 0.586059033870697 0
0.0325811027314131 0.586059033870697 0
0.0326114466965798 0.586059033870697 0
0.0326418189221842 0.586059033870697 0
0.0326722194345462 0.586059033870697 0
0.0327026482600103 0.586059033870697 0
0.0327331054249455 0.586059033870697 0
0.0327635909557454 0.586059033870697 0
0.0327941048788282 0.586059033870697 0
0.0328246472206366 0.586059033870697 0
0.032855218007638 0.586059033870697 0
0.0328858172663245 0.586059033870697 0
0.0329164450232128 0.586059033870697 0
0.0329471013048442 0.586059033870697 0
0.032977786137785 0.586059033870697 0
0.0330084995486259 0.586059033870697 0
0.0330392415639827 0.586059033870697 0
0.0330700122104957 0.586059033870697 0
0.0331008115148303 0.586059033870697 0
0.0331316395036763 0.586059033870697 0
0.0331624962037489 0.586059033870697 0
0.0331933816417878 0.586059033870697 0
0.0332242958445576 0.586059033870697 0
0.0332552388388481 0.586059033870697 0
0.0332862106514739 0.586059033870697 0
0.0333172113092744 0.586059033870697 0
0.0333482408391143 0.586059033870697 0
0.0333792992678832 0.586059033870697 0
0.0334103866224956 0.586059033870697 0
0.0334415029298913 0.586059033870697 0
0.033472648217035 0.586059033870697 0
0.0335038225109166 0.586059033870697 0
0.0335350258385511 0.586059033870697 0
0.0335662582269789 0.586059033870697 0
0.0335975197032651 0.586059033870697 0
0.0336288102945004 0.586059033870697 0
0.0336601300278006 0.586059033870697 0
0.0336914789303068 0.586059033870697 0
0.0337228570291853 0.586059033870697 0
0.0337542643516278 0.586059033870697 0
0.0337857009248512 0.586059033870697 0
0.0338171667760978 0.586059033870697 0
0.0338486619326354 0.586059033870697 0
0.0338801864217569 0.586059033870697 0
0.033911740270781 0.586059033870697 0
0.0339433235070515 0.586059033870697 0
0.0339749361579379 0.586059033870697 0
0.034006578250835 0.586059033870697 0
0.0340382498131633 0.586059033870697 0
0.0340699508723688 0.586059033870697 0
0.0341016814559229 0.586059033870697 0
0.0341334415913227 0.586059033870697 0
0.034165231306091 0.586059033870697 0
0.0341970506277761 0.586059033870697 0
0.034228899583952 0.586059033870697 0
0.0342607782022183 0.586059033870697 0
0.0342926865102005 0.586059033870697 0
0.0343246245355497 0.586059033870697 0
0.0343565923059427 0.586059033870697 0
0.0343885898490821 0.586059033870697 0
0.0344206171926965 0.586059033870697 0
0.03445267436454 0.586059033870697 0
0.0344847613923928 0.586059033870697 0
0.0345168783040609 0.586059033870697 0
0.0345490251273762 0.586059033870697 0
0.0345812018901964 0.586059033870697 0
0.0346134086204053 0.586059033870697 0
0.0346456453459127 0.586059033870697 0
0.0346779120946542 0.586059033870697 0
0.0347102088945916 0.586059033870697 0
0.0347425357737126 0.586059033870697 0
0.0347748927600311 0.586059033870697 0
0.034807279881587 0.586059033870697 0
0.0348396971664463 0.586059033870697 0
0.0348721446427013 0.586059033870697 0
0.0349046223384702 0.586059033870697 0
0.0349371302818977 0.586059033870697 0
0.0349696685011544 0.586059033870697 0
0.0350022370244373 0.586059033870697 0
0.0350348358799697 0.586059033870697 0
0.0350674650960011 0.586059033870697 0
0.0351001247008073 0.586059033870697 0
0.0351328147226906 0.586059033870697 0
0.0351655351899793 0.586059033870697 0
0.0351982861310285 0.586059033870697 0
0.0352310675742195 0.586059033870697 0
0.03526387954796 0.586059033870697 0
0.0352967220806842 0.586059033870697 0
0.0353295952008528 0.586059033870697 0
0.0353624989369531 0.586059033870697 0
0.0353954333174987 0.586059033870697 0
0.0354283983710299 0.586059033870697 0
0.0354613941261136 0.586059033870697 0
0.0354944206113434 0.586059033870697 0
0.0355274778553392 0.586059033870697 0
0.0355605658867478 0.586059033870697 0
0.0355936847342427 0.586059033870697 0
0.035626834426524 0.586059033870697 0
0.0356600149923185 0.586059033870697 0
0.03569322646038 0.586059033870697 0
0.0357264688594888 0.586059033870697 0
0.0357597422184521 0.586059033870697 0
0.035793046566104 0.586059033870697 0
0.0358263819313053 0.586059033870697 0
0.0358597483429439 0.586059033870697 0
0.0358931458299343 0.586059033870697 0
0.0359265744212182 0.586059033870697 0
0.0359600341457642 0.586059033870697 0
0.0359935250325678 0.586059033870697 0
0.0360270471106515 0.586059033870697 0
0.036060600409065 0.586059033870697 0
0.0360941849568848 0.586059033870697 0
0.0361278007832146 0.586059033870697 0
0.0361614479171853 0.586059033870697 0
0.0361951263879548 0.586059033870697 0
0.0362288362247082 0.586059033870697 0
0.0362625774566578 0.586059033870697 0
0.036296350113043 0.586059033870697 0
0.0363301542231307 0.586059033870697 0
0.0363639898162147 0.586059033870697 0
0.0363978569216164 0.586059033870697 0
0.0364317555686842 0.586059033870697 0
0.0364656857867942 0.586059033870697 0
0.0364996476053495 0.586059033870697 0
0.0365336410537808 0.586059033870697 0
0.0365676661615461 0.586059033870697 0
0.036601722958131 0.586059033870697 0
0.0366358114730484 0.586059033870697 0
0.0366699317358387 0.586059033870697 0
0.0367040837760698 0.586059033870697 0
0.0367382676233374 0.586059033870697 0
0.0367724833072643 0.586059033870697 0
0.0368067308575013 0.586059033870697 0
0.0368410103037265 0.586059033870697 0
0.036875321675646 0.586059033870697 0
0.0369096650029932 0.586059033870697 0
0.0369440403155294 0.586059033870697 0
0.0369784476430436 0.586059033870697 0
0.0370128870153525 0.586059033870697 0
0.0370473584623005 0.586059033870697 0
0.03708186201376 0.586059033870697 0
0.037116397699631 0.586059033870697 0
0.0371509655498415 0.586059033870697 0
0.0371855655943473 0.586059033870697 0
0.0372201978631321 0.586059033870697 0
0.0372548623862076 0.586059033870697 0
0.0372895591936134 0.586059033870697 0
0.037324288315417 0.586059033870697 0
0.0373590497817139 0.586059033870697 0
0.0373938436226279 0.586059033870697 0
0.0374286698683105 0.586059033870697 0
0.0374635285489416 0.586059033870697 0
0.0374984196947289 0.586059033870697 0
0.0375333433359084 0.586059033870697 0
0.0375682995027443 0.586059033870697 0
0.0376032882255288 0.586059033870697 0
0.0376383095345826 0.586059033870697 0
0.0376733634602544 0.586059033870697 0
0.0377084500329213 0.586059033870697 0
0.0377435692829885 0.586059033870697 0
0.0377787212408898 0.586059033870697 0
0.0378139059370871 0.586059033870697 0
0.0378491234020708 0.586059033870697 0
0.0378843736663596 0.586059033870697 0
0.0379196567605008 0.586059033870697 0
0.0379549727150699 0.586059033870697 0
0.0379903215606711 0.586059033870697 0
0.0380257033279371 0.586059033870697 0
0.0380611180475288 0.586059033870697 0
0.0380965657501362 0.586059033870697 0
0.0381320464664773 0.586059033870697 0
0.0381675602272991 0.586059033870697 0
0.0382031070633772 0.586059033870697 0
0.0382386870055157 0.586059033870697 0
0.0382743000845475 0.586059033870697 0
0.0383099463313342 0.586059033870697 0
0.0383456257767662 0.586059033870697 0
0.0383813384517624 0.586059033870697 0
0.0384170843872709 0.586059033870697 0
0.0384528636142684 0.586059033870697 0
0.0384886761637604 0.586059033870697 0
0.0385245220667814 0.586059033870697 0
0.0385604013543947 0.586059033870697 0
0.0385963140576927 0.586059033870697 0
0.0386322602077965 0.586059033870697 0
0.0386682398358564 0.586059033870697 0
0.0387042529730516 0.586059033870697 0
0.0387402996505904 0.586059033870697 0
0.0387763798997102 0.586059033870697 0
0.0388124937516774 0.586059033870697 0
0.0388486412377875 0.586059033870697 0
0.0388848223893652 0.586059033870697 0
0.0389210372377644 0.586059033870697 0
0.0389572858143682 0.586059033870697 0
0.0389935681505889 0.586059033870697 0
0.039029884277868 0.586059033870697 0
0.0390662342276765 0.586059033870697 0
0.0391026180315143 0.586059033870697 0
0.0391390357209111 0.586059033870697 0
0.0391754873274256 0.586059033870697 0
0.0392119728826462 0.586059033870697 0
0.0392484924181904 0.586059033870697 0
0.0392850459657054 0.586059033870697 0
0.0393216335568678 0.586059033870697 0
0.0393582552233837 0.586059033870697 0
0.0393949109969886 0.586059033870697 0
0.0394316009094478 0.586059033870697 0
0.039468324992556 0.586059033870697 0
0.0395050832781376 0.586059033870697 0
0.0395418757980465 0.586059033870697 0
0.0395787025841665 0.586059033870697 0
0.0396155636684109 0.586059033870697 0
0.0396524590827229 0.586059033870697 0
0.0396893888590751 0.586059033870697 0
0.0397263530294704 0.586059033870697 0
0.039763351625941 0.586059033870697 0
0.0398003846805493 0.586059033870697 0
0.0398374522253873 0.586059033870697 0
0.0398745542925771 0.586059033870697 0
0.0399116909142706 0.586059033870697 0
0.0399488621226497 0.586059033870697 0
0.0399860679499261 0.586059033870697 0
0.0400233084283418 0.586059033870697 0
0.0400605835901685 0.586059033870697 0
0.0400978934677083 0.586059033870697 0
0.040135238093293 0.586059033870697 0
0.0401726174992849 0.586059033870697 0
0.0402100317180763 0.586059033870697 0
0.0402474807820894 0.586059033870697 0
0.0402849647237769 0.586059033870697 0
0.0403224835756218 0.586059033870697 0
0.040360037370137 0.586059033870697 0
0.040397626139866 0.586059033870697 0
0.0404352499173825 0.586059033870697 0
0.0404729087352904 0.586059033870697 0
0.0405106026262242 0.586059033870697 0
0.0405483316228486 0.586059033870697 0
0.0405860957578589 0.586059033870697 0
0.0406238950639807 0.586059033870697 0
0.0406617295739701 0.586059033870697 0
0.0406995993206138 0.586059033870697 0
0.040737504336729 0.586059033870697 0
0.0407754446551634 0.586059033870697 0
0.0408134203087954 0.586059033870697 0
0.0408514313305338 0.586059033870697 0
0.0408894777533183 0.586059033870697 0
0.0409275596101192 0.586059033870697 0
0.0409656769339375 0.586059033870697 0
0.0410038297578048 0.586059033870697 0
0.0410420181147837 0.586059033870697 0
0.0410802420379675 0.586059033870697 0
0.0411185015604802 0.586059033870697 0
0.0411567967154768 0.586059033870697 0
0.0411951275361431 0.586059033870697 0
0.0412334940556959 0.586059033870697 0
0.0412718963073828 0.586059033870697 0
0.0413103343244825 0.586059033870697 0
0.0413488081403046 0.586059033870697 0
0.0413873177881897 0.586059033870697 0
0.0414258633015095 0.586059033870697 0
0.0414644447136669 0.586059033870697 0
0.0415030620580958 0.586059033870697 0
0.041541715368261 0.586059033870697 0
0.0415804046776589 0.586059033870697 0
0.0416191300198169 0.586059033870697 0
0.0416578914282935 0.586059033870697 0
0.0416966889366787 0.586059033870697 0
0.0417355225785936 0.586059033870697 0
0.0417743923876906 0.586059033870697 0
0.0418132983976536 0.586059033870697 0
0.0418522406421978 0.586059033870697 0
0.0418912191550696 0.586059033870697 0
0.0419302339700473 0.586059033870697 0
0.0419692851209401 0.586059033870697 0
0.0420083726415892 0.586059033870697 0
0.0420474965658669 0.586059033870697 0
0.0420866569276773 0.586059033870697 0
0.0421258537609559 0.586059033870697 0
0.0421650870996701 0.586059033870697 0
0.0422043569778185 0.586059033870697 0
0.0422436634294318 0.586059033870697 0
0.0422830064885721 0.586059033870697 0
0.0423223861893333 0.586059033870697 0
0.0423618025658412 0.586059033870697 0
0.0424012556522531 0.586059033870697 0
0.0424407454827584 0.586059033870697 0
0.0424802720915781 0.586059033870697 0
0.0425198355129652 0.586059033870697 0
0.0425594357812047 0.586059033870697 0
0.0425990729306132 0.586059033870697 0
0.0426387469955397 0.586059033870697 0
0.0426784580103648 0.586059033870697 0
0.0427182060095014 0.586059033870697 0
0.0427579910273942 0.586059033870697 0
0.0427978130985203 0.586059033870697 0
0.0428376722573885 0.586059033870697 0
0.0428775685385401 0.586059033870697 0
0.0429175019765485 0.586059033870697 0
0.042957472606019 0.586059033870697 0
0.0429974804615896 0.586059033870697 0
0.0430375255779302 0.586059033870697 0
0.0430776079897431 0.586059033870697 0
0.043117727731763 0.586059033870697 0
0.0431578848387568 0.586059033870697 0
0.0431980793455239 0.586059033870697 0
0.0432383112868961 0.586059033870697 0
0.0432785806977375 0.586059033870697 0
0.0433188876129449 0.586059033870697 0
0.0433592320674474 0.586059033870697 0
0.0433996140962067 0.586059033870697 0
0.0434400337342172 0.586059033870697 0
0.0434804910165056 0.586059033870697 0
0.0435209859781315 0.586059033870697 0
0.043561518654187 0.586059033870697 0
0.0436020890797969 0.586059033870697 0
0.0436426972901187 0.586059033870697 0
0.0436833433203427 0.586059033870697 0
0.0437240272056921 0.586059033870697 0
0.0437647489814225 0.586059033870697 0
0.0438055086828227 0.586059033870697 0
0.0438463063452144 0.586059033870697 0
0.0438871420039518 0.586059033870697 0
0.0439280156944225 0.586059033870697 0
0.0439689274520466 0.586059033870697 0
0.0440098773122776 0.586059033870697 0
0.0440508653106018 0.586059033870697 0
0.0440918914825386 0.586059033870697 0
0.0441329558636405 0.586059033870697 0
0.044174058489493 0.586059033870697 0
0.0442151993957149 0.586059033870697 0
0.0442563786179581 0.586059033870697 0
0.0442975961919076 0.586059033870697 0
0.0443388521532819 0.586059033870697 0
0.0443801465378324 0.586059033870697 0
0.0444214793813442 0.586059033870697 0
0.0444628507196354 0.586059033870697 0
0.0445042605885577 0.586059033870697 0
0.044545709023996 0.586059033870697 0
0.0445871960618686 0.586059033870697 0
0.0446287217381276 0.586059033870697 0
0.0446702860887581 0.586059033870697 0
0.0447118891497791 0.586059033870697 0
0.0447535309572429 0.586059033870697 0
0.0447952115472355 0.586059033870697 0
0.0448369309558765 0.586059033870697 0
0.0448786892193191 0.586059033870697 0
0.0449204863737502 0.586059033870697 0
0.0449623224553903 0.586059033870697 0
0.0450041975004939 0.586059033870697 0
0.045046111545349 0.586059033870697 0
0.0450880646262774 0.586059033870697 0
0.045130056779635 0.586059033870697 0
0.0451720880418112 0.586059033870697 0
0.0452141584492295 0.586059033870697 0
0.0452562680383474 0.586059033870697 0
0.0452984168456561 0.586059033870697 0
0.045340604907681 0.586059033870697 0
0.0453828322609815 0.586059033870697 0
0.0454250989421509 0.586059033870697 0
0.0454674049878167 0.586059033870697 0
0.0455097504346404 0.586059033870697 0
0.0455521353193179 0.586059033870697 0
0.045594559678579 0.586059033870697 0
0.0456370235491878 0.586059033870697 0
0.0456795269679427 0.586059033870697 0
0.0457220699716763 0.586059033870697 0
0.0457646525972556 0.586059033870697 0
0.0458072748815818 0.586059033870697 0
0.0458499368615905 0.586059033870697 0
0.0458926385742519 0.586059033870697 0
0.0459353800565702 0.586059033870697 0
0.0459781613455845 0.586059033870697 0
0.0460209824783682 0.586059033870697 0
0.0460638434920292 0.586059033870697 0
0.0461067444237101 0.586059033870697 0
0.046149685310588 0.586059033870697 0
0.0461926661898745 0.586059033870697 0
0.0462356870988161 0.586059033870697 0
0.0462787480746938 0.586059033870697 0
0.0463218491548234 0.586059033870697 0
0.0463649903765555 0.586059033870697 0
0.0464081717772755 0.586059033870697 0
0.0464513933944034 0.586059033870697 0
0.0464946552653942 0.586059033870697 0
0.0465379574277379 0.586059033870697 0
0.0465812999189593 0.586059033870697 0
0.046624682776618 0.586059033870697 0
0.0466681060383089 0.586059033870697 0
0.0467115697416617 0.586059033870697 0
0.0467550739243411 0.586059033870697 0
0.0467986186240471 0.586059033870697 0
0.0468422038785146 0.586059033870697 0
0.0468858297255137 0.586059033870697 0
0.0469294962028497 0.586059033870697 0
0.0469732033483632 0.586059033870697 0
0.0470169511999299 0.586059033870697 0
0.0470607397954608 0.586059033870697 0
0.0471045691729023 0.586059033870697 0
0.047148439370236 0.586059033870697 0
0.047192350425479 0.586059033870697 0
0.0472363023766837 0.586059033870697 0
0.0472802952619381 0.586059033870697 0
0.0473243291193655 0.586059033870697 0
0.0473684039871247 0.586059033870697 0
0.0474125199034102 0.586059033870697 0
0.047456676906452 0.586059033870697 0
0.0475008750345157 0.586059033870697 0
0.0475451143259025 0.586059033870697 0
0.0475893948189492 0.586059033870697 0
0.0476337165520286 0.586059033870697 0
0.0476780795635488 0.586059033870697 0
0.0477224838919542 0.586059033870697 0
0.0477669295757245 0.586059033870697 0
0.0478114166533755 0.586059033870697 0
0.0478559451634588 0.586059033870697 0
0.047900515144562 0.586059033870697 0
0.0479451266353086 0.586059033870697 0
0.047989779674358 0.586059033870697 0
0.0480344743004056 0.586059033870697 0
0.0480792105521828 0.586059033870697 0
0.0481239884684574 0.586059033870697 0
0.0481688080880329 0.586059033870697 0
0.0482136694497491 0.586059033870697 0
0.048258572592482 0.586059033870697 0
0.0483035175551437 0.586059033870697 0
0.0483485043766828 0.586059033870697 0
0.0483935330960839 0.586059033870697 0
0.0484386037523679 0.586059033870697 0
0.0484837163845923 0.586059033870697 0
0.0485288710318508 0.586059033870697 0
0.0485740677332734 0.586059033870697 0
0.0486193065280268 0.586059033870697 0
0.048664587455314 0.586059033870697 0
0.0487099105543745 0.586059033870697 0
0.0487552758644845 0.586059033870697 0
0.0488006834249567 0.586059033870697 0
0.0488461332751403 0.586059033870697 0
0.0488916254544213 0.586059033870697 0
0.0489371600022224 0.586059033870697 0
0.0489827369580028 0.586059033870697 0
0.0490283563612587 0.586059033870697 0
0.0490740182515229 0.586059033870697 0
0.0491197226683651 0.586059033870697 0
0.0491654696513919 0.586059033870697 0
0.0492112592402467 0.586059033870697 0
0.0492570914746099 0.586059033870697 0
0.0493029663941988 0.586059033870697 0
0.0493488840387677 0.586059033870697 0
0.0493948444481078 0.586059033870697 0
0.0494408476620477 0.586059033870697 0
0.0494868937204527 0.586059033870697 0
0.0495329826632256 0.586059033870697 0
0.0495791145303059 0.586059033870697 0
0.0496252893616708 0.586059033870697 0
0.0496715071973345 0.586059033870697 0
0.0497177680773483 0.586059033870697 0
0.049764072041801 0.586059033870697 0
0.0498104191308188 0.586059033870697 0
0.0498568093845652 0.586059033870697 0
0.0499032428432409 0.586059033870697 0
0.0499497195470845 0.586059033870697 0
0.0499962395363715 0.586059033870697 0
0.0500428028514154 0.586059033870697 0
0.0500894095325669 0.586059033870697 0
0.0501360596202146 0.586059033870697 0
0.0501827531547845 0.586059033870697 0
0.0502294901767402 0.586059033870697 0
0.0502762707265832 0.586059033870697 0
0.0503230948448525 0.586059033870697 0
0.0503699625721251 0.586059033870697 0
0.0504168739490155 0.586059033870697 0
0.0504638290161762 0.586059033870697 0
0.0505108278142977 0.586059033870697 0
0.050557870384108 0.586059033870697 0
0.0506049567663734 0.586059033870697 0
0.050652087001898 0.586059033870697 0
0.050699261131524 0.586059033870697 0
0.0507464791961314 0.586059033870697 0
0.0507937412366387 0.586059033870697 0
0.050841047294002 0.586059033870697 0
0.050888397409216 0.586059033870697 0
0.0509357916233132 0.586059033870697 0
0.0509832299773646 0.586059033870697 0
0.0510307125124793 0.586059033870697 0
0.0510782392698048 0.586059033870697 0
0.0511258102905268 0.586059033870697 0
0.0511734256158694 0.586059033870697 0
0.0512210852870951 0.586059033870697 0
0.0512687893455049 0.586059033870697 0
0.0513165378324381 0.586059033870697 0
0.0513643307892727 0.586059033870697 0
0.051412168257425 0.586059033870697 0
0.0514600502783502 0.586059033870697 0
0.0515079768935417 0.586059033870697 0
0.051555948144532 0.586059033870697 0
0.0516039640728918 0.586059033870697 0
0.0516520247202309 0.586059033870697 0
0.0517001301281977 0.586059033870697 0
0.0517482803384793 0.586059033870697 0
0.0517964753928019 0.586059033870697 0
0.0518447153329303 0.586059033870697 0
0.0518930002006682 0.586059033870697 0
0.0519413300378584 0.586059033870697 0
0.0519897048863826 0.586059033870697 0
0.0520381247881614 0.586059033870697 0
0.0520865897851547 0.586059033870697 0
0.0521350999193611 0.586059033870697 0
0.0521836552328187 0.586059033870697 0
0.0522322557676045 0.586059033870697 0
0.0522809015658348 0.586059033870697 0
0.052329592669665 0.586059033870697 0
0.05237832912129 0.586059033870697 0
0.0524271109629438 0.586059033870697 0
0.0524759382368997 0.586059033870697 0
0.0525248109854705 0.586059033870697 0
0.0525737292510084 0.586059033870697 0
0.052622693075905 0.586059033870697 0
0.0526717025025913 0.586059033870697 0
0.052720757573538 0.586059033870697 0
0.0527698583312553 0.586059033870697 0
0.0528190048182928 0.586059033870697 0
0.0528681970772399 0.586059033870697 0
0.0529174351507258 0.586059033870697 0
0.0529667190814191 0.586059033870697 0
0.0530160489120284 0.586059033870697 0
0.0530654246853018 0.586059033870697 0
0.0531148464440275 0.586059033870697 0
0.0531643142310334 0.586059033870697 0
0.0532138280891873 0.586059033870697 0
0.0532633880613969 0.586059033870697 0
0.0533129941906099 0.586059033870697 0
0.053362646519814 0.586059033870697 0
0.0534123450920371 0.586059033870697 0
0.0534620899503467 0.586059033870697 0
0.053511881137851 0.586059033870697 0
0.0535617186976978 0.586059033870697 0
0.0536116026730756 0.586059033870697 0
0.0536615331072127 0.586059033870697 0
0.0537115100433779 0.586059033870697 0
0.0537615335248801 0.586059033870697 0
0.0538116035950689 0.586059033870697 0
0.0538617202973339 0.586059033870697 0
0.0539118836751053 0.586059033870697 0
0.0539620937718535 0.586059033870697 0
0.0540123506310899 0.586059033870697 0
0.0540626542963659 0.586059033870697 0
0.0541130048112737 0.586059033870697 0
0.054163402219446 0.586059033870697 0
0.0542138465645564 0.586059033870697 0
0.0542643378903188 0.586059033870697 0
0.054314876240488 0.586059033870697 0
0.0543654616588596 0.586059033870697 0
0.05441609418927 0.586059033870697 0
0.0544667738755961 0.586059033870697 0
0.0545175007617562 0.586059033870697 0
0.0545682748917091 0.586059033870697 0
0.0546190963094546 0.586059033870697 0
0.0546699650590336 0.586059033870697 0
0.054720881184528 0.586059033870697 0
0.0547718447300607 0.586059033870697 0
0.0548228557397956 0.586059033870697 0
0.054873914257938 0.586059033870697 0
0.054925020328734 0.586059033870697 0
0.0549761739964713 0.586059033870697 0
0.0550273753054786 0.586059033870697 0
0.055078624300126 0.586059033870697 0
0.0551299210248247 0.586059033870697 0
0.0551812655240276 0.586059033870697 0
0.0552326578422288 0.586059033870697 0
0.0552840980239638 0.586059033870697 0
0.0553355861138097 0.586059033870697 0
0.0553871221563851 0.586059033870697 0
0.05543870619635 0.586059033870697 0
0.0554903382784062 0.586059033870697 0
0.0555420184472971 0.586059033870697 0
0.0555937467478077 0.586059033870697 0
0.0556455232247646 0.586059033870697 0
0.0556973479230364 0.586059033870697 0
0.0557492208875333 0.586059033870697 0
0.0558011421632074 0.586059033870697 0
0.0558531117950526 0.586059033870697 0
0.055905129828105 0.586059033870697 0
0.0559571963074421 0.586059033870697 0
0.0560093112781838 0.586059033870697 0
0.056061474785492 0.586059033870697 0
0.0561136868745705 0.586059033870697 0
0.0561659475906652 0.586059033870697 0
0.0562182569790643 0.586059033870697 0
0.056270615085098 0.586059033870697 0
0.0563230219541389 0.586059033870697 0
0.0563754776316017 0.586059033870697 0
0.0564279821629435 0.586059033870697 0
0.0564805355936637 0.586059033870697 0
0.056533137969304 0.586059033870697 0
0.0565857893354486 0.586059033870697 0
0.0566384897377241 0.586059033870697 0
0.0566912392217998 0.586059033870697 0
0.0567440378333872 0.586059033870697 0
0.0567968856182406 0.586059033870697 0
0.0568497826221569 0.586059033870697 0
0.0569027288909755 0.586059033870697 0
0.0569557244705786 0.586059033870697 0
0.0570087694068912 0.586059033870697 0
0.0570618637458809 0.586059033870697 0
0.0571150075335584 0.586059033870697 0
0.0571682008159768 0.586059033870697 0
0.0572214436392325 0.586059033870697 0
0.0572747360494647 0.586059033870697 0
0.0573280780928555 0.586059033870697 0
0.0573814698156301 0.586059033870697 0
0.0574349112640567 0.586059033870697 0
0.0574884024844465 0.586059033870697 0
0.0575419435231542 0.586059033870697 0
0.0575955344265771 0.586059033870697 0
0.0576491752411563 0.586059033870697 0
0.0577028660133757 0.586059033870697 0
0.0577566067897627 0.586059033870697 0
0.057810397616888 0.586059033870697 0
0.0578642385413657 0.586059033870697 0
0.0579181296098532 0.586059033870697 0
0.0579720708690516 0.586059033870697 0
0.0580260623657052 0.586059033870697 0
0.0580801041466021 0.586059033870697 0
0.0581341962585736 0.586059033870697 0
0.0581883387484951 0.586059033870697 0
0.0582425316632854 0.586059033870697 0
0.0582967750499068 0.586059033870697 0
0.0583510689553658 0.586059033870697 0
0.0584054134267122 0.586059033870697 0
0.0584598085110401 0.586059033870697 0
0.058514254255487 0.586059033870697 0
0.0585687507072346 0.586059033870697 0
0.0586232979135084 0.586059033870697 0
0.0586778959215781 0.586059033870697 0
0.058732544778757 0.586059033870697 0
0.0587872445324029 0.586059033870697 0
0.0588419952299175 0.586059033870697 0
0.0588967969187467 0.586059033870697 0
0.0589516496463805 0.586059033870697 0
0.0590065534603532 0.586059033870697 0
0.0590615084082434 0.586059033870697 0
0.059116514537674 0.586059033870697 0
0.0591715718963122 0.586059033870697 0
0.0592266805318695 0.586059033870697 0
0.0592818404921022 0.586059033870697 0
0.0593370518248107 0.586059033870697 0
0.05939231457784 0.586059033870697 0
0.0594476287990798 0.586059033870697 0
0.0595029945364643 0.586059033870697 0
0.0595584118379723 0.586059033870697 0
0.0596138807516274 0.586059033870697 0
0.0596694013254979 0.586059033870697 0
0.0597249736076968 0.586059033870697 0
0.059780597646382 0.586059033870697 0
0.059836273489756 0.586059033870697 0
0.0598920011860666 0.586059033870697 0
0.0599477807836063 0.586059033870697 0
0.0600036123307125 0.586059033870697 0
0.0600594958757678 0.586059033870697 0
0.0601154314671997 0.586059033870697 0
0.060171419153481 0.586059033870697 0
0.0602274589831294 0.586059033870697 0
0.060283551004708 0.586059033870697 0
0.0603396952668251 0.586059033870697 0
0.060395891818134 0.586059033870697 0
0.0604521407073337 0.586059033870697 0
0.0605084419831683 0.586059033870697 0
0.0605647956944275 0.586059033870697 0
0.0606212018899462 0.586059033870697 0
0.0606776606186049 0.586059033870697 0
0.0607341719293297 0.586059033870697 0
0.060790735871092 0.586059033870697 0
0.0608473524929093 0.586059033870697 0
0.0609040218438442 0.586059033870697 0
0.0609607439730054 0.586059033870697 0
0.061017518929547 0.586059033870697 0
0.0610743467626693 0.586059033870697 0
0.0611312275216179 0.586059033870697 0
0.0611881612556848 0.586059033870697 0
0.0612451480142075 0.586059033870697 0
0.0613021878465697 0.586059033870697 0
0.061359280802201 0.586059033870697 0
0.0614164269305769 0.586059033870697 0
0.0614736262812192 0.586059033870697 0
0.0615308789036957 0.586059033870697 0
0.0615881848476204 0.586059033870697 0
0.0616455441626536 0.586059033870697 0
0.0617029568985016 0.586059033870697 0
0.0617604231049173 0.586059033870697 0
0.0618179428316996 0.586059033870697 0
0.0618755161286942 0.586059033870697 0
0.0619331430457927 0.586059033870697 0
0.0619908236329337 0.586059033870697 0
0.0620485579401019 0.586059033870697 0
0.0621063460173289 0.586059033870697 0
0.0621641879146925 0.586059033870697 0
0.0622220836823174 0.586059033870697 0
0.062280033370375 0.586059033870697 0
0.0623380370290833 0.586059033870697 0
0.0623960947087072 0.586059033870697 0
0.0624542064595583 0.586059033870697 0
0.0625123723319951 0.586059033870697 0
0.062570592376423 0.586059033870697 0
0.0626288666432943 0.586059033870697 0
0.0626871951831084 0.586059033870697 0
0.0627455780464116 0.586059033870697 0
0.0628040152837974 0.586059033870697 0
0.0628625069459064 0.586059033870697 0
0.0629210530834262 0.586059033870697 0
0.0629796537470918 0.586059033870697 0
0.0630383089876854 0.586059033870697 0
0.0630970188560364 0.586059033870697 0
0.0631557834030217 0.586059033870697 0
0.0632146026795655 0.586059033870697 0
0.0632734767366393 0.586059033870697 0
0.0633324056252624 0.586059033870697 0
0.0633913893965012 0.586059033870697 0
0.06345042810147 0.586059033870697 0
0.0635095217913306 0.586059033870697 0
0.0635686705172924 0.586059033870697 0
0.0636278743306124 0.586059033870697 0
0.0636871332825957 0.586059033870697 0
0.0637464474245947 0.586059033870697 0
0.06380581680801 0.586059033870697 0
0.06386524148429 0.586059033870697 0
0.0639247215049308 0.586059033870697 0
0.0639842569214767 0.586059033870697 0
0.0640438477855199 0.586059033870697 0
0.0641034941487006 0.586059033870697 0
0.0641631960627073 0.586059033870697 0
0.0642229535792765 0.586059033870697 0
0.0642827667501928 0.586059033870697 0
0.0643426356272891 0.586059033870697 0
0.0644025602624466 0.586059033870697 0
0.0644625407075949 0.586059033870697 0
0.0645225770147118 0.586059033870697 0
0.0645826692358236 0.586059033870697 0
0.0646428174230051 0.586059033870697 0
0.0647030216283794 0.586059033870697 0
0.0647632819041183 0.586059033870697 0
0.0648235983024423 0.586059033870697 0
0.0648839708756203 0.586059033870697 0
0.06494439967597 0.586059033870697 0
0.0650048847558578 0.586059033870697 0
0.0650654261676989 0.586059033870697 0
0.0651260239639573 0.586059033870697 0
0.0651866781971459 0.586059033870697 0
0.0652473889198263 0.586059033870697 0
0.0653081561846094 0.586059033870697 0
0.0653689800441547 0.586059033870697 0
0.0654298605511713 0.586059033870697 0
0.0654907977584167 0.586059033870697 0
0.0655517917186981 0.586059033870697 0
0.0656128424848716 0.586059033870697 0
0.0656739501098425 0.586059033870697 0
0.0657351146465656 0.586059033870697 0
0.0657963361480449 0.586059033870697 0
0.0658576146673336 0.586059033870697 0
0.0659189502575346 0.586059033870697 0
0.0659803429718001 0.586059033870697 0
0.0660417928633317 0.651752918958664 0
0.0661032999853807 0.651752918958664 0
0.0661648643912481 0.651752918958664 0
0.0662264861342843 0.651752918958664 0
0.0662881652678894 0.651752918958664 0
0.0663499018455135 0.651752918958664 0
0.0664116959206562 0.651752918958664 0
0.066473547546867 0.651752918958664 0
0.0665354567777455 0.651752918958664 0
0.0665974236669407 0.651752918958664 0
0.0666594482681521 0.651752918958664 0
0.066721530635129 0.651752918958664 0
0.0667836708216707 0.651752918958664 0
0.0668458688816266 0.651752918958664 0
0.0669081248688965 0.651752918958664 0
0.06697043883743 0.651752918958664 0
0.0670328108412273 0.651752918958664 0
0.0670952409343388 0.651752918958664 0
0.067157729170865 0.651752918958664 0
0.0672202756049571 0.651752918958664 0
0.0672828802908166 0.651752918958664 0
0.0673455432826954 0.651752918958664 0
0.0674082646348961 0.651752918958664 0
0.0674710444017719 0.651752918958664 0
0.0675338826377263 0.651752918958664 0
0.0675967793972137 0.651752918958664 0
0.0676597347347393 0.651752918958664 0
0.067722748704859 0.651752918958664 0
0.0677858213621793 0.651752918958664 0
0.0678489527613578 0.651752918958664 0
0.0679121429571029 0.651752918958664 0
0.0679753920041741 0.651752918958664 0
0.0680386999573816 0.651752918958664 0
0.0681020668715869 0.651752918958664 0
0.0681654928017026 0.651752918958664 0
0.0682289778026923 0.651752918958664 0
0.0682925219295708 0.651752918958664 0
0.0683561252374043 0.651752918958664 0
0.06841978778131 0.651752918958664 0
0.0684835096164568 0.651752918958664 0
0.0685472907980647 0.651752918958664 0
0.0686111313814053 0.651752918958664 0
0.0686750314218014 0.651752918958664 0
0.0687389909746276 0.651752918958664 0
0.0688030100953101 0.651752918958664 0
0.0688670888393265 0.651752918958664 0
0.0689312272622063 0.651752918958664 0
0.0689954254195304 0.651752918958664 0
0.0690596833669318 0.651752918958664 0
0.0691240011600951 0.651752918958664 0
0.069188378854757 0.651752918958664 0
0.0692528165067056 0.651752918958664 0
0.0693173141717817 0.651752918958664 0
0.0693818719058774 0.651752918958664 0
0.0694464897649373 0.651752918958664 0
0.069511167804958 0.651752918958664 0
0.0695759060819881 0.651752918958664 0
0.0696407046521286 0.651752918958664 0
0.0697055635715327 0.651752918958664 0
0.0697704828964057 0.651752918958664 0
0.0698354626830055 0.651752918958664 0
0.0699005029876424 0.651752918958664 0
0.069965603866679 0.651752918958664 0
0.0700307653765303 0.651752918958664 0
0.0700959875736641 0.651752918958664 0
0.0701612705146007 0.651752918958664 0
0.0702266142559129 0.651752918958664 0
0.0702920188542264 0.651752918958664 0
0.0703574843662196 0.651752918958664 0
0.0704230108486234 0.651752918958664 0
0.070488598358222 0.651752918958664 0
0.070554246951852 0.651752918958664 0
0.0706199566864034 0.651752918958664 0
0.0706857276188189 0.651752918958664 0
0.0707515598060942 0.651752918958664 0
0.0708174533052783 0.651752918958664 0
0.0708834081734731 0.651752918958664 0
0.0709494244678339 0.651752918958664 0
0.071015502245569 0.651752918958664 0
0.0710816415639402 0.651752918958664 0
0.0711478424802625 0.651752918958664 0
0.0712141050519044 0.651752918958664 0
0.0712804293362875 0.651752918958664 0
0.0713468153908874 0.651752918958664 0
0.0714132632732327 0.651752918958664 0
0.071479773040906 0.651752918958664 0
0.0715463447515433 0.651752918958664 0
0.0716129784628343 0.651752918958664 0
0.0716796742325226 0.651752918958664 0
0.0717464321184052 0.651752918958664 0
0.0718132521783334 0.651752918958664 0
0.071880134470212 0.651752918958664 0
0.071947079052 0.651752918958664 0
0.0720140859817101 0.651752918958664 0
0.0720811553174093 0.651752918958664 0
0.0721482871172186 0.651752918958664 0
0.0722154814393129 0.651752918958664 0
0.0722827383419218 0.651752918958664 0
0.0723500578833284 0.651752918958664 0
0.0724174401218709 0.651752918958664 0
0.0724848851159411 0.651752918958664 0
0.0725523929239857 0.651752918958664 0
0.0726199636045056 0.651752918958664 0
0.0726875972160561 0.651752918958664 0
0.0727552938172473 0.651752918958664 0
0.0728230534667437 0.651752918958664 0
0.0728908762232645 0.651752918958664 0
0.0729587621455835 0.651752918958664 0
0.0730267112925293 0.651752918958664 0
0.0730947237229854 0.651752918958664 0
0.0731627994958899 0.651752918958664 0
0.073230938670236 0.651752918958664 0
0.0732991413050718 0.651752918958664 0
0.0733674074595003 0.651752918958664 0
0.0734357371926796 0.651752918958664 0
0.0735041305638229 0.651752918958664 0
0.0735725876321986 0.651752918958664 0
0.0736411084571302 0.768446087837219 0
0.0737096930979966 0.768446087837219 0
0.0737783416142317 0.768446087837219 0
0.0738470540653251 0.768446087837219 0
0.0739158305108217 0.768446087837219 0
0.0739846710103217 0.768446087837219 0
0.0740535756234809 0.768446087837219 0
0.0741225444100108 0.768446087837219 0
0.0741915774296783 0.768446087837219 0
0.0742606747423062 0.768446087837219 0
0.0743298364077727 0.768446087837219 0
0.074399062486012 0.768446087837219 0
0.074468353037014 0.768446087837219 0
0.0745377081208246 0.768446087837219 0
0.0746071277975456 0.768446087837219 0
0.0746766121273346 0.768446087837219 0
0.0747461611704054 0.768446087837219 0
0.0748157749870279 0.768446087837219 0
0.0748854536375279 0.768446087837219 0
0.0749551971822878 0.768446087837219 0
0.0750250056817457 0.768446087837219 0
0.0750948791963965 0.768446087837219 0
0.075164817786791 0.768446087837219 0
0.0752348215135369 0.768446087837219 0
0.0753048904372977 0.78486967086792 0
0.075375024618794 0.78486967086792 0
0.0754452241188026 0.78486967086792 0
0.0755154889981571 0.78486967086792 0
0.0755858193177475 0.835868835449219 0
0.0756562151385209 0.835868835449219 0
0.0757266765214806 0.835868835449219 0
0.0757972035276874 0.835868835449219 0
0.0758677962182584 0.835868835449219 0
0.0759384546543678 0.835868835449219 0
0.0760091788972471 0.835868835449219 0
0.0760799690081842 0.835868835449219 0
0.0761508250485246 0.835868835449219 0
0.0762217470796706 0.835868835449219 0
0.076292735163082 0.835868835449219 0
0.0763637893602757 0.835868835449219 0
0.0764349097328257 0.835868835449219 0
0.0765060963423636 0.835868835449219 0
0.0765773492505783 0.835868835449219 0
0.0766486685192162 0.835868835449219 0
0.0767200542100812 0.835868835449219 0
0.0767915063850346 0.835868835449219 0
0.0768630251059956 0.835868835449219 0
0.0769346104349408 0.835868835449219 0
0.0770062624339048 0.835868835449219 0
0.0770779811649796 0.835868835449219 0
0.0771497666903153 0.835868835449219 0
0.0772216190721199 0.835868835449219 0
0.0772935383726593 0.835868835449219 0
0.0773655246542572 0.835868835449219 0
0.0774375779792956 0.835868835449219 0
0.0775096984102144 0.835868835449219 0
0.0775818860095119 0.835868835449219 0
0.0776541408397443 0.835868835449219 0
0.0777264629635262 0.835868835449219 0
0.0777988524435307 0.835868835449219 0
0.077871309342489 0.835868835449219 0
0.0779438337231907 0.967256665229797 0
0.0780164256484843 0.967256665229797 0
0.0780890851812762 0.967256665229797 0
0.0781618123845319 0.967256665229797 0
0.0782346073212754 0.967256665229797 0
0.0783074700545892 0.967256665229797 0
0.0783804006476149 0.967256665229797 0
0.0784533991635526 0.967256665229797 0
0.0785264656656614 0.967256665229797 0
0.0785996002172592 0.967256665229797 0
0.0786728028817232 0.967256665229797 0
0.0787460737224891 0.967256665229797 0
0.0788194128030522 0.967256665229797 0
0.0788928201869665 0.967256665229797 0
0.0789662959378457 0.967256665229797 0
0.0790398401193621 0.967256665229797 0
0.0791134527952478 0.967256665229797 0
0.0791871340292941 0.967256665229797 0
0.0792608838853517 0.967256665229797 0
0.0793347024273307 0.967256665229797 0
0.0794085897192009 0.967256665229797 0
0.0794825458249915 0.967256665229797 0
0.0795565708087914 0.967256665229797 0
0.0796306647347493 0.967256665229797 0
0.0797048276670735 0.967256665229797 0
0.079779059670032 0.967256665229797 0
0.0798533608079529 0.967256665229797 0
0.0799277311452241 0.967256665229797 0
0.0800021707462935 0.967256665229797 0
0.080076679675669 0.967256665229797 0
0.0801512579979185 0.967256665229797 0
0.0802259057776701 0.967256665229797 0
0.0803006230796121 0.967256665229797 0
0.0803754099684931 0.967256665229797 0
0.080450266509122 0.967256665229797 0
0.0805251927663678 0.967256665229797 0
0.0806001888051603 0.967256665229797 0
0.0806752546904896 0.967256665229797 0
0.0807503904874062 0.967256665229797 0
0.0808255962610213 0.967256665229797 0
0.0809008720765068 0.967256665229797 0
0.0809762179990953 0.967256665229797 0
0.08105163409408 0.967256665229797 0
0.0811271204268151 0.967256665229797 0
0.0812026770627154 0.967256665229797 0
0.081278304067257 0.967256665229797 0
0.0813540015059766 0.967256665229797 0
0.0814297694444722 0.967256665229797 0
0.0815056079484027 0.967256665229797 0
0.0815815170834885 0.967256665229797 0
0.0816574969155107 0.967256665229797 0
0.081733547510312 0.967256665229797 0
0.0818096689337964 0.967256665229797 0
0.0818858612519292 0.967256665229797 0
0.0819621245307372 0.967256665229797 0
0.0820384588363086 0.967256665229797 0
0.0821148642347932 0.967256665229797 0
0.0821913407924025 0.967256665229797 0
0.0822678885754094 0.967256665229797 0
0.082344507650149 0.967256665229797 0
0.0824211980830175 0.967256665229797 0
0.0824979599404737 0.967256665229797 0
0.0825747932890376 0.967256665229797 0
0.0826516981952917 0.967256665229797 0
0.0827286747258801 0.967256665229797 0
0.0828057229475093 0.967256665229797 0
0.0828828429269477 0.967256665229797 0
0.0829600347310259 0.967256665229797 0
0.0830372984266369 0.967256665229797 0
0.0831146340807358 0.967256665229797 0
0.0831920417603402 0.967256665229797 0
0.0832695215325301 0.967256665229797 0
0.0833470734644479 0.967256665229797 0
0.0834246976232987 0.967256665229797 0
0.0835023940763499 0.967256665229797 0
0.0835801628909317 0.967256665229797 0
0.0836580041344372 0.967256665229797 0
0.0837359178743219 0.967256665229797 0
0.0838139041781045 0.967256665229797 0
0.0838919631133663 0.967256665229797 0
0.0839700947477516 0.967256665229797 0
0.0840482991489678 0.967256665229797 0
0.0841265763847853 0.967256665229797 0
0.0842049265230375 0.967256665229797 0
0.0842833496316213 0.967256665229797 0
0.0843618457784964 0.967256665229797 0
0.0844404150316861 0.967256665229797 0
0.084519057459277 0.967256665229797 0
0.084597773129419 0.967256665229797 0
0.0846765621103257 0.967256665229797 0
0.0847554244702739 0.967256665229797 0
0.0848343602776043 0.967256665229797 0
0.0849133696007211 0.967256665229797 0
0.0849924525080921 0.967256665229797 0
0.0850716090682491 0.967256665229797 0
0.0851508393497876 0.967256665229797 0
0.0852301434213671 0.967256665229797 0
0.0853095213517107 0.967256665229797 0
0.085388973209606 0.967256665229797 0
0.0854684990639043 0.967256665229797 0
0.0855480989835212 0.967256665229797 0
0.0856277730374363 0.967256665229797 0
0.0857075212946936 0.967256665229797 0
0.0857873438244015 0.967256665229797 0
0.0858672406957326 0.967256665229797 0
0.0859472119779238 0.967256665229797 0
0.0860272577402768 0.967256665229797 0
0.0861073780521575 0.967256665229797 0
0.0861875729829968 0.967256665229797 0
0.08626784260229 0.967256665229797 0
0.0863481869795971 0.967256665229797 0
0.086428606184543 0.967256665229797 0
0.0865091002868173 0.967256665229797 0
0.0865896693561748 0.967256665229797 0
0.0866703134624348 0.967256665229797 0
0.0867510326754822 0.967256665229797 0
0.0868318270652665 0.967256665229797 0
0.0869126967018025 0.967256665229797 0
0.0869936416551703 0.967256665229797 0
0.0870746619955153 0.967256665229797 0
0.0871557577930479 0.967256665229797 0
0.0872369291180444 0.967256665229797 0
0.087318176040846 0.967256665229797 0
0.0873994986318598 0.967256665229797 0
0.0874808969615584 0.967256665229797 0
0.08756237110048 0.967256665229797 0
0.0876439211192284 0.967256665229797 0
0.0877255470884733 0.967256665229797 0
0.0878072490789501 0.967256665229797 0
0.0878890271614602 0.967256665229797 0
0.0879708814068708 0.967256665229797 0
0.0880528118861153 0.967256665229797 0
0.0881348186701928 0.967256665229797 0
0.0882169018301691 0.967256665229797 0
0.0882990614371756 0.967256665229797 0
0.0883812975624104 0.967256665229797 0
0.0884636102771374 0.967256665229797 0
0.0885459996526875 0.967256665229797 0
0.0886284657604575 0.967256665229797 0
0.0887110086719111 0.967256665229797 0
0.0887936284585781 0.967256665229797 0
0.0888763251920554 1.00701880455017 0
0.0889590989440062 1.00701880455017 0
0.0890419497861608 1.00701880455017 0
0.0891248777903159 1.00701880455017 0
0.0892078830283354 1.00701880455017 0
0.0892909655721501 1.00701880455017 0
0.0893741254937574 1.00701880455017 0
0.0894573628652223 1.00701880455017 0
0.0895406777586766 1.00701880455017 0
0.0896240702463193 1.00701880455017 0
0.0897075404004167 1.00701880455017 0
0.0897910882933025 1.00701880455017 0
0.0898747139973775 1.00701880455017 0
0.0899584175851103 1.00701880455017 0
0.0900421991290365 1.00701880455017 0
0.0901260587017598 1.00701880455017 0
0.090209996375951 1.00701880455017 0
0.0902940122243491 1.00701880455017 0
0.0903781063197604 1.00701880455017 0
0.0904622787350592 1.00701880455017 0
0.0905465295431877 1.00701880455017 0
0.0906308588171561 1.00701880455017 0
0.0907152666300423 1.00701880455017 0
0.0907997530549925 1.00701880455017 0
0.0908843181652211 1.00701880455017 0
0.0909689620340104 1.00701880455017 0
0.0910536847347111 1.00701880455017 0
0.0911384863407424 1.00701880455017 0
0.0912233669255915 1.00701880455017 0
0.0913083265628145 1.00701880455017 0
0.0913933653260354 1.00701880455017 0
0.0914784832889474 1.00701880455017 0
0.091563680525312 1.00701880455017 0
0.0916489571089593 1.00701880455017 0
0.0917343131137885 1.00701880455017 0
0.0918197486137673 1.00701880455017 0
0.0919052636829325 1.00701880455017 0
0.0919908583953897 1.00701880455017 0
0.0920765328253137 1.00701880455017 0
0.0921622870469482 1.00701880455017 0
0.0922481211346061 1.00701880455017 0
0.0923340351626696 1.00701880455017 0
0.09242002920559 1.00701880455017 0
0.0925061033378882 1.00701880455017 0
0.0925922576341542 1.00701880455017 0
0.0926784921690477 1.00701880455017 0
0.0927648070172978 1.00701880455017 0
0.0928512022537033 1.00701880455017 0
0.0929376779531326 1.00701880455017 0
0.0930242341905238 1.00701880455017 0
0.0931108710408849 1.00701880455017 0
0.0931975885792936 1.00701880455017 0
0.0932843868808977 1.00701880455017 0
0.0933712660209148 1.00701880455017 0
0.0934582260746327 1.00701880455017 0
0.0935452671174093 1.00701880455017 0
0.0936323892246727 1.00701880455017 0
0.093719592471921 1.00701880455017 0
0.093806876934723 1.00701880455017 0
0.0938942426887177 1.00701880455017 0
0.0939816898096145 1.00701880455017 0
0.0940692183731933 1.00701880455017 0
0.0941568284553047 1.00701880455017 0
0.0942445201318698 1.00701880455017 0
0.0943322934788806 1.00701880455017 0
0.0944201485723996 1.00701880455017 0
0.0945080854885604 1.00701880455017 0
0.0945961043035674 1.00701880455017 0
0.094684205093696 1.00701880455017 0
0.0947723879352925 1.00701880455017 0
0.0948606529047745 1.00701880455017 0
0.0949490000786306 1.00701880455017 0
0.0950374295334207 1.00701880455017 0
0.0951259413457763 1.00701880455017 0
0.0952145355923997 1.00701880455017 0
0.095303212350065 1.00701880455017 0
0.0953919716956178 1.00701880455017 0
0.0954808137059752 1.00701880455017 0
0.0955697384581258 1.00701880455017 0
0.0956587460291303 1.00701880455017 0
0.0957478364961206 1.00701880455017 0
0.0958370099363009 1.00701880455017 0
0.0959262664269472 1.00701880455017 0
0.0960156060454073 1.00701880455017 0
0.0961050288691012 1.00701880455017 0
0.0961945349755211 1.00701880455017 0
0.096284124442231 1.00701880455017 0
0.0963737973468674 1.00701880455017 0
0.0964635537671392 1.00701880455017 0
0.0965533937808276 1.00701880455017 0
0.0966433174657859 1.9137766957283 0
0.0967333248999405 1.9137766957283 0
0.0968234161612898 1.9137766957283 0
0.0969135913279054 1.9137766957283 0
0.0970038504779311 1.9137766957283 0
0.0970941936895838 1.9137766957283 0
0.0971846210411531 1.9137766957283 0
0.0972751326110016 1.9137766957283 0
0.0973657284775648 1.9137766957283 0
0.0974564087193514 1.9137766957283 0
0.097547173414943 1.9137766957283 0
0.0976380226429945 1.9137766957283 0
0.0977289564822342 1.9137766957283 0
0.0978199750114634 1.9137766957283 0
0.097911078309557 1.9137766957283 0
0.0980022664554634 1.9137766957283 0
0.0980935395282044 1.9137766957283 0
0.0981848976068754 1.9137766957283 0
0.0982763407706456 1.9137766957283 0
0.0983678690987579 1.9137766957283 0
0.0984594826705288 1.9137766957283 0
0.0985511815653488 1.9137766957283 0
0.0986429658626825 1.9137766957283 0
0.0987348356420683 1.9137766957283 0
0.0988267909831188 1.9137766957283 0
0.0989188319655205 1.9137766957283 0
0.0990109586690346 1.9137766957283 0
0.099103171173496 1.9137766957283 0
0.0991954695588144 1.9137766957283 0
0.0992878539049737 1.9137766957283 0
0.0993803242920324 1.9137766957283 0
0.0994728808001235 1.9137766957283 0
0.0995655235094546 1.9137766957283 0
0.0996582525003081 1.9137766957283 0
0.0997510678530412 1.9137766957283 0
0.0998439696480857 1.9137766957283 0
0.0999369579659486 1.9137766957283 0
0.100030032887212 1.9137766957283 0
0.100123194492532 1.9137766957283 0
0.100216442862641 1.9137766957283 0
0.100309778078346 1.9137766957283 0
0.100403200220531 1.9137766957283 0
0.100496709370151 1.9137766957283 0
0.100590305608242 1.9137766957283 0
0.100683989015911 1.9137766957283 0
0.100777759674342 1.9137766957283 0
0.100871617664796 1.9137766957283 0
0.100965563068608 1.9137766957283 0
0.101059595967188 1.9137766957283 0
0.101153716442025 1.9137766957283 0
0.101247924574682 1.9137766957283 0
0.101342220446796 1.9137766957283 0
0.101436604140083 1.9137766957283 0
0.101531075736334 1.9137766957283 0
0.101625635317416 1.9137766957283 0
0.101720282965273 1.9137766957283 0
0.101815018761925 1.9137766957283 0
0.101909842789467 1.9137766957283 0
0.102004755130073 1.9137766957283 0
0.102099755865991 1.9137766957283 0
0.102194845079548 1.9137766957283 0
0.102290022853145 1.9137766957283 0
0.102385289269262 1.9137766957283 0
0.102480644410454 1.9137766957283 0
0.102576088359356 1.9137766957283 0
0.102671621198676 1.9137766957283 0
0.102767243011202 1.9137766957283 0
0.102862953879797 1.9137766957283 0
0.102958753887403 1.9137766957283 0
0.103054643117038 1.9137766957283 0
0.103150621651798 2.30101633071899 0
0.103246689574855 2.30101633071899 0
0.103342846969461 2.30101633071899 0
0.103439093918944 2.30101633071899 0
0.103535430506708 2.30101633071899 0
0.103631856816239 2.30101633071899 0
0.103728372931096 2.30101633071899 0
0.103824978934919 2.30101633071899 0
0.103921674911424 2.30101633071899 0
0.104018460944407 2.30101633071899 0
0.10411533711774 2.30101633071899 0
0.104212303515375 2.30101633071899 0
0.10430936022134 2.30101633071899 0
0.104406507319742 2.30101633071899 0
0.104503744894769 2.30101633071899 0
0.104601073030683 2.30101633071899 0
0.104698491811828 2.30101633071899 0
0.104796001322624 2.30101633071899 0
0.104893601647572 2.30101633071899 0
0.10499129287125 2.30101633071899 0
0.105089075078315 2.30101633071899 0
0.105186948353504 2.30101633071899 0
0.105284912781631 2.30101633071899 0
0.105382968447591 2.30101633071899 0
0.105481115436356 2.30101633071899 0
0.105579353832979 2.30101633071899 0
0.105677683722592 2.30101633071899 0
0.105776105190405 2.30101633071899 0
0.105874618321707 2.30101633071899 0
0.10597322320187 2.30101633071899 0
0.106071919916341 2.30101633071899 0
0.10617070855065 2.30101633071899 0
0.106269589190405 2.30101633071899 0
0.106368561921293 2.30101633071899 0
0.106467626829083 2.30101633071899 0
0.106566783999622 2.30101633071899 0
0.106666033518837 2.30101633071899 0
0.106765375472738 2.30101633071899 0
0.106864809947411 2.30101633071899 0
0.106964337029024 2.30101633071899 0
0.107063956803825 2.30101633071899 0
0.107163669358144 2.30101633071899 0
0.107263474778389 2.30101633071899 0
0.107363373151049 2.30101633071899 0
0.107463364562694 2.30101633071899 0
0.107563449099976 2.30101633071899 0
0.107663626849624 2.30101633071899 0
0.107763897898452 2.30101633071899 0
0.107864262333352 2.30101633071899 0
0.107964720241299 2.30101633071899 0
0.108065271709346 2.30101633071899 0
0.10816591682463 2.30101633071899 0
0.108266655674368 2.30101633071899 0
0.108367488345858 2.30101633071899 0
0.10846841492648 2.30101633071899 0
0.108569435503695 2.30101633071899 0
0.108670550165045 2.30101633071899 0
0.108771758998154 2.30101633071899 0
0.108873062090728 2.30101633071899 0
0.108974459530554 2.30101633071899 0
0.109075951405501 2.30101633071899 0
0.10917753780352 2.30101633071899 0
0.109279218812644 2.30101633071899 0
0.109380994520988 2.30101633071899 0
0.109482865016747 2.30101633071899 0
0.109584830388203 2.30101633071899 0
0.109686890723714 2.30101633071899 0
0.109789046111725 2.30101633071899 0
0.109891296640763 2.30101633071899 0
0.109993642399434 2.30101633071899 0
0.11009608347643 2.30101633071899 0
0.110198619960525 2.30101633071899 0
0.110301251940574 2.30101633071899 0
0.110403979505516 2.30101633071899 0
0.110506802744373 2.30101633071899 0
0.11060972174625 2.30101633071899 0
0.110712736600334 2.30101633071899 0
0.110815847395896 2.30101633071899 0
0.110919054222289 2.30101633071899 0
0.111022357168951 2.30101633071899 0
0.111125756325402 2.30101633071899 0
0.111229251781245 2.30101633071899 0
0.111332843626168 2.30101633071899 0
0.111436531949942 2.30101633071899 0
0.111540316842419 2.30101633071899 0
0.11164419839354 2.30101633071899 0
0.111748176693325 2.30101633071899 0
0.111852251831879 2.30101633071899 0
0.111956423899393 2.30101633071899 0
0.112060692986139 2.30101633071899 0
0.112165059182476 2.30101633071899 0
0.112269522578844 2.30101633071899 0
0.112374083265771 2.30101633071899 0
0.112478741333865 2.30101633071899 0
0.112583496873823 2.30101633071899 0
0.112688349976422 2.30101633071899 0
0.112793300732526 2.30101633071899 0
0.112898349233085 2.30101633071899 0
0.11300349556913 2.30101633071899 0
0.113108739831779 2.30101633071899 0
0.113214082112235 2.30101633071899 0
0.113319522501786 2.30101633071899 0
0.113425061091804 2.30101633071899 0
0.113530697973747 2.30101633071899 0
0.113636433239157 2.30101633071899 0
0.113742266979664 2.30101633071899 0
0.113848199286979 2.30101633071899 0
0.113954230252902 2.30101633071899 0
0.114060359969318 2.30101633071899 0
0.114166588528196 2.30101633071899 0
0.114272916021592 2.30101633071899 0
0.114379342541647 2.30101633071899 0
0.114485868180588 2.30101633071899 0
0.114592493030729 2.30101633071899 0
0.114699217184468 2.30101633071899 0
0.114806040734291 2.30101633071899 0
0.114912963772768 2.30101633071899 0
0.115019986392556 2.30101633071899 0
0.115127108686401 2.30101633071899 0
0.115234330747131 2.30101633071899 0
0.115341652667664 2.30101633071899 0
0.115449074541002 2.30101633071899 0
0.115556596460235 2.30101633071899 0
0.115664218518539 2.30101633071899 0
0.115771940809178 2.30101633071899 0
0.115879763425501 2.30101633071899 0
0.115987686460946 2.30101633071899 0
0.116095710009036 2.30101633071899 0
0.116203834163383 2.30101633071899 0
0.116312059017685 2.30101633071899 0
0.116420384665727 2.30101633071899 0
0.116528811201382 2.30101633071899 0
0.116637338718611 2.30101633071899 0
0.116745967311461 2.30101633071899 0
0.116854697074068 2.30101633071899 0
0.116963528100654 2.30101633071899 0
0.117072460485532 2.30101633071899 0
0.117181494323098 2.30101633071899 0
0.117290629707841 2.30101633071899 0
0.117399866734334 2.30101633071899 0
0.11750920549724 2.30101633071899 0
0.117618646091309 2.30101633071899 0
0.117728188611382 2.30101633071899 0
0.117837833152386 2.30101633071899 0
0.117947579809335 2.30101633071899 0
0.118057428677335 2.30101633071899 0
0.118167379851578 2.30101633071899 0
0.118277433427347 2.30101633071899 0
0.11838758950001 2.30101633071899 0
0.118497848165027 2.30101633071899 0
0.118608209517947 2.30101633071899 0
0.118718673654406 2.30101633071899 0
0.11882924067013 2.30101633071899 0
0.118939910660934 2.30101633071899 0
0.119050683722724 2.30101633071899 0
0.119161559951491 2.30101633071899 0
0.119272539443321 2.30101633071899 0
0.119383622294385 2.30101633071899 0
0.119494808600946 2.30101633071899 0
0.119606098459355 2.30101633071899 0
0.119717491966054 2.30101633071899 0
0.119828989217575 2.30101633071899 0
0.119940590310539 2.30101633071899 0
0.120052295341656 2.30101633071899 0
0.120164104407729 2.30101633071899 0
0.12027601760565 2.30101633071899 0
0.120388035032399 2.30101633071899 0
0.120500156785049 2.30101633071899 0
0.120612382960762 2.30101633071899 0
0.120724713656792 2.30101633071899 0
0.120837148970482 2.30101633071899 0
0.120949688999266 2.30101633071899 0
0.121062333840669 2.30101633071899 0
0.121175083592307 2.30101633071899 0
0.121287938351887 2.30101633071899 0
0.121400898217206 2.30101633071899 0
0.121513963286154 2.30101633071899 0
0.12162713365671 2.30101633071899 0
0.121740409426945 2.30101633071899 0
0.121853790695022 2.30101633071899 0
0.121967277559195 2.30101633071899 0
0.122080870117809 2.30101633071899 0
0.122194568469302 2.30101633071899 0
0.122308372712202 2.30101633071899 0
0.12242228294513 2.30101633071899 0
0.122536299266798 2.30101633071899 0
0.12265042177601 2.30101633071899 0
0.122764650571663 2.30101633071899 0
0.122878985752745 2.30101633071899 0
0.122993427418337 2.30101633071899 0
0.123107975667612 2.30101633071899 0
0.123222630599834 2.30101633071899 0
0.123337392314362 2.30101633071899 0
0.123452260910647 2.30101633071899 0
0.123567236488229 2.30101633071899 0
0.123682319146746 2.30101633071899 0
0.123797508985926 2.30101633071899 0
0.12391280610559 2.30101633071899 0
0.124028210605652 2.30101633071899 0
0.124143722586119 2.30101633071899 0
0.124259342147092 2.30101633071899 0
0.124375069388764 2.30101633071899 0
0.124490904411423 2.30101633071899 0
0.124606847315449 2.30101633071899 0
0.124722898201315 2.30101633071899 0
0.124839057169589 2.30101633071899 0
0.124955324320932 2.30101633071899 0
0.125071699756099 2.30101633071899 0
0.125188183575939 2.30101633071899 0
0.125304775881394 2.30101633071899 0
0.1254214767735 2.30101633071899 0
0.125538286353389 2.30101633071899 0
0.125655204722286 2.30101633071899 0
0.125772231981509 2.30101633071899 0
0.125889368232471 2.30101633071899 0
0.126006613576682 2.30101633071899 0
0.126123968115743 2.30101633071899 0
0.126241431951352 2.30101633071899 0
0.1263590051853 2.30101633071899 0
0.126476687919474 2.30101633071899 0
0.126594480255856 2.30101633071899 0
0.126712382296522 2.30101633071899 0
0.126830394143644 2.30101633071899 0
0.126948515899489 2.30101633071899 0
0.127066747666417 2.30101633071899 0
0.127185089546888 2.30101633071899 0
0.127303541643453 2.30101633071899 0
0.127422104058761 2.30101633071899 0
0.127540776895556 2.30101633071899 0
0.127659560256676 2.30101633071899 0
0.127778454245059 2.30101633071899 0
0.127897458963734 2.30101633071899 0
0.128016574515828 2.30101633071899 0
0.128135801004566 2.30101633071899 0
0.128255138533266 2.30101633071899 0
0.128374587205345 2.30101633071899 0
0.128494147124312 2.30101633071899 0
0.128613818393778 2.30101633071899 0
0.128733601117447 2.30101633071899 0
0.12885349539912 2.30101633071899 0
0.128973501342695 2.30101633071899 0
0.129093619052168 2.30101633071899 0
0.129213848631628 2.74790793657303 0
0.129334190185266 2.74790793657303 0
0.129454643817367 2.74790793657303 0
0.129575209632314 2.74790793657303 0
0.129695887734586 2.74790793657303 0
0.129816678228761 2.74790793657303 0
0.129937581219513 2.74790793657303 0
0.130058596811615 2.74790793657303 0
0.130179725109936 2.74790793657303 0
0.130300966219444 2.74790793657303 0
0.130422320245204 2.74790793657303 0
0.130543787292379 2.74790793657303 0
0.13066536746623 2.74790793657303 0
0.130787060872115 2.74790793657303 0
0.130908867615493 2.74790793657303 0
0.131030787801918 2.74790793657303 0
0.131152821537043 2.74790793657303 0
0.131274968926622 2.74790793657303 0
0.131397230076505 2.74790793657303 0
0.131519605092639 2.74790793657303 0
0.131642094081075 2.74790793657303 0
0.131764697147957 2.74790793657303 0
0.131887414399531 2.74790793657303 0
0.132010245942142 2.74790793657303 0
0.132133191882233 2.74790793657303 0
0.132256252326347 2.74790793657303 0
0.132379427381125 2.74790793657303 0
0.132502717153309 2.74790793657303 0
0.132626121749738 2.74790793657303 0
0.132749641277354 2.74790793657303 0
0.132873275843195 2.74790793657303 0
0.132997025554401 2.74790793657303 0
0.13312089051821 2.74790793657303 0
0.133244870841963 2.74790793657303 0
0.133368966633097 2.74790793657303 0
0.133493177999151 2.74790793657303 0
0.133617505047766 2.74790793657303 0
0.13374194788668 2.74790793657303 0
0.133866506623732 2.74790793657303 0
0.133991181366864 2.74790793657303 0
0.134115972224115 2.74790793657303 0
0.134240879303627 2.74790793657303 0
0.134365902713643 2.74790793657303 0
0.134491042562504 2.74790793657303 0
0.134616298958655 2.74790793657303 0
0.13474167201064 2.74790793657303 0
0.134867161827105 2.74790793657303 0
0.134992768516797 2.74790793657303 0
0.135118492188565 2.74790793657303 0
0.135244332951358 2.74790793657303 0
0.135370290914227 2.74790793657303 0
0.135496366186325 2.74790793657303 0
0.135622558876906 2.74790793657303 0
0.135748869095326 2.74790793657303 0
0.135875296951044 2.74790793657303 0
0.136001842553619 2.74790793657303 0
0.136128506012713 2.74790793657303 0
0.13625528743809 2.74790793657303 0
0.136382186939617 2.74790793657303 0
0.136509204627262 2.74790793657303 0
0.136636340611096 2.74790793657303 0
0.136763595001292 2.74790793657303 0
0.136890967908127 2.74790793657303 0
0.13701845944198 2.74790793657303 0
0.137146069713332 2.74790793657303 0
0.137273798832768 2.74790793657303 0
0.137401646910976 2.74790793657303 0
0.137529614058745 2.74790793657303 0
0.13765770038697 2.74790793657303 0
0.137785906006648 2.74790793657303 0
0.13791423102888 2.74790793657303 0
0.138042675564868 2.74790793657303 0
0.138171239725922 2.74790793657303 0
0.138299923623452 2.74790793657303 0
0.138428727368972 2.74790793657303 0
0.138557651074102 2.74790793657303 0
0.138686694850565 2.74790793657303 0
0.138815858810187 2.74790793657303 0
0.138945143064899 2.74790793657303 0
0.139074547726736 2.74790793657303 0
0.139204072907838 2.74790793657303 0
0.13933371872045 2.74790793657303 0
0.139463485276918 2.74790793657303 0
0.139593372689697 2.74790793657303 0
0.139723381071345 2.74790793657303 0
0.139853510534524 2.74790793657303 0
0.139983761192001 2.74790793657303 0
0.14011413315665 2.74790793657303 0
0.140244626541448 2.74790793657303 0
0.140375241459478 2.74790793657303 0
0.140505978023929 2.74790793657303 0
0.140636836348094 2.74790793657303 0
0.140767816545372 2.74790793657303 0
0.140898918729269 2.74790793657303 0
0.141030143013394 2.74790793657303 0
0.141161489511465 2.74790793657303 0
0.141292958337304 2.74790793657303 0
0.141424549604838 2.74790793657303 0
0.141556263428103 2.74790793657303 0
0.141688099921238 2.74790793657303 0
0.141820059198491 2.74790793657303 0
0.141952141374216 2.74790793657303 0
0.142084346562871 2.74790793657303 0
0.142216674879023 2.74790793657303 0
0.142349126437346 2.74790793657303 0
0.14248170135262 2.74790793657303 0
0.14261439973973 2.74790793657303 0
0.142747221713672 2.74790793657303 0
0.142880167389545 2.74790793657303 0
0.143013236882559 2.74790793657303 0
0.143146430308028 2.74790793657303 0
0.143279747781375 2.74790793657303 0
0.14341318941813 2.74790793657303 0
0.143546755333932 2.74790793657303 0
0.143680445644526 2.74790793657303 0
0.143814260465765 2.74790793657303 0
0.143948199913611 2.74790793657303 0
0.144082264104132 2.74790793657303 0
0.144216453153507 2.74790793657303 0
0.144350767178021 2.74790793657303 0
0.144485206294068 2.74790793657303 0
0.14461977061815 2.74790793657303 0
0.144754460266878 2.74790793657303 0
0.144889275356971 2.74790793657303 0
0.145024216005258 2.74790793657303 0
0.145159282328674 2.74790793657303 0
0.145294474444267 2.74790793657303 0
0.145429792469191 2.74790793657303 0
0.14556523652071 2.74790793657303 0
0.145700806716197 2.74790793657303 0
0.145836503173134 2.74790793657303 0
0.145972326009114 2.74790793657303 0
0.146108275341837 2.74790793657303 0
0.146244351289115 2.74790793657303 0
0.146380553968869 2.74790793657303 0
0.146516883499129 2.74790793657303 0
0.146653339998035 2.74790793657303 0
0.146789923583839 2.74790793657303 0
0.1469266343749 2.74790793657303 0
0.147063472489689 2.74790793657303 0
0.147200438046789 2.74790793657303 0
0.14733753116489 2.74790793657303 0
0.147474751962795 2.74790793657303 0
0.147612100559416 2.74790793657303 0
0.147749577073778 2.74790793657303 0
0.147887181625013 2.74790793657303 0
0.148024914332369 2.74790793657303 0
0.148162775315202 2.74790793657303 0
0.148300764692978 2.74790793657303 0
0.148438882585277 2.74790793657303 0
0.148577129111789 2.74790793657303 0
0.148715504392316 2.74790793657303 0
0.148854008546772 2.74790793657303 0
0.14899264169518 2.74790793657303 0
0.149131403957678 2.74790793657303 0
0.149270295454515 2.74790793657303 0
0.149409316306051 2.74790793657303 0
0.149548466632759 2.74790793657303 0
0.149687746555223 2.74790793657303 0
0.149827156194142 2.74790793657303 0
0.149966695670325 2.74790793657303 0
0.150106365104693 2.74790793657303 0
0.150246164618282 2.74790793657303 0
0.150386094332239 2.74790793657303 0
0.150526154367824 2.74790793657303 0
0.150666344846412 2.74790793657303 0
0.150806665889487 2.74790793657303 0
0.15094711761865 2.74790793657303 0
0.151087700155613 2.74790793657303 0
0.151228413622203 2.74790793657303 0
0.151369258140358 2.74790793657303 0
0.151510233832132 2.74790793657303 0
0.151651340819692 2.74790793657303 0
0.151792579225318 2.74790793657303 0
0.151933949171405 2.74790793657303 0
0.15207545078046 2.74790793657303 0
0.152217084175107 2.74790793657303 0
0.152358849478083 2.74790793657303 0
0.152500746812238 2.74790793657303 0
0.152642776300537 2.74790793657303 0
0.152784938066061 2.74790793657303 0
0.152927232232004 2.74790793657303 0
0.153069658921676 2.74790793657303 0
0.153212218258501 2.74790793657303 0
0.153354910366017 2.74790793657303 0
0.15349773536788 2.74790793657303 0
0.153640693387857 2.74790793657303 0
0.153783784549835 2.74790793657303 0
0.153927008977813 2.74790793657303 0
0.154070366795906 2.74790793657303 0
0.154213858128346 2.74790793657303 0
0.154357483099478 2.74790793657303 0
0.154501241833767 2.74790793657303 0
0.15464513445579 2.74790793657303 0
0.154789161090242 2.74790793657303 0
0.154933321861933 2.74790793657303 0
0.155077616895791 2.74790793657303 0
0.155222046316858 2.74790793657303 0
0.155366610250294 2.74790793657303 0
0.155511308821376 2.74790793657303 0
0.155656142155496 2.74790793657303 0
0.155801110378165 2.74790793657303 0
0.155946213615008 2.74790793657303 0
0.15609145199177 2.74790793657303 0
0.156236825634311 2.74790793657303 0
0.156382334668609 2.74790793657303 0
0.156527979220759 2.74790793657303 0
0.156673759416974 2.74790793657303 0
0.156819675383585 2.74790793657303 0
0.156965727247039 2.74790793657303 0
0.157111915133901 2.74790793657303 0
0.157258239170856 2.74790793657303 0
0.157404699484705 2.74790793657303 0
0.157551296202367 2.74790793657303 0
0.157698029450881 2.74790793657303 0
0.157844899357402 2.74790793657303 0
0.157991906049205 2.74790793657303 0
0.158139049653684 2.74790793657303 0
0.158286330298349 2.74790793657303 0
0.158433748110832 2.74790793657303 0
0.158581303218882 2.74790793657303 0
0.158728995750367 2.74790793657303 0
0.158876825833274 2.74790793657303 0
0.159024793595711 2.74790793657303 0
0.159172899165903 2.74790793657303 0
0.159321142672195 2.74790793657303 0
0.159469524243053 2.74790793657303 0
0.159618044007061 2.74790793657303 0
0.159766702092923 2.74790793657303 0
0.159915498629464 2.74790793657303 0
0.160064433745627 2.74790793657303 0
0.160213507570478 2.74790793657303 0
0.160362720233199 2.74790793657303 0
0.160512071863097 2.74790793657303 0
0.160661562589596 2.74790793657303 0
0.160811192542242 2.74790793657303 0
0.160960961850701 2.74790793657303 0
0.161110870644761 2.74790793657303 0
0.161260919054329 2.74790793657303 0
0.161411107209435 2.74790793657303 0
0.161561435240228 2.74790793657303 0
0.16171190327698 2.74790793657303 0
0.161862511450084 2.74790793657303 0
0.162013259890053 2.74790793657303 0
0.162164148727524 2.74790793657303 0
0.162315178093253 2.74790793657303 0
0.16246634811812 2.74790793657303 0
0.162617658933125 2.74790793657303 0
0.162769110669392 2.74790793657303 0
0.162920703458166 2.74790793657303 0
0.163072437430813 2.74790793657303 0
0.163224312718825 2.74790793657303 0
0.163376329453812 2.74790793657303 0
0.163528487767509 2.74790793657303 0
0.163680787791774 2.74790793657303 0
0.163833229658588 2.74790793657303 0
0.163985813500053 2.74790793657303 0
0.164138539448395 2.74790793657303 0
0.164291407635963 2.74790793657303 0
0.164444418195231 2.74790793657303 0
0.164597571258794 2.74790793657303 0
0.164750866959372 2.74790793657303 0
0.164904305429807 2.74790793657303 0
0.165057886803067 2.74790793657303 0
0.165211611212242 2.74790793657303 0
0.165365478790546 2.74790793657303 0
0.165519489671319 2.74790793657303 0
0.165673643988022 2.74790793657303 0
0.165827941874243 2.74790793657303 0
0.165982383463694 2.74790793657303 0
0.166136968890211 2.74790793657303 0
0.166291698287754 2.74790793657303 0
0.166446571790408 2.74790793657303 0
0.166601589532385 2.74790793657303 0
0.166756751648019 2.74790793657303 0
0.166912058271771 2.74790793657303 0
0.167067509538226 2.74790793657303 0
0.167223105582096 2.74790793657303 0
0.167378846538216 2.74790793657303 0
0.16753473254155 2.74790793657303 0
0.167690763727185 2.74790793657303 0
0.167846940230333 2.74790793657303 0
0.168003262186336 2.74790793657303 0
0.168159729730658 2.74790793657303 0
0.16831634299889 2.74790793657303 0
0.168473102126752 2.74790793657303 0
0.168630007250087 2.74790793657303 0
0.168787058504867 2.74790793657303 0
0.168944256027188 2.74790793657303 0
0.169101599953275 2.74790793657303 0
0.169259090419479 2.74790793657303 0
0.169416727562279 2.74790793657303 0
0.169574511518279 2.74790793657303 0
0.169732442424212 2.74790793657303 0
0.169890520416939 2.74790793657303 0
0.170048745633445 2.74790793657303 0
0.170207118210846 2.74790793657303 0
0.170365638286385 2.74790793657303 0
0.170524305997432 2.74790793657303 0
0.170683121481485 2.74790793657303 0
0.17084208487617 2.74790793657303 0
0.171001196319243 2.74790793657303 0
0.171160455948586 2.74790793657303 0
0.17131986390221 2.74790793657303 0
0.171479420318255 2.74790793657303 0
0.171639125334989 2.74790793657303 0
0.17179897909081 2.74790793657303 0
0.171958981724245 2.74790793657303 0
0.172119133373947 2.74790793657303 0
0.172279434178701 2.74790793657303 0
0.172439884277421 2.74790793657303 0
0.17260048380915 2.74790793657303 0
0.172761232913059 2.74790793657303 0
0.172922131728452 2.74790793657303 0
0.17308318039476 2.74790793657303 0
0.173244379051544 2.74790793657303 0
0.173405727838496 2.74790793657303 0
0.173567226895438 2.74790793657303 0
0.173728876362321 2.74790793657303 0
0.173890676379228 2.74790793657303 0
0.174052627086372 2.74790793657303 0
0.174214728624095 2.74790793657303 0
0.174376981132873 2.74790793657303 0
0.174539384753309 2.74790793657303 0
0.174701939626139 2.74790793657303 0
0.174864645892231 2.74790793657303 0
0.175027503692582 2.74790793657303 0
0.175190513168321 2.74790793657303 0
0.175353674460711 2.74790793657303 0
0.175516987711142 2.74790793657303 0
0.175680453061139 2.74790793657303 0
0.175844070652357 2.74790793657303 0
0.176007840626586 2.74790793657303 0
0.176171763125743 2.74790793657303 0
0.176335838291882 2.74790793657303 0
0.176500066267187 2.74790793657303 0
0.176664447193974 2.74790793657303 0
0.176828981214693 2.74790793657303 0
0.176993668471926 2.74790793657303 0
0.177158509108387 2.74790793657303 0
0.177323503266924 2.74790793657303 0
0.177488651090517 2.74790793657303 0
0.177653952722282 2.74790793657303 0
0.177819408305464 2.74790793657303 0
0.177985017983444 2.74790793657303 0
0.178150781899737 2.74790793657303 0
0.178316700197989 2.74790793657303 0
0.178482773021984 2.74790793657303 0
0.178649000515635 2.74790793657303 0
0.178815382822993 2.74790793657303 0
0.178981920088241 2.74790793657303 0
0.179148612455697 2.74790793657303 0
0.179315460069814 2.74790793657303 0
0.179482463075178 2.74790793657303 0
0.179649621616511 2.74790793657303 0
0.179816935838668 2.74790793657303 0
0.179984405886642 2.74790793657303 0
0.180152031905559 2.74790793657303 0
0.18031981404068 2.74790793657303 0
0.180487752437401 2.74790793657303 0
0.180655847241255 2.74790793657303 0
0.180824098597909 2.74790793657303 0
0.180992506653167 2.74790793657303 0
0.181161071552968 2.74790793657303 0
0.181329793443387 2.74790793657303 0
0.181498672470635 2.80583125352859 0
0.181667708781059 2.80583125352859 0
0.181836902521142 2.80583125352859 0
0.182006253837505 2.80583125352859 0
0.182175762876905 2.80583125352859 0
0.182345429786234 2.80583125352859 0
0.182515254712522 2.80583125352859 0
0.182685237802936 2.80583125352859 0
0.182855379204781 2.80583125352859 0
0.183025679065497 2.80583125352859 0
0.183196137532663 2.80583125352859 0
0.183366754753995 2.80583125352859 0
0.183537530877347 2.80583125352859 0
0.18370846605071 2.80583125352859 0
0.183879560422212 2.80583125352859 0
0.184050814140121 2.80583125352859 0
0.184222227352841 2.80583125352859 0
0.184393800208917 2.80583125352859 0
0.18456553285703 2.80583125352859 0
0.184737425446 2.80583125352859 0
0.184909478124786 2.80583125352859 0
0.185081691042484 2.80583125352859 0
0.185254064348332 2.80583125352859 0
0.185426598191706 2.80583125352859 0
0.185599292722118 2.80583125352859 0
0.185772148089223 2.80583125352859 0
0.185945164442814 2.80583125352859 0
0.186118341932824 2.80583125352859 0
0.186291680709325 2.80583125352859 0
0.186465180922528 2.80583125352859 0
0.186638842722786 2.80583125352859 0
0.18681266626059 2.80583125352859 0
0.186986651686573 2.80583125352859 0
0.187160799151507 2.80583125352859 0
0.187335108806304 2.80583125352859 0
0.187509580802018 2.80583125352859 0
0.187684215289844 2.80583125352859 0
0.187859012421115 2.80583125352859 0
0.188033972347308 2.80583125352859 0
0.188209095220039 2.80583125352859 0
0.188384381191066 2.80583125352859 0
0.188559830412289 2.80583125352859 0
0.188735443035749 2.80583125352859 0
0.188911219213628 2.80583125352859 0
0.18908715909825 2.80583125352859 0
0.189263262842081 2.80583125352859 0
0.18943953059773 2.80583125352859 0
0.189615962517946 2.80583125352859 0
0.189792558755622 2.80583125352859 0
0.189969319463793 2.80583125352859 0
0.190146244795636 2.80583125352859 0
0.19032333490447 2.80583125352859 0
0.19050058994376 2.80583125352859 0
0.19067801006711 2.80583125352859 0
0.19085559542827 2.80583125352859 0
0.191033346181131 2.80583125352859 0
0.191211262479729 2.80583125352859 0
0.191389344478242 2.80583125352859 0
0.191567592330993 2.80583125352859 0
0.191746006192448 2.80583125352859 0
0.191924586217217 2.80583125352859 0
0.192103332560053 2.80583125352859 0
0.192282245375855 2.80583125352859 0
0.192461324819665 2.80583125352859 0
0.192640571046671 2.80583125352859 0
0.192819984212202 2.80583125352859 0
0.192999564471735 2.80583125352859 0
0.193179311980891 2.80583125352859 0
0.193359226895435 2.80583125352859 0
0.193539309371279 2.80583125352859 0
0.193719559564477 2.80583125352859 0
0.193899977631232 2.80583125352859 0
0.19408056372789 2.80583125352859 0
0.194261318010943 2.80583125352859 0
0.19444224063703 2.80583125352859 0
0.194623331762934 2.80583125352859 0
0.194804591545586 2.80583125352859 0
0.194986020142061 2.80583125352859 0
0.195167617709583 2.80583125352859 0
0.195349384405519 2.80583125352859 0
0.195531320387386 2.80583125352859 0
0.195713425812845 2.80583125352859 0
0.195895700839706 2.80583125352859 0
0.196078145625925 2.80583125352859 0
0.196260760329604 2.80583125352859 0
0.196443545108994 2.80583125352859 0
0.196626500122492 2.80583125352859 0
0.196809625528644 2.80583125352859 0
0.196992921486143 2.80583125352859 0
0.197176388153829 2.80583125352859 0
0.197360025690691 2.80583125352859 0
0.197543834255866 2.80583125352859 0
0.197727814008638 2.80583125352859 0
0.19791196510844 2.80583125352859 0
0.198096287714855 2.80583125352859 0
0.198280781987613 2.80583125352859 0
0.198465448086593 3.0089550614357 0
0.198650286171822 3.0089550614357 0
0.198835296403479 3.0089550614357 0
0.199020478941888 3.0089550614357 0
0.199205833947527 3.0089550614357 0
0.199391361581018 3.0089550614357 0
0.199577062003139 3.0089550614357 0
0.199762935374811 3.0089550614357 0
0.199948981857111 3.0089550614357 0
0.200135201611261 3.0089550614357 0
0.200321594798637 3.0089550614357 0
0.200508161580763 3.0089550614357 0
0.200694902119314 3.0089550614357 0
0.200881816576116 3.0089550614357 0
0.201068905113145 3.0089550614357 0
0.201256167892529 3.0089550614357 0
0.201443605076545 3.0089550614357 0
0.201631216827624 3.0089550614357 0
0.201819003308345 3.0089550614357 0
0.202006964681441 3.0089550614357 0
0.202195101109795 3.0089550614357 0
0.202383412756443 3.0089550614357 0
0.202571899784572 3.0089550614357 0
0.202760562357521 3.0089550614357 0
0.202949400638781 3.0089550614357 0
0.203138414791996 3.0089550614357 0
0.203327604980962 3.0089550614357 0
0.203516971369628 3.0089550614357 0
0.203706514122093 3.0089550614357 0
0.203896233402614 3.0089550614357 0
0.204086129375595 3.0089550614357 0
0.204276202205599 3.0089550614357 0
0.204466452057337 3.0089550614357 0
0.204656879095677 3.0089550614357 0
0.204847483485639 3.0089550614357 0
0.205038265392397 3.0089550614357 0
0.205229224981279 3.0089550614357 0
0.205420362417767 3.0089550614357 0
0.205611677867496 3.0089550614357 0
0.205803171496258 3.0089550614357 0
0.205994843469996 3.0089550614357 0
0.206186693954809 3.0089550614357 0
0.206378723116952 3.0089550614357 0
0.206570931122834 3.0089550614357 0
0.206763318139017 3.0089550614357 0
0.206955884332221 3.0089550614357 0
0.207148629869319 3.0089550614357 0
0.207341554917342 3.0089550614357 0
0.207534659643474 3.0089550614357 0
0.207727944215056 3.0089550614357 0
0.207921408799585 3.0089550614357 0
0.208115053564713 3.0089550614357 0
0.208308878678249 3.0089550614357 0
0.208502884308157 3.0089550614357 0
0.208697070622561 3.0089550614357 0
0.208891437789737 3.0089550614357 0
0.20908598597812 3.0089550614357 0
0.209280715356302 3.0089550614357 0
0.209475626093032 3.0089550614357 0
0.209670718357214 3.0089550614357 0
0.209865992317914 3.0089550614357 0
0.21006144814435 3.0089550614357 0
0.210257086005902 3.0089550614357 0
0.210452906072105 3.0089550614357 0
0.210648908512652 3.0089550614357 0
0.210845093497397 3.0089550614357 0
0.211041461196348 3.0089550614357 0
0.211238011779674 3.0089550614357 0
0.211434745417703 3.0089550614357 0
0.211631662280919 3.0089550614357 0
0.211828762539967 3.0089550614357 0
0.21202604636565 3.0089550614357 0
0.212223513928931 3.0089550614357 0
0.21242116540093 3.0089550614357 0
0.212619000952929 3.0089550614357 0
0.212817020756368 3.0089550614357 0
0.213015224982847 3.0089550614357 0
0.213213613804127 3.0089550614357 0
0.213412187392126 3.0089550614357 0
0.213610945918925 3.0089550614357 0
0.213809889556764 3.0089550614357 0
0.214009018478044 3.0089550614357 0
0.214208332855326 3.0089550614357 0
0.214407832861331 3.0089550614357 0
0.214607518668943 3.0089550614357 0
0.214807390451206 3.0089550614357 0
0.215007448381324 3.0089550614357 0
0.215207692632664 3.0089550614357 0
0.215408123378753 3.0089550614357 0
0.215608740793281 3.0089550614357 0
0.215809545050098 3.0089550614357 0
0.216010536323218 3.0089550614357 0
0.216211714786817 3.0089550614357 0
0.21641308061523 3.0089550614357 0
0.216614633982958 3.0089550614357 0
0.216816375064663 3.0089550614357 0
0.21701830403517 3.0089550614357 0
0.217220421069467 3.0089550614357 0
0.217422726342704 3.0089550614357 0
0.217625220030195 3.0089550614357 0
0.217827902307417 3.0089550614357 0
0.21803077335001 3.0089550614357 0
0.218233833333779 3.0089550614357 0
0.218437082434691 3.0089550614357 0
0.218640520828878 3.0089550614357 0
0.218844148692636 3.0089550614357 0
0.219047966202424 3.0089550614357 0
0.219251973534867 3.07897108793259 0
0.219456170866754 3.07897108793259 0
0.219660558375037 3.07897108793259 0
0.219865136236836 3.07897108793259 0
0.220069904629433 3.07897108793259 0
0.220274863730277 3.07897108793259 0
0.22048001371698 3.07897108793259 0
0.220685354767323 3.07897108793259 0
0.220890887059249 3.07897108793259 0
0.221096610770869 3.12219077348709 0
0.221302526080459 3.12219077348709 0
0.221508633166461 3.12219077348709 0
0.221714932207483 3.12219077348709 0
0.2219214233823 3.12219077348709 0
0.222128106869854 3.12219077348709 0
0.222334982849251 3.12219077348709 0
0.222542051499767 3.12219077348709 0
0.222749313000844 3.12219077348709 0
0.22295676753209 3.12219077348709 0
0.22316441527328 3.12219077348709 0
0.22337225640436 3.12219077348709 0
0.223580291105439 3.12219077348709 0
0.223788519556796 3.12219077348709 0
0.223996941938878 3.12219077348709 0
0.2242055584323 3.12219077348709 0
0.224414369217845 3.12219077348709 0
0.224623374476463 3.12219077348709 0
0.224832574389276 3.12219077348709 0
0.225041969137571 3.12219077348709 0
0.225251558902806 3.12219077348709 0
0.225461343866607 3.12219077348709 0
0.225671324210769 3.12219077348709 0
0.225881500117258 3.12219077348709 0
0.226091871768208 3.12219077348709 0
0.226302439345922 3.12219077348709 0
0.226513203032875 3.12219077348709 0
0.22672416301171 3.12219077348709 0
0.22693531946524 3.12219077348709 0
0.227146672576451 3.12219077348709 0
0.227358222528496 3.12219077348709 0
0.2275699695047 3.22246015071869 0
0.22778191368856 3.22246015071869 0
0.227994055263741 3.22246015071869 0
0.228206394414081 3.22246015071869 0
0.22841893132359 3.22246015071869 0
0.228631666176448 3.22246015071869 0
0.228844599157006 3.22246015071869 0
0.229057730449788 3.22246015071869 0
0.22927106023949 3.22246015071869 0
0.229484588710978 3.22246015071869 0
0.229698316049293 3.22246015071869 0
0.229912242439647 3.22246015071869 0
0.230126368067422 3.22246015071869 0
0.230340693118178 3.22246015071869 0
0.230555217777643 3.22246015071869 0
0.230769942231721 3.22246015071869 0
0.230984866666487 3.22246015071869 0
0.231199991268191 3.39448344707489 0
0.231415316223256 3.39448344707489 0
0.231630841718277 3.39448344707489 0
0.231846567940026 3.39448344707489 0
0.232062495075445 3.39448344707489 0
0.232278623311654 3.39448344707489 0
0.232494952835944 3.39448344707489 0
0.232711483835783 3.39448344707489 0
0.232928216498813 3.39448344707489 0
0.233145151012849 3.39448344707489 0
0.233362287565882 3.39448344707489 0
0.233579626346079 3.39448344707489 0
0.233797167541782 3.39448344707489 0
0.234014911341507 3.39448344707489 0
0.234232857933947 3.39448344707489 0
0.23445100750797 3.39448344707489 0
0.23466936025262 3.39448344707489 0
0.234887916357117 3.39448344707489 0
0.235106676010859 3.39448344707489 0
0.235325639403416 3.39448344707489 0
0.23554480672454 3.39448344707489 0
0.235764178164156 3.39448344707489 0
0.235983753912366 3.39448344707489 0
0.236203534159452 3.39448344707489 0
0.23642351909587 3.39448344707489 0
0.236643708912255 3.39448344707489 0
0.236864103799418 3.39448344707489 0
0.237084703948351 3.39448344707489 0
0.23730550955022 3.39448344707489 0
0.237526520796372 3.39448344707489 0
0.23774773787833 3.39448344707489 0
0.237969160987797 3.39448344707489 0
0.238190790316654 3.39448344707489 0
0.23841262605696 3.39448344707489 0
0.238634668400953 3.39448344707489 0
0.238856917541052 3.39448344707489 0
0.239079373669853 3.39448344707489 0
0.239302036980133 3.39448344707489 0
0.239524907664846 3.39448344707489 0
0.239747985917128 3.39448344707489 0
0.239971271930294 3.39448344707489 0
0.24019476589784 3.39448344707489 0
0.240418468013442 3.39448344707489 0
0.240642378470954 3.39448344707489 0
0.240866497464413 3.39448344707489 0
0.241090825188037 3.39448344707489 0
0.241315361836224 3.39448344707489 0
0.241540107603551 3.39448344707489 0
0.241765062684781 3.39448344707489 0
0.241990227274854 3.39448344707489 0
0.242215601568893 3.39448344707489 0
0.242441185762204 3.39448344707489 0
0.242666980050273 3.39448344707489 0
0.24289298462877 3.39448344707489 0
0.243119199693545 3.39448344707489 0
0.243345625440631 3.39448344707489 0
0.243572262066246 3.39448344707489 0
0.243799109766787 3.39448344707489 0
0.244026168738837 3.39448344707489 0
0.24425343917916 3.39448344707489 0
0.244480921284705 3.39448344707489 0
0.244708615252603 3.39448344707489 0
0.244936521280168 3.39448344707489 0
0.245164639564901 3.39448344707489 0
0.245392970304483 3.39448344707489 0
0.245621513696782 3.39448344707489 0
0.245850269939849 3.39448344707489 0
0.24607923923192 3.39448344707489 0
0.246308421771414 3.39448344707489 0
0.246537817756937 3.39448344707489 0
0.24676742738728 3.39448344707489 0
0.246997250861416 3.39448344707489 0
0.247227288378507 3.39448344707489 0
0.247457540137898 3.39448344707489 0
0.247688006339122 3.39448344707489 0
0.247918687181896 3.39448344707489 0
0.248149582866123 3.39448344707489 0
0.248380693591892 3.39448344707489 0
0.248612019559481 3.39448344707489 0
0.24884356096935 3.39448344707489 0
0.249075318022151 3.39448344707489 0
0.249307290918718 3.39448344707489 0
0.249539479860075 3.39448344707489 0
0.249771885047432 3.39448344707489 0
0.250004506682188 3.39448344707489 0
0.250237344965926 3.39448344707489 0
0.250470400100421 3.39448344707489 0
0.250703672287634 3.39448344707489 0
0.250937161729712 3.39448344707489 0
0.251170868628995 3.39448344707489 0
0.251404793188007 3.39448344707489 0
0.251638935609463 3.39448344707489 0
0.251873296096267 3.39448344707489 0
0.25210787485151 3.39448344707489 0
0.252342672078474 3.39448344707489 0
0.252577687980629 3.39448344707489 0
0.252812922761635 3.39448344707489 0
0.253048376625343 3.39448344707489 0
0.253284049775793 3.39448344707489 0
0.253519942417212 3.39448344707489 0
0.253756054754023 3.39448344707489 0
0.253992386990835 3.39448344707489 0
0.254228939332448 3.39448344707489 0
0.254465711983855 3.39448344707489 0
0.254702705150238 3.39448344707489 0
0.254939919036971 3.39448344707489 0
0.255177353849618 3.39448344707489 0
0.255415009793936 3.39448344707489 0
0.255652887075873 3.39448344707489 0
0.255890985901568 3.39448344707489 0
0.256129306477354 3.39448344707489 0
0.256367849009753 3.39448344707489 0
0.256606613705484 3.39448344707489 0
0.256845600771453 3.39448344707489 0
0.257084810414764 3.51117664575577 0
0.257324242842709 3.51117664575577 0
0.257563898262777 3.51117664575577 0
0.257803776882648 3.51117664575577 0
0.258043878910197 3.51117664575577 0
0.258284204553491 3.51117664575577 0
0.258524754020791 3.51117664575577 0
0.258765527520553 3.51117664575577 0
0.259006525261426 3.51117664575577 0
0.259247747452255 3.51117664575577 0
0.259489194302078 3.51117664575577 0
0.259730866020127 3.51117664575577 0
0.259972762815831 3.51117664575577 0
0.260214884898814 3.51117664575577 0
0.260457232478892 3.51117664575577 0
0.26069980576608 3.51117664575577 0
0.260942604970586 3.51117664575577 0
0.261185630302817 3.51117664575577 0
0.261428881973373 3.51117664575577 0
0.26167236019305 3.51117664575577 0
0.261916065172844 3.51117664575577 0
0.262159997123942 3.51117664575577 0
0.262404156257733 3.51117664575577 0
0.262648542785799 3.51117664575577 0
0.262893156919921 3.51117664575577 0
0.263137998872077 3.51117664575577 0
0.263383068854442 3.51117664575577 0
0.263628367079388 3.51117664575577 0
0.263873893759488 3.51117664575577 0
0.264119649107508 3.51117664575577 0
0.264365633336417 3.51117664575577 0
0.264611846659378 3.51117664575577 0
0.264858289289756 3.51117664575577 0
0.265104961441112 3.51117664575577 0
0.265351863327209 3.51117664575577 0
0.265598995162006 3.51117664575577 0
0.265846357159664 3.51117664575577 0
0.26609394953454 3.51117664575577 0
0.266341772501194 3.51117664575577 0
0.266589826274384 3.51117664575577 0
0.266838111069069 3.51117664575577 0
0.267086627100407 3.51117664575577 0
0.267335374583758 3.51117664575577 0
0.267584353734681 3.51117664575577 0
0.267833564768937 3.51117664575577 0
0.268083007902487 3.51117664575577 0
0.268332683351493 3.51117664575577 0
0.26858259133232 3.51117664575577 0
0.268832732061532 3.51117664575577 0
0.269083105755898 3.51117664575577 0
0.269333712632384 3.51117664575577 0
0.269584552908164 3.51117664575577 0
0.269835626800609 3.51117664575577 0
0.270086934527296 3.51117664575577 0
0.270338476306003 3.51117664575577 0
0.270590252354711 3.51117664575577 0
0.270842262891604 3.51117664575577 0
0.271094508135069 3.51117664575577 0
0.271346988303698 3.51117664575577 0
0.271599703616285 3.51117664575577 0
0.271852654291827 3.51117664575577 0
0.272105840549528 3.51117664575577 0
0.272359262608792 3.51117664575577 0
0.272612920689231 3.51117664575577 0
0.27286681501066 3.51117664575577 0
0.273120945793099 3.51117664575577 0
0.273375313256771 3.51117664575577 0
0.273629917622108 3.51117664575577 0
0.273884759109745 3.51117664575577 0
0.274139837940521 3.51117664575577 0
0.274395154335483 3.51117664575577 0
0.274650708515884 3.51117664575577 0
0.274906500703181 3.51117664575577 0
0.27516253111904 3.51117664575577 0
0.27541879998533 3.51117664575577 0
0.27567530752413 3.51117664575577 0
0.275932053957724 3.51117664575577 0
0.276189039508603 3.51117664575577 0
0.276446264399466 3.51117664575577 0
0.276703728853219 3.51117664575577 0
0.276961433092975 3.51117664575577 0
0.277219377342057 3.51117664575577 0
0.277477561823993 3.51117664575577 0
0.277735986762521 3.51117664575577 0
0.277994652381587 3.51117664575577 0
0.278253558905345 3.51117664575577 0
0.278512706558159 3.51117664575577 0
0.278772095564602 3.51117664575577 0
0.279031726149453 3.51117664575577 0
0.279291598537705 3.51117664575577 0
0.279551712954558 3.51117664575577 0
0.279812069625421 3.51117664575577 0
0.280072668775914 3.51117664575577 0
0.280333510631868 3.51117664575577 0
0.280594595419323 3.51117664575577 0
0.28085592336453 3.51117664575577 0
0.281117494693951 3.51117664575577 0
0.281379309634258 3.51117664575577 0
0.281641368412334 3.51117664575577 0
0.281903671255276 3.51117664575577 0
0.282166218390388 3.51117664575577 0
0.282429010045191 3.51117664575577 0
0.282692046447412 3.51117664575577 0
0.282955327824996 3.51117664575577 0
0.283218854406096 3.51117664575577 0
0.283482626419078 3.51117664575577 0
0.283746644092524 3.51117664575577 0
0.284010907655225 3.51117664575577 0
0.284275417336186 3.51117664575577 0
0.284540173364628 3.51117664575577 0
0.284805175969981 3.51117664575577 0
0.285070425381893 3.51117664575577 0
0.285335921830222 3.51117664575577 0
0.285601665545044 3.51117664575577 0
0.285867656756646 3.51117664575577 0
0.286133895695531 3.51117664575577 0
0.286400382592417 3.51117664575577 0
0.286667117678236 3.51117664575577 0
0.286934101184134 3.51117664575577 0
0.287201333341476 3.51117664575577 0
0.287468814381838 3.7056565284729 0
0.287736544537016 3.7056565284729 0
0.288004524039017 3.7056565284729 0
0.288272753120069 3.7056565284729 0
0.288541232012613 3.7056565284729 0
0.288809960949308 3.7056565284729 0
0.289078940163029 3.7056565284729 0
0.289348169886868 3.7056565284729 0
0.289617650354134 3.7056565284729 0
0.289887381798354 3.7056565284729 0
0.290157364453271 3.7056565284729 0
0.290427598552848 3.7056565284729 0
0.290698084331264 3.7056565284729 0
0.290968822022916 3.7056565284729 0
0.291239811862421 3.7056565284729 0
0.291511054084612 3.7056565284729 0
0.291782548924544 3.7056565284729 0
0.292054296617488 3.7056565284729 0
0.292326297398935 3.7056565284729 0
0.292598551504596 3.7056565284729 0
0.292871059170401 3.7056565284729 0
0.2931438206325 3.7056565284729 0
0.293416836127262 3.7056565284729 0
0.293690105891278 3.7056565284729 0
0.293963630161357 3.7056565284729 0
0.29423740917453 3.7056565284729 0
0.294511443168049 3.7056565284729 0
0.294785732379387 3.7056565284729 0
0.295060277046236 3.7056565284729 0
0.295335077406512 3.7056565284729 0
0.295610133698351 3.7056565284729 0
0.295885446160112 3.7056565284729 0
0.296161015030376 3.7056565284729 0
0.296436840547944 3.7056565284729 0
0.296712922951841 3.7056565284729 0
0.296989262481316 3.7056565284729 0
0.297265859375839 3.7056565284729 0
0.297542713875102 3.7056565284729 0
0.297819826219024 3.7056565284729 0
0.298097196647743 3.7056565284729 0
0.298374825401623 3.7056565284729 0
0.298652712721253 3.7056565284729 0
0.298930858847444 3.7056565284729 0
0.299209264021232 3.7056565284729 0
0.299487928483876 3.7056565284729 0
0.299766852476864 3.7056565284729 0
0.300046036241903 3.7056565284729 0
0.300325480020931 3.7056565284729 0
0.300605184056106 3.7056565284729 0
0.300885148589815 3.7056565284729 0
0.301165373864671 3.7056565284729 0
0.30144586012351 3.7056565284729 0
0.301726607609396 3.7056565284729 0
0.30200761656562 3.7056565284729 0
0.302288887235698 3.7056565284729 0
0.302570419863375 3.7056565284729 0
0.30285221469262 3.7056565284729 0
0.303134271967632 3.7056565284729 0
0.303416591932835 3.7056565284729 0
0.303699174832884 3.7056565284729 0
0.303982020912658 3.7056565284729 0
0.304265130417266 3.7056565284729 0
0.304548503592046 3.7056565284729 0
0.304832140682564 3.7056565284729 0
0.305116041934612 3.7056565284729 0
0.305400207594216 3.7056565284729 0
0.305684637907626 3.7056565284729 0
0.305969333121325 3.7056565284729 0
0.306254293482025 3.7056565284729 0
0.306539519236665 3.7056565284729 0
0.306825010632418 3.7056565284729 0
0.307110767916683 3.7056565284729 0
0.307396791337094 3.7056565284729 0
0.307683081141512 3.7056565284729 0
0.307969637578031 3.7056565284729 0
0.308256460894974 3.7056565284729 0
0.308543551340896 3.7056565284729 0
0.308830909164586 3.7056565284729 0
0.309118534615061 3.7056565284729 0
0.309406427941573 3.7056565284729 0
0.309694589393603 3.7056565284729 0
0.309983019220867 3.7056565284729 0
0.310271717673312 3.7056565284729 0
0.310560685001119 3.7056565284729 0
0.310849921454701 3.7056565284729 0
0.311139427284705 3.7056565284729 0
0.311429202742011 3.7056565284729 0
0.311719248077732 3.7056565284729 0
0.312009563543217 3.7056565284729 0
0.312300149390047 3.7056565284729 0
0.312591005870037 3.7056565284729 0
0.312882133235238 3.7056565284729 0
0.313173531737936 3.7056565284729 0
0.313465201630651 3.7056565284729 0
0.313757143166138 3.7056565284729 0
0.314049356597388 3.7056565284729 0
0.314341842177627 3.7056565284729 0
0.314634600160318 3.7056565284729 0
0.314927630799158 3.7056565284729 0
0.315220934348083 3.7056565284729 0
0.315514511061264 3.7056565284729 0
0.315808361193108 3.7056565284729 0
0.31610248499826 3.7056565284729 0
0.316396882731601 3.7056565284729 0
0.316691554648253 3.7056565284729 0
0.31698650100357 3.7056565284729 0
0.317281722053148 3.7056565284729 0
0.31757721805282 3.7056565284729 0
0.317872989258656 3.7056565284729 0
0.318169035926966 3.7056565284729 0
0.318465358314299 3.7056565284729 0
0.318761956677441 3.7056565284729 0
0.319058831273419 3.7056565284729 0
0.319355982359498 3.7056565284729 0
0.319653410193184 3.7056565284729 0
0.319951115032222 3.7056565284729 0
0.320249097134597 3.7056565284729 0
0.320547356758534 3.7056565284729 0
0.3208458941625 3.7056565284729 0
0.3211447096052 3.7056565284729 0
0.321443803345583 3.7056565284729 0
0.321743175642838 3.7056565284729 0
0.322042826756393 3.7056565284729 0
0.322342756945922 3.7056565284729 0
0.322642966471338 3.7056565284729 0
0.322943455592796 3.7056565284729 0
0.323244224570695 3.7056565284729 0
0.323545273665674 3.7056565284729 0
0.323846603138618 3.7056565284729 0
0.324148213250651 3.7056565284729 0
0.324450104263145 3.7056565284729 0
0.324752276437711 3.7056565284729 0
0.325054730036205 3.7056565284729 0
0.32535746532073 3.7056565284729 0
0.325660482553627 3.7056565284729 0
0.325963781997488 3.7056565284729 0
0.326267363915144 3.7056565284729 0
0.326571228569674 3.7056565284729 0
0.3268753762244 3.7056565284729 0
0.327179807142893 3.7056565284729 0
0.327484521588964 3.7056565284729 0
0.327789519826675 3.7056565284729 0
0.328094802120329 3.7056565284729 0
0.32840036873448 3.7056565284729 0
0.328706219933924 3.7056565284729 0
0.329012355983707 3.7056565284729 0
0.32931877714912 3.7056565284729 0
0.329625483695701 3.7056565284729 0
0.329932475889237 3.7056565284729 0
0.330239753995761 3.7056565284729 0
0.330547318281553 3.7056565284729 0
0.330855169013144 3.7056565284729 0
0.33116330645731 3.7056565284729 0
0.331471730881078 3.7056565284729 0
0.331780442551721 3.7056565284729 0
0.332089441736763 3.7056565284729 0
0.332398728703978 3.7056565284729 0
0.332708303721386 3.7056565284729 0
0.33301816705726 3.7056565284729 0
0.333328318980121 3.7056565284729 0
0.333638759758741 3.7056565284729 0
0.33394948966214 3.7056565284729 0
0.334260508959593 3.7056565284729 0
0.334571817920622 3.7056565284729 0
0.334883416815001 3.7056565284729 0
0.335195305912756 3.7056565284729 0
0.335507485484163 3.7056565284729 0
0.335819955799752 3.7056565284729 0
0.336132717130302 3.7056565284729 0
0.336445769746848 3.7056565284729 0
0.336759113920673 3.7056565284729 0
0.337072749923316 3.7056565284729 0
0.337386678026568 3.7056565284729 0
0.337700898502473 3.7056565284729 0
0.338015411623327 3.7056565284729 0
0.338330217661682 3.7056565284729 0
0.338645316890343 3.7056565284729 0
0.338960709582368 3.7056565284729 0
0.33927639601107 3.7056565284729 0
0.339592376450017 3.7056565284729 0
0.339908651173032 3.7056565284729 0
0.340225220454192 3.7056565284729 0
0.340542084567829 3.7056565284729 0
0.340859243788532 3.7056565284729 0
0.341176698391144 3.7056565284729 0
0.341494448650766 3.7056565284729 0
0.341812494842754 3.7056565284729 0
0.342130837242721 3.7056565284729 0
0.342449476126534 3.7056565284729 0
0.342768411770322 3.7056565284729 0
0.343087644450467 3.7056565284729 0
0.343407174443609 3.7056565284729 0
0.343727002026648 3.7056565284729 0
0.344047127476739 3.7056565284729 0
0.344367551071297 3.7056565284729 0
0.344688273087995 3.7056565284729 0
0.345009293804764 3.7056565284729 0
0.345330613499795 3.7056565284729 0
0.345652232451536 3.7056565284729 0
0.345974150938696 3.7056565284729 0
0.346296369240244 3.7056565284729 0
0.346618887635408 3.7056565284729 0
0.346941706403675 3.7056565284729 0
0.347264825824794 3.7056565284729 0
0.347588246178775 3.7056565284729 0
0.347911967745886 3.7056565284729 0
0.348235990806658 3.7056565284729 0
0.348560315641884 3.7056565284729 0
0.348884942532617 3.7056565284729 0
0.349209871760172 3.7056565284729 0
0.349535103606126 3.7056565284729 0
0.34986063835232 3.7056565284729 0
0.350186476280855 3.7056565284729 0
0.350512617674095 3.7056565284729 0
0.350839062814669 3.7056565284729 0
0.351165811985467 3.7056565284729 0
0.351492865469644 3.7056565284729 0
0.351820223550618 3.7056565284729 0
0.352147886512071 3.7056565284729 0
0.352475854637949 3.7056565284729 0
0.352804128212463 3.7056565284729 0
0.353132707520088 3.7056565284729 0
0.353461592845565 3.7056565284729 0
0.3537907844739 3.7056565284729 0
0.354120282690362 3.7056565284729 0
0.35445008778049 3.7056565284729 0
0.354780200030085 3.7056565284729 0
0.355110619725217 3.7056565284729 0
0.35544134715222 3.7056565284729 0
0.355772382597696 3.7056565284729 0
0.356103726348515 3.7056565284729 0
0.356435378691812 3.7056565284729 0
0.35676733991499 3.7056565284729 0
0.357099610305721 3.7056565284729 0
0.357432190151943 3.7056565284729 0
0.357765079741865 3.7056565284729 0
0.35809827936396 3.7056565284729 0
0.358431789306974 3.7056565284729 0
0.35876560985992 3.7056565284729 0
0.35909974131208 3.7056565284729 0
0.359434183953005 3.7056565284729 0
0.359768938072518 3.7056565284729 0
0.360104003960709 3.7056565284729 0
0.36043938190794 3.7056565284729 0
0.360775072204843 3.7056565284729 0
0.361111075142321 3.7056565284729 0
0.361447391011546 3.7056565284729 0
0.361784020103965 3.7056565284729 0
0.362120962711292 3.7056565284729 0
0.362458219125516 3.7056565284729 0
0.362795789638896 3.7056565284729 0
0.363133674543965 3.7056565284729 0
0.363471874133527 3.7056565284729 0
0.363810388700658 3.7056565284729 0
0.36414921853871 3.7056565284729 0
0.364488363941305 3.7056565284729 0
0.36482782520234 3.7056565284729 0
0.365167602615986 3.7056565284729 0
0.365507696476686 3.7056565284729 0
0.36584810707916 3.7056565284729 0
0.3661888347184 3.7056565284729 0
0.366529879689675 3.7056565284729 0
0.366871242288528 3.7056565284729 0
0.367212922810776 3.7056565284729 0
0.367554921552513 3.7056565284729 0
0.367897238810108 3.7056565284729 0
0.368239874880207 3.7056565284729 0
0.368582830059732 3.7056565284729 0
0.368926104645881 3.7056565284729 0
0.369269698936128 3.7056565284729 0
0.369613613228226 3.7056565284729 0
0.369957847820205 3.7056565284729 0
0.37030240301037 3.7056565284729 0
0.370647279097307 3.7056565284729 0
0.370992476379879 3.7056565284729 0
0.371337995157226 3.7056565284729 0
0.37168383572877 3.7056565284729 0
0.372029998394207 3.7056565284729 0
0.372376483453516 3.7056565284729 0
0.372723291206955 3.7056565284729 0
0.373070421955059 3.7056565284729 0
0.373417875998646 3.7056565284729 0
0.373765653638812 3.7056565284729 0
0.374113755176934 3.7056565284729 0
0.374462180914672 3.7056565284729 0
0.374810931153962 3.7056565284729 0
0.375160006197027 3.7056565284729 0
0.375509406346366 3.7056565284729 0
0.375859131904764 3.7056565284729 0
0.376209183175285 3.7056565284729 0
0.376559560461278 3.7056565284729 0
0.376910264066372 3.7056565284729 0
0.37726129429448 3.7056565284729 0
0.377612651449797 3.7056565284729 0
0.377964335836805 3.7056565284729 0
0.378316347760264 3.7056565284729 0
0.378668687525221 3.7056565284729 0
0.379021355437008 3.7056565284729 0
0.379374351801239 3.7056565284729 0
0.379727676923814 3.7056565284729 0
0.380081331110918 3.7056565284729 0
0.38043531466902 3.7056565284729 0
0.380789627904876 3.7056565284729 0
0.381144271125526 3.7056565284729 0
0.381499244638298 3.7056565284729 0
0.381854548750803 3.7056565284729 0
0.382210183770943 3.7056565284729 0
0.382566150006903 3.7056565284729 0
0.382922447767156 3.7056565284729 0
0.383279077360463 3.7056565284729 0
0.383636039095873 3.7056565284729 0
0.383993333282721 3.7056565284729 0
0.384350960230631 3.7056565284729 0
0.384708920249517 3.7056565284729 0
0.385067213649578 3.7056565284729 0
0.385425840741305 3.7056565284729 0
0.385784801835478 3.7056565284729 0
0.386144097243164 3.7056565284729 0
0.386503727275723 3.7056565284729 0
0.386863692244801 3.7056565284729 0
0.387223992462339 3.7056565284729 0
0.387584628240565 3.7056565284729 0
0.387945599891999 3.7056565284729 0
0.388306907729452 3.7056565284729 0
0.388668552066026 3.7056565284729 0
0.389030533215115 3.7056565284729 0
0.389392851490404 3.7056565284729 0
0.389755507205872 3.7056565284729 0
0.390118500675789 3.7056565284729 0
0.390481832214718 3.7056565284729 0
0.390845502137515 3.7056565284729 0
0.391209510759329 3.7056565284729 0
0.391573858395603 3.7056565284729 0
0.391938545362073 3.7056565284729 0
0.392303571974769 3.7056565284729 0
0.392668938550017 3.7056565284729 0
0.393034645404437 3.7056565284729 0
0.393400692854942 3.7056565284729 0
0.393767081218742 3.7056565284729 0
0.394133810813342 3.7056565284729 0
0.394500881956542 3.7056565284729 0
0.39486829496644 3.7056565284729 0
0.395236050161428 3.7056565284729 0
0.395604147860195 3.7056565284729 0
0.395972588381729 3.7056565284729 0
0.396341372045311 3.7056565284729 0
0.396710499170523 3.7056565284729 0
0.397079970077243 3.7056565284729 0
0.397449785085647 3.7056565284729 0
0.39781994451621 3.7056565284729 0
0.398190448689704 3.7056565284729 0
0.398561297927201 3.7056565284729 0
0.398932492550072 3.7056565284729 0
0.399304032879987 3.7056565284729 0
0.399675919238915 3.7056565284729 0
0.400048151949126 3.7056565284729 0
0.400420731333189 3.7056565284729 0
0.400793657713974 3.7056565284729 0
0.401166931414652 3.7056565284729 0
0.401540552758695 3.7056565284729 0
0.401914522069874 3.7056565284729 0
0.402288839672266 3.7056565284729 0
0.402663505890246 3.7056565284729 0
0.403038521048492 3.7056565284729 0
0.403413885471985 3.7056565284729 0
0.403789599486009 3.7056565284729 0
0.404165663416149 3.7056565284729 0
0.404542077588297 3.7056565284729 0
0.404918842328644 3.7056565284729 0
0.405295957963687 3.7056565284729 0
0.405673424820228 3.7056565284729 0
0.406051243225372 3.7056565284729 0
0.406429413506529 3.7056565284729 0
0.406807935991414 3.7056565284729 0
0.407186811008047 3.7056565284729 0
0.407566038884753 3.7056565284729 0
0.407945619950165 3.7056565284729 0
0.408325554533218 3.7056565284729 0
0.408705842963158 3.7056565284729 0
0.409086485569535 3.7056565284729 0
0.409467482682206 3.7056565284729 0
0.409848834631336 3.7056565284729 0
0.410230541747397 3.7056565284729 0
0.410612604361168 3.7056565284729 0
0.410995022803738 3.7056565284729 0
0.411377797406503 3.7056565284729 0
0.411760928501168 3.7056565284729 0
0.412144416419746 3.7056565284729 0
0.412528261494562 3.7056565284729 0
0.412912464058246 3.7056565284729 0
0.413297024443743 3.70566511154175 0
0.413681942984304 3.70566511154175 0
0.414067220013492 3.70566511154175 0
0.41445285586518 3.70566511154175 0
0.414838850873554 3.70566511154175 0
0.415225205373108 3.70566511154175 0
0.41561191969865 3.70566511154175 0
0.415998994185299 3.70566511154175 0
0.416386429168486 3.70566511154175 0
0.416774224983954 3.70566511154175 0
0.41716238196776 3.70566511154175 0
0.417550900456274 3.70566511154175 0
0.417939780786176 3.70566511154175 0
0.418329023294465 3.70566511154175 0
0.418718628318448 3.70566511154175 0
0.419108596195751 3.70566511154175 0
0.419498927264312 3.70566511154175 0
0.419889621862384 3.70566511154175 0
0.420280680328535 3.70566511154175 0
0.42067210300165 3.70566511154175 0
0.421063890220926 3.70566511154175 0
0.42145604232588 3.70566511154175 0
0.421848559656342 3.70566511154175 0
0.422241442552461 3.70566511154175 0
0.4226346913547 3.70566511154175 0
0.423028306403842 3.70566511154175 0
0.423422288040985 3.70566511154175 0
0.423816636607547 3.70566511154175 0
0.424211352445262 3.70566511154175 0
0.424606435896183 3.70566511154175 0
0.425001887302681 3.70566511154175 0
0.425397707007448 3.70566511154175 0
0.425793895353492 3.70566511154175 0
0.426190452684142 3.70566511154175 0
0.426587379343048 3.70566511154175 0
0.426984675674178 3.70566511154175 0
0.427382342021821 3.70566511154175 0
0.427780378730587 3.70566511154175 0
0.428178786145408 3.70566511154175 0
0.428577564611534 3.70566511154175 0
0.428976714474539 3.70566511154175 0
0.42937623608032 3.70566511154175 0
0.429776129775093 3.70566511154175 0
0.430176395905399 3.70566511154175 0
0.4305770348181 3.70566511154175 0
0.430978046860381 3.70566511154175 0
0.431379432379753 3.70566511154175 0
0.431781191724048 3.70566511154175 0
0.432183325241423 3.70566511154175 0
0.432585833280358 3.70566511154175 0
0.43298871618966 3.70566511154175 0
0.433391974318458 3.70566511154175 0
0.433795608016208 3.70566511154175 0
0.434199617632692 3.70566511154175 0
0.434604003518015 3.70566511154175 0
0.435008766022612 3.70566511154175 0
0.43541390549724 3.70566511154175 0
0.435819422292986 3.70566511154175 0
0.436225316761263 3.70566511154175 0
0.436631589253811 3.70566511154175 0
0.437038240122698 3.70566511154175 0
0.437445269720319 3.70566511154175 0
0.437852678399398 3.70566511154175 0
0.438260466512988 3.70566511154175 0
0.438668634414469 3.70566511154175 0
0.439077182457553 3.70566511154175 0
0.439486110996277 3.70566511154175 0
0.439895420385013 3.70566511154175 0
0.44030511097846 3.70566511154175 0
0.440715183131646 3.70566511154175 0
0.441125637199934 3.70566511154175 0
0.441536473539014 3.70566511154175 0
0.441947692504908 3.70566511154175 0
0.442359294453972 3.70566511154175 0
0.44277127974289 3.70566511154175 0
0.443183648728683 3.70566511154175 0
0.4435964017687 3.70566511154175 0
0.444009539220625 3.70566511154175 0
0.444423061442474 3.84656143188477 0
0.444836968792599 3.84656143188477 0
0.445251261629683 3.84656143188477 0
0.445665940312744 3.84656143188477 0
0.446081005201135 3.84656143188477 0
0.446496456654542 3.84656143188477 0
0.446912295032987 3.84656143188477 0
0.447328520696829 3.84656143188477 0
0.447745134006759 3.84656143188477 0
0.448162135323807 3.84656143188477 0
0.448579525009338 3.84656143188477 0
0.448997303425054 3.84656143188477 0
0.449415470932992 3.84656143188477 0
0.44983402789553 3.84656143188477 0
0.450252974675379 3.84656143188477 0
0.450672311635592 3.84656143188477 0
0.451092039139557 3.84656143188477 0
0.451512157551002 3.84656143188477 0
0.451932667233993 3.84656143188477 0
0.452353568552936 3.84656143188477 0
0.452774861872575 3.84656143188477 0
0.453196547557995 3.84656143188477 0
0.453618625974621 3.84656143188477 0
0.454041097488216 3.84656143188477 0
0.454463962464888 3.84656143188477 0
0.454887221271081 3.84656143188477 0
0.455310874273585 3.84656143188477 0
0.455734921839528 3.84656143188477 0
0.456159364336382 3.84656143188477 0
0.45658420213196 3.84656143188477 0
0.457009435594418 3.84656143188477 0
0.457435065092255 3.84656143188477 0
0.457861090994313 3.84656143188477 0
0.458287513669778 3.84656143188477 0
0.45871433348818 3.84656143188477 0
0.459141550819391 3.84656143188477 0
0.459569166033631 3.84656143188477 0
0.459997179501462 3.84656143188477 0
0.460425591593793 3.84656143188477 0
0.460854402681876 3.84656143188477 0
0.46128361313731 3.84656143188477 0
0.461713223332042 3.84656143188477 0
0.462143233638363 3.84656143188477 0
0.462573644428912 3.84656143188477 0
0.463004456076673 3.84656143188477 0
0.46343566895498 3.84656143188477 0
0.463867283437514 3.84656143188477 0
0.464299299898303 3.84656143188477 0
0.464731718711723 3.84656143188477 0
0.465164540252502 3.84656143188477 0
0.465597764895712 3.84656143188477 0
0.466031393016779 3.84656143188477 0
0.466465424991476 3.84656143188477 0
0.466899861195926 3.84656143188477 0
0.467334702006603 3.84656143188477 0
0.467769947800332 3.84656143188477 0
0.468205598954288 3.84656143188477 0
0.468641655845998 3.84656143188477 0
0.46907811885334 3.84656143188477 0
0.469514988354544 3.84656143188477 0
0.469952264728194 3.84656143188477 0
0.470389948353223 3.84656143188477 0
0.470828039608921 3.84656143188477 0
0.471266538874928 3.84656143188477 0
0.471705446531239 3.93300080299377 0
0.472144762958202 3.93300080299377 0
0.472584488536522 3.93300080299377 0
0.473024623647255 3.93300080299377 0
0.473465168671814 3.93300080299377 0
0.473906123991966 3.93300080299377 0
0.474347489989835 3.93300080299377 0
0.474789267047899 3.93300080299377 0
0.475231455548995 3.93300080299377 0
0.475674055876313 3.93300080299377 0
0.476117068413403 3.93300080299377 0
0.476560493544171 3.93300080299377 0
0.477004331652879 3.93300080299377 0
0.47744858312415 3.93300080299377 0
0.477893248342963 3.93300080299377 0
0.478338327694656 3.93300080299377 0
0.478783821564926 3.93300080299377 0
0.479229730339829 3.93300080299377 0
0.479676054405782 3.93300080299377 0
0.480122794149559 3.93300080299377 0
0.480569949958297 3.93300080299377 0
0.481017522219491 3.93300080299377 0
0.481465511321 3.93300080299377 0
0.481913917651042 3.93300080299377 0
0.482362741598197 3.93300080299377 0
0.482811983551407 3.93300080299377 0
0.483261643899976 3.93300080299377 0
0.483711723033571 3.93300080299377 0
0.484162221342221 3.93300080299377 0
0.484613139216321 3.93300080299377 0
0.485064477046625 3.93300080299377 0
0.485516235224255 3.93300080299377 0
0.485968414140696 3.93300080299377 0
0.486421014187797 3.93300080299377 0
0.486874035757771 3.93300080299377 0
0.487327479243199 3.93300080299377 0
0.487781345037026 3.93300080299377 0
0.488235633532563 3.93300080299377 0
0.488690345123488 3.93300080299377 0
0.489145480203844 3.93300080299377 0
0.489601039168042 3.93300080299377 0
0.490057022410862 3.93300080299377 0
0.490513430327449 3.93300080299377 0
0.490970263313317 3.93300080299377 0
0.491427521764349 3.93300080299377 0
0.491885206076796 3.93300080299377 0
0.492343316647279 3.93300080299377 0
0.492801853872786 3.93300080299377 0
0.493260818150677 3.93300080299377 0
0.493720209878682 3.93300080299377 0
0.4941800294549 3.93300080299377 0
0.494640277277802 3.93300080299377 0
0.495100953746229 3.93300080299377 0
0.495562059259396 3.93300080299377 0
0.496023594216886 3.93300080299377 0
0.496485559018657 3.93300080299377 0
0.496947954065038 3.93300080299377 0
0.497410779756733 3.93300080299377 0
0.497874036494815 3.93300080299377 0
0.498337724680736 3.93300080299377 0
0.498801844716317 3.93300080299377 0
0.499266397003757 3.93300080299377 0
0.499731381945626 3.93300080299377 0
0.500196799944872 3.93300080299377 0
0.500662651404817 3.93300080299377 0
0.501128936729158 3.93300080299377 0
0.50159565632197 3.93300080299377 0
0.502062810587702 3.93300080299377 0
0.50253039993118 3.93300080299377 0
0.502998424757609 3.93300080299377 0
0.50346688547257 3.93300080299377 0
0.503935782482022 3.93300080299377 0
0.5044051161923 3.93300080299377 0
0.504874887010122 3.93300080299377 0
0.50534509534258 3.93300080299377 0
0.505815741597149 3.93300080299377 0
0.506286826181681 3.93300080299377 0
0.506758349504408 3.93300080299377 0
0.507230311973944 3.93300080299377 0
0.507702713999281 3.93300080299377 0
0.508175555989795 3.93300080299377 0
0.508648838355241 3.93300080299377 0
0.509122561505755 3.93300080299377 0
0.509596725851857 3.93300080299377 0
0.510071331804449 3.93300080299377 0
0.510546379774814 3.93300080299377 0
0.511021870174621 3.93300080299377 0
0.511497803415919 3.93300080299377 0
0.511974179911142 3.93300080299377 0
0.512451000073111 3.93300080299377 0
0.512928264315026 3.93300080299377 0
0.513405973050477 3.93300080299377 0
0.513884126693435 3.93300080299377 0
0.514362725658261 3.93300080299377 0
0.514841770359697 3.93300080299377 0
0.515321261212876 3.93300080299377 0
0.515801198633313 3.93300080299377 0
0.516281583036914 3.93300080299377 0
0.51676241483997 3.93300080299377 0
0.517243694459161 3.93300080299377 0
0.517725422311554 3.93300080299377 0
0.518207598814604 3.93300080299377 0
0.518690224386157 3.93300080299377 0
0.519173299444446 3.93300080299377 0
0.519656824408095 3.93300080299377 0
0.520140799696116 3.93300080299377 0
0.520625225727914 3.93300080299377 0
0.521110102923283 3.93300080299377 0
0.521595431702406 3.93300080299377 0
0.522081212485862 3.93300080299377 0
0.522567445694617 3.93300080299377 0
0.523054131750032 3.93300080299377 0
0.52354127107386 3.93300080299377 0
0.524028864088245 3.93300080299377 0
0.524516911215727 3.93300080299377 0
0.525005412879238 3.93300080299377 0
0.525494369502102 3.93300080299377 0
0.525983781508041 3.93300080299377 0
0.52647364932117 3.93300080299377 0
0.526963973365997 3.93300080299377 0
0.527454754067429 3.93300080299377 0
0.527945991850766 3.93300080299377 0
0.528437687141705 3.93300080299377 0
0.52892984036634 3.93300080299377 0
0.529422451951161 3.93300080299377 0
0.529915522323055 3.93300080299377 0
0.530409051909307 3.93300080299377 0
0.530903041137601 3.93300080299377 0
0.531397490436018 3.93300080299377 0
0.531892400233038 3.93300080299377 0
0.53238777095754 3.93300080299377 0
0.532883603038802 3.93300080299377 0
0.533379896906503 3.93300080299377 0
0.533876652990721 3.93300080299377 0
0.534373871721936 3.93300080299377 0
0.534871553531026 3.93300080299377 0
0.535369698849275 3.93300080299377 0
0.535868308108364 3.93300080299377 0
0.536367381740378 3.93300080299377 0
0.536866920177805 3.93300080299377 0
0.537366923853536 3.93300080299377 0
0.537867393200862 3.93300080299377 0
0.538368328653482 3.93300080299377 0
0.538869730645496 3.93300080299377 0
0.539371599611409 3.93300080299377 0
0.539873935986131 3.93300080299377 0
0.540376740204976 3.93300080299377 0
0.540880012703665 3.93300080299377 0
0.541383753918325 3.93300080299377 0
0.541887964285486 3.93300080299377 0
0.542392644242089 3.93300080299377 0
0.542897794225478 3.93300080299377 0
0.543403414673407 3.93300080299377 0
0.543909506024037 3.93300080299377 0
0.544416068715936 3.93300080299377 0
0.544923103188081 3.93300080299377 0
0.545430609879858 3.93300080299377 0
0.545938589231064 3.93300080299377 0
0.546447041681903 3.93300080299377 0
0.546955967672989 3.93300080299377 0
0.547465367645348 3.93300080299377 0
0.547975242040416 3.93300080299377 0
0.54848559130004 3.93300080299377 0
0.548996415866478 3.93300080299377 0
0.549507716182402 3.93300080299377 0
0.550019492690894 3.93300080299377 0
0.550531745835449 3.93300080299377 0
0.551044476059976 3.93300080299377 0
0.551557683808797 3.93300080299377 0
0.552071369526647 3.93300080299377 0
0.552585533658677 3.93300080299377 0
0.553100176650451 3.93300080299377 0
0.553615298947948 3.93300080299377 0
0.554130900997563 3.93300080299377 0
0.554646983246108 3.93300080299377 0
0.555163546140808 3.93300080299377 0
0.555680590129307 3.93300080299377 0
0.556198115659665 3.93300080299377 0
0.556716123180359 3.93300080299377 0
0.557234613140284 3.93300080299377 0
0.557753585988755 3.93300080299377 0
0.558273042175502 3.93300080299377 0
0.558792982150676 3.93300080299377 0
0.559313406364846 3.93300080299377 0
0.559834315269002 3.93300080299377 0
0.560355709314554 3.93300080299377 0
0.560877588953331 3.93300080299377 0
0.561399954637584 3.93300080299377 0
0.561922806819984 3.93300080299377 0
0.562446145953626 3.93300080299377 0
0.562969972492024 3.93300080299377 0
0.563494286889116 3.93300080299377 0
0.564019089599263 3.93300080299377 0
0.564544381077248 3.93300080299377 0
0.565070161778279 3.93300080299377 0
0.565596432157987 3.93300080299377 0
0.566123192672427 3.93300080299377 0
0.56665044377808 3.93300080299377 0
0.567178185931852 3.93300080299377 0
0.567706419591072 3.93300080299377 0
0.568235145213498 3.93300080299377 0
0.568764363257314 3.93300080299377 0
0.569294074181129 3.93300080299377 0
0.56982427844398 3.93300080299377 0
0.570354976505332 3.93300080299377 0
0.570886168825077 3.93300080299377 0
0.571417855863536 3.93300080299377 0
0.571950038081459 3.93300080299377 0
0.572482715940024 3.93300080299377 0
0.57301588990084 3.93300080299377 0
0.573549560425944 3.93300080299377 0
0.574083727977804 3.93300080299377 0
0.574618393019321 3.93300080299377 0
0.575153556013824 3.93300080299377 0
0.575689217425075 3.93300080299377 0
0.576225377717267 3.93300080299377 0
0.576762037355026 3.93300080299377 0
0.577299196803412 3.93300080299377 0
0.577836856527915 3.93300080299377 0
0.578375016994462 3.93300080299377 0
0.578913678669411 3.93300080299377 0
0.579452842019556 3.93300080299377 0
0.579992507512126 3.93300080299377 0
0.580532675614783 3.93300080299377 0
0.581073346795628 3.93300080299377 0
0.581614521523194 3.93300080299377 0
0.582156200266454 3.93300080299377 0
0.582698383494815 3.93300080299377 0
0.583241071678123 3.93300080299377 0
0.583784265286661 3.93300080299377 0
0.584327964791149 3.93300080299377 0
0.584872170662747 3.93300080299377 0
0.585416883373053 3.93300080299377 0
0.585962103394104 3.93300080299377 0
0.586507831198378 3.93300080299377 0
0.58705406725879 3.93300080299377 0
0.587600812048699 3.93300080299377 0
0.588148066041903 3.93300080299377 0
0.588695829712642 3.93300080299377 0
0.589244103535595 3.93300080299377 0
0.589792887985888 3.93300080299377 0
0.590342183539086 3.93300080299377 0
0.590891990671197 3.93300080299377 0
0.591442309858673 3.93300080299377 0
0.59199314157841 3.93300080299377 0
0.592544486307749 3.93300080299377 0
0.593096344524473 3.93300080299377 0
0.593648716706812 3.93300080299377 0
0.594201603333442 3.93300080299377 0
0.594755004883481 3.93300080299377 0
0.595308921836499 3.93300080299377 0
0.595863354672507 3.93300080299377 0
0.596418303871967 3.93300080299377 0
0.596973769915787 3.93300080299377 0
0.597529753285322 3.93300080299377 0
0.598086254462377 3.93300080299377 0
0.598643273929204 3.93300080299377 0
0.599200812168507 3.93300080299377 0
0.599758869663436 3.93300080299377 0
0.600317446897594 3.93300080299377 0
0.600876544355031 3.93300080299377 0
0.601436162520252 3.93300080299377 0
0.60199630187821 3.93300080299377 0
0.60255696291431 4.19232761859894 0
0.603118146114412 4.19232761859894 0
0.603679851964824 4.19232761859894 0
0.604242080952311 4.19232761859894 0
0.604804833564089 4.19232761859894 0
0.605368110287827 4.19232761859894 0
0.605931911611652 4.19232761859894 0
0.606496238024141 4.19232761859894 0
0.607061090014329 4.19232761859894 0
0.607626468071706 4.19232761859894 0
0.608192372686217 4.19232761859894 0
0.608758804348263 4.19232761859894 0
0.609325763548704 4.19232761859894 0
0.609893250778855 4.19232761859894 0
0.61046126653049 4.19232761859894 0
0.611029811295839 4.19232761859894 0
0.611598885567592 4.19232761859894 0
0.612168489838898 4.19232761859894 0
0.612738624603365 4.19232761859894 0
0.613309290355061 4.19232761859894 0
0.613880487588512 4.19232761859894 0
0.614452216798707 4.19232761859894 0
0.615024478481096 4.19232761859894 0
0.615597273131589 4.19232761859894 0
0.616170601246559 4.19232761859894 0
0.616744463322841 4.19232761859894 0
0.617318859857732 4.19232761859894 0
0.617893791348993 4.19232761859894 0
0.618469258294848 4.19232761859894 0
0.619045261193986 4.19232761859894 0
0.619621800545559 4.19232761859894 0
0.620198876849185 4.19232761859894 0
0.620776490604947 4.19232761859894 0
0.621354642313394 4.19232761859894 0
0.62193333247554 4.19232761859894 0
0.622512561592867 4.19232761859894 0
0.623092330167325 4.19232761859894 0
0.623672638701327 4.19232761859894 0
0.62425348769776 4.19232761859894 0
0.624834877659974 4.19232761859894 0
0.625416809091791 4.19232761859894 0
0.625999282497502 4.19232761859894 0
0.626582298381866 4.19232761859894 0
0.627165857250113 4.19232761859894 0
0.627749959607945 4.19232761859894 0
0.628334605961532 4.19232761859894 0
0.628919796817518 4.19232761859894 0
0.629505532683017 4.19232761859894 0
0.630091814065617 4.19232761859894 0
0.630678641473377 4.19232761859894 0
0.631266015414831 4.19232761859894 0
0.631853936398986 4.19232761859894 0
0.632442404935322 4.19232761859894 0
0.633031421533794 4.19232761859894 0
0.633620986704832 4.19232761859894 0
0.634211100959343 4.19232761859894 0
0.634801764808708 4.19232761859894 0
0.635392978764783 4.19232761859894 0
0.635984743339904 4.19232761859894 0
0.636577059046882 4.19232761859894 0
0.637169926399006 4.19232761859894 0
0.637763345910044 4.19232761859894 0
0.638357318094241 4.19232761859894 0
0.638951843466321 4.19232761859894 0
0.639546922541489 4.19232761859894 0
0.640142555835429 4.19232761859894 0
0.640738743864304 4.19232761859894 0
0.64133548714476 4.19232761859894 0
0.641932786193921 4.19232761859894 0
0.642530641529397 4.19232761859894 0
0.643129053669276 4.19232761859894 0
0.643728023132131 4.19232761859894 0
0.644327550437017 4.19232761859894 0
0.644927636103473 4.19232761859894 0
0.64552828065152 4.19232761859894 0
0.646129484601666 4.19232761859894 0
0.646731248474902 4.19232761859894 0
0.647333572792705 4.19232761859894 0
0.647936458077037 4.19232761859894 0
0.648539904850347 4.19232761859894 0
0.64914391363557 4.19232761859894 0
0.649748484956127 4.19232761859894 0
0.65035361933593 4.19232761859894 0
0.650959317299374 4.19232761859894 0
0.651565579371347 4.19232761859894 0
0.652172406077222 4.19232761859894 0
0.652779797942864 4.19232761859894 0
0.653387755494627 4.19232761859894 0
0.653996279259355 4.19232761859894 0
0.654605369764382 4.19232761859894 0
0.655215027537535 4.19232761859894 0
0.655825253107131 4.19232761859894 0
0.656436047001978 4.19232761859894 0
0.65704740975138 4.19232761859894 0
0.657659341885131 4.19232761859894 0
0.658271843933519 4.19232761859894 0
0.658884916427327 4.19232761859894 0
0.659498559897832 4.19232761859894 0
0.660112774876804 4.19232761859894 0
0.66072756189651 4.19232761859894 0
0.661342921489712 4.19232761859894 0
0.66195885418967 4.19232761859894 0
0.662575360530137 4.19232761859894 0
0.663192441045367 4.19232761859894 0
0.66381009627011 4.19232761859894 0
0.664428326739612 4.19232761859894 0
0.665047132989621 4.19232761859894 0
0.665666515556382 4.19232761859894 0
0.666286474976639 4.19232761859894 0
0.666907011787638 4.19232761859894 0
0.667528126527122 4.19232761859894 0
0.668149819733338 4.19232761859894 0
0.668772091945034 4.19232761859894 0
0.669394943701457 4.19232761859894 0
0.670018375542359 4.19232761859894 0
0.670642388007994 4.19232761859894 0
0.671266981639119 4.19232761859894 0
0.671892156976993 4.19232761859894 0
0.672517914563383 4.19232761859894 0
0.673144254940556 4.19232761859894 0
0.673771178651288 4.19232761859894 0
0.674398686238857 4.19232761859894 0
0.675026778247051 4.19232761859894 0
0.67565545522016 4.19232761859894 0
0.676284717702984 4.19232761859894 0
0.67691456624083 4.19232761859894 0
0.677545001379511 4.19232761859894 0
0.678176023665351 4.19232761859894 0
0.678807633645181 4.19232761859894 0
0.679439831866341 4.19232761859894 0
0.680072618876683 4.19232761859894 0
0.680705995224567 4.19232761859894 0
0.681339961458864 4.19232761859894 0
0.681974518128957 4.19232761859894 0
0.682609665784741 4.19232761859894 0
0.683245404976622 4.19232761859894 0
0.683881736255519 4.19232761859894 0
0.684518660172863 4.19232761859894 0
0.685156177280602 4.19232761859894 0
0.685794288131194 4.19232761859894 0
0.686432993277615 4.19232761859894 0
0.687072293273352 4.19232761859894 0
0.687712188672412 4.19232761859894 0
0.688352680029314 4.19232761859894 0
0.688993767899097 4.19232761859894 0
0.689635452837313 4.19232761859894 0
0.690277735400035 4.19232761859894 0
0.690920616143852 4.19232761859894 0
0.691564095625872 4.19232761859894 0
0.692208174403722 4.19232761859894 0
0.692852853035547 4.19232761859894 0
0.693498132080013 4.19232761859894 0
0.694144012096307 4.19232761859894 0
0.694790493644135 4.19232761859894 0
0.695437577283726 4.19232761859894 0
0.696085263575829 4.19232761859894 0
0.696733553081717 4.19232761859894 0
0.697382446363184 4.19232761859894 0
0.698031943982549 4.19232761859894 0
0.698682046502654 4.19232761859894 0
0.699332754486864 4.19232761859894 0
0.69998406849907 4.19232761859894 0
0.700635989103689 4.19232761859894 0
0.701288516865662 4.19232761859894 0
0.701941652350456 4.19232761859894 0
0.702595396124066 4.19232761859894 0
0.703249748753013 4.19232761859894 0
0.703904710804346 4.19232761859894 0
0.704560282845644 4.19232761859894 0
0.705216465445011 4.19232761859894 0
0.705873259171082 4.19232761859894 0
0.706530664593022 4.19232761859894 0
0.707188682280526 4.19232761859894 0
0.707847312803818 4.19232761859894 0
0.708506556733655 4.19232761859894 0
0.709166414641325 4.19232761859894 0
0.709826887098648 4.19232761859894 0
0.710487974677976 4.19232761859894 0
0.711149677952194 4.19232761859894 0
0.711811997494722 4.19232761859894 0
0.712474933879512 4.19232761859894 0
0.713138487681053 4.19232761859894 0
0.713802659474366 4.19232761859894 0
0.714467449835011 4.19232761859894 0
0.715132859339081 4.19232761859894 0
0.715798888563207 4.19232761859894 0
0.716465538084557 4.19232761859894 0
0.717132808480836 4.19232761859894 0
0.717800700330288 4.19232761859894 0
0.718469214211695 4.19232761859894 0
0.719138350704377 4.19232761859894 0
0.719808110388195 4.19232761859894 0
0.72047849384355 4.19232761859894 0
0.721149501651383 4.19232761859894 0
0.721821134393175 4.19232761859894 0
0.722493392650951 4.19232761859894 0
0.723166277007277 4.19232761859894 0
0.72383978804526 4.19232761859894 0
0.724513926348552 4.19232761859894 0
0.725188692501348 4.19232761859894 0
0.725864087088388 4.19232761859894 0
0.726540110694954 4.19232761859894 0
0.727216763906876 4.19232761859894 0
0.727894047310528 4.19232761859894 0
0.72857196149283 4.19232761859894 0
0.729250507041249 4.19232761859894 0
0.729929684543801 4.19232761859894 0
0.730609494589045 4.19232761859894 0
0.731289937766094 4.19232761859894 0
0.731971014664604 4.19232761859894 0
0.732652725874785 4.19232761859894 0
0.733335071987393 4.19232761859894 0
0.734018053593736 4.19232761859894 0
0.734701671285673 4.19232761859894 0
0.735385925655613 4.19232761859894 0
0.736070817296518 4.19232761859894 0
0.736756346801901 4.19232761859894 0
0.737442514765828 4.19232761859894 0
0.73812932178292 4.19232761859894 0
0.73881676844835 4.19232761859894 0
0.739504855357845 4.19232761859894 0
0.740193583107688 4.19232761859894 0
0.740882952294717 4.19232761859894 0
0.741572963516326 4.19232761859894 0
0.742263617370464 4.19232761859894 0
0.74295491445564 4.19232761859894 0
0.743646855370916 4.19232761859894 0
0.744339440715917 4.19232761859894 0
0.745032671090822 4.19232761859894 0
0.745726547096371 4.19232761859894 0
0.746421069333864 4.19232761859894 0
0.74711623840516 4.19232761859894 0
0.747812054912678 4.19232761859894 0
0.7485085194594 4.19232761859894 0
0.749205632648868 4.19232761859894 0
0.749903395085187 4.19232761859894 0
0.750601807373024 4.19232761859894 0
0.751300870117608 4.19232761859894 0
0.752000583924735 4.19232761859894 0
0.752700949400762 4.19232761859894 0
0.753401967152613 4.19232761859894 0
0.754103637787775 4.19232761859894 0
0.754805961914303 4.19232761859894 0
0.755508940140816 4.19232761859894 0
0.756212573076502 4.19232761859894 0
0.756916861331115 4.19232761859894 0
0.757621805514978 4.19232761859894 0
0.758327406238982 4.19232761859894 0
0.759033664114585 4.19232761859894 0
0.759740579753817 4.19232761859894 0
0.760448153769278 4.19232761859894 0
0.761156386774137 4.19232761859894 0
0.761865279382135 4.19232761859894 0
0.762574832207584 4.19232761859894 0
0.763285045865369 4.19232761859894 0
0.763995920970946 4.19232761859894 0
0.764707458140347 4.19232761859894 0
0.765419657990176 4.19232761859894 0
0.76613252113761 4.19232761859894 0
0.766846048200403 4.19232761859894 0
0.767560239796884 4.19232761859894 0
0.768275096545956 4.19232761859894 0
0.768990619067101 4.19232761859894 0
0.769706807980376 4.19232761859894 0
0.770423663906417 4.19232761859894 0
0.771141187466437 4.19232761859894 0
0.771859379282227 4.19232761859894 0
0.772578239976158 4.19232761859894 0
0.773297770171182 4.19232761859894 0
0.774017970490828 4.19232761859894 0
0.774738841559209 4.19232761859894 0
0.775460384001016 4.19232761859894 0
0.776182598441524 4.19232761859894 0
0.776905485506591 4.19232761859894 0
0.777629045822655 4.19232761859894 0
0.77835328001674 4.19232761859894 0
0.779078188716453 4.19232761859894 0
0.779803772549986 4.19232761859894 0
0.780530032146114 4.19232761859894 0
0.781256968134202 4.19232761859894 0
0.781984581144196 4.19232761859894 0
0.782712871806632 4.19232761859894 0
0.783441840752633 4.19232761859894 0
0.784171488613908 4.19232761859894 0
0.784901816022757 4.19232761859894 0
0.785632823612065 4.19232761859894 0
0.786364512015311 4.19232761859894 0
0.78709688186656 4.19232761859894 0
0.787829933800471 4.19232761859894 0
0.788563668452292 4.19232761859894 0
0.789298086457861 4.19232761859894 0
0.790033188453613 4.19232761859894 0
0.790768975076571 4.19232761859894 0
0.791505446964355 4.19232761859894 0
0.792242604755175 4.19232761859894 0
0.792980449087838 4.19232761859894 0
0.793718980601746 4.19232761859894 0
0.794458199936896 4.19232761859894 0
0.79519810773388 4.19232761859894 0
0.795938704633888 4.19232761859894 0
0.796679991278707 4.19232761859894 0
0.797421968310721 4.19232761859894 0
0.798164636372913 4.19232761859894 0
0.798907996108864 4.19232761859894 0
0.799652048162756 4.19232761859894 0
0.800396793179369 4.19232761859894 0
0.801142231804084 4.19232761859894 0
0.801888364682883 4.19232761859894 0
0.802635192462352 4.19232761859894 0
0.803382715789677 4.19232761859894 0
0.804130935312645 4.19232761859894 0
0.80487985167965 4.19232761859894 0
0.805629465539688 4.19232761859894 0
0.806379777542359 4.19232761859894 0
0.807130788337869 4.19232761859894 0
0.807882498577029 4.19232761859894 0
0.808634908911256 4.19232761859894 0
0.809388019992575 4.19232761859894 0
0.810141832473616 4.19232761859894 0
0.810896347007619 4.19232761859894 0
0.811651564248431 4.19232761859894 0
0.812407484850509 4.19232761859894 0
0.813164109468918 4.19232761859894 0
0.813921438759335 4.19232761859894 0
0.814679473378045 4.19232761859894 0
0.815438213981947 4.19232761859894 0
0.816197661228552 4.19232761859894 0
0.816957815775979 4.19232761859894 0
0.817718678282966 4.19232761859894 0
0.818480249408859 4.19232761859894 0
0.819242529813622 4.19232761859894 0
0.820005520157832 4.19232761859894 0
0.820769221102681 4.19232761859894 0
0.821533633309977 4.19232761859894 0
0.822298757442146 4.19232761859894 0
0.823064594162228 4.19232761859894 0
0.823831144133882 4.19232761859894 0
0.824598408021386 4.19232761859894 0
0.825366386489636 4.19232761859894 0
0.826135080204146 4.19232761859894 0
0.826904489831051 4.19232761859894 0
0.827674616037106 4.19232761859894 0
0.828445459489689 4.19232761859894 0
0.829217020856796 4.19232761859894 0
0.829989300807047 4.19232761859894 0
0.830762300009685 4.19232761859894 0
0.831536019134576 4.19232761859894 0
0.83231045885221 4.19232761859894 0
0.8330856198337 4.19232761859894 0
0.833861502750787 4.19232761859894 0
0.834638108275834 4.19232761859894 0
0.835415437081834 4.19232761859894 0
0.836193489842403 4.19232761859894 0
0.836972267231787 4.19232761859894 0
0.83775176992486 4.19232761859894 0
0.838531998597122 4.19232761859894 0
0.839312953924705 4.19232761859894 0
0.84009463658437 4.19232761859894 0
0.840877047253506 4.19232761859894 0
0.841660186610136 4.19232761859894 0
0.842444055332912 4.19232761859894 0
0.843228654101121 4.19232761859894 0
0.84401398359468 4.19232761859894 0
0.844800044494139 4.19232761859894 0
0.845586837480685 4.19232761859894 0
0.846374363236135 4.19232761859894 0
0.847162622442945 4.19232761859894 0
0.847951615784205 4.19232761859894 0
0.848741343943639 4.19232761859894 0
0.849531807605613 4.19232761859894 0
0.850323007455124 4.19232761859894 0
0.851114944177813 4.19232761859894 0
0.851907618459955 4.19232761859894 0
0.852701030988467 4.19232761859894 0
0.853495182450904 4.19232761859894 0
0.854290073535462 4.19232761859894 0
0.855085704930978 4.19232761859894 0
0.855882077326931 4.19232761859894 0
0.856679191413441 4.19232761859894 0
0.857477047881272 4.19232761859894 0
0.85827564742183 4.19232761859894 0
0.859074990727166 4.19232761859894 0
0.859875078489976 4.19232761859894 0
0.860675911403599 4.19232761859894 0
0.861477490162021 4.19232761859894 0
0.862279815459876 4.19232761859894 0
0.863082887992441 4.19232761859894 0
0.863886708455645 4.19232761859894 0
0.864691277546062 4.19232761859894 0
0.865496595960915 4.19232761859894 0
0.866302664398079 4.19232761859894 0
0.867109483556075 4.19232761859894 0
0.867917054134078 4.19232761859894 0
0.868725376831912 4.19232761859894 0
0.869534452350054 4.19232761859894 0
0.870344281389632 4.19232761859894 0
0.871154864652429 4.19232761859894 0
0.87196620284088 4.19232761859894 0
0.872778296658076 4.19232761859894 0
0.873591146807759 4.19232761859894 0
0.874404753994331 4.19232761859894 0
0.875219118922846 4.19232761859894 0
0.876034242299019 4.19232761859894 0
0.876850124829219 4.19232761859894 0
0.877666767220472 4.19232761859894 0
0.878484170180467 4.19232761859894 0
0.879302334417547 4.19232761859894 0
0.880121260640719 4.19232761859894 0
0.880940949559647 4.19232761859894 0
0.881761401884657 4.19232761859894 0
0.882582618326738 4.19232761859894 0
0.883404599597539 4.19232761859894 0
0.884227346409374 4.19232761859894 0
0.885050859475218 4.19232761859894 0
0.885875139508712 4.19232761859894 0
0.88670018722416 4.19232761859894 0
0.887526003336533 4.19232761859894 0
0.888352588561466 4.19232761859894 0
0.889179943615262 4.19232761859894 0
0.890008069214891 4.19232761859894 0
0.89083696607799 4.19232761859894 0
0.891666634922865 4.19232761859894 0
0.89249707646849 4.19232761859894 0
0.89332829143451 4.19232761859894 0
0.894160280541238 4.19232761859894 0
0.894993044509662 4.19232761859894 0
0.895826584061437 4.19232761859894 0
0.896660899918892 4.19232761859894 0
0.89749599280503 4.19232761859894 0
0.898331863443524 4.19232761859894 0
0.899168512558725 4.19232761859894 0
0.900005940875656 4.19232761859894 0
0.900844149120015 4.19232761859894 0
0.901683138018178 4.19232761859894 0
0.902522908297195 4.19232761859894 0
0.903363460684796 4.19232761859894 0
0.904204795909386 4.19232761859894 0
0.90504691470005 4.19232761859894 0
0.905889817786551 4.19232761859894 0
0.906733505899333 4.19232761859894 0
0.907577979769519 4.19232761859894 0
0.908423240128914 4.19232761859894 0
0.909269287710003 4.19232761859894 0
0.910116123245955 4.19232761859894 0
0.91096374747062 4.19232761859894 0
0.911812161118534 4.19232761859894 0
0.912661364924915 4.19232761859894 0
0.913511359625665 4.19232761859894 0
0.914362145957375 4.19232761859894 0
0.915213724657317 4.19232761859894 0
0.916066096463455 4.19232761859894 0
0.916919262114435 4.19232761859894 0
0.917773222349596 4.19232761859894 0
0.918627977908962 4.19232761859894 0
0.919483529533247 4.19232761859894 0
0.920339877963856 4.19232761859894 0
0.921197023942883 4.19232761859894 0
0.922054968213114 4.19232761859894 0
0.922913711518027 4.19232761859894 0
0.923773254601791 4.19232761859894 0
0.924633598209271 4.19232761859894 0
0.925494743086022 4.19232761859894 0
0.926356689978296 4.19232761859894 0
0.927219439633039 4.19232761859894 0
0.928082992797893 4.19232761859894 0
0.928947350221196 4.19232761859894 0
0.929812512651984 4.19232761859894 0
0.930678480839988 4.19232761859894 0
0.931545255535641 4.19232761859894 0
0.932412837490071 4.19232761859894 0
0.933281227455109 4.19232761859894 0
0.934150426183283 4.19232761859894 0
0.935020434427825 4.19232761859894 0
0.935891252942667 4.19232761859894 0
0.936762882482442 4.19232761859894 0
0.937635323802488 4.19232761859894 0
0.938508577658845 4.19232761859894 0
0.939382644808257 4.19232761859894 0
0.940257526008175 4.19232761859894 0
0.941133222016753 4.19232761859894 0
0.942009733592851 4.19232761859894 0
0.942887061496038 4.19232761859894 0
0.943765206486589 4.19232761859894 0
0.944644169325486 4.19232761859894 0
0.945523950774422 4.19232761859894 0
0.946404551595798 4.19232761859894 0
0.947285972552726 4.19232761859894 0
0.948168214409026 4.19232761859894 0
0.949051277929233 4.19232761859894 0
0.949935163878593 4.19232761859894 0
0.950819873023063 4.19232761859894 0
0.951705406129314 4.19232761859894 0
0.952591763964734 4.19232761859894 0
0.95347894729742 4.19232761859894 0
0.954366956896191 4.19232761859894 0
0.955255793530576 4.19232761859894 0
0.956145457970824 4.19232761859894 0
0.957035950987902 4.19232761859894 0
0.957927273353491 4.19232761859894 0
0.958819425839997 4.19232761859894 0
0.959712409220539 4.19232761859894 0
0.960606224268959 4.19232761859894 0
0.961500871759821 4.19232761859894 0
0.962396352468408 4.19232761859894 0
0.963292667170726 4.19232761859894 0
0.964189816643504 4.19232761859894 0
0.965087801664193 4.19232761859894 0
0.965986623010971 4.19232761859894 0
0.966886281462737 4.19232761859894 0
0.967786777799118 4.19232761859894 0
0.968688112800467 4.19232761859894 0
0.969590287247863 4.19232761859894 0
0.970493301923112 4.19232761859894 0
0.971397157608749 4.19232761859894 0
0.972301855088037 4.19232761859894 0
0.97320739514497 4.19232761859894 0
0.974113778564271 4.19232761859894 0
0.975021006131394 4.19232761859894 0
0.975929078632524 4.19232761859894 0
0.976837996854579 4.19232761859894 0
0.97774776158521 4.19232761859894 0
0.978658373612801 4.19232761859894 0
0.97956983372647 4.19232761859894 0
0.980482142716071 4.19232761859894 0
0.981395301372193 4.19232761859894 0
0.982309310486161 4.19232761859894 0
0.983224170850038 4.19232761859894 0
0.984139883256622 4.19232761859894 0
0.985056448499454 4.19232761859894 0
0.98597386737281 4.19232761859894 0
0.986892140671707 4.19232761859894 0
0.987811269191903 4.19232761859894 0
0.988731253729896 4.19232761859894 0
0.989652095082927 4.19232761859894 0
0.990573794048979 4.19232761859894 0
0.991496351426779 4.19232761859894 0
0.992419768015796 4.19232761859894 0
0.993344044616244 4.19232761859894 0
0.994269182029084 4.19232761859894 0
0.995195181056022 4.19232761859894 0
0.996122042499511 4.19232761859894 0
0.997049767162749 4.19232761859894 0
0.997978355849685 4.19232761859894 0
0.998907809365015 4.19232761859894 0
0.999838128514187 4.19232761859894 0
1.0007693141034 4.19232761859894 0
1.00170136693959 4.19232761859894 0
1.00263428783046 4.19232761859894 0
1.00356807758447 4.19232761859894 0
1.00450273701082 4.19232761859894 0
1.00543826691946 4.19232761859894 0
1.00637466812111 4.19232761859894 0
1.00731194142723 4.19232761859894 0
1.00825008765005 4.19232761859894 0
1.00918910760254 4.19232761859894 0
1.01012900209844 4.19232761859894 0
1.01106977195225 4.19232761859894 0
1.01201141797922 4.19232761859894 0
1.01295394099536 4.19232761859894 0
1.01389734181744 4.19232761859894 0
1.01484162126299 4.19232761859894 0
1.01578678015032 4.19232761859894 0
1.01673281929846 4.19232761859894 0
1.01767973952725 4.19232761859894 0
1.01862754165727 4.19232761859894 0
1.01957622650986 4.19232761859894 0
1.02052579490713 4.19232761859894 0
1.02147624767196 4.19232761859894 0
1.022427585628 4.19232761859894 0
1.02337980959966 4.19232761859894 0
1.02433292041211 4.19232761859894 0
1.0252869188913 4.19232761859894 0
1.02624180586395 4.19232761859894 0
1.02719758215754 4.19232761859894 0
1.02815424860033 4.19232761859894 0
1.02911180602136 4.19232761859894 0
1.03007025525041 4.19232761859894 0
1.03102959711806 4.19232761859894 0
1.03198983245567 4.19232761859894 0
1.03295096209534 4.19232761859894 0
1.03391298686999 4.19232761859894 0
1.03487590761327 4.19232761859894 0
1.03583972515963 4.19232761859894 0
1.03680444034431 4.19232761859894 0
1.0377700540033 4.19232761859894 0
1.0387365669734 4.19232761859894 0
1.03970398009214 4.19232761859894 0
1.04067229419789 4.19232761859894 0
1.04164151012976 4.19232761859894 0
1.04261162872765 4.19232761859894 0
1.04358265083226 4.19232761859894 0
1.04455457728504 4.19232761859894 0
1.04552740892825 4.19232761859894 0
1.04650114660493 4.19232761859894 0
1.0474757911589 4.19232761859894 0
1.04845134343477 4.19232761859894 0
1.04942780427793 4.19232761859894 0
1.05040517453457 4.19232761859894 0
1.05138345505164 4.19232761859894 0
1.05236264667692 4.19232761859894 0
1.05334275025895 4.19232761859894 0
1.05432376664707 4.19232761859894 0
1.05530569669141 4.19232761859894 0
1.05628854124288 4.19232761859894 0
1.05727230115321 4.19232761859894 0
1.0582569772749 4.19232761859894 0
1.05924257046126 4.19232761859894 0
1.06022908156636 4.19232761859894 0
1.06121651144512 4.19232761859894 0
1.06220486095321 4.19232761859894 0
1.06319413094712 4.19232761859894 0
1.06418432228413 4.19232761859894 0
1.06517543582233 4.19232761859894 0
1.06616747242058 4.19232761859894 0
1.06716043293858 4.19232761859894 0
1.06815431823679 4.19232761859894 0
1.06914912917651 4.19232761859894 0
1.07014486661981 4.19232761859894 0
1.07114153142959 4.19232761859894 0
1.07213912446953 4.19232761859894 0
1.07313764660412 4.19232761859894 0
1.07413709869867 4.19232761859894 0
1.07513748161928 4.19232761859894 0
1.07613879623287 4.19232761859894 0
1.07714104340715 4.19232761859894 0
1.07814422401065 4.19232761859894 0
1.07914833891271 4.19232761859894 0
1.08015338898347 4.19232761859894 0
1.08115937509389 4.19232761859894 0
1.08216629811574 4.19232761859894 0
1.0831741589216 4.19232761859894 0
1.08418295838486 4.19232761859894 0
1.08519269737972 4.19232761859894 0
1.08620337678122 4.19232761859894 0
1.08721499746517 4.19232761859894 0
1.08822756030823 4.19232761859894 0
1.08924106618787 4.19232761859894 0
1.09025551598237 4.19232761859894 0
1.09127091057084 4.19232761859894 0
1.0922872508332 4.19232761859894 0
1.09330453765018 4.19232761859894 0
1.09432277190335 4.19232761859894 0
1.09534195447508 4.19232761859894 0
1.09636208624859 4.19232761859894 0
1.0973831681079 4.19232761859894 0
1.09840520093785 4.19232761859894 0
1.09942818562413 4.19232761859894 0
1.10045212305322 4.19232761859894 0
1.10147701411246 4.19232761859894 0
1.10250285969 4.19232761859894 0
1.1035296606748 4.19232761859894 0
1.10455741795669 4.19232761859894 0
1.10558613242628 4.19232761859894 0
1.10661580497505 4.19232761859894 0
1.10764643649529 4.19232761859894 0
1.10867802788012 4.19232761859894 0
1.1097105800235 4.19232761859894 0
1.11074409382023 4.19232761859894 0
1.11177857016591 4.19232761859894 0
1.11281400995702 4.19232761859894 0
1.11385041409084 4.19232761859894 0
1.1148877834655 4.19232761859894 0
1.11592611897996 4.19232761859894 0
1.11696542153402 4.19232761859894 0
1.11800569202833 4.19232761859894 0
1.11904693136436 4.19232761859894 0
1.12008914044442 4.19232761859894 0
1.12113232017169 4.19232761859894 0
1.12217647145015 4.19232761859894 0
1.12322159518464 4.19232761859894 0
1.12426769228085 4.19232761859894 0
1.12531476364532 4.19232761859894 0
1.1263628101854 4.19232761859894 0
1.12741183280931 4.19232761859894 0
1.12846183242613 4.19232761859894 0
1.12951280994575 4.19232761859894 0
1.13056476627893 4.19232761859894 0
1.13161770233728 4.19232761859894 0
1.13267161903325 4.19232761859894 0
1.13372651728015 4.19232761859894 0
1.13478239799212 4.19232761859894 0
1.13583926208418 4.19232761859894 0
1.13689711047218 4.19232761859894 0
1.13795594407283 4.19232761859894 0
1.1390157638037 4.19232761859894 0
1.14007657058321 4.19232761859894 0
1.14113836533062 4.19232761859894 0
1.14220114896608 4.19232761859894 0
1.14326492241056 4.19232761859894 0
1.14432968658591 4.19232761859894 0
1.14539544241485 4.19232761859894 0
1.14646219082092 4.19232761859894 0
1.14752993272855 4.19232761859894 0
1.14859866906303 4.19232761859894 0
1.1496684007505 4.19232761859894 0
1.15073912871798 4.19232761859894 0
1.15181085389333 4.19232761859894 0
1.15288357720528 4.19232761859894 0
1.15395729958345 4.19232761859894 0
1.15503202195829 4.19232761859894 0
1.15610774526114 4.19232761859894 0
1.1571844704242 4.19232761859894 0
1.15826219838054 4.19232761859894 0
1.1593409300641 4.19232761859894 0
1.16042066640968 4.19232761859894 0
1.16150140835296 4.19232761859894 0
1.1625831568305 4.19232761859894 0
1.16366591277971 4.19232761859894 0
1.16474967713889 4.19232761859894 0
1.16583445084721 4.19232761859894 0
1.16692023484471 4.19232761859894 0
1.16800703007231 4.19232761859894 0
1.16909483747181 4.19232761859894 0
1.17018365798588 4.19232761859894 0
1.17127349255806 4.19232761859894 0
1.1723643421328 4.19232761859894 0
1.17345620765539 4.19232761859894 0
1.17454909007202 4.19232761859894 0
1.17564299032978 4.19232761859894 0
1.1767379093766 4.19232761859894 0
1.17783384816133 4.19232761859894 0
1.17893080763367 4.19232761859894 0
1.18002878874425 4.19232761859894 0
1.18112779244454 4.19232761859894 0
1.18222781968692 4.19232761859894 0
1.18332887142466 4.19232761859894 0
1.1844309486119 4.19232761859894 0
1.18553405220367 4.19232761859894 0
1.18663818315592 4.19232761859894 0
1.18774334242545 4.19232761859894 0
1.18884953096998 4.19232761859894 0
1.1899567497481 4.19232761859894 0
1.19106499971932 4.19232761859894 0
1.19217428184402 4.19232761859894 0
1.19328459708347 4.19232761859894 0
1.19439594639987 4.19232761859894 0
1.19550833075627 4.19232761859894 0
1.19662175111666 4.19232761859894 0
1.19773620844589 4.19232761859894 0
1.19885170370975 4.19232761859894 0
1.19996823787488 4.19232761859894 0
1.20108581190887 4.19232761859894 0
1.20220442678017 4.19232761859894 0
1.20332408345817 4.19232761859894 0
1.20444478291311 4.19232761859894 0
1.2055665261162 4.19232761859894 0
1.2066893140395 4.19232761859894 0
1.207813147656 4.19232761859894 0
1.2089380279396 4.19232761859894 0
1.21006395586509 4.19232761859894 0
1.21119093240818 4.19232761859894 0
1.21231895854548 4.19232761859894 0
1.21344803525453 4.19232761859894 0
1.21457816351375 4.19232761859894 0
1.2157093443025 4.19232761859894 0
1.21684157860103 4.19232761859894 0
1.21797486739051 4.19232761859894 0
1.21910921165304 4.19232761859894 0
1.2202446123716 4.19232761859894 0
1.22138107053012 4.19232761859894 0
1.22251858711343 4.19232761859894 0
1.22365716310728 4.19232761859894 0
1.22479679949833 4.19232761859894 0
1.22593749727417 4.19232761859894 0
1.22707925742332 4.19232761859894 0
1.22822208093519 4.19232761859894 0
1.22936596880013 4.19232761859894 0
1.23051092200942 4.19232761859894 0
1.23165694155524 4.19232761859894 0
1.23280402843072 4.19232761859894 0
1.23395218362991 4.19232761859894 0
1.23510140814775 4.19232761859894 0
1.23625170298017 4.19232761859894 0
1.23740306912396 4.19232761859894 0
1.2385555075769 4.19232761859894 0
1.23970901933765 4.19232761859894 0
1.24086360540583 4.19232761859894 0
1.24201926678198 4.19232761859894 0
1.24317600446758 4.19232761859894 0
1.24433381946502 4.19232761859894 0
1.24549271277766 4.19232761859894 0
1.24665268540975 4.19232761859894 0
1.24781373836652 4.19232761859894 0
1.24897587265411 4.19232761859894 0
1.2501390892796 4.19232761859894 0
1.25130338925101 4.19232761859894 0
1.2524687735773 4.19232761859894 0
1.25363524326837 4.19232761859894 0
1.25480279933506 4.19232761859894 0
1.25597144278915 4.19232761859894 0
1.25714117464337 4.19232761859894 0
1.25831199591137 4.19232761859894 0
1.25948390760778 4.19232761859894 0
1.26065691074815 4.19232761859894 0
1.26183100634897 4.19232761859894 0
1.2630061954277 4.19232761859894 0
1.26418247900273 4.19232761859894 0
1.26535985809341 4.19232761859894 0
1.26653833372003 4.19232761859894 0
1.26771790690384 4.19232761859894 0
1.26889857866702 4.19232761859894 0
1.27008035003273 4.19232761859894 0
1.27126322202506 4.19232761859894 0
1.27244719566908 4.19232761859894 0
1.27363227199078 4.19232761859894 0
1.27481845201713 4.19232761859894 0
1.27600573677605 4.19232761859894 0
1.27719412729643 4.19232761859894 0
1.27838362460808 4.19232761859894 0
1.27957422974182 4.19232761859894 0
1.28076594372939 4.19232761859894 0
1.28195876760352 4.19232761859894 0
1.28315270239787 4.19232761859894 0
1.28434774914709 4.19232761859894 0
1.28554390888678 4.19232761859894 0
1.28674118265351 4.19232761859894 0
1.28793957148482 4.19232761859894 0
1.2891390764192 4.19232761859894 0
1.29033969849613 4.19232761859894 0
1.29154143875604 4.19232761859894 0
1.29274429824032 4.19232761859894 0
1.29394827799137 4.19232761859894 0
1.29515337905251 4.19232761859894 0
1.29635960246808 4.19232761859894 0
1.29756694928335 4.19232761859894 0
1.2987754205446 4.19232761859894 0
1.29998501729905 4.19232761859894 0
1.30119574059492 4.19232761859894 0
1.30240759148141 4.19232761859894 0
1.30362057100867 4.19232761859894 0
1.30483468022785 4.19232761859894 0
1.30604992019108 4.19232761859894 0
1.30726629195145 4.19232761859894 0
1.30848379656305 4.19232761859894 0
1.30970243508095 4.19232761859894 0
1.3109222085612 4.19232761859894 0
1.31214311806082 4.19232761859894 0
1.31336516463783 4.19232761859894 0
1.31458834935124 4.19232761859894 0
1.31581267326103 4.19232761859894 0
1.31703813742817 4.19232761859894 0
1.31826474291463 4.19232761859894 0
1.31949249078337 4.19232761859894 0
1.32072138209832 4.19232761859894 0
1.32195141792441 4.19232761859894 0
1.32318259932758 4.19232761859894 0
1.32441492737474 4.19232761859894 0
1.3256484031338 4.19232761859894 0
1.32688302767366 4.19232761859894 0
1.32811880206423 4.19232761859894 0
1.32935572737641 4.19232761859894 0
1.33059380468209 4.19232761859894 0
1.33183303505416 4.19232761859894 0
1.33307341956652 4.19232761859894 0
1.33431495929406 4.19232761859894 0
1.33555765531267 4.19232761859894 0
1.33680150869925 4.19232761859894 0
1.33804652053169 4.19232761859894 0
1.33929269188891 4.19232761859894 0
1.34054002385081 4.19232761859894 0
1.3417885174983 4.19232761859894 0
1.3430381739133 4.19232761859894 0
1.34428899417874 4.19232761859894 0
1.34554097937855 4.19232761859894 0
1.34679413059769 4.19232761859894 0
1.3480484489221 4.19232761859894 0
1.34930393543876 4.19232761859894 0
1.35056059123565 4.19232761859894 0
1.35181841740175 4.19232761859894 0
1.35307741502708 4.19232761859894 0
1.35433758520265 4.19232761859894 0
1.35559892902051 4.19232761859894 0
1.35686144757372 4.19232761859894 0
1.35812514195634 4.19232761859894 0
1.35939001326347 4.19232761859894 0
1.36065606259122 4.19232761859894 0
1.36192329103672 4.19232761859894 0
1.36319169969814 4.19232761859894 0
1.36446128967464 4.19232761859894 0
1.36573206206644 4.19232761859894 0
1.36700401797475 4.19232761859894 0
1.36827715850182 4.19232761859894 0
1.36955148475095 4.19232761859894 0
1.37082699782642 4.19232761859894 0
1.37210369883358 4.19232761859894 0
1.3733815888788 4.19232761859894 0
1.37466066906946 4.19232761859894 0
1.37594094051399 4.19232761859894 0
1.37722240432185 4.19232761859894 0
1.37850506160353 4.19232761859894 0
1.37978891347055 4.19232761859894 0
1.38107396103548 4.19232761859894 0
1.38236020541192 4.19232761859894 0
1.38364764771449 4.19232761859894 0
1.38493628905888 4.19232761859894 0
1.38622613056178 4.19232761859894 0
1.38751717334096 4.19232761859894 0
1.3888094185152 4.19232761859894 0
1.39010286720434 4.19232761859894 0
1.39139752052925 4.19232761859894 0
1.39269337961186 4.19232761859894 0
1.39399044557514 4.19232761859894 0
1.39528871954309 4.19232761859894 0
1.39658820264077 4.19232761859894 0
1.3978888959943 4.19232761859894 0
1.39919080073081 4.19232761859894 0
1.40049391797853 4.19232761859894 0
1.40179824886671 4.19232761859894 0
1.40310379452565 4.19232761859894 0
1.40441055608671 4.19232761859894 0
1.40571853468231 4.19232761859894 0
1.40702773144591 4.19232761859894 0
1.40833814751205 4.19232761859894 0
1.40964978401629 4.19232761859894 0
1.41096264209529 4.19232761859894 0
1.41227672288673 4.19232761859894 0
1.41359202752937 4.19232761859894 0
1.41490855716303 4.19232761859894 0
1.41622631292859 4.19232761859894 0
1.417545295968 4.19232761859894 0
1.41886550742424 4.19232761859894 0
1.4201869484414 4.19232761859894 0
1.42150962016461 4.19232761859894 0
1.42283352374007 4.19232761859894 0
1.42415866031504 4.19232761859894 0
1.42548503103787 4.19232761859894 0
1.42681263705797 4.19232761859894 0
1.4281414795258 4.19232761859894 0
1.42947155959292 4.19232761859894 0
1.43080287841195 4.19232761859894 0
1.43213543713659 4.19232761859894 0
1.4334692369216 4.19232761859894 0
1.43480427892283 4.19232761859894 0
1.43614056429719 4.19232761859894 0
1.4374780942027 4.19232761859894 0
1.43881686979842 4.19232761859894 0
1.44015689224451 4.19232761859894 0
1.44149816270221 4.19232761859894 0
1.44284068233383 4.19232761859894 0
1.44418445230279 4.19232761859894 0
1.44552947377355 4.19232761859894 0
1.4468757479117 4.19232761859894 0
1.44822327588389 4.19232761859894 0
1.44957205885785 4.19232761859894 0
1.45092209800242 4.19232761859894 0
1.45227339448752 4.19232761859894 0
1.45362594948414 4.19232761859894 0
1.45497976416439 4.19232761859894 0
1.45633483970146 4.19232761859894 0
1.45769117726963 4.19232761859894 0
1.45904877804428 4.19232761859894 0
1.46040764320187 4.19232761859894 0
1.46176777391997 4.19232761859894 0
1.46312917137724 4.19232761859894 0
1.46449183675345 4.19232761859894 0
1.46585577122944 4.19232761859894 0
1.46722097598719 4.19232761859894 0
1.46858745220975 4.19232761859894 0
1.46995520108129 4.19232761859894 0
1.47132422378705 4.19232761859894 0
1.47269452151343 4.19232761859894 0
1.47406609544788 4.19232761859894 0
1.47543894677898 4.19232761859894 0
1.47681307669643 4.19232761859894 0
1.47818848639102 4.19232761859894 0
1.47956517705464 4.19232761859894 0
1.48094314988032 4.19232761859894 0
1.48232240606217 4.19232761859894 0
1.48370294679544 4.19232761859894 0
1.48508477327647 4.19232761859894 0
1.48646788670272 4.19232761859894 0
1.48785228827278 4.19232761859894 0
1.48923797918633 4.19232761859894 0
1.4906249606442 4.19232761859894 0
1.49201323384832 4.19232761859894 0
1.49340280000172 4.19232761859894 0
1.49479366030859 4.19232761859894 0
1.49618581597422 4.19232761859894 0
1.49757926820501 4.19232761859894 0
1.49897401820852 4.19232761859894 0
1.5003700671934 4.19232761859894 0
1.50176741636943 4.19232761859894 0
1.50316606694755 4.19232761859894 0
1.50456602013978 4.19232761859894 0
1.5059672771593 4.19232761859894 0
1.50736983922042 4.19232761859894 0
1.50877370753856 4.19232761859894 0
1.51017888333029 4.19232761859894 0
1.5115853678133 4.19232761859894 0
1.51299316220644 4.19232761859894 0
1.51440226772966 4.19232761859894 0
1.51581268560407 4.19232761859894 0
1.51722441705192 4.19232761859894 0
1.51863746329656 4.19232761859894 0
1.52005182556254 4.19232761859894 0
1.5214675050755 4.19232761859894 0
1.52288450306224 4.19232761859894 0
1.52430282075072 4.19232761859894 0
1.52572245937 4.19232761859894 0
1.52714342015033 4.19232761859894 0
1.52856570432308 4.19232761859894 0
1.52998931312078 4.19232761859894 0
1.53141424777709 4.19232761859894 0
1.53284050952684 4.19232761859894 0
1.53426809960599 4.19232761859894 0
1.53569701925167 4.19232761859894 0
1.53712726970215 4.19232761859894 0
1.53855885219687 4.19232761859894 0
1.53999176797639 4.19232761859894 0
1.54142601828245 4.19232761859894 0
1.54286160435796 4.19232761859894 0
1.54429852744696 4.19232761859894 0
1.54573678879465 4.19232761859894 0
1.54717638964742 4.19232761859894 0
1.54861733125278 4.19232761859894 0
1.55005961485943 4.19232761859894 0
1.55150324171723 4.19232761859894 0
1.55294821307718 4.19232761859894 0
1.55439453019149 4.19232761859894 0
1.55584219431349 4.19232761859894 0
1.5572912066977 4.19232761859894 0
1.55874156859982 4.19232761859894 0
1.56019328127669 4.19232761859894 0
1.56164634598634 4.19232761859894 0
1.56310076398796 4.19232761859894 0
1.56455653654193 4.19232761859894 0
1.5660136649098 4.19232761859894 0
1.56747215035427 4.19232761859894 0
1.56893199413925 4.19232761859894 0
1.5703931975298 4.19232761859894 0
1.57185576179218 4.19232761859894 0
1.57331968819382 4.19232761859894 0
1.57478497800332 4.19232761859894 0
1.57625163249048 4.19232761859894 0
1.57771965292627 4.19232761859894 0
1.57918904058285 4.19232761859894 0
1.58065979673356 4.19232761859894 0
1.58213192265293 4.19232761859894 0
1.58360541961668 4.19232761859894 0
1.5850802889017 4.19232761859894 0
1.58655653178609 4.19232761859894 0
1.58803414954914 4.19232761859894 0
1.58951314347131 4.19232761859894 0
1.59099351483428 4.19232761859894 0
1.59247526492091 4.19232761859894 0
1.59395839501525 4.19232761859894 0
1.59544290640255 4.19232761859894 0
1.59692880036926 4.19232761859894 0
1.59841607820303 4.19232761859894 0
1.5999047411927 4.19232761859894 0
1.60139479062832 4.19232761859894 0
1.60288622780114 4.19232761859894 0
1.6043790540036 4.19232761859894 0
1.60587327052937 4.19232761859894 0
1.60736887867329 4.19232761859894 0
1.60886587973144 4.19232761859894 0
1.61036427500108 4.19232761859894 0
1.6118640657807 4.19232761859894 0
1.61336525336999 4.19232761859894 0
1.61486783906983 4.19232761859894 0
1.61637182418236 4.19232761859894 0
1.61787721001088 4.19232761859894 0
1.61938399785994 4.19232761859894 0
1.62089218903528 4.19232761859894 0
1.62240178484389 4.19232761859894 0
1.62391278659394 4.19232761859894 0
1.62542519559484 4.19232761859894 0
1.62693901315721 4.19232761859894 0
1.6284542405929 4.19232761859894 0
1.62997087921498 4.19232761859894 0
1.63148893033772 4.19232761859894 0
1.63300839527665 4.19232761859894 0
1.63452927534851 4.19232761859894 0
1.63605157187125 4.19232761859894 0
1.63757528616408 4.19232761859894 0
1.6391004195474 4.19232761859894 0
1.64062697334288 4.19232761859894 0
1.6421549488734 4.19232761859894 0
1.64368434746306 4.19232761859894 0
1.64521517043721 4.19232761859894 0
1.64674741912244 4.19232761859894 0
1.64828109484656 4.19232761859894 0
1.64981619893863 4.19232761859894 0
1.65135273272893 4.19232761859894 0
1.652890697549 4.19232761859894 0
1.6544300947316 4.19232761859894 0
1.65597092561075 4.19232761859894 0
1.6575131915217 4.19232761859894 0
1.65905689380095 4.19232761859894 0
1.66060203378624 4.19232761859894 0
1.66214861281656 4.19232761859894 0
1.66369663223214 4.19232761859894 0
1.66524609337447 4.19232761859894 0
1.66679699758627 4.19232761859894 0
1.66834934621154 4.19232761859894 0
1.6699031405955 4.19232761859894 0
1.67145838208465 4.19232761859894 0
1.67301507202672 4.19232761859894 0
1.67457321177072 4.19232761859894 0
1.67613280266689 4.19232761859894 0
1.67769384606675 4.19232761859894 0
1.67925634332306 4.19232761859894 0
1.68082029578986 4.19232761859894 0
1.68238570482243 4.19232761859894 0
1.68395257177734 4.19232761859894 0
1.68552089801238 4.19232761859894 0
1.68709068488666 4.19232761859894 0
1.6886619337605 4.19232761859894 0
1.69023464599553 4.19232761859894 0
1.69180882295462 4.19232761859894 0
1.69338446600194 4.19232761859894 0
1.69496157650289 4.19232761859894 0
1.69654015582417 4.19232761859894 0
1.69812020533375 4.19232761859894 0
1.69970172640086 4.19232761859894 0
1.70128472039603 4.19232761859894 0
1.70286918869104 4.19232761859894 0
1.70445513265896 4.19232761859894 0
1.70604255367415 4.19232761859894 0
1.70763145311222 4.19232761859894 0
1.70922183235008 4.19232761859894 0
1.71081369276594 4.19232761859894 0
1.71240703573926 4.19232761859894 0
1.7140018626508 4.19232761859894 0
1.71559817488261 4.19232761859894 0
1.71719597381802 4.19232761859894 0
1.71879526084165 4.19232761859894 0
1.72039603733942 4.19232761859894 0
1.72199830469852 4.19232761859894 0
1.72360206430745 4.19232761859894 0
1.72520731755599 4.19232761859894 0
1.72681406583522 4.19232761859894 0
1.72842231053753 4.19232761859894 0
1.73003205305658 4.19232761859894 0
1.73164329478735 4.19232761859894 0
1.73325603712611 4.19232761859894 0
1.73487028147042 4.19232761859894 0
1.73648602921916 4.19232761859894 0
1.7381032817725 4.19232761859894 0
1.73972204053193 4.19232761859894 0
1.74134230690023 4.19232761859894 0
1.74296408228148 4.19232761859894 0
1.74458736808109 4.19232761859894 0
1.74621216570577 4.19232761859894 0
1.74783847656353 4.19232761859894 0
1.7494663020637 4.19232761859894 0
1.75109564361693 4.19232761859894 0
1.75272650263516 4.19232761859894 0
1.75435888053168 4.19232761859894 0
1.75599277872106 4.19232761859894 0
1.7576281986192 4.19232761859894 0
1.75926514164334 4.19232761859894 0
1.76090360921202 4.19232761859894 0
1.76254360274509 4.19232761859894 0
1.76418512366375 4.19232761859894 0
1.7658281733905 4.19232761859894 0
1.76747275334918 4.19232761859894 0
1.76911886496495 4.19232761859894 0
1.7707665096643 4.19232761859894 0
1.77241568887504 4.19232761859894 0
1.77406640402632 4.19232761859894 0
1.77571865654862 4.19232761859894 0
1.77737244787375 4.19232761859894 0
1.77902777943485 4.19232761859894 0
1.78068465266639 4.19232761859894 0
1.78234306900419 4.19232761859894 0
1.78400302988541 4.19232761859894 0
1.78566453674853 4.19232761859894 0
1.78732759103338 4.19232761859894 0
1.78899219418113 4.19232761859894 0
1.79065834763429 4.19232761859894 0
1.79232605283672 4.19232761859894 0
1.79399531123362 4.19232761859894 0
1.79566612427154 4.19232761859894 0
1.79733849339837 4.19232761859894 0
1.79901242006334 4.19232761859894 0
1.80068790571707 4.19232761859894 0
1.80236495181148 4.19232761859894 0
1.80404355979987 4.19232761859894 0
1.80572373113689 4.19232761859894 0
1.80740546727854 4.19232761859894 0
1.80908876968219 4.19232761859894 0
1.81077363980655 4.19232761859894 0
1.81246007911169 4.19232761859894 0
1.81414808905905 4.19232761859894 0
1.81583767111143 4.19232761859894 0
1.81752882673298 4.19232761859894 0
1.81922155738924 4.19232761859894 0
1.82091586454707 4.19232761859894 0
1.82261174967474 4.19232761859894 0
1.82430921424187 4.19232761859894 0
1.82600825971945 4.19232761859894 0
1.82770888757984 4.19232761859894 0
1.82941109929676 4.19232761859894 0
1.83111489634532 4.19232761859894 0
1.832820280202 4.19232761859894 0
1.83452725234465 4.19232761859894 0
1.8362358142525 4.19232761859894 0
1.83794596740615 4.19232761859894 0
1.8396577132876 4.19232761859894 0
1.84137105338019 4.19232761859894 0
1.84308598916869 4.19232761859894 0
1.84480252213922 4.19232761859894 0
1.84652065377929 4.19232761859894 0
1.84824038557781 4.19232761859894 0
1.84996171902505 4.19232761859894 0
1.8516846556127 4.19232761859894 0
1.85340919683382 4.19232761859894 0
1.85513534418285 4.19232761859894 0
1.85686309915565 4.19232761859894 0
1.85859246324945 4.19232761859894 0
1.86032343796289 4.19232761859894 0
1.86205602479599 4.19232761859894 0
1.86379022525019 4.19232761859894 0
1.86552604082829 4.19232761859894 0
1.86726347303454 4.19232761859894 0
1.86900252337455 4.19232761859894 0
1.87074319335534 4.19232761859894 0
1.87248548448536 4.19232761859894 0
1.87422939827443 4.19232761859894 0
1.8759749362338 4.19232761859894 0
1.87772209987611 4.19232761859894 0
1.87947089071542 4.19232761859894 0
1.88122131026721 4.19232761859894 0
1.88297336004834 4.19232761859894 0
1.88472704157712 4.19232761859894 0
1.88648235637324 4.19232761859894 0
1.88823930595783 4.19232761859894 0
1.88999789185343 4.19232761859894 0
1.89175811558398 4.19232761859894 0
1.89351997867488 4.19232761859894 0
1.89528348265291 4.19232761859894 0
1.89704862904629 4.19232761859894 0
1.89881541938466 4.19232761859894 0
1.90058385519909 4.19232761859894 0
1.90235393802207 4.19232761859894 0
1.90412566938752 4.19232761859894 0
1.90589905083079 4.19232761859894 0
1.90767408388865 4.19232761859894 0
1.90945077009931 4.19232761859894 0
1.91122911100241 4.19232761859894 0
1.91300910813903 4.19232761859894 0
1.91479076305168 4.19232761859894 0
1.91657407728431 4.19232761859894 0
1.9183590523823 4.19232761859894 0
1.92014568989248 4.19232761859894 0
1.9219339913631 4.19232761859894 0
1.92372395834388 4.19232761859894 0
1.92551559238597 4.19232761859894 0
1.92730889504196 4.19232761859894 0
1.9291038678659 4.19232761859894 0
1.93090051241326 4.19232761859894 0
1.932698830241 4.19232761859894 0
1.93449882290748 4.19232761859894 0
1.93630049197256 4.19232761859894 0
1.93810383899753 4.19232761859894 0
1.93990886554512 4.19232761859894 0
1.94171557317954 4.19232761859894 0
1.94352396346645 4.19232761859894 0
1.94533403797296 4.19232761859894 0
1.94714579826765 4.19232761859894 0
1.94895924592055 4.19232761859894 0
1.95077438250316 4.19232761859894 0
1.95259120958845 4.19232761859894 0
1.95440972875083 4.19232761859894 0
1.95622994156621 4.19232761859894 0
1.95805184961193 4.19232761859894 0
1.95987545446684 4.19232761859894 0
1.96170075771123 4.19232761859894 0
1.96352776092688 4.19232761859894 0
1.96535646569702 4.19232761859894 0
1.96718687360638 4.19232761859894 0
1.96901898624116 4.19232761859894 0
1.97085280518903 4.19232761859894 0
1.97268833203913 4.19232761859894 0
1.9745255683821 4.19232761859894 0
1.97636451581005 4.19232761859894 0
1.97820517591658 4.19232761859894 0
1.98004755029677 4.19232761859894 0
1.98189164054719 4.19232761859894 0
1.98373744826587 4.19232761859894 0
1.98558497505238 4.19232761859894 0
1.98743422250773 4.19232761859894 0
1.98928519223445 4.19232761859894 0
1.99113788583655 4.19232761859894 0
1.99299230491954 4.19232761859894 0
1.99484845109042 4.19232761859894 0
1.9967063259577 4.19232761859894 0
1.99856593113136 4.19232761859894 0
2.00042726822292 4.19232761859894 0
2.00229033884535 4.19232761859894 0
2.00415514461318 4.19232761859894 0
2.00602168714239 4.19232761859894 0
2.00788996805051 4.19232761859894 0
2.00975998895653 4.19232761859894 0
2.011631751481 4.19232761859894 0
2.01350525724593 4.19232761859894 0
2.01538050787488 4.19232761859894 0
2.0172575049929 4.19232761859894 0
2.01913625022655 4.19232761859894 0
2.02101674520393 4.19232761859894 0
2.02289899155463 4.19232761859894 0
2.02478299090976 4.19232761859894 0
2.02666874490197 4.19232761859894 0
2.02855625516541 4.19232761859894 0
2.03044552333577 4.19232761859894 0
2.03233655105024 4.19232761859894 0
2.03422933994755 4.19232761859894 0
2.03612389166795 4.19232761859894 0
2.03802020785324 4.19232761859894 0
2.03991829014671 4.19232761859894 0
2.0418181401932 4.19232761859894 0
2.0437197596391 4.19232761859894 0
2.0456231501323 4.19232761859894 0
2.04752831332226 4.19232761859894 0
2.04943525085993 4.19232761859894 0
2.05134396439784 4.19232761859894 0
2.05325445559005 4.19232761859894 0
2.05516672609214 4.19232761859894 0
2.05708077756125 4.19232761859894 0
2.05899661165607 4.19232761859894 0
2.06091423003681 4.19232761859894 0
2.06283363436524 4.19232761859894 0
2.06475482630469 4.19232761859894 0
2.06667780752002 4.19232761859894 0
2.06860257967765 4.19232761859894 0
2.07052914444555 4.19232761859894 0
2.07245750349323 4.19232761859894 0
2.07438765849179 4.19232761859894 0
2.07631961111385 4.19232761859894 0
2.07825336303361 4.19232761859894 0
2.08018891592681 4.19232761859894 0
2.08212627147077 4.19232761859894 0
2.08406543134437 4.19232761859894 0
2.08600639722804 4.19232761859894 0
2.08794917080378 4.19232761859894 0
2.08989375375516 4.19232761859894 0
2.09184014776733 4.19232761859894 0
2.09378835452698 4.19232761859894 0
2.09573837572239 4.19232761859894 0
2.09769021304343 4.19232761859894 0
2.0996438681815 4.19232761859894 0
2.1015993428296 4.19232761859894 0
2.10355663868232 4.19232761859894 0
2.10551575743581 4.19232761859894 0
2.1074767007878 4.19232761859894 0
2.10943947043761 4.19232761859894 0
2.11140406808613 4.19232761859894 0
2.11337049543584 4.19232761859894 0
2.11533875419082 4.19232761859894 0
2.11730884605671 4.19232761859894 0
2.11928077274077 4.19232761859894 0
2.12125453595181 4.19232761859894 0
2.12323013740028 4.19232761859894 0
2.12520757879817 4.19232761859894 0
2.12718686185912 4.19232761859894 0
2.12916798829831 4.19232761859894 0
2.13115095983257 4.19232761859894 0
2.13313577818029 4.19232761859894 0
2.13512244506148 4.19232761859894 0
2.13711096219774 4.19232761859894 0
2.13910133131228 4.19232761859894 0
2.14109355412992 4.19232761859894 0
2.14308763237708 4.19232761859894 0
2.14508356778179 4.19232761859894 0
2.14708136207369 4.19232761859894 0
2.14908101698402 4.19232761859894 0
2.15108253424565 4.19232761859894 0
2.15308591559306 4.19232761859894 0
2.15509116276232 4.19232761859894 0
2.15709827749116 4.19232761859894 0
2.1591072615189 4.19232761859894 0
2.16111811658648 4.19232761859894 0
2.16313084443647 4.19232761859894 0
2.16514544681306 4.19232761859894 0
2.16716192546206 4.19232761859894 0
2.16918028213093 4.19232761859894 0
2.17120051856872 4.19232761859894 0
2.17322263652613 4.19232761859894 0
2.17524663775549 4.19232761859894 0
2.17727252401076 4.19232761859894 0
2.17930029704753 4.19232761859894 0
2.18132995862304 4.19232761859894 0
2.18336151049614 4.19232761859894 0
2.18539495442733 4.19232761859894 0
2.18743029217877 4.19232761859894 0
2.18946752551423 4.19232761859894 0
2.19150665619914 4.19232761859894 0
2.19354768600058 4.19232761859894 0
2.19559061668725 4.19232761859894 0
2.19763545002952 4.19232761859894 0
2.19968218779941 4.19232761859894 0
2.20173083177057 4.19232761859894 0
2.20378138371832 4.19232761859894 0
2.20583384541963 4.19232761859894 0
2.20788821865312 4.19232761859894 0
2.20994450519907 4.19232761859894 0
2.21200270683942 4.19232761859894 0
2.21406282535776 4.19232761859894 0
2.21612486253936 4.19232761859894 0
2.21818882017113 4.19232761859894 0
2.22025470004166 4.19232761859894 0
2.2223225039412 4.19232761859894 0
2.22439223366167 4.19232761859894 0
2.22646389099666 4.19232761859894 0
2.22853747774141 4.19232761859894 0
2.23061299569287 4.19232761859894 0
2.23269044664964 4.19232761859894 0
2.23476983241198 4.19232761859894 0
2.23685115478187 4.19232761859894 0
2.23893441556292 4.19232761859894 0
2.24101961656046 4.19232761859894 0
2.24310675958148 4.19232761859894 0
2.24519584643465 4.19232761859894 0
2.24728687893034 4.19232761859894 0
2.24937985888059 4.19232761859894 0
2.25147478809914 4.19232761859894 0
2.25357166840141 4.19232761859894 0
2.25567050160453 4.19232761859894 0
2.25777128952728 4.19232761859894 0
2.25987403399019 4.19232761859894 0
2.26197873681544 4.19232761859894 0
2.26408539982693 4.19232761859894 0
2.26619402485025 4.19232761859894 0
2.2683046137127 4.19232761859894 0
2.27041716824327 4.19232761859894 0
2.27253169027265 4.19232761859894 0
2.27464818163325 4.19232761859894 0
2.27676664415918 4.19232761859894 0
2.27888707968626 4.19232761859894 0
2.28100949005202 4.19232761859894 0
2.28313387709569 4.19232761859894 0
2.28526024265823 4.19232761859894 0
2.2873885885823 4.19232761859894 0
2.28951891671229 4.19232761859894 0
2.29165122889429 4.19232761859894 0
2.29378552697613 4.19232761859894 0
2.29592181280735 4.19232761859894 0
2.29806008823921 4.19232761859894 0
2.30020035512469 4.19232761859894 0
2.30234261531852 4.19232761859894 0
2.30448687067712 4.19232761859894 0
2.30663312305868 4.19232761859894 0
2.30878137432309 4.19232761859894 0
2.31093162633198 4.19232761859894 0
2.31308388094872 4.19232761859894 0
2.3152381400384 4.19232761859894 0
2.31739440546788 4.19232761859894 0
2.31955267910573 4.19232761859894 0
2.32171296282226 4.19232761859894 0
2.32387525848953 4.19232761859894 0
2.32603956798134 4.19232761859894 0
2.32820589317325 4.19232761859894 0
2.33037423594255 4.19232761859894 0
2.33254459816828 4.19232761859894 0
2.33471698173124 4.19232761859894 0
2.33689138851396 4.19232761859894 0
2.33906782040076 4.19232761859894 0
2.34124627927767 4.19232761859894 0
2.34342676703251 4.19232761859894 0
2.34560928555486 4.19232761859894 0
2.34779383673602 4.19232761859894 0
2.34998042246911 4.19232761859894 0
2.35216904464896 4.19232761859894 0
2.35435970517219 4.19232761859894 0
2.35655240593719 4.19232761859894 0
2.35874714884411 4.19232761859894 0
2.36094393579487 4.19232761859894 0
2.36314276869316 4.19232761859894 0
2.36534364944444 4.19232761859894 0
2.36754657995597 4.19232761859894 0
2.36975156213674 4.19232761859894 0
2.37195859789757 4.19232761859894 0
2.37416768915101 4.19232761859894 0
2.37637883781143 4.19232761859894 0
2.37859204579497 4.19232761859894 0
2.38080731501954 4.19232761859894 0
2.38302464740485 4.19232761859894 0
2.38524404487241 4.19232761859894 0
2.3874655093455 4.19232761859894 0
2.38968904274919 4.19232761859894 0
2.39191464701035 4.19232761859894 0
2.39414232405766 4.19232761859894 0
2.39637207582157 4.19232761859894 0
2.39860390423434 4.19232761859894 0
2.40083781123002 4.19232761859894 0
2.40307379874449 4.19232761859894 0
2.40531186871539 4.19232761859894 0
2.40755202308221 4.19232761859894 0
2.40979426378621 4.19232761859894 0
2.41203859277047 4.19232761859894 0
2.41428501197989 4.19232761859894 0
2.41653352336116 4.19232761859894 0
2.41878412886281 4.19232761859894 0
2.42103683043517 4.19232761859894 0
2.42329163003037 4.19232761859894 0
2.42554852960239 4.19232761859894 0
2.42780753110701 4.19232761859894 0
2.43006863650184 4.19232761859894 0
2.43233184774631 4.19232761859894 0
2.43459716680166 4.19232761859894 0
2.43686459563099 4.19232761859894 0
2.4391341361992 4.19232761859894 0
2.44140579047303 4.19232761859894 0
2.44367956042104 4.19232761859894 0
2.44595544801366 4.19232761859894 0
2.44823345522311 4.19232761859894 0
2.45051358402346 4.19232761859894 0
2.45279583639065 4.19232761859894 0
2.45508021430241 4.19232761859894 0
2.45736671973835 4.19232761859894 0
2.45965535467991 4.19232761859894 0
2.46194612111038 4.19232761859894 0
2.46423902101488 4.19232761859894 0
2.46653405638039 4.19232761859894 0
2.46883122919576 4.19232761859894 0
2.47113054145167 4.19232761859894 0
2.47343199514065 4.19232761859894 0
2.4757355922571 4.19232761859894 0
2.47804133479727 4.19232761859894 0
2.48034922475928 4.19232761859894 0
2.48265926414308 4.19232761859894 0
2.48497145495053 4.19232761859894 0
2.48728579918531 4.19232761859894 0
2.489602298853 4.19232761859894 0
2.49192095596103 4.19232761859894 0
2.49424177251869 4.19232761859894 0
2.49656475053716 4.19232761859894 0
2.4988898920295 4.19232761859894 0
2.50121719901061 4.19232761859894 0
2.50354667349731 4.19232761859894 0
2.50587831750826 4.19232761859894 0
2.50821213306402 4.19232761859894 0
2.51054812218704 4.19232761859894 0
2.51288628690163 4.19232761859894 0
2.51522662923401 4.19232761859894 0
2.51756915121226 4.19232761859894 0
2.51991385486636 4.19232761859894 0
2.52226074222821 4.19232761859894 0
2.52460981533155 4.19232761859894 0
2.52696107621205 4.19232761859894 0
2.52931452690727 4.19232761859894 0
2.53167016945666 4.19232761859894 0
2.53402800590158 4.19232761859894 0
2.53638803828527 4.19232761859894 0
2.53875026865291 4.19232761859894 0
2.54111469905154 4.19232761859894 0
2.54348133153013 4.19232761859894 0
2.54585016813958 4.19232761859894 0
2.54822121093265 4.19232761859894 0
2.55059446196406 4.19232761859894 0
2.55296992329041 4.19232761859894 0
2.55534759697023 4.19232761859894 0
2.55772748506397 4.19232761859894 0
2.56010958963399 4.19232761859894 0
2.56249391274458 4.19232761859894 0
2.56488045646194 4.19232761859894 0
2.5672692228542 4.19232761859894 0
2.56966021399143 4.19232761859894 0
2.57205343194561 4.19232761859894 0
2.57444887879065 4.19232761859894 0
2.5768465566024 4.19232761859894 0
2.57924646745865 4.19232761859894 0
2.5816486134391 4.19232761859894 0
2.58405299662541 4.19232761859894 0
2.58645961910118 4.19232761859894 0
2.58886848295193 4.19232761859894 0
2.59127959026513 4.19232761859894 0
2.59369294313021 4.19232761859894 0
2.59610854363853 4.19232761859894 0
2.5985263938834 4.19232761859894 0
2.60094649596008 4.19232761859894 0
2.60336885196578 4.19232761859894 0
2.60579346399968 4.19232761859894 0
2.60822033416289 4.19232761859894 0
2.61064946455849 4.19232761859894 0
2.61308085729152 4.19232761859894 0
2.61551451446896 4.19232761859894 0
2.6179504381998 4.19232761859894 0
2.62038863059494 4.19232761859894 0
2.62282909376727 4.19232761859894 0
2.62527182983166 4.19232761859894 0
2.62771684090493 4.19232761859894 0
2.63016412910588 4.19232761859894 0
2.63261369655528 4.19232761859894 0
2.63506554537588 4.19232761859894 0
2.63751967769239 4.19232761859894 0
2.63997609563154 4.19232761859894 0
2.64243480132199 4.19232761859894 0
2.64489579689441 4.19232761859894 0
2.64735908448146 4.19232761859894 0
2.64982466621777 4.19232761859894 0
2.65229254423996 4.19232761859894 0
2.65476272068665 4.19232761859894 0
2.65723519769845 4.19232761859894 0
2.65970997741796 4.19232761859894 0
2.66218706198976 4.19232761859894 0
2.66466645356046 4.19232761859894 0
2.66714815427865 4.19232761859894 0
2.66963216629491 4.19232761859894 0
2.67211849176185 4.19232761859894 0
2.67460713283406 4.19232761859894 0
2.67709809166816 4.19232761859894 0
2.67959137042276 4.19232761859894 0
2.68208697125848 4.19232761859894 0
2.68458489633796 4.19232761859894 0
2.68708514782586 4.19232761859894 0
2.68958772788884 4.19232761859894 0
2.6920926386956 4.19232761859894 0
2.69459988241683 4.19232761859894 0
2.69710946122527 4.19232761859894 0
2.69962137729567 4.19232761859894 0
2.7021356328048 4.19232761859894 0
2.70465222993147 4.19232761859894 0
2.70717117085652 4.19232761859894 0
2.7096924577628 4.19232761859894 0
2.71221609283521 4.19232761859894 0
2.71474207826069 4.19232761859894 0
2.71727041622821 4.19232761859894 0
2.71980110892877 4.19232761859894 0
2.72233415855543 4.19232761859894 0
2.72486956730326 4.19232761859894 0
2.72740733736942 4.19232761859894 0
2.72994747095308 4.19232761859894 0
2.73248997025547 4.19232761859894 0
2.73503483747986 4.19232761859894 0
2.7375820748316 4.19232761859894 0
2.74013168451807 4.19232761859894 0
2.7426836687487 4.19232761859894 0
2.74523802973501 4.19232761859894 0
2.74779476969054 4.19232761859894 0
2.75035389083092 4.19232761859894 0
2.75291539537383 4.19232761859894 0
2.75547928553902 4.19232761859894 0
2.75804556354832 4.19232761859894 0
2.76061423162559 4.19232761859894 0
2.76318529199681 4.19232761859894 0
2.76575874688999 4.19232761859894 0
2.76833459853526 4.19232761859894 0
2.77091284916478 4.19232761859894 0
2.77349350101283 4.19232761859894 0
2.77607655631573 4.19232761859894 0
2.77866201731192 4.19232761859894 0
2.78124988624192 4.19232761859894 0
2.7838401653483 4.19232761859894 0
2.78643285687576 4.19232761859894 0
2.78902796307108 4.19232761859894 0
2.79162548618311 4.19232761859894 0
2.79422542846283 4.19232761859894 0
2.7968277921633 4.19232761859894 0
2.79943257953966 4.19232761859894 0
2.80203979284918 4.19232761859894 0
2.80464943435122 4.19232761859894 0
2.80726150630724 4.19232761859894 0
2.8098760109808 4.19232761859894 0
2.8124929506376 4.19232761859894 0
2.81511232754542 4.19232761859894 0
2.81773414397415 4.19232761859894 0
2.82035840219582 4.19232761859894 0
2.82298510448455 4.19232761859894 0
2.82561425311659 4.19232761859894 0
2.82824585037031 4.19232761859894 0
2.83087989852621 4.19232761859894 0
2.83351639986688 4.19232761859894 0
2.83615535667708 4.19232761859894 0
2.83879677124368 4.19232761859894 0
2.84144064585566 4.19232761859894 0
2.84408698280417 4.19232761859894 0
2.84673578438246 4.19232761859894 0
2.84938705288593 4.19232761859894 0
2.85204079061213 4.19232761859894 0
2.85469699986072 4.19232761859894 0
2.85735568293352 4.19232761859894 0
2.86001684213451 4.19232761859894 0
2.86268047976978 4.19232761859894 0
2.86534659814759 4.19232761859894 0
2.86801519957835 4.19232761859894 0
2.87068628637462 4.19232761859894 0
2.8733598608511 4.19232761859894 0
2.87603592532467 4.19232761859894 0
2.87871448211435 4.19232761859894 0
2.88139553354131 4.19232761859894 0
2.88407908192892 4.19232761859894 0
2.88676512960268 4.19232761859894 0
2.88945367889026 4.19232761859894 0
2.89214473212152 4.19232761859894 0
2.89483829162845 4.19232761859894 0
2.89753435974526 4.19232761859894 0
2.90023293880829 4.19232761859894 0
2.90293403115609 4.19232761859894 0
2.90563763912936 4.19232761859894 0
2.90834376507101 4.19232761859894 0
2.9110524113261 4.19232761859894 0
2.9137635802419 4.19232761859894 0
2.91647727416785 4.19232761859894 0
2.91919349545558 4.19232761859894 0
2.92191224645893 4.19232761859894 0
2.9246335295339 4.19232761859894 0
2.9273573470387 4.19232761859894 0
2.93008370133375 4.19232761859894 0
2.93281259478164 4.19232761859894 0
2.93554402974719 4.19232761859894 0
2.93827800859739 4.19232761859894 0
2.94101453370147 4.19232761859894 0
2.94375360743084 4.19232761859894 0
2.94649523215913 4.19232761859894 0
2.94923941026218 4.19232761859894 0
2.95198614411803 4.19232761859894 0
2.95473543610695 4.19232761859894 0
2.95748728861143 4.19232761859894 0
2.96024170401617 4.19232761859894 0
2.96299868470808 4.19232761859894 0
2.96575823307632 4.19232761859894 0
2.96852035151225 4.19232761859894 0
2.97128504240948 4.19232761859894 0
2.97405230816382 4.19232761859894 0
2.97682215117334 4.19232761859894 0
2.97959457383832 4.19232761859894 0
2.9823695785613 4.19232761859894 0
2.98514716774704 4.19232761859894 0
2.98792734380254 4.19232761859894 0
2.99071010913705 4.19232761859894 0
2.99349546616206 4.19232761859894 0
2.9962834172913 4.19232761859894 0
2.99907396494076 4.19232761859894 0
3.00186711152868 4.19232761859894 0
3.00466285947552 4.19232761859894 0
3.00746121120405 4.19232761859894 0
3.01026216913925 4.19232761859894 0
3.01306573570838 4.19232761859894 0
3.01587191334095 4.19232761859894 0
3.01868070446874 4.19232761859894 0
3.0214921115258 4.19232761859894 0
3.02430613694844 4.19232761859894 0
3.02712278317523 4.19232761859894 0
3.02994205264703 4.19232761859894 0
3.03276394780695 4.19232761859894 0
3.0355884711004 4.19232761859894 0
3.03841562497506 4.19232761859894 0
3.04124541188087 4.19232761859894 0
3.04407783427008 4.19232761859894 0
3.04691289459721 4.19232761859894 0
3.04975059531906 4.19232761859894 0
3.05259093889474 4.19232761859894 0
3.05543392778562 4.19232761859894 0
3.05827956445539 4.19232761859894 0
3.06112785137002 4.19232761859894 0
3.06397879099777 4.19232761859894 0
3.06683238580922 4.19232761859894 0
3.06968863827723 4.19232761859894 0
3.07254755087699 4.19232761859894 0
3.07540912608595 4.19232761859894 0
3.07827336638392 4.19232761859894 0
3.08114027425297 4.19232761859894 0
3.08400985217753 4.19232761859894 0
3.0868821026443 4.19232761859894 0
3.08975702814233 4.19232761859894 0
3.09263463116297 4.19232761859894 0
3.09551491419989 4.19232761859894 0
3.09839787974909 4.19232761859894 0
3.10128353030889 4.19232761859894 0
3.10417186837994 4.19232761859894 0
3.10706289646522 4.19232761859894 0
3.10995661707002 4.19232761859894 0
3.112853032702 4.19232761859894 0
3.11575214587114 4.19232761859894 0
3.11865395908973 4.19232761859894 0
3.12155847487245 4.19232761859894 0
3.12446569573628 4.19232761859894 0
3.12737562420057 4.19232761859894 0
3.13028826278701 4.19232761859894 0
3.13320361401962 4.19232761859894 0
3.13612168042479 4.19232761859894 0
3.13904246453127 4.19232761859894 0
3.14196596887015 4.19232761859894 0
3.14489219597487 4.19232761859894 0
3.14782114838126 4.19232761859894 0
3.15075282862747 4.19232761859894 0
3.15368723925406 4.19232761859894 0
3.15662438280391 4.19232761859894 0
3.15956426182231 4.19232761859894 0
3.16250687885689 4.19232761859894 0
3.16545223645766 4.19232761859894 0
3.16840033717702 4.19232761859894 0
3.17135118356973 4.19232761859894 0
3.17430477819294 4.19232761859894 0
3.17726112360618 4.19232761859894 0
3.18022022237135 4.19232761859894 0
3.18318207705275 4.19232761859894 0
3.18614669021706 4.19232761859894 0
3.18911406443337 4.19232761859894 0
3.19208420227314 4.19232761859894 0
3.19505710631023 4.19232761859894 0
3.1980327791209 4.19232761859894 0
3.20101122328382 4.19232761859894 0
3.20399244138004 4.19232761859894 0
3.20697643599302 4.19232761859894 0
3.20996320970865 4.19232761859894 0
3.2129527651152 4.19232761859894 0
3.21594510480335 4.19232761859894 0
3.21894023136621 4.19232761859894 0
3.22193814739931 4.19232761859894 0
3.22493885550057 4.19232761859894 0
3.22794235827034 4.19232761859894 0
3.23094865831142 4.19232761859894 0
3.23395775822898 4.19232761859894 0
3.23696966063067 4.19232761859894 0
3.23998436812654 4.19232761859894 0
3.24300188332907 4.19232761859894 0
3.24602220885318 4.19232761859894 0
3.24904534731623 4.19232761859894 0
3.25207130133801 4.19232761859894 0
3.25510007354075 4.19232761859894 0
3.25813166654912 4.19232761859894 0
3.26116608299026 4.19232761859894 0
3.26420332549371 4.19232761859894 0
3.2672433966915 4.19232761859894 0
3.27028629921809 4.19232761859894 0
3.2733320357104 4.19232761859894 0
3.2763806088078 4.19232761859894 0
3.27943202115213 4.19232761859894 0
3.28248627538769 4.19232761859894 0
3.28554337416123 4.19232761859894 0
3.28860332012196 4.19232761859894 0
3.29166611592159 4.19232761859894 0
3.29473176421427 4.19232761859894 0
3.29780026765662 4.19232761859894 0
3.30087162890776 4.19232761859894 0
3.30394585062927 4.19232761859894 0
3.30702293548519 4.19232761859894 0
3.31010288614209 4.19232761859894 0
3.31318570526898 4.19232761859894 0
3.31627139553736 4.19232761859894 0
3.31935995962125 4.19232761859894 0
3.32245140019712 4.19232761859894 0
3.32554571994397 4.19232761859894 0
3.32864292154326 4.19232761859894 0
3.33174300767897 4.19232761859894 0
3.33484598103757 4.19232761859894 0
3.33795184430805 4.19232761859894 0
3.34106060018187 4.19232761859894 0
3.34417225135303 4.19232761859894 0
3.34728680051802 4.19232761859894 0
3.35040425037585 4.19232761859894 0
3.35352460362804 4.19232761859894 0
3.35664786297863 4.19232761859894 0
3.35977403113417 4.19232761859894 0
3.36290311080373 4.19232761859894 0
3.36603510469892 4.19232761859894 0
3.36917001553386 4.19232761859894 0
3.3723078460252 4.19232761859894 0
3.37544859889213 4.19232761859894 0
3.37859227685635 4.19232761859894 0
3.38173888264213 4.19232761859894 0
3.38488841897624 4.19232761859894 0
3.388040888588 4.19232761859894 0
3.3911962942093 4.19232761859894 0
3.39435463857454 4.19232761859894 0
3.39751592442068 4.19232761859894 0
3.40068015448723 4.19232761859894 0
3.40384733151625 4.19232761859894 0
3.40701745825235 4.19232761859894 0
3.4101905374427 4.19232761859894 0
3.41336657183703 4.19232761859894 0
3.41654556418762 4.19232761859894 0
3.41972751724934 4.19232761859894 0
3.42291243377959 4.19232761859894 0
3.42610031653837 4.19232761859894 0
3.42929116828822 4.19232761859894 0
3.43248499179429 4.19232761859894 0
3.43568178982427 4.19232761859894 0
3.43888156514845 4.19232761859894 0
3.44208432053968 4.19232761859894 0
3.44529005877342 4.19232761859894 0
3.44849878262769 4.19232761859894 0
3.45171049488311 4.19232761859894 0
3.45492519832289 4.19232761859894 0
3.45814289573282 4.19232761859894 0
3.4613635899013 4.19232761859894 0
3.46458728361932 4.19232761859894 0
3.46781397968047 4.19232761859894 0
3.47104368088093 4.19232761859894 0
3.47427639001951 4.19232761859894 0
3.47751210989761 4.19232761859894 0
3.48075084331924 4.19232761859894 0
3.48399259309101 4.19232761859894 0
3.48723736202218 4.19232761859894 0
3.49048515292458 4.19232761859894 0
3.49373596861269 4.19232761859894 0
3.49698981190361 4.19232761859894 0
3.50024668561705 4.19232761859894 0
3.50350659257536 4.19232761859894 0
3.5067695356035 4.19232761859894 0
3.51003551752907 4.19232761859894 0
3.51330454118232 4.19232761859894 0
3.51657660939612 4.19232761859894 0
3.51985172500596 4.19232761859894 0
3.52312989085002 4.19232761859894 0
3.52641110976907 4.19232761859894 0
3.52969538460656 4.19232761859894 0
3.53298271820857 4.19232761859894 0
3.53627311342385 4.19232761859894 0
3.53956657310379 4.19232761859894 0
3.54286310010243 4.19232761859894 0
3.54616269727648 4.19232761859894 0
3.54946536748531 4.19232761859894 0
3.55277111359094 4.19232761859894 0
3.55607993845807 4.19232761859894 0
3.55939184495406 4.19232761859894 0
3.56270683594895 4.19232761859894 0
3.56602491431543 4.19232761859894 0
3.5693460829289 4.19232761859894 0
3.57267034466741 4.19232761859894 0
3.57599770241169 4.19232761859894 0
3.57932815904519 4.19232761859894 0
3.58266171745399 4.19232761859894 0
3.5859983805269 4.19232761859894 0
3.58933815115541 4.19232761859894 0
3.59268103223369 4.19232761859894 0
3.59602702665861 4.19232761859894 0
3.59937613732976 4.19232761859894 0
3.60272836714941 4.19232761859894 0
3.60608371902252 4.19232761859894 0
3.60944219585679 4.19232761859894 0
3.6128038005626 4.19232761859894 0
3.61616853605306 4.19232761859894 0
3.61953640524397 4.19232761859894 0
3.62290741105387 4.19232761859894 0
3.626281556404 4.19232761859894 0
3.62965884421833 4.19232761859894 0
3.63303927742355 4.19232761859894 0
3.63642285894909 4.19232761859894 0
3.63980959172708 4.19232761859894 0
3.64319947869239 4.19232761859894 0
3.64659252278265 4.19232761859894 0
3.6499887269382 4.19232761859894 0
3.65338809410211 4.19232761859894 0
3.65679062722021 4.19232761859894 0
3.66019632924108 4.19232761859894 0
3.66360520311602 4.19232761859894 0
3.6670172517991 4.19232761859894 0
3.67043247824714 4.19232761859894 0
3.67385088541969 4.19232761859894 0
3.67727247627909 4.19232761859894 0
3.68069725379042 4.19232761859894 0
3.68412522092152 4.19232761859894 0
3.687556380643 4.19232761859894 0
3.69099073592825 4.19232761859894 0
3.69442828975339 4.19232761859894 0
3.69786904509735 4.19232761859894 0
3.70131300494182 4.19232761859894 0
3.70476017227127 4.19232761859894 0
3.70821055007295 4.19232761859894 0
3.71166414133687 4.19232761859894 0
3.71512094905587 4.19232761859894 0
3.71858097622554 4.19232761859894 0
3.72204422584426 4.19232761859894 0
3.72551070091324 4.19232761859894 0
3.72898040443643 4.19232761859894 0
3.73245333942063 4.19232761859894 0
3.73592950887541 4.19232761859894 0
3.73940891581314 4.19232761859894 0
3.74289156324902 4.19232761859894 0
3.74637745420104 4.19232761859894 0
3.74986659168999 4.19232761859894 0
3.75335897873951 4.19232761859894 0
3.75685461837602 4.19232761859894 0
3.76035351362878 4.19232761859894 0
3.76385566752985 4.19232761859894 0
3.76736108311415 4.19232761859894 0
3.77086976341938 4.19232761859894 0
3.77438171148611 4.19232761859894 0
3.77789693035772 4.19232761859894 0
3.78141542308043 4.19232761859894 0
3.78493719270329 4.19232761859894 0
3.78846224227821 4.19232761859894 0
3.79199057485992 4.19232761859894 0
3.795522193506 4.19232761859894 0
3.79905710127689 4.19232761859894 0
3.80259530123586 4.19232761859894 0
3.80613679644905 4.19232761859894 0
3.80968158998546 4.19232761859894 0
3.81322968491693 4.19232761859894 0
3.81678108431816 4.19232761859894 0
3.82033579126674 4.19232761859894 0
3.82389380884309 4.19232761859894 0
3.82745514013054 4.19232761859894 0
3.83101978821525 4.19232761859894 0
3.83458775618629 4.19232761859894 0
3.83815904713557 4.19232761859894 0
3.84173366415793 4.19232761859894 0
3.84531161035103 4.19232761859894 0
3.84889288881547 4.19232761859894 0
3.85247750265471 4.19232761859894 0
3.85606545497511 4.19232761859894 0
3.85965674888591 4.19232761859894 0
3.86325138749925 4.19232761859894 0
3.86684937393019 4.19232761859894 0
3.87045071129667 4.19232761859894 0
3.87405540271952 4.19232761859894 0
3.87766345132252 4.19232761859894 0
3.88127486023232 4.19232761859894 0
3.88488963257849 4.19232761859894 0
3.88850777149354 4.19232761859894 0
3.89212928011286 4.19232761859894 0
3.89575416157479 4.19232761859894 0
3.89938241902057 4.19232761859894 0
3.90301405559438 4.19232761859894 0
3.90664907444333 4.19232761859894 0
3.91028747871745 4.19232761859894 0
3.91392927156972 4.19232761859894 0
3.91757445615603 4.19232761859894 0
3.92122303563523 4.19232761859894 0
3.92487501316912 4.19232761859894 0
3.92853039192242 4.19232761859894 0
3.9321891750628 4.19232761859894 0
3.93585136576091 4.19232761859894 0
3.93951696719033 4.19232761859894 0
3.94318598252758 4.19232761859894 0
3.94685841495217 4.19232761859894 0
3.95053426764656 4.19232761859894 0
3.95421354379616 4.19232761859894 0
3.95789624658937 4.19232761859894 0
3.96158237921754 4.19232761859894 0
3.96527194487501 4.19232761859894 0
3.96896494675907 4.19232761859894 0
3.97266138807001 4.19232761859894 0
3.9763612720111 4.19232761859894 0
3.98006460178858 4.19232761859894 0
3.98377138061168 4.19232761859894 0
3.98748161169262 4.19232761859894 0
3.99119529824662 4.19232761859894 0
3.99491244349189 4.19232761859894 0
3.99863305064963 4.19232761859894 0
4.00235712294404 4.19232761859894 0
4.00608466360234 4.19232761859894 0
4.00981567585473 4.19232761859894 0
4.01355016293444 4.19232761859894 0
4.0172881280777 4.19232761859894 0
4.02102957452376 4.19232761859894 0
4.02477450551488 4.19232761859894 0
4.02852292429635 4.19232761859894 0
4.03227483411647 4.19232761859894 0
4.03603023822657 4.19232761859894 0
4.03978913988101 4.19232761859894 0
4.04355154233718 4.19232761859894 0
4.04731744885551 4.19232761859894 0
4.05108686269946 4.19232761859894 0
4.05485978713552 4.19232761859894 0
4.05863622543324 4.19232761859894 0
4.06241618086521 4.19232761859894 0
4.06619965670705 4.19232761859894 0
4.06998665623746 4.19232761859894 0
4.07377718273818 4.19232761859894 0
4.07757123949399 4.19232761859894 0
4.08136882979277 4.19232761859894 0
4.08516995692541 4.19232761859894 0
4.08897462418591 4.19232761859894 0
4.09278283487131 4.19232761859894 0
4.09659459228174 4.19232761859894 0
4.10040989972039 4.19232761859894 0
4.10422876049352 4.19232761859894 0
4.10805117791049 4.19232761859894 0
4.11187715528374 4.19232761859894 0
4.11570669592877 4.19232761859894 0
4.11953980316419 4.19232761859894 0
4.1233764803117 4.19232761859894 0
4.12721673069608 4.19232761859894 0
4.13106055764522 4.19232761859894 0
4.13490796449011 4.19232761859894 0
4.13875895456483 4.19232761859894 0
4.14261353120658 4.19232761859894 0
4.14647169775565 4.19232761859894 0
4.15033345755546 4.19232761859894 0
4.15419881395253 4.19232761859894 0
4.1580677702965 4.19232761859894 0
4.16194032994013 4.19232761859894 0
4.16581649623932 4.19232761859894 0
4.16969627255306 4.19232761859894 0
4.1735796622435 4.19232761859894 0
4.1774666686759 4.19232761859894 0
4.18135729521867 4.19232761859894 0
4.18525154524334 4.19232761859894 0
4.18914942212461 4.19232761859894 0
4.19305092924029 4.19232761859894 0
4.19695606997134 4.19232761859894 0
4.2008648477019 4.19232761859894 0
4.20477726581923 4.19232761859894 0
4.20869332771375 4.19232761859894 0
4.21261303677904 4.19232761859894 0
4.21653639641186 4.19232761859894 0
4.22046341001209 4.19232761859894 0
4.22439408098283 4.19232761859894 0
4.2283284127303 4.19232761859894 0
4.23226640866393 4.19232761859894 0
4.2362080721963 4.19232761859894 0
4.24015340674319 4.19232761859894 0
4.24410241572353 4.19232761859894 0
4.24805510255947 4.19232761859894 0
4.25201147067632 4.19232761859894 0
4.2559715235026 4.19232761859894 0
4.25993526447 4.19232761859894 0
4.26390269701344 4.19232761859894 0
4.267873824571 4.19232761859894 0
4.271848650584 4.19232761859894 0
4.27582717849693 4.19232761859894 0
4.2798094117575 4.19232761859894 0
4.28379535381665 4.19232761859894 0
4.28778500812852 4.19232761859894 0
4.29177837815045 4.19232761859894 0
4.29577546734303 4.19232761859894 0
4.29977627917005 4.19232761859894 0
4.30378081709853 4.19232761859894 0
4.30778908459874 4.19232761859894 0
4.31180108514416 4.19232761859894 0
4.31581682221151 4.19232761859894 0
4.31983629928074 4.19232761859894 0
4.32385951983506 4.19232761859894 0
4.32788648736091 4.19232761859894 0
4.33191720534798 4.19232761859894 0
4.33595167728921 4.19232761859894 0
4.3399899066808 4.19232761859894 0
4.34403189702219 4.19232761859894 0
4.3480776518161 4.19232761859894 0
4.35212717456849 4.19232761859894 0
4.35618046878861 4.19232761859894 0
4.36023753798896 4.19232761859894 0
4.36429838568531 4.19232761859894 0
4.36836301539672 4.19232761859894 0
4.37243143064551 4.19232761859894 0
4.37650363495729 4.19232761859894 0
4.38057963186095 4.19232761859894 0
4.38465942488868 4.19232761859894 0
4.38874301757594 4.19232761859894 0
4.39283041346149 4.19232761859894 0
4.39692161608739 4.19232761859894 0
4.401016628999 4.19232761859894 0
4.40511545574496 4.19232761859894 0
4.40921809987725 4.19232761859894 0
4.41332456495114 4.19232761859894 0
4.4174348545252 4.19232761859894 0
4.42154897216134 4.19232761859894 0
4.42566692142476 4.19232761859894 0
4.429788705884 4.19232761859894 0
4.43391432911092 4.19232761859894 0
4.4380437946807 4.19232761859894 0
4.44217710617186 4.19232761859894 0
4.44631426716623 4.19232761859894 0
4.45045528124901 4.19232761859894 0
4.45460015200872 4.19232761859894 0
4.45874888303721 4.19232761859894 0
4.4629014779297 4.19232761859894 0
4.46705794028474 4.19232761859894 0
4.47121827370424 4.19232761859894 0
4.47538248179347 4.19232761859894 0
4.47955056816105 4.19232761859894 0
4.48372253641895 4.19232761859894 0
4.48789839018253 4.19232761859894 0
4.49207813307049 4.19232761859894 0
4.49626176870492 4.19232761859894 0
4.50044930071127 4.19232761859894 0
4.50464073271839 4.19232761859894 0
4.50883606835847 4.19232761859894 0
4.51303531126712 4.19232761859894 0
4.51723846508331 4.19232761859894 0
4.52144553344942 4.19232761859894 0
4.52565652001121 4.19232761859894 0
4.52987142841784 4.19232761859894 0
4.53409026232186 4.19232761859894 0
4.53831302537924 4.19232761859894 0
4.54253972124933 4.19232761859894 0
4.54677035359491 4.19232761859894 0
4.55100492608215 4.19232761859894 0
4.55524344238067 4.19232761859894 0
4.55948590616347 4.19232761859894 0
4.56373232110698 4.19232761859894 0
4.56798269089107 4.19232761859894 0
4.57223701919903 4.19232761859894 0
4.57649530971757 4.19232761859894 0
4.58075756613683 4.19232761859894 0
4.58502379215042 4.19232761859894 0
4.58929399145536 4.19232761859894 0
4.59356816775211 4.19232761859894 0
4.5978463247446 4.19232761859894 0
4.60212846614018 4.19232761859894 0
4.60641459564969 4.19232761859894 0
4.61070471698739 4.19232761859894 0
4.61499883387103 4.19232761859894 0
4.61929695002179 4.19232761859894 0
4.62359906916434 4.19232761859894 0
4.62790519502682 4.19232761859894 0
4.63221533134082 4.19232761859894 0
4.63652948184143 4.19232761859894 0
4.6408476502672 4.19232761859894 0
4.64516984036017 4.19232761859894 0
4.64949605586587 4.19232761859894 0
4.65382630053331 4.19232761859894 0
4.658160578115 4.19232761859894 0
4.66249889236693 4.19232761859894 0
4.66684124704861 4.19232761859894 0
4.67118764592303 4.19232761859894 0
4.6755380927567 4.19232761859894 0
4.67989259131962 4.19232761859894 0
4.68425114538532 4.19232761859894 0
4.68861375873084 4.19232761859894 0
4.69298043513673 4.19232761859894 0
4.69735117838707 4.19232761859894 0
4.70172599226946 4.19232761859894 0
4.70610488057503 4.19232761859894 0
4.71048784709843 4.19232761859894 0
4.71487489563785 4.19232761859894 0
4.71926602999503 4.19232761859894 0
4.72366125397524 4.19232761859894 0
4.72806057138729 4.19232761859894 0
4.73246398604355 4.19232761859894 0
4.73687150175992 4.19232761859894 0
4.74128312235587 4.19232761859894 0
4.74569885165442 4.19232761859894 0
4.75011869348217 4.19232761859894 0
4.75454265166926 4.19232761859894 0
4.75897073004939 4.19232761859894 0
4.76340293245987 4.19232761859894 0
4.76783926274155 4.19232761859894 0
4.77227972473885 4.19232761859894 0
4.77672432229981 4.19232761859894 0
4.78117305927603 4.19232761859894 0
4.78562593952268 4.19232761859894 0
4.79008296689855 4.19232761859894 0
4.79454414526601 4.19232761859894 0
4.79900947849103 4.19232761859894 0
4.80347897044317 4.19232761859894 0
4.80795262499563 4.19232761859894 0
4.81243044602516 4.19232761859894 0
4.81691243741217 4.19232761859894 0
4.82139860304067 4.19232761859894 0
4.82588894679826 4.19232761859894 0
4.83038347257621 4.19232761859894 0
4.83488218426937 4.19232761859894 0
4.83938508577624 4.19232761859894 0
4.84389218099894 4.19232761859894 0
4.84840347384324 4.19232761859894 0
4.85291896821854 4.19232761859894 0
4.85743866803787 4.19232761859894 0
4.86196257721791 4.19232761859894 0
4.866490699679 4.19232761859894 0
4.87102303934511 4.19232761859894 0
4.87555960014389 4.19232761859894 0
4.88010038600662 4.19232761859894 0
4.88464540086827 4.19232761859894 0
4.88919464866745 4.19232761859894 0
4.89374813334646 4.19232761859894 0
4.89830585885125 4.19232761859894 0
4.90286782913145 4.19232761859894 0
4.90743404814039 4.19232761859894 0
4.91200451983505 4.19232761859894 0
4.91657924817612 4.19232761859894 0
4.92115823712797 4.19232761859894 0
4.92574149065866 4.19232761859894 0
4.93032901273994 4.19232761859894 0
4.93492080734728 4.19232761859894 0
4.93951687845982 4.19232761859894 0
4.94411723006044 4.19232761859894 0
4.94872186613572 4.19232761859894 0
4.95333079067593 4.19232761859894 0
4.95794400767508 4.19232761859894 0
4.96256152113089 4.19232761859894 0
4.96718333504481 4.19232761859894 0
4.97180945342202 4.19232761859894 0
4.97643988027141 4.19232761859894 0
4.98107461960562 4.19232761859894 0
4.98571367544103 4.19232761859894 0
4.99035705179775 4.19232761859894 0
4.99500475269964 4.19232761859894 0
4.99965678217431 4.19232761859894 0
5.0043131442531 4.19232761859894 0
5.00897384297115 4.19232761859894 0
5.0136388823673 4.19232761859894 0
5.0183082664842 4.19232761859894 0
5.02298199936824 4.19232761859894 0
5.02766008506959 4.19232761859894 0
5.03234252764218 4.19232761859894 0
5.03702933114373 4.19232761859894 0
5.04172049963573 4.19232761859894 0
5.04641603718344 4.19232761859894 0
5.05111594785594 4.19232761859894 0
5.05582023572608 4.19232761859894 0
5.06052890487048 4.19232761859894 0
5.06524195936961 4.19232761859894 0
5.06995940330768 4.19232761859894 0
5.07468124077276 4.19232761859894 0
5.07940747585669 4.19232761859894 0
5.08413811265514 4.19232761859894 0
5.08887315526757 4.19232761859894 0
5.09361260779729 4.19232761859894 0
5.09835647435141 4.19232761859894 0
5.10310475904087 4.19232761859894 0
5.10785746598044 4.19232761859894 0
5.11261459928873 4.19232761859894 0
5.11737616308817 4.19232761859894 0
5.12214216150504 4.19232761859894 0
5.12691259866947 4.19232761859894 0
5.13168747871541 4.19232761859894 0
5.13646680578068 4.19232761859894 0
5.14125058400696 4.19232761859894 0
5.14603881753977 4.19232761859894 0
5.15083151052851 4.19232761859894 0
5.15562866712642 4.19232761859894 0
5.16043029149063 4.19232761859894 0
5.16523638778213 4.19232761859894 0
5.17004696016578 4.19232761859894 0
5.17486201281035 4.19232761859894 0
5.17968154988845 4.19232761859894 0
5.1845055755766 4.19232761859894 0
5.18933409405521 4.19232761859894 0
5.19416710950857 4.19232761859894 0
5.19900462612489 4.19232761859894 0
5.20384664809625 4.19232761859894 0
5.20869317961867 4.19232761859894 0
5.21354422489205 4.19232761859894 0
5.2183997881202 4.19232761859894 0
5.22325987351087 4.19232761859894 0
5.22812448527571 4.19232761859894 0
5.23299362763029 4.19232761859894 0
5.23786730479413 4.19232761859894 0
5.24274552099064 4.19232761859894 0
5.2476282804472 4.19232761859894 0
5.25251558739511 4.19232761859894 0
5.25740744606962 4.19232761859894 0
5.26230386070991 4.19232761859894 0
5.26720483555912 4.19232761859894 0
5.27211037486434 4.19232761859894 0
5.27702048287661 4.19232761859894 0
5.28193516385093 4.19232761859894 0
5.28685442204628 4.19232761859894 0
5.29177826172558 4.19232761859894 0
5.29670668715573 4.19232761859894 0
5.30163970260761 4.19232761859894 0
5.30657731235608 4.19232761859894 0
5.31151952067997 4.19232761859894 0
5.31646633186211 4.19232761859894 0
5.32141775018929 4.19232761859894 0
5.32637377995232 4.19232761859894 0
5.33133442544601 4.19232761859894 0
5.33629969096914 4.19232761859894 0
5.34126958082453 4.19232761859894 0
5.34624409931897 4.19232761859894 0
5.35122325076329 4.19232761859894 0
5.35620703947232 4.19232761859894 0
5.36119546976492 4.19232761859894 0
5.36618854596395 4.19232761859894 0
5.37118627239633 4.19232761859894 0
5.37618865339299 4.19232761859894 0
5.38119569328888 4.19232761859894 0
5.38620739642302 4.19232761859894 0
5.39122376713843 4.19232761859894 0
5.39624480978223 4.19232761859894 0
5.40127052870552 4.19232761859894 0
5.40630092826352 4.19232761859894 0
5.41133601281546 4.19232761859894 0
5.41637578672465 4.19232761859894 0
5.42142025435846 4.19232761859894 0
5.42646942008832 4.19232761859894 0
5.43152328828974 4.19232761859894 0
5.43658186334231 4.19232761859894 0
5.44164514962968 4.19232761859894 0
5.4467131515396 4.19232761859894 0
5.4517858734639 4.19232761859894 0
5.4568633197985 4.19232761859894 0
5.46194549494342 4.19232761859894 0
5.46703240330277 4.19232761859894 0
5.47212404928476 4.19232761859894 0
5.47722043730172 4.19232761859894 0
5.48232157177006 4.19232761859894 0
5.48742745711035 4.19232761859894 0
5.49253809774723 4.19232761859894 0
5.49765349810949 4.19232761859894 0
5.50277366263003 4.19232761859894 0
5.50789859574588 4.19232761859894 0
5.51302830189822 4.19232761859894 0
5.51816278553234 4.19232761859894 0
5.52330205109769 4.19232761859894 0
5.52844610304785 4.19232761859894 0
5.53359494584056 4.19232761859894 0
5.53874858393769 4.19232761859894 0
5.54390702180531 4.19232761859894 0
5.5490702639136 4.19232761859894 0
5.55423831473692 4.19232761859894 0
5.55941117875382 4.19232761859894 0
5.56458886044699 4.19232761859894 0
5.56977136430331 4.19232761859894 0
5.57495869481383 4.19232761859894 0
5.58015085647379 4.19232761859894 0
5.58534785378263 4.19232761859894 0
5.59054969124395 4.19232761859894 0
5.59575637336556 4.19232761859894 0
5.60096790465947 4.19232761859894 0
5.6061842896419 4.19232761859894 0
5.61140553283325 4.19232761859894 0
5.61663163875816 4.19232761859894 0
5.62186261194547 4.19232761859894 0
5.62709845692823 4.19232761859894 0
5.63233917824372 4.19232761859894 0
5.63758478043346 4.19232761859894 0
5.64283526804317 4.19232761859894 0
5.64809064562283 4.19232761859894 0
5.65335091772663 4.19232761859894 0
5.65861608891304 4.19232761859894 0
5.66388616374474 4.19232761859894 0
5.66916114678868 4.19232761859894 0
5.67444104261606 4.19232761859894 0
5.67972585580232 4.19232761859894 0
5.68501559092718 4.19232761859894 0
5.69031025257462 4.19232761859894 0
5.6956098453329 4.19232761859894 0
5.70091437379453 4.19232761859894 0
5.70622384255632 4.19232761859894 0
5.71153825621934 4.19232761859894 0
5.71685761938896 4.19232761859894 0
5.72218193667485 4.19232761859894 0
5.72751121269093 4.19232761859894 0
5.73284545205547 4.19232761859894 0
5.73818465939101 4.19232761859894 0
5.7435288393244 4.19232761859894 0
5.7488779964868 4.19232761859894 0
5.75423213551368 4.19232761859894 0
5.75959126104485 4.19232761859894 0
5.7649553777244 4.19232761859894 0
5.77032449020078 4.19232761859894 0
5.77569860312676 4.19232761859894 0
5.78107772115943 4.19232761859894 0
5.78646184896023 4.19232761859894 0
5.79185099119495 4.19232761859894 0
5.7972451525337 4.19232761859894 0
5.80264433765097 4.19232761859894 0
5.80804855122557 4.19232761859894 0
5.8134577979407 4.19232761859894 0
5.8188720824839 4.19232761859894 0
5.82429140954708 4.19232761859894 0
5.82971578382652 4.19232761859894 0
5.83514521002289 4.19232761859894 0
5.84057969284121 4.19232761859894 0
5.8460192369909 4.19232761859894 0
5.85146384718576 4.19232761859894 0
5.85691352814399 4.19232761859894 0
5.86236828458817 4.19232761859894 0
5.86782812124528 4.19232761859894 0
5.87329304284672 4.19232761859894 0
5.87876305412827 4.19232761859894 0
5.88423815983014 4.19232761859894 0
5.88971836469695 4.19232761859894 0
5.89520367347773 4.19232761859894 0
5.90069409092595 4.19232761859894 0
5.9061896217995 4.19232761859894 0
5.91169027086069 4.19232761859894 0
5.91719604287627 4.19232761859894 0
5.92270694261745 4.19232761859894 0
5.92822297485986 4.19232761859894 0
5.93374414438357 4.19232761859894 0
5.93927045597314 4.19232761859894 0
5.94480191441755 4.19232761859894 0
5.95033852451026 4.19232761859894 0
5.95588029104918 4.19232761859894 0
5.9614272188367 4.19232761859894 0
5.96697931267967 4.19232761859894 0
5.97253657738944 4.19232761859894 0
5.97809901778182 4.19232761859894 0
5.98366663867711 4.19232761859894 0
5.98923944490009 4.19232761859894 0
5.99481744128006 4.19232761859894 0
6.0004006326508 4.19232761859894 0
6.00598902385059 4.19232761859894 0
6.01158261972222 4.19232761859894 0
6.01718142511299 4.19232761859894 0
6.02278544487471 4.19232761859894 0
6.02839468386372 4.19232761859894 0
6.03400914694088 4.19232761859894 0
6.03962883897156 4.19232761859894 0
6.04525376482568 4.19232761859894 0
6.0508839293777 4.19232761859894 0
6.05651933750659 4.19232761859894 0
6.06215999409591 4.19232761859894 0
6.06780590403372 4.19232761859894 0
6.07345707221266 4.19232761859894 0
6.07911350352992 4.19232761859894 0
6.08477520288726 4.19232761859894 0
6.09044217519098 4.19232761859894 0
6.09611442535199 4.19232761859894 0
6.10179195828574 4.19232761859894 0
6.10747477891226 4.19232761859894 0
6.11316289215618 4.19232761859894 0
6.1188563029467 4.19232761859894 0
6.12455501621763 4.19232761859894 0
6.13025903690735 4.19232761859894 0
6.13596836995885 4.19232761859894 0
6.14168302031974 4.19232761859894 0
6.14740299294222 4.19232761859894 0
6.1531282927831 4.19232761859894 0
6.15885892480381 4.19232761859894 0
6.1645948939704 4.19232761859894 0
6.17033620525356 4.19232761859894 0
6.1760828636286 4.19232761859894 0
6.18183487407544 4.19232761859894 0
6.18759224157868 4.19232761859894 0
6.19335497112753 4.19232761859894 0
6.19912306771586 4.19232761859894 0
6.2048965363422 4.19232761859894 0
6.2106753820097 4.19232761859894 0
6.21645960972621 4.19232761859894 0
6.22224922450423 4.19232761859894 0
6.22804423136093 4.19232761859894 0
6.23384463531813 4.19232761859894 0
6.23965044140236 4.19232761859894 0
6.24546165464481 4.19232761859894 0
6.25127828008137 4.19232761859894 0
6.25710032275262 4.19232761859894 0
6.2629277877038 4.19232761859894 0
6.26876067998491 4.19232761859894 0
6.27459900465059 4.19232761859894 0
6.28044276676024 4.19232761859894 0
6.28629197137794 4.19232761859894 0
6.29214662357249 4.19232761859894 0
6.29800672841743 4.19232761859894 0
6.303872290991 4.19232761859894 0
6.30974331637618 4.19232761859894 0
6.3156198096607 4.19232761859894 0
6.32150177593699 4.19232761859894 0
6.32738922030227 4.19232761859894 0
6.33328214785847 4.19232761859894 0
6.33918056371228 4.19232761859894 0
6.34508447297516 4.19232761859894 0
6.35099388076333 4.19232761859894 0
6.35690879219775 4.19232761859894 0
6.36282921240417 4.19232761859894 0
6.36875514651312 4.19232761859894 0
6.37468659965988 4.19232761859894 0
6.38062357698454 4.19232761859894 0
6.38656608363198 4.19232761859894 0
6.39251412475184 4.19232761859894 0
6.39846770549858 4.19232761859894 0
6.40442683103146 4.19232761859894 0
6.41039150651454 4.19232761859894 0
6.41636173711669 4.19232761859894 0
6.42233752801159 4.19232761859894 0
6.42831888437775 4.19232761859894 0
6.43430581139849 4.19232761859894 0
6.44029831426197 4.19232761859894 0
6.44629639816116 4.19232761859894 0
6.4523000682939 4.19232761859894 0
6.45830932986284 4.19232761859894 0
6.4643241880755 4.19232761859894 0
6.47034464814422 4.19232761859894 0
6.47637071528623 4.19232761859894 0
6.48240239472359 4.19232761859894 0
6.48843969168323 4.19232761859894 0
6.49448261139697 4.19232761859894 0
6.50053115910147 4.19232761859894 0
6.50658534003829 4.19232761859894 0
6.51264515945386 4.19232761859894 0
6.51871062259951 4.19232761859894 0
6.52478173473143 4.19232761859894 0
6.53085850111075 4.19232761859894 0
6.53694092700346 4.19232761859894 0
6.54302901768048 4.19232761859894 0
6.54912277841762 4.19232761859894 0
6.55522221449562 4.19232761859894 0
6.56132733120013 4.19232761859894 0
6.56743813382172 4.19232761859894 0
6.5735546276559 4.19232761859894 0
6.57967681800309 4.19232761859894 0
6.58580471016868 4.19232761859894 0
6.59193830946296 4.19232761859894 0
6.59807762120119 4.19232761859894 0
6.60422265070359 4.19232761859894 0
6.61037340329531 4.19232761859894 0
6.61652988430648 4.19232761859894 0
6.62269209907217 4.19232761859894 0
6.62886005293245 4.19232761859894 0
6.63503375123233 4.19232761859894 0
6.64121319932184 4.19232761859894 0
6.64739840255594 4.19232761859894 0
6.65358936629463 4.19232761859894 0
6.65978609590286 4.19232761859894 0
6.6659885967506 4.19232761859894 0
6.67219687421282 4.19232761859894 0
6.67841093366949 4.19232761859894 0
6.68463078050558 4.19232761859894 0
6.6908564201111 4.19232761859894 0
6.69708785788106 4.19232761859894 0
6.70332509921551 4.19232761859894 0
6.70956814951951 4.19232761859894 0
6.71581701420316 4.19232761859894 0
6.72207169868162 4.19232761859894 0
6.72833220837506 4.19232761859894 0
6.73459854870873 4.19232761859894 0
6.74087072511291 4.19232761859894 0
6.74714874302293 4.19232761859894 0
6.75343260787923 4.19232761859894 0
6.75972232512725 4.19232761859894 0
6.76601790021755 4.19232761859894 0
6.77231933860576 4.19232761859894 0
6.77862664575256 4.19232761859894 0
6.78493982712376 4.19232761859894 0
6.79125888819023 4.19232761859894 0
6.79758383442794 4.19232761859894 0
6.80391467131797 4.19232761859894 0
6.8102514043465 4.19232761859894 0
6.81659403900481 4.19232761859894 0
6.8229425807893 4.19232761859894 0
6.82929703520151 4.19232761859894 0
6.83565740774807 4.19232761859894 0
6.84202370394075 4.19232761859894 0
6.84839592929647 4.19232761859894 0
6.85477408933727 4.19232761859894 0
6.86115818959033 4.19232761859894 0
6.867548235588 4.19232761859894 0
6.87394423286775 4.19232761859894 0
6.88034618697225 4.19232761859894 0
6.88675410344928 4.19232761859894 0
6.89316798785183 4.19232761859894 0
6.89958784573805 4.19232761859894 0
6.90601368267125 4.19232761859894 0
6.91244550421994 4.19232761859894 0
6.91888331595781 4.19232761859894 0
6.92532712346374 4.19232761859894 0
6.93177693232181 4.19232761859894 0
6.93823274812129 4.19232761859894 0
6.94469457645667 4.19232761859894 0
6.95116242292764 4.19232761859894 0
6.9576362931391 4.19232761859894 0
6.9641161927012 4.19232761859894 0
6.97060212722927 4.19232761859894 0
6.97709410234391 4.19232761859894 0
6.98359212367094 4.19232761859894 0
6.9900961968414 4.19232761859894 0
6.9966063274916 4.19232761859894 0
7.00312252126309 4.19232761859894 0
7.00964478380268 4.19232761859894 0
7.01617312076243 4.19232761859894 0
7.02270753779967 4.19232761859894 0
7.029248040577 4.19232761859894 0
7.03579463476228 4.19232761859894 0
7.04234732602867 4.19232761859894 0
7.04890612005461 4.19232761859894 0
7.0554710225238 4.19232761859894 0
7.06204203912528 4.19232761859894 0
7.06861917555334 4.19232761859894 0
7.07520243750761 4.19232761859894 0
7.08179183069302 4.19232761859894 0
7.08838736081979 4.19232761859894 0
7.0949890336035 4.19232761859894 0
7.10159685476501 4.19232761859894 0
7.10821083003054 4.19232761859894 0
7.11483096513162 4.19232761859894 0
7.12145726580514 4.19232761859894 0
7.12808973779332 4.19232761859894 0
7.13472838684373 4.19232761859894 0
7.14137321870928 4.19232761859894 0
7.14802423914826 4.19232761859894 0
7.15468145392431 4.19232761859894 0
7.16134486880645 4.19232761859894 0
7.16801448956906 4.19232761859894 0
7.1746903219919 4.19232761859894 0
7.18137237186011 4.19232761859894 0
7.18806064496423 4.19232761859894 0
7.19475514710019 4.19232761859894 0
7.2014558840693 4.19232761859894 0
7.2081628616783 4.19232761859894 0
7.21487608573931 4.19232761859894 0
7.22159556206989 4.19232761859894 0
7.22832129649301 4.19232761859894 0
7.23505329483705 4.19232761859894 0
7.24179156293582 4.19232761859894 0
7.24853610662859 4.19232761859894 0
7.25528693176003 4.19232761859894 0
7.26204404418029 4.19232761859894 0
7.26880744974493 4.19232761859894 0
7.27557715431501 4.19232761859894 0
7.28235316375699 4.19232761859894 0
7.28913548394286 4.19232761859894 0
7.29592412075002 4.19232761859894 0
7.30271908006138 4.19232761859894 0
7.30952036776532 4.19232761859894 0
7.31632798975569 4.19232761859894 0
7.32314195193186 4.19232761859894 0
7.32996226019866 4.19232761859894 0
7.33678892046643 4.19232761859894 0
7.34362193865104 4.19232761859894 0
7.35046132067384 4.19232761859894 0
7.3573070724617 4.19232761859894 0
7.36415919994702 4.19232761859894 0
7.3710177090677 4.19232761859894 0
7.37788260576722 4.19232761859894 0
7.38475389599454 4.19232761859894 0
7.39163158570419 4.19232761859894 0
7.39851568085625 4.19232761859894 0
7.40540618741633 4.19232761859894 0
7.41230311135561 4.19232761859894 0
7.41920645865084 4.19232761859894 0
7.4261162352843 4.19232761859894 0
7.4330324472439 4.19232761859894 0
7.43995510052306 4.19232761859894 0
7.44688420112083 4.19232761859894 0
7.45381975504184 4.19232761859894 0
7.46076176829629 4.19232761859894 0
7.4677102469 4.19232761859894 0
7.47466519687438 4.19232761859894 0
7.48162662424647 4.19232761859894 0
7.48859453504888 4.19232761859894 0
7.49556893531987 4.19232761859894 0
7.50254983110333 4.19232761859894 0
7.50953722844877 4.19232761859894 0
7.51653113341131 4.19232761859894 0
7.52353155205175 4.19232761859894 0
7.5305384904365 4.19232761859894 0
7.53755195463765 4.19232761859894 0
7.54457195073291 4.19232761859894 0
7.55159848480569 4.19232761859894 0
7.55863156294504 4.19232761859894 0
7.56567119124568 4.19232761859894 0
7.57271737580802 4.19232761859894 0
7.57977012273815 4.19232761859894 0
7.58682943814783 4.19232761859894 0
7.59389532815453 4.19232761859894 0
7.60096779888141 4.19232761859894 0
7.60804685645734 4.19232761859894 0
7.61513250701687 4.19232761859894 0
7.62222475670032 4.19232761859894 0
7.62932361165366 4.19232761859894 0
7.63642907802864 4.19232761859894 0
7.64354116198271 4.19232761859894 0
7.65065986967906 4.19232761859894 0
7.65778520728663 4.19232761859894 0
7.66491718098009 4.19232761859894 0
7.67205579693986 4.19232761859894 0
7.67920106135215 4.19232761859894 0
7.68635298040887 4.19232761859894 0
7.69351156030776 4.19232761859894 0
7.7006768072523 4.19232761859894 0
7.70784872745174 4.19232761859894 0
7.71502732712114 4.19232761859894 0
7.72221261248132 4.19232761859894 0
7.72940458975892 4.19232761859894 0
7.73660326518635 4.19232761859894 0
7.74380864500185 4.19232761859894 0
7.75102073544946 4.19232761859894 0
7.75823954277904 4.19232761859894 0
7.76546507324625 4.19232761859894 0
7.77269733311261 4.19232761859894 0
7.77993632864545 4.19232761859894 0
7.78718206611793 4.19232761859894 0
7.79443455180908 4.19232761859894 0
7.80169379200375 4.19232761859894 0
7.80895979299265 4.19232761859894 0
7.81623256107237 4.19232761859894 0
7.82351210254534 4.19232761859894 0
7.83079842371986 4.19232761859894 0
7.83809153091012 4.19232761859894 0
7.84539143043619 4.19232761859894 0
7.852698128624 4.19232761859894 0
7.86001163180541 4.19232761859894 0
7.86733194631814 4.19232761859894 0
7.87465907850585 4.19232761859894 0
7.88199303471807 4.19232761859894 0
7.88933382131027 4.19232761859894 0
7.89668144464384 4.19232761859894 0
7.90403591108607 4.19232761859894 0
7.91139722701021 4.19232761859894 0
7.91876539879542 4.19232761859894 0
7.92614043282681 4.19232761859894 0
7.93352233549546 4.19232761859894 0
7.94091111319836 4.19232761859894 0
7.94830677233849 4.19232761859894 0
7.95570931932478 4.19232761859894 0
7.96311876057213 4.19232761859894 0
7.97053510250142 4.19232761859894 0
7.9779583515395 4.19232761859894 0
7.98538851411921 4.19232761859894 0
7.99282559667939 4.19232761859894 0
8.00026960566488 4.19232761859894 0
8.00772054752648 4.19232761859894 0
8.01517842872106 4.19232761859894 0
8.02264325571145 4.19232761859894 0
8.03011503496654 4.19232761859894 0
8.03759377296122 4.19232761859894 0
8.04507947617642 4.19232761859894 0
8.05257215109909 4.19232761859894 0
8.06007180422225 4.19232761859894 0
8.06757844204494 4.19232761859894 0
8.07509207107228 4.19232761859894 0
8.08261269781542 4.19232761859894 0
8.09014032879159 4.19232761859894 0
8.09767497052409 4.19232761859894 0
8.10521662954228 4.19232761859894 0
8.11276531238163 4.19232761859894 0
8.12032102558368 4.19232761859894 0
8.12788377569604 4.19232761859894 0
8.13545356927247 4.19232761859894 0
8.14303041287278 4.19232761859894 0
8.15061431306293 4.19232761859894 0
8.15820527641496 4.19232761859894 0
8.16580330950707 4.19232761859894 0
8.17340841892355 4.19232761859894 0
8.18102061125485 4.19232761859894 0
8.18863989309754 4.19232761859894 0
8.19626627105435 4.19232761859894 0
8.20389975173413 4.19232761859894 0
8.21154034175191 4.19232761859894 0
8.21918804772888 4.19232761859894 0
8.22684287629239 4.19232761859894 0
8.23450483407597 4.19232761859894 0
8.24217392771931 4.19232761859894 0
8.24985016386831 4.19232761859894 0
8.25753354917502 4.19232761859894 0
8.26522409029774 4.19232761859894 0
8.27292179390092 4.19232761859894 0
8.28062666665526 4.19232761859894 0
8.28833871523762 4.19232761859894 0
8.29605794633114 4.19232761859894 0
8.30378436662513 4.19232761859894 0
8.31151798281517 4.19232761859894 0
8.31925880160305 4.19232761859894 0
8.32700682969682 4.19232761859894 0
8.33476207381076 4.19232761859894 0
8.34252454066542 4.19232761859894 0
8.35029423698759 4.19232761859894 0
8.35807116951035 4.19232761859894 0
8.36585534497302 4.19232761859894 0
8.37364677012123 4.19232761859894 0
8.38144545170687 4.19232761859894 0
8.38925139648811 4.19232761859894 0
8.39706461122945 4.19232761859894 0
8.40488510270165 4.19232761859894 0
8.41271287768181 4.19232761859894 0
8.42054794295331 4.19232761859894 0
8.42839030530587 4.19232761859894 0
8.43623997153554 4.19232761859894 0
8.44409694844466 4.19232761859894 0
8.45196124284195 4.19232761859894 0
8.45983286154245 4.19232761859894 0
8.46771181136754 4.19232761859894 0
8.47559809914498 4.19232761859894 0
8.48349173170885 4.19232761859894 0
8.49139271589964 4.19232761859894 0
8.49930105856417 4.19232761859894 0
8.50721676655567 4.19232761859894 0
8.51513984673372 4.19232761859894 0
8.52307030596431 4.19232761859894 0
8.53100815111982 4.19232761859894 0
8.53895338907904 4.19232761859894 0
8.54690602672714 4.19232761859894 0
8.55486607095574 4.19232761859894 0
8.56283352866284 4.19232761859894 0
8.57080840675289 4.19232761859894 0
8.57879071213675 4.19232761859894 0
8.58678045173175 4.19232761859894 0
8.59477763246163 4.19232761859894 0
8.60278226125659 4.19232761859894 0
8.61079434505327 4.19232761859894 0
8.61881389079481 4.19232761859894 0
8.62684090543077 4.19232761859894 0
8.63487539591722 4.19232761859894 0
8.64291736921667 4.19232761859894 0
8.65096683229816 4.19232761859894 0
8.65902379213717 4.19232761859894 0
8.66708825571573 4.19232761859894 0
8.67516023002232 4.19232761859894 0
8.68323972205197 4.19232761859894 0
8.69132673880621 4.19232761859894 0
8.69942128729308 4.19232761859894 0
8.70752337452715 4.19232761859894 0
8.71563300752956 4.19232761859894 0
8.72375019332792 4.19232761859894 0
8.73187493895645 4.19232761859894 0
8.74000725145588 4.19232761859894 0
8.74814713787353 4.19232761859894 0
8.75629460526324 4.19232761859894 0
8.76444966068546 4.19232761859894 0
8.7726123112072 4.19232761859894 0
8.78078256390205 4.19232761859894 0
8.7889604258502 4.19232761859894 0
8.79714590413841 4.19232761859894 0
8.80533900586005 4.19232761859894 0
8.81353973811512 4.19232761859894 0
8.8217481080102 4.19232761859894 0
8.8299641226585 4.19232761859894 0
8.83818778917987 4.19232761859894 0
8.84641911470077 4.19232761859894 0
8.85465810635429 4.19232761859894 0
8.8629047712802 4.19232761859894 0
8.87115911662489 4.19232761859894 0
8.87942114954141 4.19232761859894 0
8.88769087718948 4.19232761859894 0
8.89596830673548 4.19232761859894 0
8.90425344535246 4.19232761859894 0
8.91254630022017 4.19232761859894 0
8.92084687852504 4.19232761859894 0
8.92915518746017 4.19232761859894 0
8.93747123422538 4.19232761859894 0
8.9457950260272 4.19232761859894 0
8.95412657007887 4.19232761859894 0
8.96246587360032 4.19232761859894 0
8.97081294381825 4.19232761859894 0
8.97916778796606 4.19232761859894 0
8.98753041328388 4.19232761859894 0
8.99590082701861 4.19232761859894 0
9.00427903642389 4.19232761859894 0
9.01266504876009 4.19232761859894 0
9.02105887129439 4.19232761859894 0
9.02946051130069 4.19232761859894 0
9.0378699760597 4.19232761859894 0
9.04628727285888 4.19232761859894 0
9.05471240899251 4.19232761859894 0
9.06314539176164 4.19232761859894 0
9.07158622847413 4.19232761859894 0
9.08003492644464 4.19232761859894 0
9.08849149299465 4.19232761859894 0
9.09695593545245 4.19232761859894 0
9.10542826115315 4.19232761859894 0
9.11390847743872 4.19232761859894 0
9.12239659165794 4.19232761859894 0
9.13089261116644 4.19232761859894 0
9.1393965433267 4.19232761859894 0
9.14790839550806 4.19232761859894 0
9.15642817508674 4.19232761859894 0
9.1649558894458 4.19232761859894 0
9.17349154597518 4.19232761859894 0
9.18203515207174 4.19232761859894 0
9.19058671513917 4.19232761859894 0
9.1991462425881 4.19232761859894 0
9.20771374183606 4.19232761859894 0
9.21628922030745 4.19232761859894 0
9.22487268543363 4.19232761859894 0
9.23346414465286 4.19232761859894 0
9.24206360541032 4.19232761859894 0
9.25067107515815 4.19232761859894 0
9.25928656135539 4.19232761859894 0
9.26791007146808 4.19232761859894 0
9.27654161296915 4.19232761859894 0
9.28518119333856 4.19232761859894 0
9.29382882006317 4.19232761859894 0
9.30248450063686 4.19232761859894 0
9.31114824256046 4.19232761859894 0
9.31982005334182 4.19232761859894 0
9.32849994049573 4.19232761859894 0
9.33718791154404 4.19232761859894 0
9.34588397401555 4.19232761859894 0
9.35458813544611 4.19232761859894 0
9.36330040337858 4.19232761859894 0
9.37202078536282 4.19232761859894 0
9.38074928895576 4.19232761859894 0
9.38948592172133 4.19232761859894 0
9.39823069123055 4.19232761859894 0
9.40698360506145 4.19232761859894 0
9.41574467079913 4.19232761859894 0
9.42451389603576 4.19232761859894 0
9.43329128837059 4.19232761859894 0
9.44207685540991 4.19232761859894 0
9.45087060476715 4.19232761859894 0
9.45967254406277 4.19232761859894 0
9.46848268092438 4.19232761859894 0
9.47730102298665 4.19232761859894 0
9.48612757789141 4.19232761859894 0
9.49496235328755 4.19232761859894 0
9.50380535683114 4.19232761859894 0
9.51265659618532 4.19232761859894 0
9.52151607902043 4.19232761859894 0
9.53038381301391 4.19232761859894 0
9.53925980585036 4.19232761859894 0
9.54814406522155 4.19232761859894 0
9.5570365988264 4.19232761859894 0
9.565937414371 4.19232761859894 0
9.57484651956863 4.19232761859894 0
9.58376392213973 4.19232761859894 0
9.59268962981197 4.19232761859894 0
9.60162365032017 4.19232761859894 0
9.6105659914064 4.19232761859894 0
9.61951666081989 4.19232761859894 0
9.62847566631713 4.19232761859894 0
9.63744301566181 4.19232761859894 0
9.64641871662486 4.19232761859894 0
9.65540277698445 4.19232761859894 0
9.66439520452599 4.19232761859894 0
9.67339600704213 4.19232761859894 0
9.68240519233281 4.19232761859894 0
9.69142276820519 4.19232761859894 0
9.70044874247373 4.19232761859894 0
9.70948312296018 4.19232761859894 0
9.71852591749352 4.19232761859894 0
9.7275771339101 4.19232761859894 0
9.73663678005349 4.19232761859894 0
9.74570486377462 4.19232761859894 0
9.7547813929317 4.19232761859894 0
9.76386637539029 4.19232761859894 0
9.77295981902324 4.19232761859894 0
9.78206173171076 4.19232761859894 0
9.79117212134038 4.19232761859894 0
9.80029099580699 4.19232761859894 0
9.80941836301283 4.19232761859894 0
9.81855423086749 4.19232761859894 0
9.82769860728793 4.19232761859894 0
9.8368515001985 4.19232761859894 0
9.8460129175309 4.19232761859894 0
9.85518286722425 4.19232761859894 0
9.86436135722503 4.19232761859894 0
9.87354839548716 4.19232761859894 0
9.88274398997193 4.19232761859894 0
9.89194814864807 4.19232761859894 0
9.90116087949172 4.19232761859894 0
9.91038219048645 4.19232761859894 0
9.91961208962327 4.19232761859894 0
9.92885058490062 4.19232761859894 0
9.9380976843244 4.19232761859894 0
9.94735339590798 4.19232761859894 0
9.95661772767216 4.19232761859894 0
9.96589068764523 4.19232761859894 0
9.97517228386297 4.19232761859894 0
9.98446252436861 4.19232761859894 0
9.99376141721289 4.19232761859894 0
10.0030689704541 4.19232761859894 0
10.0123851921579 4.19232761859894 0
10.0217100903975 4.19232761859894 0
10.0310436732539 4.19232761859894 0
10.0403859488151 4.19232761859894 0
10.0497369251772 4.19232761859894 0
10.0590966104434 4.19232761859894 0
10.0684650127247 4.19232761859894 0
10.0778421401396 4.19232761859894 0
10.087228000814 4.19232761859894 0
10.0966226028816 4.19232761859894 0
10.1060259544836 4.19232761859894 0
10.1154380637687 4.19232761859894 0
10.1248589388933 4.19232761859894 0
10.1342885880212 4.19232761859894 0
10.1437270193242 4.19232761859894 0
10.1531742409812 4.19232761859894 0
10.1626302611792 4.19232761859894 0
10.1720950881125 4.19232761859894 0
10.1815687299831 4.19232761859894 0
10.1910511950007 4.19232761859894 0
10.2005424913826 4.19232761859894 0
10.2100426273538 4.19232761859894 0
10.2195516111469 4.19232761859894 0
10.2290694510023 4.19232761859894 0
10.2385961551678 4.19232761859894 0
10.2481317318992 4.19232761859894 0
10.2576761894598 4.19232761859894 0
10.2672295361206 4.19232761859894 0
10.2767917801604 4.19232761859894 0
10.2863629298656 4.19232761859894 0
10.2959429935304 4.19232761859894 0
10.3055319794567 4.19232761859894 0
10.3151298959541 4.19232761859894 0
10.3247367513399 4.19232761859894 0
10.3343525539394 4.19232761859894 0
10.3439773120854 4.19232761859894 0
10.3536110341184 4.19232761859894 0
10.3632537283869 4.19232761859894 0
10.372905403247 4.19232761859894 0
10.3825660670627 4.19232761859894 0
10.3922357282058 4.19232761859894 0
10.4019143950557 4.19232761859894 0
10.4116020759999 4.19232761859894 0
10.4212987794334 4.19232761859894 0
10.4310045137593 4.19232761859894 0
10.4407192873883 4.19232761859894 0
10.4504431087391 4.19232761859894 0
10.4601759862382 4.19232761859894 0
10.4699179283198 4.19232761859894 0
10.4796689434261 4.19232761859894 0
10.4894290400073 4.19232761859894 0
10.4991982265211 4.19232761859894 0
10.5089765114334 4.19232761859894 0
10.5187639032178 4.19232761859894 0
10.5285604103559 4.19232761859894 0
10.5383660413372 4.19232761859894 0
10.548180804659 4.19232761859894 0
10.5580047088267 4.19232761859894 0
10.5678377623533 4.19232761859894 0
10.5776799737601 4.19232761859894 0
10.5875313515761 4.19232761859894 0
10.5973919043383 4.19232761859894 0
10.6072616405917 4.19232761859894 0
10.6171405688892 4.19232761859894 0
10.6270286977916 4.19232761859894 0
10.6369260358679 4.19232761859894 0
10.6468325916949 4.19232761859894 0
10.6567483738574 4.19232761859894 0
10.6666733909482 4.19232761859894 0
10.6766076515682 4.19232761859894 0
10.6865511643262 4.19232761859894 0
10.6965039378389 4.19232761859894 0
10.7064659807315 4.19232761859894 0
10.7164373016366 4.19232761859894 0
10.7264179091953 4.19232761859894 0
10.7364078120566 4.19232761859894 0
10.7464070188775 4.19232761859894 0
10.7564155383232 4.19232761859894 0
10.7664333790668 4.19232761859894 0
10.7764605497896 4.19232761859894 0
10.7864970591809 4.19232761859894 0
10.7965429159382 4.19232761859894 0
10.806598128767 4.19232761859894 0
10.816662706381 4.19232761859894 0
10.826736657502 4.19232761859894 0
10.8368199908598 4.19232761859894 0
10.8469127151924 4.19232761859894 0
10.857014839246 4.19232761859894 0
10.8671263717749 4.19232761859894 0
10.8772473215416 4.19232761859894 0
10.8873776973166 4.19232761859894 0
10.8975175078789 4.19232761859894 0
10.9076667620152 4.19232761859894 0
10.9178254685208 4.19232761859894 0
10.927993636199 4.19232761859894 0
10.9381712738613 4.19232761859894 0
10.9483583903275 4.19232761859894 0
10.9585549944255 4.19232761859894 0
10.9687610949915 4.19232761859894 0
10.97897670087 4.19232761859894 0
10.9892018209134 4.19232761859894 0
10.9994364639829 4.19232761859894 0
11.0096806389473 4.19232761859894 0
11.0199343546843 4.19232761859894 0
11.0301976200794 4.19232761859894 0
11.0404704440267 4.19232761859894 0
11.0507528354282 4.19232761859894 0
11.0610448031946 4.19232761859894 0
11.0713463562446 4.19232761859894 0
11.0816575035054 4.19232761859894 0
11.0919782539124 4.19232761859894 0
11.1023086164094 4.19232761859894 0
11.1126485999484 4.19232761859894 0
11.12299821349 4.19232761859894 0
11.1333574660027 4.19232761859894 0
11.1437263664639 4.19232761859894 0
11.154104923859 4.19232761859894 0
11.1644931471817 4.19232761859894 0
11.1748910454344 4.19232761859894 0
11.1852986276277 4.19232761859894 0
11.1957159027806 4.19232761859894 0
11.2061428799204 4.19232761859894 0
11.216579568083 4.19232761859894 0
11.2270259763126 4.19232761859894 0
11.2374821136619 4.19232761859894 0
11.247947989192 4.19232761859894 0
11.2584236119723 4.19232761859894 0
11.2689089910809 4.19232761859894 0
11.2794041356041 4.19232761859894 0
11.2899090546369 4.19232761859894 0
11.3004237572826 4.19232761859894 0
11.310948252653 4.19232761859894 0
11.3214825498685 4.19232761859894 0
11.3320266580579 4.19232761859894 0
11.3425805863584 4.19232761859894 0
11.353144343916 4.19232761859894 0
11.363717939885 4.19232761859894 0
11.3743013834282 4.19232761859894 0
11.384894683717 4.19232761859894 0
11.3954978499314 4.19232761859894 0
11.4061108912599 4.19232761859894 0
11.4167338168995 4.19232761859894 0
11.4273666360558 4.19232761859894 0
11.4380093579431 4.19232761859894 0
11.4486619917842 4.19232761859894 0
11.4593245468102 4.19232761859894 0
11.4699970322614 4.19232761859894 0
11.4806794573861 4.19232761859894 0
11.4913718314416 4.19232761859894 0
11.5020741636937 4.19232761859894 0
11.5127864634168 4.19232761859894 0
11.523508739894 4.19232761859894 0
11.534241002417 4.19232761859894 0
11.5449832602862 4.19232761859894 0
11.5557355228105 4.19232761859894 0
11.5664977993077 4.19232761859894 0
11.5772700991042 4.19232761859894 0
11.5880524315351 4.19232761859894 0
11.598844805944 4.19232761859894 0
11.6096472316835 4.19232761859894 0
11.6204597181146 4.19232761859894 0
11.6312822746074 4.19232761859894 0
11.6421149105404 4.19232761859894 0
11.652957635301 4.19232761859894 0
11.6638104582852 4.19232761859894 0
11.674673388898 4.19232761859894 0
11.6855464365528 4.19232761859894 0
11.6964296106721 4.19232761859894 0
11.707322920687 4.19232761859894 0
11.7182263760375 4.19232761859894 0
11.7291399861722 4.19232761859894 0
11.7400637605488 4.19232761859894 0
11.7509977086334 4.19232761859894 0
11.7619418399013 4.19232761859894 0
11.7728961638364 4.19232761859894 0
11.7838606899315 4.19232761859894 0
11.7948354276884 4.19232761859894 0
11.8058203866173 4.19232761859894 0
11.8168155762378 4.19232761859894 0
11.827821006078 4.19232761859894 0
11.838836685675 4.19232761859894 0
11.8498626245748 4.19232761859894 0
11.8608988323323 4.19232761859894 0
11.8719453185112 4.19232761859894 0
11.8830020926841 4.19232761859894 0
11.8940691644327 4.19232761859894 0
11.9051465433474 4.19232761859894 0
11.9162342390278 4.19232761859894 0
11.9273322610821 4.19232761859894 0
11.9384406191278 4.19232761859894 0
11.949559322791 4.19232761859894 0
11.9606883817071 4.19232761859894 0
11.9718278055202 4.19232761859894 0
11.9829776038836 4.19232761859894 0
11.9941377864595 4.19232761859894 0
12.0053083629191 4.19232761859894 0
12.0164893429425 4.19232761859894 0
12.0276807362189 4.19232761859894 0
12.0388825524467 4.19232761859894 0
12.0500948013331 4.19232761859894 0
12.0613174925944 4.19232761859894 0
12.072550635956 4.19232761859894 0
12.0837942411523 4.19232761859894 0
12.0950483179267 4.19232761859894 0
12.1063128760319 4.19232761859894 0
12.1175879252295 4.19232761859894 0
12.1288734752902 4.19232761859894 0
12.1401695359939 4.19232761859894 0
12.1514761171294 4.19232761859894 0
12.1627932284949 4.19232761859894 0
12.1741208798976 4.19232761859894 0
12.1854590811537 4.19232761859894 0
12.1968078420888 4.19232761859894 0
12.2081671725374 4.19232761859894 0
12.2195370823433 4.19232761859894 0
12.2309175813594 4.19232761859894 0
12.242308679448 4.19232761859894 0
12.2537103864802 4.19232761859894 0
12.2651227123365 4.19232761859894 0
12.2765456669068 4.19232761859894 0
12.2879792600898 4.19232761859894 0
12.2994235017937 4.19232761859894 0
12.3108784019358 4.19232761859894 0
12.3223439704428 4.19232761859894 0
12.3338202172505 4.19232761859894 0
12.3453071523039 4.19232761859894 0
12.3568047855575 4.19232761859894 0
12.3683131269748 4.19232761859894 0
12.3798321865287 4.19232761859894 0
12.3913619742015 4.19232761859894 0
12.4029024999846 4.19232761859894 0
12.4144537738788 4.19232761859894 0
12.4260158058942 4.19232761859894 0
12.4375886060503 4.19232761859894 0
12.4491721843758 4.19232761859894 0
12.4607665509088 4.19232761859894 0
12.4723717156968 4.19232761859894 0
12.4839876887965 4.19232761859894 0
12.4956144802742 4.19232761859894 0
12.5072521002053 4.19232761859894 0
12.5189005586749 4.19232761859894 0
12.5305598657773 4.19232761859894 0
12.5422300316161 4.19232761859894 0
12.5539110663045 4.19232761859894 0
12.5656029799651 4.19232761859894 0
12.5773057827298 4.19232761859894 0
12.5890194847401 4.19232761859894 0
12.6007440961468 4.19232761859894 0
12.6124796271103 4.19232761859894 0
12.6242260878003 4.19232761859894 0
12.6359834883961 4.19232761859894 0
12.6477518390863 4.19232761859894 0
12.6595311500693 4.19232761859894 0
12.6713214315528 4.19232761859894 0
12.6831226937539 4.19232761859894 0
12.6949349468995 4.19232761859894 0
12.7067582012257 4.19232761859894 0
12.7185924669785 4.19232761859894 0
12.730437754413 4.19232761859894 0
12.7422940737943 4.19232761859894 0
12.7541614353967 4.19232761859894 0
12.7660398495043 4.19232761859894 0
12.7779293264107 4.19232761859894 0
12.7898298764191 4.19232761859894 0
12.8017415098423 4.19232761859894 0
12.8136642370026 4.19232761859894 0
12.825598068232 4.19232761859894 0
12.8375430138722 4.19232761859894 0
12.8494990842745 4.19232761859894 0
12.8614662897996 4.19232761859894 0
12.8734446408183 4.19232761859894 0
12.8854341477106 4.19232761859894 0
12.8974348208664 4.19232761859894 0
12.9094466706853 4.19232761859894 0
12.9214697075766 4.19232761859894 0
12.933503941959 4.19232761859894 0
12.9455493842614 4.19232761859894 0
12.957606044922 4.19232761859894 0
12.9696739343889 4.19232761859894 0
12.9817530631198 4.19232761859894 0
12.9938434415824 4.19232761859894 0
13.0059450802538 4.19232761859894 0
13.0180579896213 4.19232761859894 0
13.0301821801814 4.19232761859894 0
13.0423176624409 4.19232761859894 0
13.0544644469161 4.19232761859894 0
13.0666225441332 4.19232761859894 0
13.0787919646281 4.19232761859894 0
13.0909727189466 4.19232761859894 0
13.1031648176443 4.19232761859894 0
13.1153682712867 4.19232761859894 0
13.127583090449 4.19232761859894 0
13.1398092857164 4.19232761859894 0
13.1520468676837 4.19232761859894 0
13.164295846956 4.19232761859894 0
13.1765562341479 4.19232761859894 0
13.1888280398839 4.19232761859894 0
13.2011112747987 4.19232761859894 0
13.2134059495366 4.19232761859894 0
13.2257120747519 4.19232761859894 0
13.238029661109 4.19232761859894 0
13.2503587192819 4.19232761859894 0
13.2626992599548 4.19232761859894 0
13.2750512938217 4.19232761859894 0
13.2874148315868 4.19232761859894 0
13.2997898839639 4.19232761859894 0
13.3121764616771 4.19232761859894 0
13.3245745754603 4.19232761859894 0
13.3369842360575 4.19232761859894 0
13.3494054542226 4.19232761859894 0
13.3618382407197 4.19232761859894 0
13.3742826063228 4.19232761859894 0
13.3867385618158 4.19232761859894 0
13.3992061179929 4.19232761859894 0
13.4116852856582 4.19232761859894 0
13.424176075626 4.19232761859894 0
13.4366784987204 4.19232761859894 0
13.4491925657759 4.19232761859894 0
13.4617182876368 4.19232761859894 0
13.4742556751578 4.19232761859894 0
13.4868047392034 4.19232761859894 0
13.4993654906486 4.19232761859894 0
13.511937940378 4.19232761859894 0
13.5245220992869 4.19232761859894 0
13.5371179782803 4.19232761859894 0
13.5497255882737 4.19232761859894 0
13.5623449401924 4.19232761859894 0
13.5749760449723 4.19232761859894 0
13.5876189135592 4.19232761859894 0
13.6002735569091 4.19232761859894 0
13.6129399859882 4.19232761859894 0
13.6256182117732 4.19232761859894 0
13.6383082452506 4.19232761859894 0
13.6510100974175 4.19232761859894 0
13.6637237792809 4.19232761859894 0
13.6764493018583 4.19232761859894 0
13.6891866761775 4.19232761859894 0
13.7019359132763 4.19232761859894 0
13.714697024203 4.19232761859894 0
13.7274700200161 4.19232761859894 0
13.7402549117844 4.19232761859894 0
13.7530517105872 4.19232761859894 0
13.7658604275137 4.19232761859894 0
13.7786810736639 4.19232761859894 0
13.7915136601479 4.19232761859894 0
13.804358198086 4.19232761859894 0
13.8172146986092 4.19232761859894 0
13.8300831728586 4.19232761859894 0
13.8429636319858 4.19232761859894 0
13.8558560871527 4.19232761859894 0
13.8687605495317 4.19232761859894 0
13.8816770303055 4.19232761859894 0
13.8946055406674 4.19232761859894 0
13.9075460918208 4.19232761859894 0
13.9204986949799 4.19232761859894 0
13.9334633613691 4.19232761859894 0
13.9464401022233 4.19232761859894 0
13.9594289287879 4.19232761859894 0
13.9724298523187 4.19232761859894 0
13.9854428840822 4.19232761859894 0
13.9984680353552 4.19232761859894 0
14.0115053174249 4.19232761859894 0
14.0245547415893 4.19232761859894 0
14.0376163191567 4.19232761859894 0
14.050690061446 4.19232761859894 0
14.0637759797867 4.19232761859894 0
14.0768740855188 4.19232761859894 0
14.0899843899928 4.19232761859894 0
14.1031069045699 4.19232761859894 0
14.1162416406217 4.19232761859894 0
14.1293886095306 4.19232761859894 0
14.1425478226895 4.19232761859894 0
14.1557192915019 4.19232761859894 0
14.168903027382 4.19232761859894 0
14.1820990417544 4.19232761859894 0
14.1953073460547 4.19232761859894 0
14.2085279517288 4.19232761859894 0
14.2217608702335 4.19232761859894 0
14.2350061130361 4.19232761859894 0
14.2482636916148 4.19232761859894 0
14.2615336174583 4.19232761859894 0
14.2748159020661 4.19232761859894 0
14.2881105569482 4.19232761859894 0
14.3014175936257 4.19232761859894 0
14.31473702363 4.19232761859894 0
14.3280688585036 4.19232761859894 0
14.3414131097997 4.19232761859894 0
14.3547697890819 4.19232761859894 0
14.368138907925 4.19232761859894 0
14.3815204779145 4.19232761859894 0
14.3949145106464 4.19232761859894 0
14.4083210177278 4.19232761859894 0
14.4217400107765 4.19232761859894 0
14.4351715014212 4.19232761859894 0
14.4486155013013 4.19232761859894 0
14.4620720220672 4.19232761859894 0
14.4755410753799 4.19232761859894 0
14.4890226729115 4.19232761859894 0
14.5025168263449 4.19232761859894 0
14.5160235473739 4.19232761859894 0
14.529542847703 4.19232761859894 0
14.5430747390479 4.19232761859894 0
14.5566192331351 4.19232761859894 0
14.5701763417019 4.19232761859894 0
14.5837460764967 4.19232761859894 0
14.5973284492786 4.19232761859894 0
14.610923471818 4.19232761859894 0
14.6245311558961 4.19232761859894 0
14.6381515133048 4.19232761859894 0
14.6517845558475 4.19232761859894 0
14.6654302953383 4.19232761859894 0
14.6790887436021 4.19232761859894 0
14.6927599124753 4.19232761859894 0
14.7064438138049 4.19232761859894 0
14.7201404594492 4.19232761859894 0
14.7338498612775 4.19232761859894 0
14.7475720311699 4.19232761859894 0
14.7613069810178 4.19232761859894 0
14.7750547227238 4.19232761859894 0
14.7888152682013 4.19232761859894 0
14.802588629375 4.19232761859894 0
14.8163748181805 4.19232761859894 0
14.8301738465647 4.19232761859894 0
14.8439857264856 4.19232761859894 0
14.8578104699123 4.19232761859894 0
14.871648088825 4.19232761859894 0
14.8854985952152 4.19232761859894 0
14.8993620010853 4.19232761859894 0
14.9132383184492 4.19232761859894 0
14.9271275593319 4.19232761859894 0
14.9410297357694 4.19232761859894 0
14.954944859809 4.19232761859894 0
14.9688729435095 4.19232761859894 0
14.9828139989405 4.19232761859894 0
14.9967680381832 4.19232761859894 0
15.0107350733298 4.19232761859894 0
15.0247151164839 4.19232761859894 0
15.0387081797603 4.19232761859894 0
15.0527142752851 4.19232761859894 0
15.0667334151957 4.19232761859894 0
15.0807656116408 4.19232761859894 0
15.0948108767806 4.19232761859894 0
15.1088692227862 4.19232761859894 0
15.1229406618404 4.19232761859894 0
15.1370252061373 4.19232761859894 0
15.1511228678822 4.19232761859894 0
15.1652336592919 4.19232761859894 0
15.1793575925945 4.19232761859894 0
15.1934946800295 4.19232761859894 0
15.2076449338478 4.19232761859894 0
15.2218083663119 4.19232761859894 0
15.2359849896954 4.19232761859894 0
15.2501748162835 4.19232761859894 0
15.2643778583729 4.19232761859894 0
15.2785941282715 4.19232761859894 0
15.2928236382991 4.19232761859894 0
15.3070664007865 4.19232761859894 0
15.3213224280763 4.19232761859894 0
15.3355917325225 4.19232761859894 0
15.3498743264905 4.19232761859894 0
15.3641702223574 4.19232761859894 0
15.3784794325117 4.19232761859894 0
15.3928019693535 4.19232761859894 0
15.4071378452944 4.19232761859894 0
15.4214870727577 4.19232761859894 0
15.435849664178 4.19232761859894 0
15.4502256320018 4.19232761859894 0
15.4646149886868 4.19232761859894 0
15.4790177467028 4.19232761859894 0
15.4934339185308 4.19232761859894 0
15.5078635166636 4.19232761859894 0
15.5223065536056 4.19232761859894 0
15.5367630418728 4.19232761859894 0
15.551232993993 4.19232761859894 0
15.5657164225055 4.19232761859894 0
15.5802133399614 4.19232761859894 0
15.5947237589234 4.19232761859894 0
15.6092476919661 4.19232761859894 0
15.6237851516754 4.19232761859894 0
15.6383361506494 4.19232761859894 0
15.6529007014975 4.19232761859894 0
15.6674788168413 4.19232761859894 0
15.6820705093137 4.19232761859894 0
15.6966757915596 4.19232761859894 0
15.7112946762358 4.19232761859894 0
15.7259271760106 4.19232761859894 0
15.7405733035643 4.19232761859894 0
15.7552330715889 4.19232761859894 0
15.7699064927882 4.19232761859894 0
15.7845935798781 4.19232761859894 0
15.799294345586 4.19232761859894 0
15.8140088026513 4.19232761859894 0
15.8287369638253 4.19232761859894 0
15.843478841871 4.19232761859894 0
15.8582344495637 4.19232761859894 0
15.87300379969 4.19232761859894 0
15.887786905049 4.19232761859894 0
15.9025837784513 4.19232761859894 0
15.9173944327196 4.19232761859894 0
15.9322188806885 4.19232761859894 0
15.9470571352046 4.19232761859894 0
15.9619092091264 4.19232761859894 0
15.9767751153246 4.19232761859894 0
15.9916548666814 4.19232761859894 0
16.0065484760916 4.19232761859894 0
16.0214559564615 4.19232761859894 0
16.0363773207097 4.19232761859894 0
16.0513125817667 4.19232761859894 0
16.0662617525752 4.19232761859894 0
16.0812248460899 4.19232761859894 0
16.0962018752773 4.19232761859894 0
16.1111928531164 4.19232761859894 0
16.1261977925981 4.19232761859894 0
16.1412167067252 4.19232761859894 0
16.1562496085129 4.19232761859894 0
16.1712965109885 4.19232761859894 0
16.1863574271912 4.19232761859894 0
16.2014323701726 4.19232761859894 0
16.2165213529963 4.19232761859894 0
16.2316243887382 4.19232761859894 0
16.2467414904861 4.19232761859894 0
16.2618726713404 4.19232761859894 0
16.2770179444134 4.19232761859894 0
16.2921773228296 4.19232761859894 0
16.3073508197259 4.19232761859894 0
16.3225384482514 4.19232761859894 0
16.3377402215674 4.19232761859894 0
16.3529561528473 4.19232761859894 0
16.3681862552771 4.19232761859894 0
16.3834305420549 4.19232761859894 0
16.398689026391 4.19232761859894 0
16.4139617215081 4.19232761859894 0
16.4292486406413 4.19232761859894 0
16.4445497970379 4.19232761859894 0
16.4598652039576 4.19232761859894 0
16.4751948746724 4.19232761859894 0
16.4905388224667 4.19232761859894 0
16.5058970606373 4.19232761859894 0
16.5212696024933 4.19232761859894 0
16.5366564613563 4.19232761859894 0
16.5520576505602 4.19232761859894 0
16.5674731834514 4.19232761859894 0
16.5829030733886 4.19232761859894 0
16.5983473337432 4.19232761859894 0
16.6138059778987 4.19232761859894 0
16.6292790192514 4.19232761859894 0
16.64476647121 4.19232761859894 0
16.6602683471954 4.19232761859894 0
16.6757846606413 4.19232761859894 0
16.691315424994 4.19232761859894 0
16.7068606537119 4.19232761859894 0
16.7224203602664 4.19232761859894 0
16.7379945581411 4.19232761859894 0
16.7535832608324 4.19232761859894 0
16.769186481849 4.19232761859894 0
16.7848042347125 4.19232761859894 0
16.8004365329569 4.19232761859894 0
16.8160833901289 4.19232761859894 0
16.8317448197876 4.19232761859894 0
16.8474208355049 4.19232761859894 0
16.8631114508655 4.19232761859894 0
16.8788166794665 4.19232761859894 0
16.8945365349176 4.19232761859894 0
16.9102710308415 4.19232761859894 0
16.9260201808734 4.19232761859894 0
16.9417839986611 4.19232761859894 0
16.9575624978652 4.19232761859894 0
16.9733556921592 4.19232761859894 0
16.989163595229 4.19232761859894 0
17.0049862207735 4.19232761859894 0
17.0208235825042 4.19232761859894 0
17.0366756941456 4.19232761859894 0
17.0525425694346 4.19232761859894 0
17.0684242221214 4.19232761859894 0
17.0843206659685 4.19232761859894 0
17.1002319147515 4.19232761859894 0
17.1161579822589 4.19232761859894 0
17.1320988822918 4.19232761859894 0
17.1480546286642 4.19232761859894 0
17.1640252352032 4.19232761859894 0
17.1800107157485 4.19232761859894 0
17.1960110841529 4.19232761859894 0
17.2120263542819 4.19232761859894 0
17.2280565400141 4.19232761859894 0
17.2441016552408 4.19232761859894 0
17.2601617138666 4.19232761859894 0
17.2762367298087 4.19232761859894 0
17.2923267169973 4.19232761859894 0
17.3084316893759 4.19232761859894 0
17.3245516609006 4.19232761859894 0
17.3406866455407 4.19232761859894 0
17.3568366572784 4.19232761859894 0
17.373001710109 4.19232761859894 0
17.3891818180408 4.19232761859894 0
17.4053769950953 4.19232761859894 0
17.4215872553068 4.19232761859894 0
17.4378126127228 4.19232761859894 0
17.4540530814039 4.19232761859894 0
17.4703086754237 4.19232761859894 0
17.4865794088691 4.19232761859894 0
17.5028652958399 4.19232761859894 0
17.5191663504492 4.19232761859894 0
17.5354825868231 4.19232761859894 0
17.5518140191009 4.19232761859894 0
17.5681606614353 4.19232761859894 0
17.5845225279918 4.19232761859894 0
17.6008996329492 4.19232761859894 0
17.6172919904998 4.19232761859894 0
17.6336996148488 4.19232761859894 0
17.6501225202147 4.19232761859894 0
17.6665607208292 4.19232761859894 0
17.6830142309374 4.19232761859894 0
17.6994830647977 4.19232761859894 0
17.7159672366814 4.19232761859894 0
17.7324667608736 4.19232761859894 0
17.7489816516724 4.19232761859894 0
17.7655119233892 4.19232761859894 0
17.7820575903488 4.19232761859894 0
17.7986186668895 4.19232761859894 0
17.8151951673627 4.19232761859894 0
17.8317871061333 4.19232761859894 0
17.8483944975795 4.19232761859894 0
17.8650173560929 4.19232761859894 0
17.8816556960787 4.19232761859894 0
17.8983095319552 4.19232761859894 0
17.9149788781544 4.19232761859894 0
17.9316637491216 4.19232761859894 0
17.9483641593155 4.19232761859894 0
17.9650801232084 4.19232761859894 0
17.9818116552861 4.19232761859894 0
17.9985587700477 4.19232761859894 0
18.015321482006 4.19232761859894 0
18.0320998056872 4.19232761859894 0
18.048893755631 4.19232761859894 0
18.0657033463909 4.19232761859894 0
18.0825285925335 4.19232761859894 0
18.0993695086395 4.19232761859894 0
18.1162261093027 4.19232761859894 0
18.1330984091307 4.19232761859894 0
18.1499864227449 4.19232761859894 0
18.1668901647799 4.19232761859894 0
18.1838096498843 4.19232761859894 0
18.2007448927201 4.19232761859894 0
18.217695907963 4.19232761859894 0
18.2346627103026 4.19232761859894 0
18.2516453144419 4.19232761859894 0
18.2686437350977 4.19232761859894 0
18.2856579870004 4.19232761859894 0
18.3026880848943 4.19232761859894 0
18.3197340435374 4.19232761859894 0
18.3367958777014 4.19232761859894 0
18.3538736021716 4.19232761859894 0
18.3709672317473 4.19232761859894 0
18.3880767812415 4.19232761859894 0
18.405202265481 4.19232761859894 0
18.4223436993065 4.19232761859894 0
18.4395010975723 4.19232761859894 0
18.4566744751467 4.19232761859894 0
18.4738638469118 4.19232761859894 0
18.4910692277636 4.19232761859894 0
18.5082906326119 4.19232761859894 0
18.5255280763805 4.19232761859894 0
18.542781574007 4.19232761859894 0
18.560051140443 4.19232761859894 0
18.5773367906538 4.19232761859894 0
18.5946385396189 4.19232761859894 0
18.6119564023317 4.19232761859894 0
18.6292903937995 4.19232761859894 0
18.6466405290436 4.19232761859894 0
18.6640068230992 4.19232761859894 0
18.6813892910157 4.19232761859894 0
18.6987879478563 4.19232761859894 0
18.7162028086984 4.19232761859894 0
18.7336338886334 4.19232761859894 0
18.7510812027666 4.19232761859894 0
18.7685447662177 4.19232761859894 0
18.7860245941201 4.19232761859894 0
18.8035207016216 4.19232761859894 0
18.8210331038839 4.19232761859894 0
18.8385618160829 4.19232761859894 0
18.8561068534087 4.19232761859894 0
18.8736682310655 4.19232761859894 0
18.8912459642716 4.19232761859894 0
18.9088400682595 4.19232761859894 0
18.9264505582758 4.19232761859894 0
18.9440774495817 4.19232761859894 0
18.961720757452 4.19232761859894 0
18.9793804971763 4.19232761859894 0
18.997056684058 4.19232761859894 0
19.014749333415 4.19232761859894 0
19.0324584605794 4.19232761859894 0
19.0501840808976 4.19232761859894 0
19.0679262097302 4.19232761859894 0
19.0856848624523 4.19232761859894 0
19.1034600544532 4.19232761859894 0
19.1212518011364 4.19232761859894 0
19.1390601179199 4.19232761859894 0
19.1568850202361 4.19232761859894 0
19.1747265235318 4.19232761859894 0
19.1925846432678 4.19232761859894 0
19.2104593949199 4.19232761859894 0
19.2283507939779 4.19232761859894 0
19.2462588559461 4.19232761859894 0
19.2641835963433 4.19232761859894 0
19.2821250307027 4.19232761859894 0
19.3000831745721 4.19232761859894 0
19.3180580435135 4.19232761859894 0
19.3360496531037 4.19232761859894 0
19.3540580189338 4.19232761859894 0
19.3720831566095 4.19232761859894 0
19.3901250817512 4.19232761859894 0
19.4081838099934 4.19232761859894 0
19.4262593569856 4.19232761859894 0
19.4443517383917 4.19232761859894 0
19.4624609698902 4.19232761859894 0
19.4805870671742 4.19232761859894 0
19.4987300459514 4.19232761859894 0
19.5168899219442 4.19232761859894 0
19.5350667108895 4.19232761859894 0
19.553260428539 4.19232761859894 0
19.5714710906591 4.19232761859894 0
19.5896987130306 4.19232761859894 0
19.6079433114494 4.19232761859894 0
19.6262049017258 4.19232761859894 0
19.6444834996849 4.19232761859894 0
19.6627791211667 4.19232761859894 0
19.6810917820257 4.19232761859894 0
19.6994214981314 4.19232761859894 0
19.7177682853679 4.19232761859894 0
19.7361321596343 4.19232761859894 0
19.7545131368441 4.19232761859894 0
19.7729112329261 4.19232761859894 0
19.7913264638237 4.19232761859894 0
19.8097588454951 4.19232761859894 0
19.8282083939136 4.19232761859894 0
19.846675125067 4.19232761859894 0
19.8651590549584 4.19232761859894 0
19.8836601996055 4.19232761859894 0
19.902178575041 4.19232761859894 0
19.9207141973127 4.19232761859894 0
19.939267082483 4.19232761859894 0
19.9578372466297 4.19232761859894 0
19.9764247058451 4.19232761859894 0
19.995029476237 4.19232761859894 0
20.0136515739276 4.19232761859894 0
20.0322910150548 4.19232761859894 0
20.0509478157709 4.19232761859894 0
20.0696219922436 4.19232761859894 0
20.0883135606556 4.19232761859894 0
20.1070225372046 4.19232761859894 0
20.1257489381034 4.19232761859894 0
20.1444927795801 4.19232761859894 0
20.1632540778776 4.19232761859894 0
20.1820328492541 4.19232761859894 0
20.2008291099829 4.19232761859894 0
20.2196428763525 4.19232761859894 0
20.2384741646665 4.19232761859894 0
20.2573229912438 4.19232761859894 0
20.2761893724183 4.19232761859894 0
20.2950733245394 4.19232761859894 0
20.3139748639714 4.19232761859894 0
20.3328940070941 4.19232761859894 0
20.3518307703024 4.19232761859894 0
20.3707851700065 4.19232761859894 0
20.389757222632 4.19232761859894 0
20.4087469446197 4.19232761859894 0
20.4277543524257 4.19232761859894 0
20.4467794625214 4.19232761859894 0
20.4658222913936 4.19232761859894 0
20.4848828555445 4.19232761859894 0
20.5039611714916 4.19232761859894 0
20.5230572557677 4.19232761859894 0
20.5421711249212 4.19232761859894 0
20.5613027955157 4.19232761859894 0
20.5804522841304 4.19232761859894 0
20.5996196073599 4.19232761859894 0
20.6188047818141 4.19232761859894 0
20.6380078241186 4.19232761859894 0
20.6572287509144 4.19232761859894 0
20.6764675788579 4.19232761859894 0
20.6957243246211 4.19232761859894 0
20.7149990048916 4.19232761859894 0
20.7342916363723 4.19232761859894 0
20.753602235782 4.19232761859894 0
20.7729308198547 4.19232761859894 0
20.7922774053403 4.19232761859894 0
20.8116420090042 4.19232761859894 0
20.8310246476272 4.19232761859894 0
20.8504253380061 4.19232761859894 0
20.8698440969531 4.19232761859894 0
20.8892809412961 4.19232761859894 0
20.9087358878787 4.19232761859894 0
20.9282089535601 4.19232761859894 0
20.9477001552154 4.19232761859894 0
20.9672095097352 4.19232761859894 0
20.9867370340259 4.19232761859894 0
21.0062827450098 4.19232761859894 0
21.0258466596247 4.19232761859894 0
21.0454287948244 4.19232761859894 0
21.0650291675783 4.19232761859894 0
21.0846477948717 4.19232761859894 0
21.1042846937059 4.19232761859894 0
21.1239398810976 4.19232761859894 0
21.1436133740797 4.19232761859894 0
21.1633051897009 4.19232761859894 0
21.1830153450257 4.19232761859894 0
21.2027438571345 4.19232761859894 0
21.2224907431238 4.19232761859894 0
21.2422560201056 4.19232761859894 0
21.2620397052083 4.19232761859894 0
21.281841815576 4.19232761859894 0
21.3016623683688 4.19232761859894 0
21.3215013807628 4.19232761859894 0
21.3413588699502 4.19232761859894 0
21.3612348531389 4.19232761859894 0
21.3811293475532 4.19232761859894 0
21.4010423704333 4.19232761859894 0
21.4209739390353 4.19232761859894 0
21.4409240706316 4.19232761859894 0
21.4608927825105 4.19232761859894 0
21.4808800919766 4.19232761859894 0
21.5008860163505 4.19232761859894 0
21.5209105729689 4.19232761859894 0
21.5409537791846 4.19232761859894 0
21.5610156523668 4.19232761859894 0
21.5810962099007 4.19232761859894 0
21.6011954691876 4.19232761859894 0
21.6213134476453 4.19232761859894 0
21.6414501627075 4.19232761859894 0
21.6616056318243 4.19232761859894 0
21.6817798724621 4.19232761859894 0
21.7019729021034 4.19232761859894 0
21.7221847382472 4.19232761859894 0
21.7424153984086 4.19232761859894 0
21.7626649001191 4.19232761859894 0
21.7829332609266 4.19232761859894 0
21.8032204983951 4.19232761859894 0
21.8235266301052 4.19232761859894 0
21.8438516736539 4.19232761859894 0
21.8641956466543 4.19232761859894 0
21.8845585667363 4.19232761859894 0
21.9049404515458 4.19232761859894 0
21.9253413187454 4.19232761859894 0
21.9457611860142 4.19232761859894 0
21.9662000710475 4.19232761859894 0
21.9866579915573 4.19232761859894 0
22.0071349652721 4.19232761859894 0
22.0276310099367 4.19232761859894 0
22.0481461433127 4.19232761859894 0
22.068680383178 4.19232761859894 0
22.0892337473273 4.19232761859894 0
22.1098062535716 4.19232761859894 0
22.1303979197387 4.19232761859894 0
22.1510087636729 4.19232761859894 0
22.1716388032353 4.19232761859894 0
22.1922880563032 4.19232761859894 0
22.2129565407711 4.19232761859894 0
22.2336442745498 4.19232761859894 0
22.2543512755669 4.19232761859894 0
22.2750775617666 4.19232761859894 0
22.29582315111 4.19232761859894 0
22.3165880615748 4.19232761859894 0
22.3373723111554 4.19232761859894 0
22.358175917863 4.19232761859894 0
22.3789988997257 4.19232761859894 0
22.3998412747883 4.19232761859894 0
22.4207030611123 4.19232761859894 0
22.4415842767761 4.19232761859894 0
22.462484939875 4.19232761859894 0
22.4834050685212 4.19232761859894 0
22.5043446808435 4.19232761859894 0
22.5253037949878 4.19232761859894 0
22.5462824291169 4.19232761859894 0
22.5672806014105 4.19232761859894 0
22.5882983300651 4.19232761859894 0
22.6093356332943 4.19232761859894 0
22.6303925293287 4.19232761859894 0
22.6514690364157 4.19232761859894 0
22.6725651728197 4.19232761859894 0
22.6936809568224 4.19232761859894 0
22.7148164067221 4.19232761859894 0
22.7359715408346 4.19232761859894 0
22.7571463774923 4.19232761859894 0
22.7783409350451 4.19232761859894 0
22.7995552318596 4.19232761859894 0
22.8207892863198 4.19232761859894 0
22.8420431168267 4.19232761859894 0
22.8633167417985 4.19232761859894 0
22.8846101796704 4.19232761859894 0
22.9059234488949 4.19232761859894 0
22.9272565679417 4.19232761859894 0
22.9486095552976 4.19232761859894 0
22.9699824294668 4.19232761859894 0
22.9913752089705 4.19232761859894 0
23.0127879123473 4.19232761859894 0
23.034220558153 4.19232761859894 0
23.0556731649607 4.19232761859894 0
23.0771457513609 4.19232761859894 0
23.0986383359612 4.19232761859894 0
23.1201509373868 4.19232761859894 0
23.1416835742799 4.19232761859894 0
23.1632362653004 4.19232761859894 0
23.1848090291255 4.19232761859894 0
23.2064018844495 4.19232761859894 0
23.2280148499845 4.19232761859894 0
23.2496479444599 4.19232761859894 0
23.2713011866224 4.19232761859894 0
23.2929745952364 4.19232761859894 0
23.3146681890836 4.19232761859894 0
23.3363819869631 4.19232761859894 0
23.3581160076919 4.19232761859894 0
23.3798702701041 4.19232761859894 0
23.4016447930515 4.19232761859894 0
23.4234395954037 4.19232761859894 0
23.4452546960473 4.19232761859894 0
23.4670901138871 4.19232761859894 0
23.4889458678452 4.19232761859894 0
23.5108219768613 4.19232761859894 0
23.5327184598929 4.19232761859894 0
23.5546353359149 4.19232761859894 0
23.5765726239202 4.19232761859894 0
23.5985303429191 4.19232761859894 0
23.6205085119398 4.19232761859894 0
23.6425071500281 4.19232761859894 0
23.6645262762477 4.19232761859894 0
23.6865659096798 4.19232761859894 0
23.7086260694235 4.19232761859894 0
23.7307067745959 4.19232761859894 0
23.7528080443315 4.19232761859894 0
23.7749298977829 4.19232761859894 0
23.7970723541204 4.19232761859894 0
23.8192354325324 4.19232761859894 0
23.8414191522248 4.19232761859894 0
23.8636235324216 4.19232761859894 0
23.8858485923648 4.19232761859894 0
23.9080943513141 4.19232761859894 0
23.9303608285472 4.19232761859894 0
23.9526480433599 4.19232761859894 0
23.9749560150658 4.19232761859894 0
23.9972847629965 4.19232761859894 0
24.0196343065018 4.19232761859894 0
24.0420046649492 4.19232761859894 0
24.0643958577245 4.19232761859894 0
24.0868079042315 4.19232761859894 0
24.109240823892 4.19232761859894 0
24.1316946361459 4.19232761859894 0
24.1541693604513 4.19232761859894 0
24.1766650162843 4.19232761859894 0
24.1991816231392 4.19232761859894 0
24.2217192005284 4.19232761859894 0
24.2442777679826 4.19232761859894 0
24.2668573450506 4.19232761859894 0
24.2894579512994 4.19232761859894 0
24.3120796063143 4.19232761859894 0
24.3347223296986 4.19232761859894 0
24.3573861410743 4.19232761859894 0
24.3800710600812 4.19232761859894 0
24.4027771063776 4.19232761859894 0
24.4255042996403 4.19232761859894 0
24.4482526595641 4.19232761859894 0
24.4710222058623 4.19232761859894 0
24.4938129582666 4.19232761859894 0
24.5166249365269 4.19232761859894 0
24.5394581604117 4.19232761859894 0
24.5623126497078 4.19232761859894 0
24.5851884242204 4.19232761859894 0
24.6080855037733 4.19232761859894 0
24.6310039082086 4.19232761859894 0
24.653943657387 4.19232761859894 0
24.6769047711875 4.19232761859894 0
24.6998872695078 4.19232761859894 0
24.7228911722642 4.19232761859894 0
24.7459164993913 4.19232761859894 0
24.7689632708424 4.19232761859894 0
24.7920315065895 4.19232761859894 0
24.8151212266229 4.19232761859894 0
24.8382324509518 4.19232761859894 0
24.8613651996039 4.19232761859894 0
24.8845194926257 4.19232761859894 0
24.9076953500821 4.19232761859894 0
24.9308927920569 4.19232761859894 0
24.9541118386525 4.19232761859894 0
24.9773525099901 4.19232761859894 0
25.0006148262097 4.19232761859894 0
25.0238988074699 4.19232761859894 0
25.0472044739481 4.19232761859894 0
25.0705318458405 4.19232761859894 0
25.0938809433623 4.19232761859894 0
25.1172517867472 4.19232761859894 0
25.140644396248 4.19232761859894 0
25.1640587921362 4.19232761859894 0
25.1874949947024 4.19232761859894 0
25.2109530242558 4.19232761859894 0
25.2344329011248 4.19232761859894 0
25.2579346456564 4.19232761859894 0
25.281458278217 4.19232761859894 0
25.3050038191916 4.19232761859894 0
25.3285712889842 4.19232761859894 0
25.3521607080181 4.19232761859894 0
25.3757720967352 4.19232761859894 0
25.3994054755969 4.19232761859894 0
25.4230608650833 4.19232761859894 0
25.4467382856937 4.19232761859894 0
25.4704377579465 4.19232761859894 0
25.4941593023791 4.19232761859894 0
25.5179029395483 4.19232761859894 0
25.5416686900298 4.19232761859894 0
25.5654565744185 4.19232761859894 0
25.5892666133285 4.19232761859894 0
25.6130988273931 4.19232761859894 0
25.6369532372649 4.19232761859894 0
25.6608298636157 4.19232761859894 0
25.6847287271363 4.19232761859894 0
25.7086498485372 4.19232761859894 0
25.7325932485479 4.19232761859894 0
25.7565589479173 4.19232761859894 0
25.7805469674136 4.19232761859894 0
25.8045573278243 4.19232761859894 0
25.8285900499563 4.19232761859894 0
25.8526451546359 4.19232761859894 0
25.8767226627088 4.19232761859894 0
25.9008225950401 4.19232761859894 0
25.9249449725144 4.19232761859894 0
25.9490898160355 4.19232761859894 0
25.973257146527 4.19232761859894 0
25.9974469849317 4.19232761859894 0
26.0216593522121 4.19232761859894 0
26.0458942693503 4.19232761859894 0
26.0701517573475 4.19232761859894 0
26.0944318372251 4.19232761859894 0
26.1187345300235 4.19232761859894 0
26.143059856803 4.19232761859894 0
26.1674078386434 4.19232761859894 0
26.1917784966444 4.19232761859894 0
26.2161718519248 4.19232761859894 0
26.2405879256237 4.19232761859894 0
26.2650267388994 4.19232761859894 0
26.2894883129302 4.19232761859894 0
26.3139726689139 4.19232761859894 0
26.3384798280683 4.19232761859894 0
26.3630098116307 4.19232761859894 0
26.3875626408584 4.19232761859894 0
26.4121383370284 4.19232761859894 0
26.4367369214374 4.19232761859894 0
26.4613584154022 4.19232761859894 0
26.4860028402591 4.19232761859894 0
26.5106702173647 4.19232761859894 0
26.5353605680951 4.19232761859894 0
26.5600739138466 4.19232761859894 0
26.5848102760352 4.19232761859894 0
26.6095696760969 4.19232761859894 0
26.6343521354879 4.19232761859894 0
26.659157675684 4.19232761859894 0
26.6839863181813 4.19232761859894 0
26.7088380844958 4.19232761859894 0
26.7337129961634 4.19232761859894 0
26.7586110747405 4.19232761859894 0
26.783532341803 4.19232761859894 0
26.8084768189474 4.19232761859894 0
26.83344452779 4.19232761859894 0
26.8584354899673 4.19232761859894 0
26.8834497271359 4.19232761859894 0
26.9084872609729 4.19232761859894 0
26.9335481131751 4.19232761859894 0
26.9586323054598 4.19232761859894 0
26.9837398595645 4.19232761859894 0
27.0088707972469 4.19232761859894 0
27.0340251402849 4.19232761859894 0
27.059202910477 4.19232761859894 0
27.0844041296414 4.19232761859894 0
27.1096288196173 4.19232761859894 0
27.1348770022638 4.19232761859894 0
27.1601486994604 4.19232761859894 0
27.1854439331071 4.19232761859894 0
27.2107627251244 4.19232761859894 0
27.2361050974528 4.19232761859894 0
27.2614710720537 4.19232761859894 0
27.2868606709088 4.19232761859894 0
27.31227391602 4.19232761859894 0
27.3377108294101 4.19232761859894 0
27.3631714331221 4.19232761859894 0
27.3886557492198 4.19232761859894 0
27.4141637997873 4.19232761859894 0
27.4396956069294 4.19232761859894 0
27.4652511927715 4.19232761859894 0
27.4908305794595 4.19232761859894 0
27.5164337891601 4.19232761859894 0
27.5420608440604 4.19232761859894 0
27.5677117663684 4.19232761859894 0
27.5933865783127 4.19232761859894 0
27.6190853021425 4.19232761859894 0
27.6448079601278 4.19232761859894 0
27.6705545745595 4.19232761859894 0
27.6963251677489 4.19232761859894 0
27.7221197620284 4.19232761859894 0
27.7479383797512 4.19232761859894 0
27.773781043291 4.19232761859894 0
27.7996477750426 4.19232761859894 0
27.8255385974217 4.19232761859894 0
27.8514535328647 4.19232761859894 0
27.877392603829 4.19232761859894 0
27.9033558327928 4.19232761859894 0
27.9293432422554 4.19232761859894 0
27.9553548547371 4.19232761859894 0
27.9813906927788 4.19232761859894 0
28.0074507789428 4.19232761859894 0
28.0335351358122 4.19232761859894 0
28.0596437859912 4.19232761859894 0
28.0857767521051 4.19232761859894 0
28.1119340568002 4.19232761859894 0
28.1381157227438 4.19232761859894 0
28.1643217726245 4.19232761859894 0
28.190552229152 4.19232761859894 0
28.216807115057 4.19232761859894 0
28.2430864530915 4.19232761859894 0
28.2693902660287 4.19232761859894 0
28.2957185766629 4.19232761859894 0
28.3220714078097 4.19232761859894 0
28.348448782306 4.19232761859894 0
28.3748507230099 4.19232761859894 0
28.4012772528007 4.19232761859894 0
28.4277283945793 4.19232761859894 0
28.4542041712675 4.19232761859894 0
28.4807046058089 4.19232761859894 0
28.5072297211682 4.19232761859894 0
28.5337795403315 4.19232761859894 0
28.5603540863063 4.19232761859894 0
28.5869533821217 4.19232761859894 0
28.6135774508281 4.19232761859894 0
28.6402263154973 4.19232761859894 0
28.6668999992228 4.19232761859894 0
28.6935985251194 4.19232761859894 0
28.7203219163236 4.19232761859894 0
28.7470701959933 4.19232761859894 0
28.773843387308 4.19232761859894 0
28.8006415134689 4.19232761859894 0
28.8274645976987 4.19232761859894 0
28.8543126632418 4.19232761859894 0
28.8811857333641 4.19232761859894 0
28.9080838313533 4.19232761859894 0
28.9350069805189 4.19232761859894 0
28.9619552041918 4.19232761859894 0
28.9889285257248 4.19232761859894 0
29.0159269684926 4.19232761859894 0
29.0429505558915 4.19232761859894 0
29.0699993113395 4.19232761859894 0
29.0970732582765 4.19232761859894 0
29.1241724201643 4.19232761859894 0
29.1512968204866 4.19232761859894 0
29.1784464827487 4.19232761859894 0
29.2056214304781 4.19232761859894 0
29.232821687224 4.19232761859894 0
29.2600472765577 4.19232761859894 0
29.2872982220722 4.19232761859894 0
29.3145745473828 4.19232761859894 0
29.3418762761265 4.19232761859894 0
29.3692034319624 4.19232761859894 0
29.3965560385719 4.19232761859894 0
29.423934119658 4.19232761859894 0
29.4513376989462 4.19232761859894 0
29.4787668001837 4.19232761859894 0
29.5062214471402 4.19232761859894 0
29.5337016636072 4.19232761859894 0
29.5612074733987 4.19232761859894 0
29.5887389003505 4.19232761859894 0
29.6162959683209 4.19232761859894 0
29.6438787011903 4.19232761859894 0
29.6714871228613 4.19232761859894 0
29.6991212572589 4.19232761859894 0
29.7267811283302 4.19232761859894 0
29.7544667600448 4.19232761859894 0
29.7821781763945 4.19232761859894 0
29.8099154013934 4.19232761859894 0
29.8376784590781 4.19232761859894 0
29.8654673735075 4.19232761859894 0
29.8932821687629 4.19232761859894 0
29.9211228689481 4.19232761859894 0
29.9489894981893 4.19232761859894 0
29.9768820806351 4.19232761859894 0
30.0048006404568 4.19232761859894 0
30.0327452018479 4.19232761859894 0
30.0607157890248 4.19232761859894 0
30.0887124262261 4.19232761859894 0
30.1167351377131 4.19232761859894 0
30.1447839477699 4.19232761859894 0
30.172858880703 4.19232761859894 0
30.2009599608415 4.19232761859894 0
30.2290872125374 4.19232761859894 0
30.257240660165 4.19232761859894 0
30.2854203281217 4.19232761859894 0
30.3136262408274 4.19232761859894 0
30.3418584227247 4.19232761859894 0
30.3701168982792 4.19232761859894 0
30.398401691979 4.19232761859894 0
30.4267128283353 4.19232761859894 0
30.4550503318818 4.19232761859894 0
30.4834142271753 4.19232761859894 0
30.5118045387955 4.19232761859894 0
30.5402212913447 4.19232761859894 0
30.5686645094484 4.19232761859894 0
30.5971342177549 4.19232761859894 0
30.6256304409356 4.19232761859894 0
30.6541532036846 4.19232761859894 0
30.6827025307192 4.19232761859894 0
30.7112784467798 4.19232761859894 0
30.7398809766296 4.19232761859894 0
30.7685101450551 4.19232761859894 0
30.7971659768656 4.19232761859894 0
30.8258484968939 4.19232761859894 0
30.8545577299955 4.19232761859894 0
30.8832937010494 4.19232761859894 0
30.9120564349576 4.19232761859894 0
30.9408459566453 4.19232761859894 0
30.9696622910609 4.19232761859894 0
30.9985054631761 4.19232761859894 0
31.0273754979859 4.19232761859894 0
31.0562724205083 4.19232761859894 0
31.085196255785 4.19232761859894 0
31.1141470288808 4.19232761859894 0
31.1431247648838 4.19232761859894 0
31.1721294889055 4.19232761859894 0
31.201161226081 4.19232761859894 0
31.2302200015684 4.19232761859894 0
31.2593058405497 4.19232761859894 0
31.2884187682299 4.19232761859894 0
31.3175588098379 4.19232761859894 0
31.3467259906256 4.19232761859894 0
31.375920335869 4.19232761859894 0
31.4051418708672 4.19232761859894 0
31.4343906209431 4.19232761859894 0
31.4636666114429 4.19232761859894 0
31.4929698677368 4.19232761859894 0
31.5223004152183 4.19232761859894 0
31.5516582793047 4.19232761859894 0
31.581043485437 4.19232761859894 0
31.6104560590798 4.19232761859894 0
31.6398960257215 4.19232761859894 0
31.6693634108741 4.19232761859894 0
31.6988582400736 4.19232761859894 0
31.7283805388795 4.19232761859894 0
31.7579303328752 4.19232761859894 0
31.7875076476682 4.19232761859894 0
31.8171125088894 4.19232761859894 0
31.8467449421939 4.19232761859894 0
31.8764049732606 4.19232761859894 0
31.9060926277922 4.19232761859894 0
31.9358079315155 4.19232761859894 0
31.9655509101812 4.19232761859894 0
31.995321589564 4.19232761859894 0
32.0251199954625 4.19232761859894 0
32.0549461536995 4.19232761859894 0
32.0848000901218 4.19232761859894 0
32.1146818306001 4.19232761859894 0
32.1445914010293 4.19232761859894 0
32.1745288273286 4.19232761859894 0
32.2044941354412 4.19232761859894 0
32.2344873513343 4.19232761859894 0
32.2645085009994 4.19232761859894 0
32.2945576104525 4.19232761859894 0
32.3246347057333 4.19232761859894 0
32.3547398129061 4.19232761859894 0
32.3848729580595 4.19232761859894 0
32.4150341673061 4.19232761859894 0
32.4452234667832 4.19232761859894 0
32.4754408826521 4.19232761859894 0
32.5056864410987 4.19232761859894 0
32.5359601683332 4.19232761859894 0
32.5662620905902 4.19232761859894 0
32.5965922341287 4.19232761859894 0
32.6269506252323 4.19232761859894 0
32.657337290209 4.19232761859894 0
32.6877522553911 4.19232761859894 0
32.7181955471358 4.19232761859894 0
32.7486671918246 4.19232761859894 0
32.7791672158637 4.19232761859894 0
32.8096956456836 4.19232761859894 0
32.8402525077398 4.19232761859894 0
32.8708378285123 4.19232761859894 0
32.9014516345057 4.19232761859894 0
32.9320939522493 4.19232761859894 0
32.9627648082971 4.19232761859894 0
32.993464229228 4.19232761859894 0
33.0241922416453 4.19232761859894 0
33.0549488721775 4.19232761859894 0
33.0857341474775 4.19232761859894 0
33.1165480942234 4.19232761859894 0
33.1473907391178 4.19232761859894 0
33.1782621088884 4.19232761859894 0
33.2091622302878 4.19232761859894 0
33.2400911300933 4.19232761859894 0
33.2710488351073 4.19232761859894 0
33.3020353721572 4.19232761859894 0
33.3330507680953 4.19232761859894 0
33.3640950497989 4.19232761859894 0
33.3951682441704 4.19232761859894 0
33.4262703781372 4.19232761859894 0
33.4574014786518 4.19232761859894 0
33.4885615726918 4.19232761859894 0
33.5197506872599 4.19232761859894 0
33.550968849384 4.19232761859894 0
33.5822160861172 4.19232761859894 0
33.6134924245377 4.19232761859894 0
33.6447978917488 4.19232761859894 0
33.6761325148795 4.19232761859894 0
33.7074963210835 4.19232761859894 0
33.7388893375402 4.19232761859894 0
33.7703115914542 4.19232761859894 0
33.8017631100553 4.19232761859894 0
33.8332439205988 4.19232761859894 0
33.8647540503653 4.19232761859894 0
33.896293526661 4.19232761859894 0
33.9278623768173 4.19232761859894 0
33.9594606281911 4.19232761859894 0
33.9910883081649 4.19232761859894 0
34.0227454441467 4.19232761859894 0
34.0544320635697 4.19232761859894 0
34.0861481938931 4.19232761859894 0
34.1178938626015 4.19232761859894 0
34.1496690972049 4.19232761859894 0
34.1814739252392 4.19232761859894 0
34.2133083742659 4.19232761859894 0
34.245172471872 4.19232761859894 0
34.2770662456703 4.19232761859894 0
34.3089897232993 4.19232761859894 0
34.3409429324234 4.19232761859894 0
34.3729259007325 4.19232761859894 0
34.4049386559425 4.19232761859894 0
34.4369812257949 4.19232761859894 0
34.4690536380572 4.19232761859894 0
34.5011559205228 4.19232761859894 0
34.5332881010108 4.19232761859894 0
34.5654502073664 4.19232761859894 0
34.5976422674606 4.19232761859894 0
34.6298643091904 4.19232761859894 0
34.6621163604788 4.19232761859894 0
34.6943984492749 4.19232761859894 0
34.7267106035535 4.19232761859894 0
34.7590528513159 4.19232761859894 0
34.791425220589 4.19232761859894 0
34.8238277394263 4.19232761859894 0
34.8562604359072 4.19232761859894 0
34.888723338137 4.19232761859894 0
34.9212164742476 4.19232761859894 0
34.9537398723968 4.19232761859894 0
34.9862935607688 4.19232761859894 0
35.018877567574 4.19232761859894 0
35.0514919210491 4.19232761859894 0
35.0841366494569 4.19232761859894 0
35.1168117810868 4.19232761859894 0
35.1495173442544 4.19232761859894 0
35.1822533673017 4.19232761859894 0
35.215019878597 4.19232761859894 0
35.2478169065353 4.19232761859894 0
35.2806444795378 4.19232761859894 0
35.3135026260521 4.19232761859894 0
35.3463913745525 4.19232761859894 0
35.3793107535398 4.19232761859894 0
35.4122607915413 4.19232761859894 0
35.4452415171107 4.19232761859894 0
35.4782529588286 4.19232761859894 0
35.5112951453019 4.19232761859894 0
35.5443681051645 4.19232761859894 0
35.5774718670767 4.19232761859894 0
35.6106064597255 4.19232761859894 0
35.6437719118248 4.19232761859894 0
35.6769682521151 4.19232761859894 0
35.7101955093636 4.19232761859894 0
35.7434537123645 4.19232761859894 0
35.7767428899386 4.19232761859894 0
35.8100630709337 4.19232761859894 0
35.8434142842245 4.19232761859894 0
35.8767965587123 4.19232761859894 0
35.9102099233257 4.19232761859894 0
35.9436544070201 4.19232761859894 0
35.9771300387776 4.19232761859894 0
36.0106368476077 4.19232761859894 0
36.0441748625468 4.19232761859894 0
36.0777441126581 4.19232761859894 0
36.1113446270321 4.19232761859894 0
36.1449764347865 4.19232761859894 0
36.1786395650657 4.19232761859894 0
36.2123340470417 4.19232761859894 0
36.2460599099135 4.19232761859894 0
36.2798171829071 4.19232761859894 0
36.313605895276 4.19232761859894 0
36.3474260763008 4.19232761859894 0
36.3812777552895 4.19232761859894 0
36.4151609615772 4.19232761859894 0
36.4490757245264 4.19232761859894 0
36.4830220735269 4.19232761859894 0
36.5170000379962 4.19232761859894 0
36.5510096473787 4.19232761859894 0
36.5850509311465 4.19232761859894 0
36.6191239187992 4.19232761859894 0
36.6532286398637 4.19232761859894 0
36.6873651238945 4.19232761859894 0
36.7215334004736 4.19232761859894 0
36.7557334992106 4.19232761859894 0
36.7899654497425 4.19232761859894 0
36.8242292817342 4.19232761859894 0
36.8585250248779 4.19232761859894 0
36.8928527088938 4.19232761859894 0
36.9272123635295 4.19232761859894 0
36.9616040185603 4.19232761859894 0
36.9960277037895 4.19232761859894 0
37.0304834490479 4.19232761859894 0
37.0649712841942 4.19232761859894 0
37.0994912391149 4.19232761859894 0
37.1340433437242 4.19232761859894 0
37.1686276279644 4.19232761859894 0
37.2032441218055 4.19232761859894 0
37.2378928552455 4.19232761859894 0
37.2725738583103 4.19232761859894 0
37.3072871610538 4.19232761859894 0
37.3420327935578 4.19232761859894 0
37.3768107859322 4.19232761859894 0
37.4116211683149 4.19232761859894 0
37.446463970872 4.19232761859894 0
37.4813392237975 4.19232761859894 0
37.5162469573136 4.19232761859894 0
37.5511872016707 4.19232761859894 0
37.5861599871473 4.19232761859894 0
37.6211653440502 4.19232761859894 0
37.6562033027142 4.19232761859894 0
37.6912738935026 4.19232761859894 0
37.726377146807 4.19232761859894 0
37.7615130930469 4.19232761859894 0
37.7966817626707 4.19232761859894 0
37.8318831861547 4.19232761859894 0
37.8671173940038 4.19232761859894 0
37.9023844167514 4.19232761859894 0
37.937684284959 4.19232761859894 0
37.9730170292169 4.19232761859894 0
38.0083826801438 4.19232761859894 0
38.0437812683867 4.19232761859894 0
38.0792128246215 4.19232761859894 0
38.1146773795524 4.19232761859894 0
38.1501749639123 4.19232761859894 0
38.1857056084627 4.19232761859894 0
38.2212693439937 4.19232761859894 0
38.2568662013243 4.19232761859894 0
38.2924962113019 4.19232761859894 0
38.3281594048028 4.19232761859894 0
38.363855812732 4.19232761859894 0
38.3995854660234 4.19232761859894 0
38.4353483956395 4.19232761859894 0
38.4711446325718 4.19232761859894 0
38.5069742078406 4.19232761859894 0
38.5428371524951 4.19232761859894 0
38.5787334976134 4.19232761859894 0
38.6146632743026 4.19232761859894 0
38.6506265136988 4.19232761859894 0
38.6866232469669 4.19232761859894 0
38.7226535053011 4.19232761859894 0
38.7587173199244 4.19232761859894 0
38.794814722089 4.19232761859894 0
38.8309457430763 4.19232761859894 0
38.8671104141966 4.19232761859894 0
38.9033087667896 4.19232761859894 0
38.939540832224 4.19232761859894 0
38.9758066418979 4.19232761859894 0
39.0121062272384 4.19232761859894 0
39.0484396197021 4.19232761859894 0
39.0848068507748 4.19232761859894 0
39.1212079519716 4.19232761859894 0
39.1576429548369 4.19232761859894 0
39.1941118909447 4.19232761859894 0
39.2306147918982 4.19232761859894 0
39.2671516893301 4.19232761859894 0
39.3037226149025 4.19232761859894 0
39.3403276003071 4.19232761859894 0
39.3769666772651 4.19232761859894 0
39.4136398775271 4.19232761859894 0
39.4503472328735 4.19232761859894 0
39.487088775114 4.19232761859894 0
39.5238645360883 4.19232761859894 0
39.5606745476654 4.19232761859894 0
39.5975188417442 4.19232761859894 0
39.6343974502532 4.19232761859894 0
39.6713104051507 4.19232761859894 0
39.7082577384247 4.19232761859894 0
39.7452394820931 4.19232761859894 0
39.7822556682035 4.19232761859894 0
39.8193063288334 4.19232761859894 0
39.8563914960902 4.19232761859894 0
39.8935112021112 4.19232761859894 0
39.9306654790636 4.19232761859894 0
39.9678543591444 4.19232761859894 0
40.005077874581 4.19232761859894 0
40.0423360576304 4.19232761859894 0
40.0796289405799 4.19232761859894 0
40.1169565557467 4.19232761859894 0
40.1543189354782 4.19232761859894 0
40.191716112152 4.19232761859894 0
40.2291481181756 4.19232761859894 0
40.266614985987 4.19232761859894 0
40.3041167480541 4.19232761859894 0
40.3416534368752 4.19232761859894 0
40.379225084979 4.19232761859894 0
40.4168317249242 4.19232761859894 0
40.4544733893001 4.19232761859894 0
40.4921501107261 4.19232761859894 0
40.5298619218521 4.19232761859894 0
40.5676088553586 4.19232761859894 0
40.6053909439562 4.19232761859894 0
40.6432082203861 4.19232761859894 0
40.68106071742 4.19232761859894 0
40.7189484678603 4.19232761859894 0
40.7568715045396 4.19232761859894 0
40.7948298603213 4.19232761859894 0
40.8328235680993 4.19232761859894 0
40.8708526607984 4.19232761859894 0
40.9089171713737 4.19232761859894 0
40.9470171328111 4.19232761859894 0
40.9851525781275 4.19232761859894 0
41.0233235403701 4.19232761859894 0
41.0615300526172 4.19232761859894 0
41.0997721479779 4.19232761859894 0
41.1380498595919 4.19232761859894 0
41.17636322063 4.19232761859894 0
41.2147122642937 4.19232761859894 0
41.2530970238157 4.19232761859894 0
41.2915175324593 4.19232761859894 0
41.329973823519 4.19232761859894 0
41.3684659303204 4.19232761859894 0
41.4069938862198 4.19232761859894 0
41.4455577246049 4.19232761859894 0
41.4841574788943 4.19232761859894 0
41.5227931825379 4.19232761859894 0
41.5614648690165 4.19232761859894 0
41.6001725718423 4.19232761859894 0
41.6389163245586 4.19232761859894 0
41.67769616074 4.19232761859894 0
41.7165121139923 4.19232761859894 0
41.7553642179527 4.19232761859894 0
41.7942525062896 4.19232761859894 0
41.8331770127029 4.19232761859894 0
41.8721377709238 4.19232761859894 0
41.9111348147148 4.19232761859894 0
41.9501681778701 4.19232761859894 0
41.9892378942153 4.19232761859894 0
42.0283439976073 4.19232761859894 0
42.0674865219347 4.19232761859894 0
42.1066655011177 4.19232761859894 0
42.1458809691081 4.19232761859894 0
42.1851329598891 4.19232761859894 0
42.2244215074757 4.19232761859894 0
42.2637466459147 4.19232761859894 0
42.3031084092845 4.19232761859894 0
42.3425068316951 4.19232761859894 0
42.3819419472885 4.19232761859894 0
42.4214137902384 4.19232761859894 0
42.4609223947502 4.19232761859894 0
42.5004677950614 4.19232761859894 0
42.5400500254412 4.19232761859894 0
42.5796691201909 4.19232761859894 0
42.6193251136434 4.19232761859894 0
42.659018040164 4.19232761859894 0
42.6987479341498 4.19232761859894 0
42.7385148300298 4.19232761859894 0
42.7783187622654 4.19232761859894 0
42.8181597653497 4.19232761859894 0
42.8580378738083 4.19232761859894 0
42.8979531221987 4.19232761859894 0
42.9379055451107 4.19232761859894 0
42.9778951771663 4.19232761859894 0
43.0179220530196 4.19232761859894 0
43.0579862073573 4.19232761859894 0
43.098087674898 4.19232761859894 0
43.1382264903931 4.19232761859894 0
43.1784026886258 4.19232761859894 0
43.2186163044123 4.19232761859894 0
43.2588673726007 4.19232761859894 0
43.2991559280718 4.19232761859894 0
43.3394820057391 4.19232761859894 0
43.3798456405481 4.19232761859894 0
43.4202468674773 4.19232761859894 0
43.4606857215376 4.19232761859894 0
43.5011622377724 4.19232761859894 0
43.541676451258 4.19232761859894 0
43.5822283971031 4.19232761859894 0
43.6228181104493 4.19232761859894 0
43.6634456264708 4.19232761859894 0
43.7041109803746 4.19232761859894 0
43.7448142074005 4.19232761859894 0
43.7855553428212 4.19232761859894 0
43.826334421942 4.19232761859894 0
43.8671514801014 4.19232761859894 0
43.9080065526706 4.19232761859894 0
43.9488996750538 4.19232761859894 0
43.9898308826882 4.19232761859894 0
44.0308002110439 4.19232761859894 0
44.0718076956242 4.19232761859894 0
44.1128533719653 4.19232761859894 0
44.1539372756367 4.19232761859894 0
44.1950594422408 4.19232761859894 0
44.2362199074133 4.19232761859894 0
44.277418706823 4.19232761859894 0
44.318655876172 4.19232761859894 0
44.3599314511957 4.19232761859894 0
44.4012454676625 4.19232761859894 0
44.4425979613745 4.19232761859894 0
44.4839889681669 4.19232761859894 0
44.5254185239083 4.19232761859894 0
44.5668866645008 4.19232761859894 0
44.6083934258798 4.19232761859894 0
44.6499388440143 4.19232761859894 0
44.6915229549067 4.19232761859894 0
44.733145794593 4.19232761859894 0
44.7748073991427 4.19232761859894 0
44.816507804659 4.19232761859894 0
44.8582470472785 4.19232761859894 0
44.9000251631718 4.19232761859894 0
44.9418421885429 4.19232761859894 0
44.9836981596295 4.19232761859894 0
45.0255931127034 4.19232761859894 0
45.0675270840698 4.19232761859894 0
45.1095001100678 4.19232761859894 0
45.1515122270705 4.19232761859894 0
45.1935634714847 4.19232761859894 0
45.2356538797513 4.19232761859894 0
45.2777834883448 4.19232761859894 0
45.3199523337742 4.19232761859894 0
45.3621604525819 4.19232761859894 0
45.4044078813448 4.19232761859894 0
45.4466946566736 4.19232761859894 0
45.4890208152132 4.19232761859894 0
45.5313863936426 4.19232761859894 0
45.5737914286751 4.19232761859894 0
45.616235957058 4.19232761859894 0
45.6587200155728 4.19232761859894 0
45.7012436410354 4.19232761859894 0
45.743806870296 4.19232761859894 0
45.786409740239 4.19232761859894 0
45.8290522877833 4.19232761859894 0
45.8717345498819 4.19232761859894 0
45.9144565635226 4.19232761859894 0
45.9572183657273 4.19232761859894 0
46.0000199935527 4.19232761859894 0
46.0428614840897 4.19232761859894 0
46.085742874464 4.19232761859894 0
46.1286642018357 4.19232761859894 0
46.1716255033996 4.19232761859894 0
46.2146268163851 4.19232761859894 0
46.2576681780564 4.19232761859894 0
46.3007496257121 4.19232761859894 0
46.3438711966859 4.19232761859894 0
46.387032928346 4.19232761859894 0
46.4302348580956 4.19232761859894 0
46.4734770233725 4.19232761859894 0
46.5167594616497 4.19232761859894 0
46.5600822104348 4.19232761859894 0
46.6034453072704 4.19232761859894 0
46.6468487897342 4.19232761859894 0
46.6902926954388 4.19232761859894 0
46.7337770620317 4.19232761859894 0
46.7773019271958 4.19232761859894 0
46.8208673286487 4.19232761859894 0
46.8644733041434 4.19232761859894 0
46.908119891468 4.19232761859894 0
46.9518071284458 4.19232761859894 0
46.9955350529352 4.19232761859894 0
47.03930370283 4.19232761859894 0
47.0831131160593 4.19232761859894 0
47.1269633305874 4.19232761859894 0
47.1708543844141 4.19232761859894 0
47.2147863155745 4.19232761859894 0
47.2587591621391 4.19232761859894 0
47.302772962214 4.19232761859894 0
47.3468277539406 4.19232761859894 0
47.390923575496 4.19232761859894 0
47.4350604650926 4.19232761859894 0
47.4792384609788 4.19232761859894 0
47.5234576014382 4.19232761859894 0
47.5677179247904 4.19232761859894 0
47.6120194693903 4.19232761859894 0
47.6563622736289 4.19232761859894 0
47.7007463759328 4.19232761859894 0
47.7451718147643 4.19232761859894 0
47.7896386286218 4.19232761859894 0
47.8341468560391 4.19232761859894 0
47.8786965355864 4.19232761859894 0
47.9232877058694 4.19232761859894 0
47.96792040553 4.19232761859894 0
48.012594673246 4.19232761859894 0
48.0573105477313 4.19232761859894 0
48.1020680677357 4.19232761859894 0
48.1468672720453 4.19232761859894 0
48.1917081994821 4.19232761859894 0
48.2365908889044 4.19232761859894 0
48.2815153792067 4.19232761859894 0
48.3264817093196 4.19232761859894 0
48.3714899182101 4.19232761859894 0
48.4165400448815 4.19232761859894 0
48.4616321283731 4.19232761859894 0
48.5067662077611 4.19232761859894 0
48.5519423221576 4.19232761859894 0
48.5971605107115 4.19232761859894 0
48.6424208126078 4.19232761859894 0
48.6877232670683 4.19232761859894 0
48.7330679133513 4.19232761859894 0
48.7784547907514 4.19232761859894 0
48.8238839386 4.19232761859894 0
48.8693553962653 4.19232761859894 0
48.9148692031517 4.19232761859894 0
48.9604253987008 4.19232761859894 0
49.0060240223905 4.19232761859894 0
49.0516651137359 4.19232761859894 0
49.0973487122884 4.19232761859894 0
49.1430748576367 4.19232761859894 0
49.1888435894062 4.19232761859894 0
49.234654947259 4.19232761859894 0
49.2805089708945 4.19232761859894 0
49.3264057000488 4.19232761859894 0
49.3723451744951 4.19232761859894 0
49.4183274340437 4.19232761859894 0
49.4643525185419 4.19232761859894 0
49.5104204678741 4.19232761859894 0
49.5565313219619 4.19232761859894 0
49.602685120764 4.19232761859894 0
49.6488819042765 4.19232761859894 0
49.6951217125326 4.19232761859894 0
49.7414045856027 4.19232761859894 0
49.7877305635947 4.19232761859894 0
49.8340996866537 4.19232761859894 0
49.8805119949624 4.19232761859894 0
49.9269675287407 4.19232761859894 0
49.9734663282462 4.19232761859894 0
50.0200084337736 4.19232761859894 0
50.0665938856555 4.19232761859894 0
50.113222724262 4.19232761859894 0
50.1598949900006 4.19232761859894 0
50.2066107233167 4.19232761859894 0
50.2533699646931 4.19232761859894 0
50.3001727546505 4.19232761859894 0
50.3470191337473 4.19232761859894 0
50.3939091425797 4.19232761859894 0
50.4408428217815 4.19232761859894 0
50.4878202120247 4.19232761859894 0
50.5348413540188 4.19232761859894 0
50.5819062885114 4.19232761859894 0
50.6290150562882 4.19232761859894 0
50.6761676981727 4.19232761859894 0
50.7233642550263 4.19232761859894 0
50.7706047677487 4.19232761859894 0
50.8178892772777 4.19232761859894 0
50.8652178245889 4.19232761859894 0
50.9125904506965 4.19232761859894 0
50.9600071966526 4.19232761859894 0
51.0074681035476 4.19232761859894 0
51.0549732125102 4.19232761859894 0
51.1025225647074 4.19232761859894 0
51.1501162013445 4.19232761859894 0
51.1977541636653 4.19232761859894 0
51.2454364929519 4.19232761859894 0
51.2931632305247 4.19232761859894 0
51.340934417743 4.19232761859894 0
51.3887500960041 4.19232761859894 0
51.4366103067444 4.19232761859894 0
51.4845150914384 4.19232761859894 0
51.5324644915996 4.19232761859894 0
51.5804585487799 4.19232761859894 0
51.6284973045701 4.19232761859894 0
51.6765808005995 4.19232761859894 0
51.7247090785365 4.19232761859894 0
51.7728821800879 4.19232761859894 0
51.8211001469998 4.19232761859894 0
51.8693630210567 4.19232761859894 0
51.9176708440824 4.19232761859894 0
51.9660236579396 4.19232761859894 0
52.0144215045296 4.19232761859894 0
52.0628644257933 4.19232761859894 0
52.1113524637102 4.19232761859894 0
52.1598856602993 4.19232761859894 0
52.2084640576182 4.19232761859894 0
52.2570876977643 4.19232761859894 0
52.3057566228737 4.19232761859894 0
52.3544708751219 4.19232761859894 0
52.4032304967239 4.19232761859894 0
52.4520355299336 4.19232761859894 0
52.5008860170447 4.19232761859894 0
52.5497820003899 4.19232761859894 0
52.5987235223416 4.19232761859894 0
52.6477106253115 4.19232761859894 0
52.6967433517509 4.19232761859894 0
52.7458217441506 4.19232761859894 0
52.7949458450409 4.19232761859894 0
52.8441156969918 4.19232761859894 0
52.893331342613 4.19232761859894 0
52.9425928245537 4.19232761859894 0
52.9919001855031 4.19232761859894 0
53.0412534681898 4.19232761859894 0
53.0906527153825 4.19232761859894 0
53.1400979698895 4.19232761859894 0
53.1895892745592 4.19232761859894 0
53.2391266722798 4.19232761859894 0
53.2887102059793 4.19232761859894 0
53.338339918626 4.19232761859894 0
53.3880158532278 4.19232761859894 0
53.4377380528331 4.19232761859894 0
53.4875065605301 4.19232761859894 0
53.5373214194472 4.19232761859894 0
53.587182672753 4.19232761859894 0
53.6370903636562 4.19232761859894 0
53.6870445354059 4.19232761859894 0
53.7370452312914 4.19232761859894 0
53.7870924946423 4.19232761859894 0
53.8371863688286 4.19232761859894 0
53.8873268972606 4.19232761859894 0
53.9375141233891 4.19232761859894 0
53.9877480907055 4.19232761859894 0
54.0380288427414 4.19232761859894 0
54.0883564230692 4.19232761859894 0
54.1387308753018 4.19232761859894 0
54.1891522430926 4.19232761859894 0
54.2396205701359 4.19232761859894 0
54.2901359001665 4.19232761859894 0
54.3406982769599 4.19232761859894 0
54.3913077443327 4.19232761859894 0
54.4419643461418 4.19232761859894 0
54.4926681262853 4.19232761859894 0
54.5434191287022 4.19232761859894 0
54.5942173973723 4.19232761859894 0
54.6450629763162 4.19232761859894 0
54.6959559095959 4.19232761859894 0
54.746896241314 4.19232761859894 0
54.7978840156146 4.19232761859894 0
54.8489192766827 4.19232761859894 0
54.9000020687442 4.19232761859894 0
54.9511324360666 4.19232761859894 0
55.0023104229586 4.19232761859894 0
55.0535360737698 4.19232761859894 0
55.1048094328915 4.19232761859894 0
55.1561305447561 4.19232761859894 0
55.2074994538375 4.19232761859894 0
55.258916204651 4.19232761859894 0
55.3103808417534 4.19232761859894 0
55.3618934097427 4.19232761859894 0
55.413453953259 4.19232761859894 0
55.4650625169834 4.19232761859894 0
55.516719145639 4.19232761859894 0
55.5684238839904 4.19232761859894 0
55.6201767768438 4.19232761859894 0
55.6719778690474 4.19232761859894 0
55.723827205491 4.19232761859894 0
55.775724831106 4.19232761859894 0
55.8276707908661 4.19232761859894 0
55.8796651297865 4.19232761859894 0
55.9317078929246 4.19232761859894 0
55.9837991253795 4.19232761859894 0
56.0359388722924 4.19232761859894 0
56.0881271788468 4.19232761859894 0
56.1403640902679 4.19232761859894 0
56.1926496518232 4.19232761859894 0
56.2449839088224 4.19232761859894 0
56.2973669066172 4.19232761859894 0
56.3497986906019 4.19232761859894 0
56.4022793062125 4.19232761859894 0
56.454808798928 4.19232761859894 0
56.5073872142693 4.19232761859894 0
56.5600145977999 4.19232761859894 0
56.6126909951254 4.19232761859894 0
56.6654164518944 4.19232761859894 0
56.7181910137977 4.19232761859894 0
56.7710147265686 4.19232761859894 0
56.8238876359831 4.19232761859894 0
56.8768097878599 4.19232761859894 0
56.9297812280602 4.19232761859894 0
56.9828020024881 4.19232761859894 0
57.0358721570904 4.19232761859894 0
57.0889917378564 4.19232761859894 0
57.1421607908187 4.19232761859894 0
57.1953793620526 4.19232761859894 0
57.2486474976761 4.19232761859894 0
57.3019652438504 4.19232761859894 0
57.3553326467796 4.19232761859894 0
57.4087497527108 4.19232761859894 0
57.4622166079344 4.19232761859894 0
57.5157332587834 4.19232761859894 0
57.5692997516346 4.19232761859894 0
57.6229161329074 4.19232761859894 0
57.6765824490649 4.19232761859894 0
57.7302987466131 4.19232761859894 0
57.7840650721017 4.19232761859894 0
57.8378814721233 4.19232761859894 0
57.8917479933144 4.19232761859894 0
57.9456646823544 4.19232761859894 0
57.9996315859665 4.19232761859894 0
58.0536487509175 4.19232761859894 0
58.1077162240176 4.19232761859894 0
58.1618340521205 4.19232761859894 0
58.2160022821236 4.19232761859894 0
58.2702209609681 4.19232761859894 0
58.3244901356389 4.19232761859894 0
58.3788098531645 4.19232761859894 0
58.4331801606174 4.19232761859894 0
58.4876011051137 4.19232761859894 0
58.5420727338137 4.19232761859894 0
58.5965950939212 4.19232761859894 0
58.6511682326844 4.19232761859894 0
58.7057921973953 4.19232761859894 0
58.7604670353898 4.19232761859894 0
58.8151927940482 4.19232761859894 0
58.8699695207947 4.19232761859894 0
58.9247972630977 4.19232761859894 0
58.9796760684699 4.19232761859894 0
59.0346059844682 4.19232761859894 0
59.0895870586937 4.19232761859894 0
59.1446193387919 4.19232761859894 0
59.1997028724529 4.19232761859894 0
59.2548377074108 4.19232761859894 0
59.3100238914444 4.19232761859894 0
59.365261472377 4.19232761859894 0
59.4205504980764 4.19232761859894 0
59.475891016455 4.19232761859894 0
59.5312830754698 4.19232761859894 0
59.5867267231224 4.19232761859894 0
59.6422220074592 4.19232761859894 0
59.6977689765713 4.19232761859894 0
59.7533676785947 4.19232761859894 0
59.8090181617101 4.19232761859894 0
59.864720474143 4.19232761859894 0
59.9204746641642 4.19232761859894 0
59.9762807800888 4.19232761859894 0
60.0321388702776 4.19232761859894 0
60.088048983136 4.19232761859894 0
60.1440111671147 4.19232761859894 0
60.2000254707092 4.19232761859894 0
60.2560919424606 4.19232761859894 0
60.3122106309549 4.19232761859894 0
60.3683815848236 4.19232761859894 0
60.4246048527431 4.19232761859894 0
60.4808804834355 4.19232761859894 0
60.5372085256682 4.19232761859894 0
60.593589028254 4.19232761859894 0
60.650022040051 4.19232761859894 0
60.706507609963 4.19232761859894 0
60.7630457869392 4.19232761859894 0
60.8196366199747 4.19232761859894 0
60.8762801581098 4.19232761859894 0
60.9329764504307 4.19232761859894 0
60.9897255460694 4.19232761859894 0
61.0465274942034 4.19232761859894 0
61.1033823440562 4.19232761859894 0
61.1602901448972 4.19232761859894 0
61.2172509460414 4.19232761859894 0
61.2742647968501 4.19232761859894 0
61.3313317467302 4.19232761859894 0
61.388451845135 4.19232761859894 0
61.4456251415634 4.19232761859894 0
61.5028516855608 4.19232761859894 0
61.5601315267187 4.19232761859894 0
61.6174647146744 4.19232761859894 0
61.674851299112 4.19232761859894 0
61.7322913297614 4.19232761859894 0
61.7897848563991 4.19232761859894 0
61.8473319288478 4.19232761859894 0
61.9049325969766 4.19232761859894 0
61.9625869107013 4.19232761859894 0
62.0202949199838 4.19232761859894 0
62.0780566748328 4.19232761859894 0
62.1358722253036 4.19232761859894 0
62.1937416214978 4.19232761859894 0
62.2516649135641 4.19232761859894 0
62.3096421516975 4.19232761859894 0
62.36767338614 4.19232761859894 0
62.4257586671804 4.19232761859894 0
62.4838980451542 4.19232761859894 0
62.5420915704438 4.19232761859894 0
62.6003392934786 4.19232761859894 0
62.658641264735 4.19232761859894 0
62.7169975347363 4.19232761859894 0
62.7754081540527 4.19232761859894 0
62.833873173302 4.19232761859894 0
62.8923926431486 4.19232761859894 0
62.9509666143045 4.19232761859894 0
63.0095951375287 4.19232761859894 0
63.0682782636274 4.19232761859894 0
63.1270160434544 4.19232761859894 0
63.1858085279106 4.19232761859894 0
63.2446557679445 4.19232761859894 0
63.3035578145518 4.19232761859894 0
63.362514718776 4.19232761859894 0
63.421526531708 4.19232761859894 0
63.4805933044862 4.19232761859894 0
63.5397150882968 4.19232761859894 0
63.5988919343734 4.19232761859894 0
63.6581238939976 4.19232761859894 0
63.7174110184987 4.19232761859894 0
63.7767533592537 4.19232761859894 0
63.8361509676874 4.19232761859894 0
63.8956038952728 4.19232761859894 0
63.9551121935305 4.19232761859894 0
64.0146759140293 4.19232761859894 0
64.0742951083858 4.19232761859894 0
64.133969828265 4.19232761859894 0
64.1937001253798 4.19232761859894 0
64.2534860514912 4.19232761859894 0
64.3133276584086 4.19232761859894 0
64.3732249979895 4.19232761859894 0
64.4331781221398 4.19232761859894 0
64.4931870828136 4.19232761859894 0
64.5532519320137 4.19232761859894 0
64.6133727217909 4.19232761859894 0
64.6735495042448 4.19232761859894 0
64.7337823315233 4.19232761859894 0
64.7940712558231 4.19232761859894 0
64.8544163293894 4.19232761859894 0
64.914817604516 4.19232761859894 0
64.9752751335455 4.19232761859894 0
65.0357889688691 4.19232761859894 0
65.096359162927 4.19232761859894 0
65.1569857682082 4.19232761859894 0
65.2176688372504 4.19232761859894 0
65.2784084226403 4.19232761859894 0
65.3392045770138 4.19232761859894 0
65.4000573530555 4.19232761859894 0
65.4609668034993 4.19232761859894 0
65.5219329811282 4.19232761859894 0
65.5829559387741 4.19232761859894 0
65.6440357293184 4.19232761859894 0
65.7051724056917 4.19232761859894 0
65.7663660208737 4.19232761859894 0
65.8276166278937 4.19232761859894 0
65.8889242798303 4.19232761859894 0
65.9502890298114 4.19232761859894 0
66.0117109310145 4.19232761859894 0
66.0731900366666 4.19232761859894 0
66.1347264000443 4.19232761859894 0
66.1963200744739 4.19232761859894 0
66.2579711133312 4.19232761859894 0
66.3196795700417 4.19232761859894 0
66.3814454980807 4.19232761859894 0
66.4432689509736 4.19232761859894 0
66.5051499822951 4.19232761859894 0
66.5670886456702 4.19232761859894 0
66.6290849947738 4.19232761859894 0
66.6911390833306 4.19232761859894 0
66.7532509651155 4.19232761859894 0
66.8154206939534 4.19232761859894 0
66.8776483237194 4.19232761859894 0
66.9399339083387 4.19232761859894 0
67.0022775017868 4.19232761859894 0
67.0646791580895 4.19232761859894 0
67.1271389313226 4.19232761859894 0
67.1896568756128 4.19232761859894 0
67.2522330451368 4.19232761859894 0
67.3148674941218 4.19232761859894 0
67.3775602768457 4.19232761859894 0
67.4403114476368 4.19232761859894 0
67.503121060874 4.19232761859894 0
67.5659891709869 4.19232761859894 0
67.6289158324557 4.19232761859894 0
67.6919010998115 4.19232761859894 0
67.754945027636 4.19232761859894 0
67.8180476705619 4.19232761859894 0
67.8812090832727 4.19232761859894 0
67.9444293205028 4.19232761859894 0
68.0077084370377 4.19232761859894 0
68.0710464877138 4.19232761859894 0
68.1344435274185 4.19232761859894 0
68.1978996110905 4.19232761859894 0
68.2614147937196 4.19232761859894 0
68.3249891303468 4.19232761859894 0
68.3886226760644 4.19232761859894 0
68.4523154860159 4.19232761859894 0
68.5160676153964 4.19232761859894 0
68.5798791194521 4.19232761859894 0
68.6437500534807 4.19232761859894 0
68.7076804728317 4.19232761859894 0
68.7716704329059 4.19232761859894 0
68.8357199891557 4.19232761859894 0
68.8998291970851 4.19232761859894 0
68.96399811225 4.19232761859894 0
69.0282267902579 4.19232761859894 0
69.092515286768 4.19232761859894 0
69.1568636574916 4.19232761859894 0
69.2212719581916 4.19232761859894 0
69.2857402446831 4.19232761859894 0
69.350268572833 4.19232761859894 0
69.4148569985601 4.19232761859894 0
69.4795055778357 4.19232761859894 0
69.5442143666829 4.19232761859894 0
69.6089834211771 4.19232761859894 0
69.6738127974458 4.19232761859894 0
69.7387025516689 4.19232761859894 0
69.8036527400786 4.19232761859894 0
69.8686634189595 4.19232761859894 0
69.9337346446485 4.19232761859894 0
69.998866473535 4.19232761859894 0
70.0640589620611 4.19232761859894 0
70.1293121667212 4.19232761859894 0
70.1946261440625 4.19232761859894 0
70.2600009506848 4.19232761859894 0
70.3254366432406 4.19232761859894 0
70.3909332784353 4.19232761859894 0
70.4564909130268 4.19232761859894 0
70.5221096038262 4.19232761859894 0
70.5877894076973 4.19232761859894 0
70.653530381557 4.19232761859894 0
70.719332582375 4.19232761859894 0
70.7851960671743 4.19232761859894 0
70.8511208930308 4.19232761859894 0
70.9171071170739 4.19232761859894 0
70.9831547964856 4.19232761859894 0
71.0492639885018 4.19232761859894 0
71.1154347504113 4.19232761859894 0
71.1816671395564 4.19232761859894 0
71.2479612133328 4.19232761859894 0
71.3143170291897 4.19232761859894 0
71.3807346446296 4.19232761859894 0
71.4472141172088 4.19232761859894 0
71.5137555045371 4.19232761859894 0
71.5803588642779 4.19232761859894 0
71.6470242541483 4.19232761859894 0
71.7137517319194 4.19232761859894 0
71.7805413554159 4.19232761859894 0
71.8473931825162 4.19232761859894 0
71.9143072711529 4.19232761859894 0
71.9812836793124 4.19232761859894 0
72.0483224650352 4.19232761859894 0
72.1154236864157 4.19232761859894 0
72.1825874016025 4.19232761859894 0
72.2498136687984 4.19232761859894 0
72.3171025462604 4.19232761859894 0
72.3844540922996 4.19232761859894 0
72.4518683652816 4.19232761859894 0
72.5193454236262 4.19232761859894 0
72.5868853258079 4.19232761859894 0
72.6544881303552 4.19232761859894 0
72.7221538958515 4.19232761859894 0
72.7898826809346 4.19232761859894 0
72.857674544297 4.19232761859894 0
72.9255295446856 4.19232761859894 0
72.9934477409023 4.19232761859894 0
73.0614291918037 4.19232761859894 0
73.1294739563013 4.19232761859894 0
73.1975820933611 4.19232761859894 0
73.2657536620044 4.19232761859894 0
73.3339887213074 4.19232761859894 0
73.4022873304012 4.19232761859894 0
73.4706495484721 4.19232761859894 0
73.5390754347612 4.19232761859894 0
73.6075650485653 4.19232761859894 0
73.6761184492362 4.19232761859894 0
73.7447356961806 4.19232761859894 0
73.8134168488611 4.19232761859894 0
73.8821619667954 4.19232761859894 0
73.9509711095565 4.19232761859894 0
74.0198443367734 4.19232761859894 0
74.08878170813 4.19232761859894 0
74.1577832833661 4.19232761859894 0
74.2268491222772 4.19232761859894 0
74.2959792847143 4.19232761859894 0
74.3651738305843 4.19232761859894 0
74.4344328198498 4.19232761859894 0
74.5037563125293 4.19232761859894 0
74.5731443686973 4.19232761859894 0
74.6425970484838 4.19232761859894 0
74.7121144120754 4.19232761859894 0
74.7816965197143 4.19232761859894 0
74.8513434316992 4.19232761859894 0
74.9210552083846 4.19232761859894 0
74.9908319101813 4.19232761859894 0
75.0606735975565 4.19232761859894 0
75.1305803310337 4.19232761859894 0
75.2005521711925 4.19232761859894 0
75.2705891786693 4.19232761859894 0
75.3406914141567 4.19232761859894 0
75.410858938404 4.19232761859894 0
75.4810918122169 4.19232761859894 0
75.5513900964579 4.19232761859894 0
75.621753852046 4.19232761859894 0
75.6921831399572 4.19232761859894 0
75.762678021224 4.19232761859894 0
75.833238556936 4.19232761859894 0
75.9038648082394 4.19232761859894 0
75.9745568363378 4.19232761859894 0
76.0453147024912 4.19232761859894 0
76.1161384680171 4.19232761859894 0
76.18702819429 4.19232761859894 0
76.2579839427416 4.19232761859894 0
76.3290057748607 4.19232761859894 0
76.4000937521934 4.19232761859894 0
76.4712479363431 4.19232761859894 0
76.5424683889706 4.19232761859894 0
76.6137551717944 4.19232761859894 0
76.6851083465899 4.19232761859894 0
76.7565279751906 4.19232761859894 0
76.8280141194871 4.19232761859894 0
76.8995668414281 4.19232761859894 0
76.9711862030197 4.19232761859894 0
77.0428722663258 4.19232761859894 0
77.1146250934681 4.19232761859894 0
77.1864447466264 4.19232761859894 0
77.258331288038 4.19232761859894 0
77.3302847799983 4.19232761859894 0
77.402305284861 4.19232761859894 0
77.4743928650375 4.19232761859894 0
77.5465475829975 4.19232761859894 0
77.6187695012688 4.19232761859894 0
77.6910586824377 4.19232761859894 0
77.7634151891484 4.19232761859894 0
77.8358390841036 4.19232761859894 0
77.9083304300646 4.19232761859894 0
77.9808892898508 4.19232761859894 0
78.0535157263404 4.19232761859894 0
78.1262098024699 4.19232761859894 0
78.1989715812346 4.19232761859894 0
78.2718011256886 4.19232761859894 0
78.3446984989444 4.19232761859894 0
78.4176637641734 4.19232761859894 0
78.4906969846058 4.19232761859894 0
78.563798223531 4.19232761859894 0
78.6369675442969 4.19232761859894 0
78.7102050103106 4.19232761859894 0
78.7835106850384 4.19232761859894 0
78.8568846320053 4.19232761859894 0
78.9303269147959 4.19232761859894 0
79.0038375970539 4.19232761859894 0
79.077416742482 4.19232761859894 0
79.1510644148426 4.19232761859894 0
79.2247806779572 4.19232761859894 0
79.2985655957071 4.19232761859894 0
79.3724192320325 4.19232761859894 0
79.4463416509338 4.19232761859894 0
79.5203329164705 4.19232761859894 0
79.5943930927622 4.19232761859894 0
79.6685222439879 4.19232761859894 0
79.7427204343863 4.19232761859894 0
79.8169877282563 4.19232761859894 0
79.8913241899564 4.19232761859894 0
79.9657298839051 4.19232761859894 0
80.0402048745809 4.19232761859894 0
80.1147492265224 4.19232761859894 0
80.1893630043283 4.19232761859894 0
80.2640462726573 4.19232761859894 0
80.3387990962286 4.19232761859894 0
80.4136215398214 4.19232761859894 0
80.4885136682755 4.19232761859894 0
80.5634755464908 4.19232761859894 0
80.6385072394279 4.19232761859894 0
80.7136088121076 4.19232761859894 0
80.7887803296118 4.19232761859894 0
80.8640218570822 4.19232761859894 0
80.939333459722 4.19232761859894 0
81.0147152027946 4.19232761859894 0
81.0901671516244 4.19232761859894 0
81.1656893715964 4.19232761859894 0
81.2412819281568 4.19232761859894 0
81.3169448868127 4.19232761859894 0
81.392678313132 4.19232761859894 0
81.4684822727439 4.19232761859894 0
81.5443568313384 4.19232761859894 0
81.6203020546672 4.19232761859894 0
81.6963180085427 4.19232761859894 0
81.772404758839 4.19232761859894 0
81.8485623714913 4.19232761859894 0
81.9247909124962 4.19232761859894 0
82.001090447912 4.19232761859894 0
82.0774610438584 4.19232761859894 0
82.1539027665164 4.19232761859894 0
82.2304156821292 4.19232761859894 0
82.3069998570011 4.19232761859894 0
82.3836553574988 4.19232761859894 0
82.4603822500501 4.19232761859894 0
82.5371806011451 4.19232761859894 0
82.6140504773359 4.19232761859894 0
82.6909919452363 4.19232761859894 0
82.7680050715222 4.19232761859894 0
82.8450899229318 4.19232761859894 0
82.9222465662652 4.19232761859894 0
82.9994750683849 4.19232761859894 0
83.0767754962155 4.19232761859894 0
83.1541479167442 4.19232761859894 0
83.2315923970202 4.19232761859894 0
83.3091090041556 4.19232761859894 0
83.3866978053246 4.19232761859894 0
83.4643588677642 4.19232761859894 0
83.5420922587738 4.19232761859894 0
83.6198980457159 4.19232761859894 0
83.6977762960152 4.19232761859894 0
83.7757270771596 4.19232761859894 0
83.8537504566997 4.19232761859894 0
83.931846502249 4.19232761859894 0
84.010015281484 4.19232761859894 0
84.0882568621442 4.19232761859894 0
84.1665713120322 4.19232761859894 0
84.2449586990139 4.19232761859894 0
84.3234190910181 4.19232761859894 0
84.4019525560371 4.19232761859894 0
84.4805591621265 4.19232761859894 0
84.5592389774051 4.19232761859894 0
84.6379920700555 4.19232761859894 0
84.7168185083233 4.19232761859894 0
84.7957183605182 4.19232761859894 0
84.874691695013 4.19232761859894 0
84.9537385802447 4.19232761859894 0
85.0328590847136 4.19232761859894 0
85.1120532769841 4.19232761859894 0
85.1913212256842 4.19232761859894 0
85.270662999506 4.19232761859894 0
85.3500786672055 4.19232761859894 0
85.4295682976028 4.19232761859894 0
85.509131959582 4.19232761859894 0
85.5887697220915 4.19232761859894 0
85.6684816541436 4.19232761859894 0
85.7482678248153 4.19232761859894 0
85.8281283032477 4.19232761859894 0
85.9080631586462 4.19232761859894 0
85.9880724602809 4.19232761859894 0
86.0681562774862 4.19232761859894 0
86.1483146796612 4.19232761859894 0
86.2285477362696 4.19232761859894 0
86.3088555168397 4.19232761859894 0
86.3892380909648 4.19232761859894 0
86.4696955283027 4.19232761859894 0
86.5502278985764 4.19232761859894 0
86.6308352715735 4.19232761859894 0
86.7115177171468 4.19232761859894 0
86.7922753052141 4.19232761859894 0
86.8731081057585 4.19232761859894 0
86.954016188828 4.19232761859894 0
87.0349996245359 4.19232761859894 0
87.1160584830608 4.19232761859894 0
87.1971928346469 4.19232761859894 0
87.2784027496036 4.19232761859894 0
87.3596882983057 4.19232761859894 0
87.4410495511937 4.19232761859894 0
87.5224865787737 4.19232761859894 0
87.6039994516174 4.19232761859894 0
87.6855882403623 4.19232761859894 0
87.7672530157115 4.19232761859894 0
87.8489938484341 4.19232761859894 0
87.9308108093653 4.19232761859894 0
88.0127039694059 4.19232761859894 0
88.0946733995229 4.19232761859894 0
88.1767191707495 4.19232761859894 0
88.2588413541849 4.19232761859894 0
88.3410400209944 4.19232761859894 0
88.42331524241 4.19232761859894 0
88.5056670897296 4.19232761859894 0
88.5880956343179 4.19232761859894 0
88.6706009476056 4.19232761859894 0
88.7531831010903 4.19232761859894 0
88.8358421663361 4.19232761859894 0
88.9185782149738 4.19232761859894 0
89.0013913187006 4.19232761859894 0
89.0842815492809 4.19232761859894 0
89.1672489785456 4.19232761859894 0
89.2502936783928 4.19232761859894 0
89.3334157207872 4.19232761859894 0
89.4166151777609 4.19232761859894 0
89.4998921214128 4.19232761859894 0
89.5832466239092 4.19232761859894 0
89.6666787574833 4.19232761859894 0
89.7501885944358 4.19232761859894 0
89.8337762071347 4.19232761859894 0
89.9174416680154 4.19232761859894 0
90.0011850495809 4.19232761859894 0
90.0850064244012 4.19232761859894 0
90.1689058651144 4.19232761859894 0
90.2528834444262 4.19232761859894 0
90.33693923511 4.19232761859894 0
90.4210733100066 4.19232761859894 0
90.5052857420251 4.19232761859894 0
90.5895766041424 4.19232761859894 0
90.6739459694032 4.19232761859894 0
90.7583939109203 4.19232761859894 0
90.8429205018748 4.19232761859894 0
90.9275258155155 4.19232761859894 0
91.01220992516 4.19232761859894 0
91.0969729041937 4.19232761859894 0
91.1818148260705 4.19232761859894 0
91.2667357643129 4.19232761859894 0
91.3517357925116 4.19232761859894 0
91.4368149843259 4.19232761859894 0
91.5219734134839 4.19232761859894 0
91.6072111537821 4.19232761859894 0
91.692528279086 4.19232761859894 0
91.7779248633295 4.19232761859894 0
91.8634009805158 4.19232761859894 0
91.9489567047167 4.19232761859894 0
92.0345921100732 4.19232761859894 0
92.1203072707952 4.19232761859894 0
92.2061022611618 4.19232761859894 0
92.2919771555212 4.19232761859894 0
92.377932028291 4.19232761859894 0
92.4639669539579 4.19232761859894 0
92.550082007078 4.19232761859894 0
92.6362772622771 4.19232761859894 0
92.7225527942501 4.19232761859894 0
92.808908677762 4.19232761859894 0
92.8953449876468 4.19232761859894 0
92.9818617988086 4.19232761859894 0
93.0684591862212 4.19232761859894 0
93.1551372249282 4.19232761859894 0
93.241895990043 4.19232761859894 0
93.328735556749 4.19232761859894 0
93.4156560002999 4.19232761859894 0
93.502657396019 4.19232761859894 0
93.5897398193001 4.19232761859894 0
93.6769033456071 4.19232761859894 0
93.7641480504742 4.19232761859894 0
93.851474009506 4.19232761859894 0
93.9388812983774 4.19232761859894 0
94.0263699928337 4.19232761859894 0
94.1139401686911 4.19232761859894 0
94.2015919018361 4.19232761859894 0
94.289325268226 4.19232761859894 0
94.3771403438887 4.19232761859894 0
94.4650372049231 4.19232761859894 0
94.553015927499 4.19232761859894 0
94.6410765878568 4.19232761859894 0
94.7292192623082 4.19232761859894 0
94.817444027236 4.19232761859894 0
94.9057509590941 4.19232761859894 0
94.9941401344073 4.19232761859894 0
95.0826116297721 4.19232761859894 0
95.1711655218561 4.19232761859894 0
95.2598018873985 4.19232761859894 0
95.3485208032096 4.19232761859894 0
95.4373223461716 4.19232761859894 0
95.5262065932381 4.19232761859894 0
95.6151736214346 4.19232761859894 0
95.7042235078579 4.19232761859894 0
95.7933563296771 4.19232761859894 0
95.8825721641329 4.19232761859894 0
95.9718710885379 4.19232761859894 0
96.061253180277 4.19232761859894 0
96.1507185168067 4.19232761859894 0
96.240267175656 4.19232761859894 0
96.3298992344261 4.19232761859894 0
96.4196147707903 4.19232761859894 0
96.5094138624943 4.19232761859894 0
96.5992965873562 4.19232761859894 0
96.6892630232667 4.19232761859894 0
96.7793132481889 4.19232761859894 0
96.8694473401585 4.19232761859894 0
96.9596653772839 4.19232761859894 0
97.0499674377464 4.19232761859894 0
97.1403535998 4.19232761859894 0
97.2308239417714 4.19232761859894 0
97.3213785420605 4.19232761859894 0
97.4120174791402 4.19232761859894 0
97.5027408315564 4.19232761859894 0
97.593548677928 4.19232761859894 0
97.6844410969475 4.19232761859894 0
97.7754181673805 4.19232761859894 0
97.8664799680658 4.19232761859894 0
97.9576265779157 4.19232761859894 0
98.0488580759163 4.19232761859894 0
98.1401745411268 4.19232761859894 0
98.2315760526805 4.19232761859894 0
98.3230626897838 4.19232761859894 0
98.4146345317175 4.19232761859894 0
98.5062916578358 4.19232761859894 0
98.5980341475671 4.19232761859894 0
98.6898620804135 4.19232761859894 0
98.7817755359514 4.19232761859894 0
98.873774593831 4.19232761859894 0
98.9658593337771 4.19232761859894 0
99.0580298355885 4.19232761859894 0
99.1502861791382 4.19232761859894 0
99.2426284443737 4.19232761859894 0
99.3350567113172 4.19232761859894 0
99.4275710600651 4.19232761859894 0
99.5201715707885 4.19232761859894 0
99.6128583237332 4.19232761859894 0
99.7056313992196 4.19232761859894 0
99.7984908776433 4.19232761859894 0
99.8914368394743 4.19232761859894 0
99.9844693652577 4.19232761859894 0
100.077588535614 4.19232761859894 0
100.170794431238 4.19232761859894 0
100.2640871329 4.19232761859894 0
100.357466721446 4.19232761859894 0
100.450933277797 4.19232761859894 0
100.544486882949 4.19232761859894 0
100.638127617973 4.19232761859894 0
100.731855564018 4.19232761859894 0
100.825670802305 4.19232761859894 0
100.919573414134 4.19232761859894 0
101.013563480878 4.19232761859894 0
101.107641083987 4.19232761859894 0
101.201806304988 4.19232761859894 0
101.296059225481 4.19232761859894 0
101.390399927145 4.19232761859894 0
101.484828491734 4.19232761859894 0
101.579345001076 4.19232761859894 0
101.673949537079 4.19232761859894 0
101.768642181725 4.19232761859894 0
101.863423017073 4.19232761859894 0
101.958292125257 4.19232761859894 0
102.05324958849 4.19232761859894 0
102.14829548906 4.19232761859894 0
102.243429909332 4.19232761859894 0
102.338652931747 4.19232761859894 0
102.433964638823 4.19232761859894 0
102.529365113157 4.19232761859894 0
102.62485443742 4.19232761859894 0
102.720432694361 4.19232761859894 0
102.816099966807 4.19232761859894 0
102.911856337661 4.19232761859894 0
103.007701889903 4.19232761859894 0
103.103636706591 4.19232761859894 0
103.199660870862 4.19232761859894 0
103.295774465926 4.19232761859894 0
103.391977575075 4.19232761859894 0
103.488270281677 4.19232761859894 0
103.584652669175 4.19232761859894 0
103.681124821094 4.19232761859894 0
103.777686821035 4.19232761859894 0
103.874338752676 4.19232761859894 0
103.971080699774 4.19232761859894 0
104.067912746163 4.19232761859894 0
104.164834975757 4.19232761859894 0
104.261847472545 4.19232761859894 0
104.358950320598 4.19232761859894 0
104.456143604063 4.19232761859894 0
104.553427407165 4.19232761859894 0
104.650801814209 4.19232761859894 0
104.748266909577 4.19232761859894 0
104.845822777731 4.19232761859894 0
104.943469503211 4.19232761859894 0
105.041207170636 4.19232761859894 0
105.139035864702 4.19232761859894 0
105.236955670187 4.19232761859894 0
105.334966671946 4.19232761859894 0
105.433068954913 4.19232761859894 0
105.531262604101 4.19232761859894 0
105.629547704605 4.19232761859894 0
105.727924341594 4.19232761859894 0
105.826392600321 4.19232761859894 0
105.924952566117 4.19232761859894 0
106.023604324391 4.19232761859894 0
106.122347960633 4.19232761859894 0
106.221183560412 4.19232761859894 0
106.320111209377 4.19232761859894 0
106.419130993258 4.19232761859894 0
106.518242997863 4.19232761859894 0
106.617447309079 4.19232761859894 0
106.716744012877 4.19232761859894 0
106.816133195303 4.19232761859894 0
106.915614942488 4.19232761859894 0
107.01518934064 4.19232761859894 0
107.114856476047 4.19232761859894 0
107.214616435081 4.19232761859894 0
107.31446930419 4.19232761859894 0
107.414415169905 4.19232761859894 0
107.514454118838 4.19232761859894 0
107.61458623768 4.19232761859894 0
107.714811613204 4.19232761859894 0
107.815130332262 4.19232761859894 0
107.91554248179 4.19232761859894 0
108.016048148802 4.19232761859894 0
108.116647420395 4.19232761859894 0
108.217340383746 4.19232761859894 0
108.318127126114 4.19232761859894 0
108.419007734838 4.19232761859894 0
108.519982297339 4.19232761859894 0
108.621050901121 4.19232761859894 0
108.722213633766 4.19232761859894 0
108.823470582942 4.19232761859894 0
108.924821836394 4.19232761859894 0
109.026267481953 4.19232761859894 0
109.127807607528 4.19232761859894 0
109.229442301113 4.19232761859894 0
109.331171650782 4.19232761859894 0
109.432995744692 4.19232761859894 0
109.534914671081 4.19232761859894 0
109.636928518271 4.19232761859894 0
109.739037374665 4.19232761859894 0
109.841241328748 4.19232761859894 0
109.943540469088 4.19232761859894 0
110.045934884335 4.19232761859894 0
110.148424663223 4.19232761859894 0
110.251009894568 4.19232761859894 0
110.353690667266 4.19232761859894 0
110.456467070301 4.19232761859894 0
110.559339192735 4.19232761859894 0
110.662307123715 4.19232761859894 0
110.765370952473 4.19232761859894 0
110.86853076832 4.19232761859894 0
110.971786660652 4.19232761859894 0
111.075138718951 4.19232761859894 0
111.178587032778 4.19232761859894 0
111.282131691779 4.19232761859894 0
111.385772785684 4.19232761859894 0
111.489510404308 4.19232761859894 0
111.593344637546 4.19232761859894 0
111.697275575379 4.19232761859894 0
111.801303307872 4.19232761859894 0
111.905427925174 4.19232761859894 0
112.009649517516 4.19232761859894 0
112.113968175215 4.19232761859894 0
112.218383988672 4.19232761859894 0
112.322897048371 4.19232761859894 0
112.427507444881 4.19232761859894 0
112.532215268855 4.19232761859894 0
112.637020611031 4.19232761859894 0
112.741923562232 4.19232761859894 0
112.846924213365 4.19232761859894 0
112.952022655419 4.19232761859894 0
113.057218979473 4.19232761859894 0
113.162513276687 4.19232761859894 0
113.267905638307 4.19232761859894 0
113.373396155664 4.19232761859894 0
113.478984920174 4.19232761859894 0
113.584672023338 4.19232761859894 0
113.690457556743 4.19232761859894 0
113.79634161206 4.19232761859894 0
113.902324281046 4.19232761859894 0
114.008405655543 4.19232761859894 0
114.114585827481 4.19232761859894 0
114.220864888871 4.19232761859894 0
114.327242931814 4.19232761859894 0
114.433720048496 4.19232761859894 0
114.540296331186 4.19232761859894 0
114.646971872241 4.19232761859894 0
114.753746764105 4.19232761859894 0
114.860621099307 4.19232761859894 0
114.967594970462 4.19232761859894 0
115.074668470271 4.19232761859894 0
115.181841691522 4.19232761859894 0
115.289114727089 4.19232761859894 0
115.396487669933 4.19232761859894 0
115.503960613102 4.19232761859894 0
115.611533649729 4.19232761859894 0
115.719206873034 4.19232761859894 0
115.826980376326 4.19232761859894 0
115.934854252999 4.19232761859894 0
116.042828596533 4.19232761859894 0
116.150903500499 4.19232761859894 0
116.25907905855 4.19232761859894 0
116.367355364431 4.19232761859894 0
116.47573251197 4.19232761859894 0
116.584210595087 4.19232761859894 0
116.692789707784 4.19232761859894 0
116.801469944156 4.19232761859894 0
116.910251398382 4.19232761859894 0
117.01913416473 4.19232761859894 0
117.128118337556 4.19232761859894 0
117.237204011303 4.19232761859894 0
117.346391280503 4.19232761859894 0
117.455680239775 4.19232761859894 0
117.565070983827 4.19232761859894 0
117.674563607456 4.19232761859894 0
117.784158205544 4.19232761859894 0
117.893854873064 4.19232761859894 0
118.003653705078 4.19232761859894 0
118.113554796735 4.19232761859894 0
118.223558243274 4.19232761859894 0
118.33366414002 4.19232761859894 0
118.44387258239 4.19232761859894 0
118.554183665887 4.19232761859894 0
118.664597486107 4.19232761859894 0
118.77511413873 4.19232761859894 0
118.885733719528 4.19232761859894 0
118.996456324363 4.19232761859894 0
119.107282049184 4.19232761859894 0
119.21821099003 4.19232761859894 0
119.329243243031 4.19232761859894 0
119.440378904405 4.19232761859894 0
119.551618070459 4.19232761859894 0
119.662960837592 4.19232761859894 0
119.774407302291 4.19232761859894 0
119.885957561133 4.19232761859894 0
119.997611710785 4.19232761859894 0
120.109369848006 4.19232761859894 0
120.221232069641 4.19232761859894 0
120.333198472629 4.19232761859894 0
120.445269153998 4.19232761859894 0
120.557444210866 4.19232761859894 0
120.669723740441 4.19232761859894 0
120.782107840023 4.19232761859894 0
120.894596607002 4.19232761859894 0
121.007190138857 4.19232761859894 0
121.119888533162 4.19232761859894 0
121.232691887577 4.19232761859894 0
121.345600299856 4.19232761859894 0
121.458613867843 4.19232761859894 0
121.571732689474 4.19232761859894 0
121.684956862775 4.19232761859894 0
121.798286485863 4.19232761859894 0
121.911721656949 4.19232761859894 0
122.025262474332 4.19232761859894 0
122.138909036406 4.19232761859894 0
122.252661441653 4.19232761859894 0
122.36651978865 4.19232761859894 0
122.480484176063 4.19232761859894 0
122.594554702653 4.19232761859894 0
122.70873146727 4.19232761859894 0
122.823014568858 4.19232761859894 0
122.937404106452 4.19232761859894 0
123.05190017918 4.19232761859894 0
123.166502886262 4.19232761859894 0
123.28121232701 4.19232761859894 0
123.39602860083 4.19232761859894 0
123.510951807219 4.19232761859894 0
123.625982045767 4.19232761859894 0
123.741119416157 4.19232761859894 0
123.856364018165 4.19232761859894 0
123.971715951659 4.19232761859894 0
124.087175316602 4.19232761859894 0
124.202742213047 4.19232761859894 0
124.318416741144 4.19232761859894 0
124.434199001133 4.19232761859894 0
124.550089093349 4.19232761859894 0
124.66608711822 4.19232761859894 0
124.782193176268 4.19232761859894 0
124.898407368107 4.19232761859894 0
125.014729794447 4.19232761859894 0
125.131160556091 4.19232761859894 0
125.247699753935 4.19232761859894 0
125.364347488969 4.19232761859894 0
125.481103862279 4.19232761859894 0
125.597968975043 4.19232761859894 0
125.714942928534 4.19232761859894 0
125.83202582412 4.19232761859894 0
125.949217763261 4.19232761859894 0
126.066518847516 4.19232761859894 0
126.183929178533 4.19232761859894 0
126.301448858059 4.19232761859894 0
126.419077987933 4.19232761859894 0
126.536816670092 4.19232761859894 0
126.654665006565 4.19232761859894 0
126.772623099477 4.19232761859894 0
126.890691051048 4.19232761859894 0
127.008868963594 4.19232761859894 0
127.127156939525 4.19232761859894 0
127.245555081347 4.19232761859894 0
127.364063491662 4.19232761859894 0
127.482682273167 4.19232761859894 0
127.601411528654 4.19232761859894 0
127.720251361013 4.19232761859894 0
127.839201873226 4.19232761859894 0
127.958263168375 4.19232761859894 0
128.077435349636 4.19232761859894 0
128.19671852028 4.19232761859894 0
128.316112783677 4.19232761859894 0
128.435618243291 4.19232761859894 0
128.555235002683 4.19232761859894 0
128.67496316551 4.19232761859894 0
128.794802835527 4.19232761859894 0
128.914754116585 4.19232761859894 0
129.03481711263 4.19232761859894 0
129.154991927707 4.19232761859894 0
129.275278665958 4.19232761859894 0
129.395677431619 4.19232761859894 0
129.516188329028 4.19232761859894 0
129.636811462615 4.19232761859894 0
129.75754693691 4.19232761859894 0
129.878394856541 4.19232761859894 0
129.999355326232 4.19232761859894 0
130.120428450805 4.19232761859894 0
130.241614335179 4.19232761859894 0
130.362913084372 4.19232761859894 0
130.484324803499 4.19232761859894 0
130.605849597772 4.19232761859894 0
130.727487572504 4.19232761859894 0
130.849238833102 4.19232761859894 0
130.971103485075 4.19232761859894 0
131.093081634027 4.19232761859894 0
131.215173385663 4.19232761859894 0
131.337378845784 4.19232761859894 0
131.459698120293 4.19232761859894 0
131.582131315187 4.19232761859894 0
131.704678536566 4.19232761859894 0
131.827339890626 4.19232761859894 0
131.950115483664 4.19232761859894 0
132.073005422074 4.19232761859894 0
132.196009812349 4.19232761859894 0
132.319128761085 4.19232761859894 0
132.442362374972 4.19232761859894 0
132.565710760803 4.19232761859894 0
132.689174025468 4.19232761859894 0
132.81275227596 4.19232761859894 0
132.936445619368 4.19232761859894 0
133.060254162882 4.19232761859894 0
133.184178013793 4.19232761859894 0
133.30821727949 4.19232761859894 0
133.432372067464 4.19232761859894 0
133.556642485304 4.19232761859894 0
133.681028640701 4.19232761859894 0
133.805530641446 4.19232761859894 0
133.930148595429 4.19232761859894 0
134.054882610642 4.19232761859894 0
134.179732795177 4.19232761859894 0
134.304699257226 4.19232761859894 0
134.429782105084 4.19232761859894 0
134.554981447144 4.19232761859894 0
134.680297391902 4.19232761859894 0
134.805730047954 4.19232761859894 0
134.931279523998 4.19232761859894 0
135.056945928832 4.19232761859894 0
135.182729371356 4.19232761859894 0
135.308629960572 4.19232761859894 0
135.434647805583 4.19232761859894 0
135.560783015593 4.19232761859894 0
135.687035699908 4.19232761859894 0
135.813405967937 4.19232761859894 0
135.93989392919 4.19232761859894 0
136.066499693279 4.19232761859894 0
136.193223369917 4.19232761859894 0
136.320065068921 4.19232761859894 0
136.44702490021 4.19232761859894 0
136.574102973804 4.19232761859894 0
136.701299399827 4.19232761859894 0
136.828614288504 4.19232761859894 0
136.956047750164 4.19232761859894 0
137.08359989524 4.19232761859894 0
137.211270834264 4.19232761859894 0
137.339060677873 4.19232761859894 0
137.466969536809 4.19232761859894 0
137.594997521914 4.19232761859894 0
137.723144744135 4.19232761859894 0
137.851411314521 4.19232761859894 0
137.979797344227 4.19232761859894 0
138.108302944508 4.19232761859894 0
138.236928226726 4.19232761859894 0
138.365673302344 4.19232761859894 0
138.49453828293 4.19232761859894 0
138.623523280156 4.19232761859894 0
138.752628405798 4.19232761859894 0
138.881853771737 4.19232761859894 0
139.011199489955 4.19232761859894 0
139.140665672542 4.19232761859894 0
139.27025243169 4.19232761859894 0
139.399959879697 4.19232761859894 0
139.529788128965 4.19232761859894 0
139.659737292 4.19232761859894 0
139.789807481414 4.19232761859894 0
139.919998809923 4.19232761859894 0
140.050311390348 4.19232761859894 0
140.180745335615 4.19232761859894 0
140.311300758756 4.19232761859894 0
140.441977772909 4.19232761859894 0
140.572776491313 4.19232761859894 0
140.703697027319 4.19232761859894 0
140.834739494378 4.19232761859894 0
140.965904006049 4.19232761859894 0
141.097190675998 4.19232761859894 0
141.228599617994 4.19232761859894 0
141.360130945914 4.19232761859894 0
141.49178477374 4.19232761859894 0
141.623561215561 4.19232761859894 0
141.755460385572 4.19232761859894 0
141.887482398074 4.19232761859894 0
142.019627367475 4.19232761859894 0
142.151895408288 4.19232761859894 0
142.284286635136 4.19232761859894 0
142.416801162745 4.19232761859894 0
142.54943910595 4.19232761859894 0
142.682200579692 4.19232761859894 0
142.81508569902 4.19232761859894 0
142.948094579089 4.19232761859894 0
143.081227335163 4.19232761859894 0
143.214484082612 4.19232761859894 0
143.347864936912 4.19232761859894 0
143.481370013651 4.19232761859894 0
143.614999428519 4.19232761859894 0
143.748753297319 4.19232761859894 0
143.882631735958 4.19232761859894 0
144.016634860452 4.19232761859894 0
144.150762786928 4.19232761859894 0
144.285015631616 4.19232761859894 0
144.419393510857 4.19232761859894 0
144.553896541102 4.19232761859894 0
144.688524838908 4.19232761859894 0
144.82327852094 4.19232761859894 0
144.958157703975 4.19232761859894 0
145.093162504895 4.19232761859894 0
145.228293040693 4.19232761859894 0
145.36354942847 4.19232761859894 0
145.498931785437 4.19232761859894 0
145.634440228914 4.19232761859894 0
145.770074876329 4.19232761859894 0
145.905835845222 4.19232761859894 0
146.041723253239 4.19232761859894 0
146.177737218138 4.19232761859894 0
146.313877857786 4.19232761859894 0
146.450145290161 4.19232761859894 0
146.586539633347 4.19232761859894 0
146.723061005543 4.19232761859894 0
146.859709525055 4.19232761859894 0
146.9964853103 4.19232761859894 0
147.133388479804 4.19232761859894 0
147.270419152207 4.19232761859894 0
147.407577446255 4.19232761859894 0
147.544863480807 4.19232761859894 0
147.682277374833 4.19232761859894 0
147.819819247414 4.19232761859894 0
147.957489217739 4.19232761859894 0
148.095287405111 4.19232761859894 0
148.233213928944 4.19232761859894 0
148.371268908761 4.19232761859894 0
148.509452464199 4.19232761859894 0
148.647764715005 4.19232761859894 0
148.786205781036 4.19232761859894 0
148.924775782265 4.19232761859894 0
149.063474838771 4.19232761859894 0
149.202303070751 4.19232761859894 0
149.341260598509 4.19232761859894 0
149.480347542462 4.19232761859894 0
149.619564023142 4.19232761859894 0
149.758910161191 4.19232761859894 0
149.898386077362 4.19232761859894 0
150.037991892524 4.19232761859894 0
150.177727727655 4.19232761859894 0
150.317593703849 4.19232761859894 0
150.457589942309 4.19232761859894 0
150.597716564355 4.19232761859894 0
150.737973691417 4.19232761859894 0
150.878361445039 4.19232761859894 0
151.018879946879 4.19232761859894 0
151.159529318707 4.19232761859894 0
151.300309682406 4.19232761859894 0
151.441221159976 4.19232761859894 0
151.582263873526 4.19232761859894 0
151.723437945281 4.19232761859894 0
151.864743497581 4.19232761859894 0
152.006180652877 4.19232761859894 0
152.147749533737 4.19232761859894 0
152.28945026284 4.19232761859894 0
152.431282962983 4.19232761859894 0
152.573247757075 4.19232761859894 0
152.71534476814 4.19232761859894 0
152.857574119315 4.19232761859894 0
152.999935933855 4.19232761859894 0
153.142430335127 4.19232761859894 0
153.285057446614 4.19232761859894 0
153.427817391913 4.19232761859894 0
153.570710294739 4.19232761859894 0
153.713736278919 4.19232761859894 0
153.856895468396 4.19232761859894 0
154.000187987229 4.19232761859894 0
154.143613959593 4.19232761859894 0
154.287173509779 4.19232761859894 0
154.430866762191 4.19232761859894 0
154.574693841352 4.19232761859894 0
154.718654871899 4.19232761859894 0
154.862749978587 4.19232761859894 0
155.006979286284 4.19232761859894 0
155.151342919978 4.19232761859894 0
155.295841004771 4.19232761859894 0
155.440473665883 4.19232761859894 0
155.585241028648 4.19232761859894 0
155.730143218521 4.19232761859894 0
155.875180361069 4.19232761859894 0
156.020352581979 4.19232761859894 0
156.165660007056 4.19232761859894 0
156.311102762218 4.19232761859894 0
156.456680973505 4.19232761859894 0
156.602394767071 4.19232761859894 0
156.74824426919 4.19232761859894 0
156.89422960625 4.19232761859894 0
157.040350904761 4.19232761859894 0
157.186608291348 4.19232761859894 0
157.333001892756 4.19232761859894 0
157.479531835845 4.19232761859894 0
157.626198247596 4.19232761859894 0
157.773001255106 4.19232761859894 0
157.919940985594 4.19232761859894 0
158.067017566393 4.19232761859894 0
158.214231124957 4.19232761859894 0
158.36158178886 4.19232761859894 0
158.509069685791 4.19232761859894 0
158.656694943561 4.19232761859894 0
158.804457690099 4.19232761859894 0
158.952358053454 4.19232761859894 0
159.100396161792 4.19232761859894 0
159.248572143402 4.19232761859894 0
159.396886126689 4.19232761859894 0
159.545338240179 4.19232761859894 0
159.693928612518 4.19232761859894 0
159.842657372471 4.19232761859894 0
159.991524648924 4.19232761859894 0
160.140530570883 4.19232761859894 0
160.289675267472 4.19232761859894 0
160.438958867938 4.19232761859894 0
160.588381501648 4.19232761859894 0
160.737943298086 4.19232761859894 0
160.887644386862 4.19232761859894 0
161.037484897703 4.19232761859894 0
161.187464960458 4.19232761859894 0
161.337584705096 4.19232761859894 0
161.487844261709 4.19232761859894 0
161.638243760508 4.19232761859894 0
161.788783331827 4.19232761859894 0
161.93946310612 4.19232761859894 0
162.090283213964 4.19232761859894 0
162.241243786055 4.19232761859894 0
162.392344953215 4.19232761859894 0
162.543586846383 4.19232761859894 0
162.694969596623 4.19232761859894 0
162.846493335121 4.19232761859894 0
162.998158193184 4.19232761859894 0
163.149964302241 4.19232761859894 0
163.301911793845 4.19232761859894 0
163.454000799671 4.19232761859894 0
163.606231451516 4.19232761859894 0
163.7586038813 4.19232761859894 0
163.911118221066 4.19232761859894 0
164.06377460298 4.19232761859894 0
164.216573159331 4.19232761859894 0
164.369514022531 4.19232761859894 0
164.522597325115 4.19232761859894 0
164.675823199744 4.19232761859894 0
164.829191779198 4.19232761859894 0
164.982703196385 4.19232761859894 0
165.136357584334 4.19232761859894 0
165.2901550762 4.19232761859894 0
165.444095805259 4.19232761859894 0
165.598179904915 4.19232761859894 0
165.752407508693 4.19232761859894 0
165.906778750244 4.19232761859894 0
166.061293763343 4.19232761859894 0
166.215952681889 4.19232761859894 0
166.370755639908 4.19232761859894 0
166.525702771548 4.19232761859894 0
166.680794211083 4.19232761859894 0
166.836030092914 4.19232761859894 0
166.991410551563 4.19232761859894 0
167.14693572168 4.19232761859894 0
167.302605738041 4.19232761859894 0
167.458420735547 4.19232761859894 0
167.614380849223 4.19232761859894 0
167.770486214221 4.19232761859894 0
167.926736965819 4.19232761859894 0
168.083133239422 4.19232761859894 0
168.239675170559 4.19232761859894 0
168.396362894885 4.19232761859894 0
168.553196548185 4.19232761859894 0
168.710176266366 4.19232761859894 0
168.867302185464 4.19232761859894 0
169.024574441641 4.19232761859894 0
169.181993171187 4.19232761859894 0
169.339558510517 4.19232761859894 0
169.497270596174 4.19232761859894 0
169.65512956483 4.19232761859894 0
169.81313555328 4.19232761859894 0
169.97128869845 4.19232761859894 0
170.129589137392 4.19232761859894 0
170.288037007287 4.19232761859894 0
170.446632445442 4.19232761859894 0
170.605375589293 4.19232761859894 0
170.764266576403 4.19232761859894 0
170.923305544465 4.19232761859894 0
171.082492631298 4.19232761859894 0
171.241827974851 4.19232761859894 0
171.401311713201 4.19232761859894 0
171.560943984553 4.19232761859894 0
171.72072492724 4.19232761859894 0
171.880654679728 4.19232761859894 0
172.040733380607 4.19232761859894 0
172.200961168598 4.19232761859894 0
172.361338182551 4.19232761859894 0
172.521864561447 4.19232761859894 0
172.682540444394 4.19232761859894 0
172.84336597063 4.19232761859894 0
173.004341279525 4.19232761859894 0
173.165466510575 4.19232761859894 0
173.32674180341 4.19232761859894 0
173.488167297786 4.19232761859894 0
173.649743133593 4.19232761859894 0
173.811469450848 4.19232761859894 0
173.9733463897 4.19232761859894 0
174.135374090429 4.19232761859894 0
174.297552693445 4.19232761859894 0
174.459882339289 4.19232761859894 0
174.622363168631 4.19232761859894 0
174.784995322276 4.19232761859894 0
174.947778941156 4.19232761859894 0
175.110714166337 4.19232761859894 0
175.273801139015 4.19232761859894 0
175.437040000519 4.19232761859894 0
175.600430892307 4.19232761859894 0
175.763973955971 4.19232761859894 0
175.927669333235 4.19232761859894 0
176.091517165954 4.19232761859894 0
176.255517596114 4.19232761859894 0
176.419670765835 4.19232761859894 0
176.58397681737 4.19232761859894 0
176.748435893102 4.19232761859894 0
176.913048135549 4.19232761859894 0
177.077813687361 4.19232761859894 0
177.242732691319 4.19232761859894 0
177.40780529034 4.19232761859894 0
177.573031627472 4.19232761859894 0
177.738411845898 4.19232761859894 0
177.903946088931 4.19232761859894 0
178.069634500022 4.19232761859894 0
178.235477222752 4.19232761859894 0
178.401474400837 4.19232761859894 0
178.567626178128 4.19232761859894 0
178.733932698608 4.19232761859894 0
178.900394106394 4.19232761859894 0
179.067010545741 4.19232761859894 0
179.233782161033 4.19232761859894 0
179.400709096791 4.19232761859894 0
179.567791497673 4.19232761859894 0
179.735029508467 4.19232761859894 0
179.902423274098 4.19232761859894 0
180.069972939628 4.19232761859894 0
180.237678650251 4.19232761859894 0
180.405540551298 4.19232761859894 0
180.573558788234 4.19232761859894 0
180.741733506662 4.19232761859894 0
180.910064852317 4.19232761859894 0
181.078552971072 4.19232761859894 0
181.247198008936 4.19232761859894 0
181.416000112054 4.19232761859894 0
181.584959426705 4.19232761859894 0
181.754076099308 4.19232761859894 0
181.923350276414 4.19232761859894 0
182.092782104714 4.19232761859894 0
182.262371731033 4.19232761859894 0
182.432119302336 4.19232761859894 0
182.602024965721 4.19232761859894 0
182.772088868426 4.19232761859894 0
182.942311157825 4.19232761859894 0
183.112691981428 4.19232761859894 0
183.283231486886 4.19232761859894 0
183.453929821983 4.19232761859894 0
183.624787134644 4.19232761859894 0
183.79580357293 4.19232761859894 0
183.966979285041 4.19232761859894 0
184.138314419314 4.19232761859894 0
184.309809124225 4.19232761859894 0
184.481463548388 4.19232761859894 0
184.653277840555 4.19232761859894 0
184.825252149617 4.19232761859894 0
184.997386624604 4.19232761859894 0
185.169681414684 4.19232761859894 0
185.342136669164 4.19232761859894 0
185.51475253749 4.19232761859894 0
185.687529169249 4.19232761859894 0
185.860466714165 4.19232761859894 0
186.033565322101 4.19232761859894 0
186.206825143063 4.19232761859894 0
186.380246327193 4.19232761859894 0
186.553829024775 4.19232761859894 0
186.727573386233 4.19232761859894 0
186.901479562129 4.19232761859894 0
187.075547703168 4.19232761859894 0
187.249777960193 4.19232761859894 0
187.424170484189 4.19232761859894 0
187.598725426281 4.19232761859894 0
187.773442937735 4.19232761859894 0
187.948323169957 4.19232761859894 0
188.123366274497 4.19232761859894 0
188.298572403041 4.19232761859894 0
188.473941707421 4.19232761859894 0
188.649474339608 4.19232761859894 0
188.825170451716 4.19232761859894 0
189.001030195998 4.19232761859894 0
189.177053724853 4.19232761859894 0
189.353241190817 4.19232761859894 0
189.529592746572 4.19232761859894 0
189.706108544941 4.19232761859894 0
189.882788738888 4.19232761859894 0
190.059633481522 4.19232761859894 0
190.236642926092 4.19232761859894 0
190.413817225991 4.19232761859894 0
190.591156534756 4.19232761859894 0
190.768661006064 4.19232761859894 0
190.946330793738 4.19232761859894 0
191.124166051743 4.19232761859894 0
191.302166934187 4.19232761859894 0
191.480333595323 4.19232761859894 0
191.658666189545 4.19232761859894 0
191.837164871395 4.19232761859894 0
192.015829795554 4.19232761859894 0
192.194661116852 4.19232761859894 0
192.373658990258 4.19232761859894 0
192.55282357089 4.19232761859894 0
192.732155014008 4.19232761859894 0
192.911653475017 4.19232761859894 0
193.091319109466 4.19232761859894 0
193.271152073051 4.19232761859894 0
193.451152521611 4.19232761859894 0
193.631320611132 4.19232761859894 0
193.811656497742 4.19232761859894 0
193.992160337718 4.19232761859894 0
194.172832287481 4.19232761859894 0
194.353672503597 4.19232761859894 0
194.53468114278 4.19232761859894 0
194.715858361887 4.19232761859894 0
194.897204317923 4.19232761859894 0
195.078719168039 4.19232761859894 0
195.260403069533 4.19232761859894 0
195.442256179848 4.19232761859894 0
195.624278656573 4.19232761859894 0
195.806470657448 4.19232761859894 0
195.988832340354 4.19232761859894 0
196.171363863324 4.19232761859894 0
196.354065384536 4.19232761859894 0
196.536937062314 4.19232761859894 0
196.719979055133 4.19232761859894 0
196.903191521613 4.19232761859894 0
197.086574620522 4.19232761859894 0
197.270128510776 4.19232761859894 0
197.453853351439 4.19232761859894 0
197.637749301725 4.19232761859894 0
197.821816520992 4.19232761859894 0
198.006055168751 4.19232761859894 0
198.190465404659 4.19232761859894 0
198.375047388523 4.19232761859894 0
198.559801280296 4.19232761859894 0
198.744727240085 4.19232761859894 0
198.929825428141 4.19232761859894 0
199.115096004866 4.19232761859894 0
199.300539130814 4.19232761859894 0
199.486154966686 4.19232761859894 0
199.671943673331 4.19232761859894 0
199.857905411752 4.19232761859894 0
200.044040343099 4.19232761859894 0
200.230348628672 4.19232761859894 0
200.416830429924 4.19232761859894 0
200.603485908454 4.19232761859894 0
200.790315226017 4.19232761859894 0
200.977318544513 4.19232761859894 0
201.164496025996 4.19232761859894 0
201.351847832671 4.19232761859894 0
201.539374126893 4.19232761859894 0
201.727075071169 4.19232761859894 0
201.914950828156 4.19232761859894 0
202.103001560665 4.19232761859894 0
202.291227431655 4.19232761859894 0
202.479628604241 4.19232761859894 0
202.668205241686 4.19232761859894 0
202.856957507407 4.19232761859894 0
203.045885564974 4.19232761859894 0
203.234989578108 4.19232761859894 0
203.424269710682 4.19232761859894 0
203.613726126724 4.19232761859894 0
203.803358990412 4.19232761859894 0
203.993168466077 4.19232761859894 0
204.183154718207 4.19232761859894 0
204.373317911438 4.19232761859894 0
204.563658210563 4.19232761859894 0
204.754175780527 4.19232761859894 0
204.944870786428 4.19232761859894 0
205.135743393519 4.19232761859894 0
205.326793767206 4.19232761859894 0
205.518022073051 4.19232761859894 0
205.709428476767 4.19232761859894 0
205.901013144223 4.19232761859894 0
206.092776241444 4.19232761859894 0
206.284717934607 4.19232761859894 0
206.476838390045 4.19232761859894 0
206.669137774247 4.19232761859894 0
206.861616253854 4.19232761859894 0
207.054273995665 4.19232761859894 0
207.247111166633 4.19232761859894 0
207.440127933867 4.19232761859894 0
207.633324464632 4.19232761859894 0
207.826700926348 4.19232761859894 0
208.020257486592 4.19232761859894 0
208.213994313094 4.19232761859894 0
208.407911573746 4.19232761859894 0
208.602009436589 4.19232761859894 0
208.796288069828 4.19232761859894 0
208.990747641818 4.19232761859894 0
209.185388321076 4.19232761859894 0
209.380210276273 4.19232761859894 0
209.575213676238 4.19232761859894 0
209.770398689957 4.19232761859894 0
209.965765486573 4.19232761859894 0
210.161314235388 4.19232761859894 0
210.35704510586 4.19232761859894 0
210.552958267605 4.19232761859894 0
210.749053890399 4.19232761859894 0
210.945332144174 4.19232761859894 0
211.14179319902 4.19232761859894 0
211.338437225187 4.19232761859894 0
211.535264393084 4.19232761859894 0
211.732274873275 4.19232761859894 0
211.929468836487 4.19232761859894 0
212.126846453604 4.19232761859894 0
212.32440789567 4.19232761859894 0
212.522153333888 4.19232761859894 0
212.720082939619 4.19232761859894 0
212.918196884386 4.19232761859894 0
213.116495339871 4.19232761859894 0
213.314978477915 4.19232761859894 0
213.513646470519 4.19232761859894 0
213.712499489845 4.19232761859894 0
213.911537708216 4.19232761859894 0
214.110761298114 4.19232761859894 0
214.310170432182 4.19232761859894 0
214.509765283224 4.19232761859894 0
214.709546024206 4.19232761859894 0
214.909512828253 4.19232761859894 0
