constant type,value,seconds required
trivial,1.1409282541598809,0.0001010894775390625
ECLipsE,"tensor(1.1409, dtype=torch.float64)",5.364418029785156e-05
ECLipsE_Fast,"tensor(1.1409, dtype=torch.float64)",2.7179718017578125e-05
dmoc_union,1.132710120826497,6.5007123947143555
dmoc_train,1.131627640612666,3.671419858932495
dmoc_test,1.1286241995393478,0.2181110382080078
