constant type,value,seconds required
trivial,1.1596269830599752,0.00010704994201660156
ECLipsE,"tensor(1.1596, dtype=torch.float64)",6.699562072753906e-05
ECLipsE_Fast,"tensor(1.1596, dtype=torch.float64)",2.002716064453125e-05
dmoc_union_E,1.1501818009758098,6.57725715637207
dmoc_train_E,1.1501818009758098,4.378447771072388
dmoc_test_E,1.1500800135977376,0.24720001220703125
dmoc_union_T,0.7169579069073776,6.226919412612915
dmoc_train_T,0.7169579069073776,4.018455743789673
dmoc_test_T,0.6993813450945103,0.2537369728088379
