constant type,value,seconds required
trivial,1.1824739815465581,0.00010085105895996094
ECLipsE,"tensor(1.1825, dtype=torch.float64)",5.698204040527344e-05
ECLipsE_Fast,"tensor(1.1825, dtype=torch.float64)",1.9073486328125e-05
dmoc_union_E,1.1760991305932045,6.598673343658447
dmoc_train_E,1.1760991305932045,4.5202271938323975
dmoc_test_E,1.1675802635885812,0.2783081531524658
dmoc_union_T,0.6955823338990421,6.167018890380859
dmoc_train_T,0.6955823338990421,4.145910978317261
dmoc_test_T,0.6813428627745605,0.2695457935333252
