constant type,value,seconds required
trivial,1.1436131502435,0.00010085105895996094
ECLipsE,"tensor(1.1436, dtype=torch.float64)",5.125999450683594e-05
ECLipsE_Fast,"tensor(1.1436, dtype=torch.float64)",1.7881393432617188e-05
dmoc_union_E,1.1356938537478014,5.7107367515563965
dmoc_train_E,1.1342205065647,3.79335618019104
dmoc_test_E,1.1320611385777672,0.2423558235168457
dmoc_union_T,0.6690121636432099,6.325459957122803
dmoc_train_T,0.6690121636432099,3.9730730056762695
dmoc_test_T,0.6585399221960097,0.20369791984558105
