constant type,value,seconds required
trivial,1.1658146749356197,0.00011181831359863281
ECLipsE,"tensor(1.1658, dtype=torch.float64)",6.222724914550781e-05
ECLipsE_Fast,"tensor(1.1658, dtype=torch.float64)",2.47955322265625e-05
dmoc_union,1.1595880155342038,5.856921672821045
dmoc_train,1.1588945374157515,3.665440797805786
dmoc_test,1.1508566816515886,0.2570459842681885
