constant type,value,seconds required
trivial,1.0928785908385519,9.703636169433594e-05
ECLipsE,"tensor(1.0929, dtype=torch.float64)",6.008148193359375e-05
ECLipsE_Fast,"tensor(1.0929, dtype=torch.float64)",1.6927719116210938e-05
dmoc_union_E,1.0873843342416798,6.906426906585693
dmoc_train_E,1.0855012329283311,4.3143956661224365
dmoc_test_E,1.0801985489052788,0.23577308654785156
dmoc_union_T,0.6801280423865914,7.61043906211853
dmoc_train_T,0.6801280423865914,4.903099775314331
dmoc_test_T,0.6679765968656084,0.31330299377441406
