constant type,value,seconds required
trivial,1.1818864911770657,9.870529174804688e-05
ECLipsE,"tensor(1.1819, dtype=torch.float64)",6.794929504394531e-05
ECLipsE_Fast,"tensor(1.1819, dtype=torch.float64)",2.3126602172851562e-05
dmoc_union_E,1.1713258960123285,6.019583702087402
dmoc_train_E,1.170393294105751,3.8077051639556885
dmoc_test_E,1.1710466350096842,0.23867225646972656
dmoc_union_T,0.6699111379037295,6.074933052062988
dmoc_train_T,0.6699111379037295,4.601072549819946
dmoc_test_T,0.6671026331118103,0.30877208709716797
