constant type,value,seconds required
trivial,1.1626273657451205,0.0001010894775390625
ECLipsE,"tensor(1.1626, dtype=torch.float64)",6.723403930664062e-05
ECLipsE_Fast,"tensor(1.1626, dtype=torch.float64)",2.1696090698242188e-05
dmoc_union_E,1.156382793352414,6.796237230300903
dmoc_train_E,1.156382793352414,4.360750913619995
dmoc_test_E,1.150841907373109,0.2817668914794922
dmoc_union_T,0.7002513268109836,7.280813932418823
dmoc_train_T,0.7002513268109836,3.7843592166900635
dmoc_test_T,0.6852538153481811,0.2421119213104248
