constant type,value,seconds required
trivial,1.157839987353655,0.00011014938354492188
ECLipsE,"tensor(1.1578, dtype=torch.float64)",5.602836608886719e-05
ECLipsE_Fast,"tensor(1.1578, dtype=torch.float64)",2.288818359375e-05
dmoc_union_E,1.1516342718716106,6.814440965652466
dmoc_train_E,1.1516342718716106,4.973296880722046
dmoc_test_E,1.1466359208899553,0.293137788772583
dmoc_union_T,0.7006873825553291,6.993495941162109
dmoc_train_T,0.7006873825553291,4.260052919387817
dmoc_test_T,0.6856156580163637,0.27932310104370117
