constant type,value,seconds required
trivial,1.1802541178744785,0.00011301040649414062
ECLipsE,"tensor(1.1803, dtype=torch.float64)",6.389617919921875e-05
ECLipsE_Fast,"tensor(1.1803, dtype=torch.float64)",2.7894973754882812e-05
dmoc_union,1.1733091652588306,4.745260000228882
dmoc_train,1.17260748136646,2.9714460372924805
dmoc_test,1.1647915166649756,0.1990821361541748
