constant type,value,seconds required
trivial,1.1528639586735079,0.0001010894775390625
ECLipsE,"tensor(1.1529, dtype=torch.float64)",4.9114227294921875e-05
ECLipsE_Fast,"tensor(1.1529, dtype=torch.float64)",1.8835067749023438e-05
dmoc_union,1.1445671593341422,7.139857769012451
dmoc_train,1.1438826642639415,4.570391416549683
dmoc_test,1.1431378591112484,0.2828242778778076
