constant type,value,seconds required
trivial,1.1568230421164494,0.00011110305786132812
ECLipsE,"tensor(1.1568, dtype=torch.float64)",5.793571472167969e-05
ECLipsE_Fast,"tensor(1.1568, dtype=torch.float64)",2.4080276489257812e-05
dmoc_union,1.1500645975099133,5.927333831787109
dmoc_train,1.1493768147607857,3.738126277923584
dmoc_test,1.146177707418461,0.2522141933441162
