constant type,value,seconds required
trivial,1.200936446301799,0.00010704994201660156
ECLipsE,"tensor(1.2009, dtype=torch.float64)",5.507469177246094e-05
ECLipsE_Fast,"tensor(1.2009, dtype=torch.float64)",1.8835067749023438e-05
dmoc_union,1.1941849057276945,7.0035576820373535
dmoc_train,1.1934707373416698,4.4830241203308105
dmoc_test,1.1839035389727455,0.27609896659851074
