constant type,value,seconds required
trivial,1.183168674234053,0.00011992454528808594
ECLipsE,"tensor(1.1832, dtype=torch.float64)",6.389617919921875e-05
ECLipsE_Fast,"tensor(1.1832, dtype=torch.float64)",2.09808349609375e-05
dmoc_union,1.1767605450226666,6.662482738494873
dmoc_train,1.1760567970727922,3.865717887878418
dmoc_test,1.1696328416262491,0.2228100299835205
