constant type,value,seconds required
trivial,1.1452072604054335,0.00010609626770019531
ECLipsE,"tensor(1.1452, dtype=torch.float64)",6.103515625e-05
ECLipsE_Fast,"tensor(1.1452, dtype=torch.float64)",2.09808349609375e-05
dmoc_union,1.1382848616702,5.550534009933472
dmoc_train,1.1376041236550094,3.659898281097412
dmoc_test,1.130419195296306,0.27934885025024414
