constant type,value,seconds required
trivial,1.1474160513487721,0.00010704994201660156
ECLipsE,"tensor(1.1474, dtype=torch.float64)",5.1975250244140625e-05
ECLipsE_Fast,"tensor(1.1474, dtype=torch.float64)",1.7881393432617188e-05
dmoc_union,1.1384419099927423,6.7002599239349365
dmoc_train,1.1376306345262601,3.8604648113250732
dmoc_test,1.1364271851547914,0.22498202323913574
