constant type,value,seconds required
trivial,1.1870667696596697,0.00010204315185546875
ECLipsE,"tensor(1.1871, dtype=torch.float64)",7.104873657226562e-05
ECLipsE_Fast,"tensor(1.1871, dtype=torch.float64)",2.193450927734375e-05
dmoc_union_E,1.1798817047849908,6.125863790512085
dmoc_train_E,1.1798817047849908,4.3666887283325195
dmoc_test_E,1.1719752253195765,0.25089478492736816
dmoc_union_T,0.6857404625298855,7.202523231506348
dmoc_train_T,0.6857404625298855,4.542475938796997
dmoc_test_T,0.6750891482235752,0.28698277473449707
