constant type,value,seconds required
trivial,1.1641747654984609,8.606910705566406e-05
ECLipsE,"tensor(1.1642, dtype=torch.float64)",5.316734313964844e-05
ECLipsE_Fast,"tensor(1.1642, dtype=torch.float64)",1.71661376953125e-05
dmoc_union_E,1.1559415921319656,5.5527589321136475
dmoc_train_E,1.1558189878330776,3.7835981845855713
dmoc_test_E,1.1517479975162672,0.20655179023742676
dmoc_union_T,0.6757859806670066,5.972545862197876
dmoc_train_T,0.6757859806670066,4.044973850250244
dmoc_test_T,0.6660266702455773,0.28028392791748047
