constant type,value,seconds required
trivial,1.1360169134049547,9.298324584960938e-05
ECLipsE,"tensor(1.1360, dtype=torch.float64)",6.318092346191406e-05
ECLipsE_Fast,"tensor(1.1360, dtype=torch.float64)",1.71661376953125e-05
dmoc_union_E,1.1298883267026782,6.665798187255859
dmoc_train_E,1.1298883267026782,3.922461748123169
dmoc_test_E,1.1247080789906634,0.26386594772338867
dmoc_union_T,0.693750148202132,6.710461139678955
dmoc_train_T,0.693750148202132,3.5410282611846924
dmoc_test_T,0.679651710552272,0.18767380714416504
