constant type,value,seconds required
trivial,1.1446136952588852,9.799003601074219e-05
ECLipsE,"tensor(1.1446, dtype=torch.float64)",6.198883056640625e-05
ECLipsE_Fast,"tensor(1.1446, dtype=torch.float64)",1.7881393432617188e-05
dmoc_union_E,1.1370662482659852,6.886285781860352
dmoc_train_E,1.1370662482659852,4.303566217422485
dmoc_test_E,1.1350029194382252,0.25973010063171387
dmoc_union_T,0.7076801057715737,6.895071744918823
dmoc_train_T,0.7076801057715737,3.892301321029663
dmoc_test_T,0.6915579200524831,0.2564668655395508
