constant type,value,seconds required
trivial,1.174424274864381,0.00011396408081054688
ECLipsE,"tensor(1.1744, dtype=torch.float64)",5.1975250244140625e-05
ECLipsE_Fast,"tensor(1.1744, dtype=torch.float64)",1.71661376953125e-05
dmoc_union_E,1.1650983652952318,6.727583408355713
dmoc_train_E,1.1650983652952318,3.779831886291504
dmoc_test_E,1.1636460646280766,0.21765589714050293
dmoc_union_T,0.7270177481574662,7.042082071304321
dmoc_train_T,0.7270177481574662,4.4329469203948975
dmoc_test_T,0.707567127414766,0.2783238887786865
