constant type,value,seconds required
trivial,1.1528639586735079,0.00011396408081054688
ECLipsE,"tensor(1.1529, dtype=torch.float64)",6.103515625e-05
ECLipsE_Fast,"tensor(1.1529, dtype=torch.float64)",1.8835067749023438e-05
dmoc_union_E,1.1447368228673427,7.025820732116699
dmoc_train_E,1.1447368228673427,4.198791742324829
dmoc_test_E,1.1432655492776838,0.2508089542388916
dmoc_union_T,0.7110529640367022,5.132058143615723
dmoc_train_T,0.7110529640367022,4.000380039215088
dmoc_test_T,0.6943975622200276,0.2536048889160156
