constant type,value,seconds required
trivial,1.140325104646915,0.00011587142944335938
ECLipsE,"tensor(1.1403, dtype=torch.float64)",5.817413330078125e-05
ECLipsE_Fast,"tensor(1.1403, dtype=torch.float64)",1.9073486328125e-05
dmoc_union_E,1.1341509375198244,6.961329936981201
dmoc_train_E,1.1341509375198244,4.840534210205078
dmoc_test_E,1.1256179555662507,0.30234384536743164
dmoc_union_T,0.6836098508982288,7.0050368309021
dmoc_train_T,0.6836098508982288,4.212801933288574
dmoc_test_T,0.6711264770846594,0.26971936225891113
