constant type,value,seconds required
trivial,1.1645682579133994,8.797645568847656e-05
ECLipsE,"tensor(1.1646, dtype=torch.float64)",5.316734313964844e-05
ECLipsE_Fast,"tensor(1.1646, dtype=torch.float64)",1.6689300537109375e-05
dmoc_union_E,1.1572754504059266,6.69597315788269
dmoc_train_E,1.1538831413430952,4.013330698013306
dmoc_test_E,1.1539213010343898,0.2505970001220703
dmoc_union_T,0.6556188152135963,6.353090286254883
dmoc_train_T,0.6556188152135963,4.321186065673828
dmoc_test_T,0.6545812658703158,0.2565178871154785
