constant type,value,seconds required
trivial,1.2233885854737785,9.870529174804688e-05
ECLipsE,"tensor(1.2234, dtype=torch.float64)",5.602836608886719e-05
ECLipsE_Fast,"tensor(1.2234, dtype=torch.float64)",2.288818359375e-05
dmoc_union_E,1.2122233741114388,7.049124002456665
dmoc_train_E,1.2122233741114388,3.265842914581299
dmoc_test_E,1.2110610946202192,0.2021167278289795
dmoc_union_T,0.681007318265395,5.917195796966553
dmoc_train_T,0.681007318265395,4.491479873657227
dmoc_test_T,0.6799993023281643,0.24629807472229004
