constant type,value,seconds required
trivial,1.1042491137127106,0.00010395050048828125
ECLipsE,"tensor(1.1042, dtype=torch.float64)",5.984306335449219e-05
ECLipsE_Fast,"tensor(1.1042, dtype=torch.float64)",1.811981201171875e-05
dmoc_union_E,1.0966422652807046,5.203872203826904
dmoc_train_E,1.0966422652807046,4.41289210319519
dmoc_test_E,1.0961354976473319,0.28067731857299805
dmoc_union_T,0.716350794214043,6.976597309112549
dmoc_train_T,0.716350794214043,4.385479927062988
dmoc_test_T,0.6983964173700598,0.2558290958404541
