constant type,value,seconds required
trivial,1.167395001318053,0.00010609626770019531
ECLipsE,"tensor(1.1674, dtype=torch.float64)",5.507469177246094e-05
ECLipsE_Fast,"tensor(1.1674, dtype=torch.float64)",1.8835067749023438e-05
dmoc_union,1.158257513231637,6.3103721141815186
dmoc_train,1.1575648308046038,4.51331901550293
dmoc_test,1.1572470647283402,0.2958400249481201
