constant type,value,seconds required
trivial,1.1521519532398885,8.893013000488281e-05
ECLipsE,"tensor(1.1522, dtype=torch.float64)",5.078315734863281e-05
ECLipsE_Fast,"tensor(1.1522, dtype=torch.float64)",1.6927719116210938e-05
dmoc_union,1.1455631975042235,6.770083904266357
dmoc_train,1.1448781067649862,4.547665357589722
dmoc_test,1.1413017028165902,0.25702476501464844
