constant type,value,seconds required
trivial,1.1379203488242597,9.012222290039062e-05
ECLipsE,"tensor(1.1379, dtype=torch.float64)",5.2928924560546875e-05
ECLipsE_Fast,"tensor(1.1379, dtype=torch.float64)",1.6927719116210938e-05
dmoc_union_E,1.12877714125429,6.36703085899353
dmoc_train_E,1.12877714125429,3.910123109817505
dmoc_test_E,1.1284577508823996,0.2425541877746582
dmoc_union_T,0.7240196044892763,5.315893888473511
dmoc_train_T,0.7240196044892763,4.019397974014282
dmoc_test_T,0.7051426798127006,0.235032320022583
