constant type,value,seconds required
trivial,1.1474160513487721,0.00010085105895996094
ECLipsE,"tensor(1.1474, dtype=torch.float64)",5.1975250244140625e-05
ECLipsE_Fast,"tensor(1.1474, dtype=torch.float64)",1.9311904907226562e-05
dmoc_union_E,1.1392898247707708,5.570756196975708
dmoc_train_E,1.1375551725666817,3.159435987472534
dmoc_test_E,1.1363685006212707,0.20849037170410156
dmoc_union_T,0.6679134173247971,6.545573949813843
dmoc_train_T,0.6679134173247971,4.472034931182861
dmoc_test_T,0.6589065077692844,0.2816746234893799
