constant type,value,seconds required
trivial,1.1997110043044585,9.489059448242188e-05
ECLipsE,"tensor(1.1997, dtype=torch.float64)",5.7220458984375e-05
ECLipsE_Fast,"tensor(1.1997, dtype=torch.float64)",1.8835067749023438e-05
dmoc_union,1.1914100638113214,5.874488592147827
dmoc_train,1.1906975548872134,3.5768702030181885
dmoc_test,1.1870667628194065,0.20388007164001465
