constant type,value,seconds required
trivial,1.1231170430516917,8.988380432128906e-05
ECLipsE,"tensor(1.1231, dtype=torch.float64)",6.127357482910156e-05
ECLipsE_Fast,"tensor(1.1231, dtype=torch.float64)",1.7881393432617188e-05
dmoc_union_E,1.1152158206802794,6.012587070465088
dmoc_train_E,1.1152158206802794,4.130921363830566
dmoc_test_E,1.114843240661209,0.24338388442993164
dmoc_union_T,0.7157531738359673,6.700492858886719
dmoc_train_T,0.7157531738359673,4.026666879653931
dmoc_test_T,0.6981312495844164,0.2780129909515381
