constant type,value,seconds required
trivial,1.2168236570360675,9.703636169433594e-05
ECLipsE,"tensor(1.2168, dtype=torch.float64)",6.175041198730469e-05
ECLipsE_Fast,"tensor(1.2168, dtype=torch.float64)",1.811981201171875e-05
dmoc_union_E,1.2097527218836965,6.066835165023804
dmoc_train_E,1.2097527218836965,4.612924814224243
dmoc_test_E,1.2002308403950195,0.27954792976379395
dmoc_union_T,0.7028402544290442,5.1842262744903564
dmoc_train_T,0.7028402544290442,3.7108829021453857
dmoc_test_T,0.6884212529720467,0.2459239959716797
