constant type,value,seconds required
trivial,1.145742879153024,0.00011515617370605469
ECLipsE,"tensor(1.1457, dtype=torch.float64)",6.604194641113281e-05
ECLipsE_Fast,"tensor(1.1457, dtype=torch.float64)",2.09808349609375e-05
dmoc_union,1.1359231204488753,4.896003246307373
dmoc_train,1.1360308063102036,3.5121569633483887
dmoc_test,1.1351500590808403,0.20377278327941895
