constant type,value,seconds required
trivial,1.1207113620764813,0.00011110305786132812
ECLipsE,"tensor(1.1207, dtype=torch.float64)",5.888938903808594e-05
ECLipsE_Fast,"tensor(1.1207, dtype=torch.float64)",1.9311904907226562e-05
dmoc_union_E,1.1143231858114608,7.299995183944702
dmoc_train_E,1.1135326544681585,4.168220043182373
dmoc_test_E,1.1115764054914452,0.29593896865844727
dmoc_union_T,0.7002044232895185,6.969299077987671
dmoc_train_T,0.7002044232895185,4.228184938430786
dmoc_test_T,0.6849236271816469,0.27823376655578613
