constant type,value,seconds required
trivial,1.156528166557811,0.00011491775512695312
ECLipsE,"tensor(1.1565, dtype=torch.float64)",5.2928924560546875e-05
ECLipsE_Fast,"tensor(1.1565, dtype=torch.float64)",1.6927719116210938e-05
dmoc_union_E,1.1472648988201863,5.150740146636963
dmoc_train_E,1.1457289813593752,3.71264386177063
dmoc_test_E,1.1461311504890253,0.23737311363220215
dmoc_union_T,0.6673681279777662,5.67254114151001
dmoc_train_T,0.6673681279777662,4.057315826416016
dmoc_test_T,0.6609770216700352,0.2763848304748535
