constant type,value,seconds required
trivial,1.2233885854737785,9.298324584960938e-05
ECLipsE,"tensor(1.2234, dtype=torch.float64)",5.3882598876953125e-05
ECLipsE_Fast,"tensor(1.2234, dtype=torch.float64)",1.9073486328125e-05
dmoc_union,1.2122293540941211,6.170562982559204
dmoc_train,1.2113003839680885,4.328912019729614
dmoc_test,1.2111236364412603,0.2555720806121826
