constant type,value,seconds required
trivial,1.198530351477008,9.393692016601562e-05
ECLipsE,"tensor(1.1985, dtype=torch.float64)",5.91278076171875e-05
ECLipsE_Fast,"tensor(1.1985, dtype=torch.float64)",1.7881393432617188e-05
dmoc_union_E,1.1919746129665822,5.690468072891235
dmoc_train_E,1.1919746129665822,3.765296220779419
dmoc_test_E,1.1846266574882027,0.22281670570373535
dmoc_union_T,0.7040569044690268,6.627305269241333
dmoc_train_T,0.7040569044690268,3.8048360347747803
dmoc_test_T,0.6887032464845337,0.2566983699798584
