constant type,value,seconds required
trivial,1.1457094298317325,0.00010395050048828125
ECLipsE,"tensor(1.1457, dtype=torch.float64)",6.508827209472656e-05
ECLipsE_Fast,"tensor(1.1457, dtype=torch.float64)",2.288818359375e-05
dmoc_union_E,1.1396869887611938,6.00798487663269
dmoc_train_E,1.1396869887611938,3.968186140060425
dmoc_test_E,1.1319939246934179,0.19540095329284668
dmoc_union_T,0.6883927116681314,6.485412836074829
dmoc_train_T,0.6883927116681314,4.340484380722046
dmoc_test_T,0.6750483561459947,0.26235413551330566
