constant type,value,seconds required
trivial,1.1282952022000976,8.821487426757812e-05
ECLipsE,"tensor(1.1283, dtype=torch.float64)",6.508827209472656e-05
ECLipsE_Fast,"tensor(1.1283, dtype=torch.float64)",1.7881393432617188e-05
dmoc_union_E,1.1214646514079059,6.319725036621094
dmoc_train_E,1.1213120264744976,3.8175342082977295
dmoc_test_E,1.1190968633571652,0.2019498348236084
dmoc_union_T,0.7017024424351955,6.801972150802612
dmoc_train_T,0.7017024424351955,4.6903393268585205
dmoc_test_T,0.6863204463931438,0.318073034286499
