constant type,value,seconds required
trivial,1.1730467628754602,9.393692016601562e-05
ECLipsE,"tensor(1.1730, dtype=torch.float64)",6.127357482910156e-05
ECLipsE_Fast,"tensor(1.1730, dtype=torch.float64)",1.7881393432617188e-05
dmoc_union_E,1.16333439778664,5.934790134429932
dmoc_train_E,1.16333439778664,4.421229600906372
dmoc_test_E,1.1620691093006457,0.25473523139953613
dmoc_union_T,0.7342389812087975,5.32373309135437
dmoc_train_T,0.7342389812087975,4.154489755630493
dmoc_test_T,0.7136374675138881,0.29703378677368164
