constant type,value,seconds required
trivial,1.1568230421164494,9.489059448242188e-05
ECLipsE,"tensor(1.1568, dtype=torch.float64)",6.222724914550781e-05
ECLipsE_Fast,"tensor(1.1568, dtype=torch.float64)",1.7881393432617188e-05
dmoc_union_E,1.150235075949235,6.44615912437439
dmoc_train_E,1.150235075949235,3.897425413131714
dmoc_test_E,1.1463057371403866,0.27832531929016113
dmoc_union_T,0.7033931629376193,6.443737030029297
dmoc_train_T,0.7033931629376193,3.6148293018341064
dmoc_test_T,0.6878639174999908,0.25789690017700195
