constant type,value,seconds required
trivial,1.1997110043044585,0.00010204315185546875
ECLipsE,"tensor(1.1997, dtype=torch.float64)",6.604194641113281e-05
ECLipsE_Fast,"tensor(1.1997, dtype=torch.float64)",2.288818359375e-05
dmoc_union_E,1.1915866710460026,7.10883903503418
dmoc_train_E,1.1915866710460026,3.221855878829956
dmoc_test_E,1.187199359908468,0.2668590545654297
dmoc_union_T,0.7140146026867692,6.767658948898315
dmoc_train_T,0.7140146026867692,3.9971349239349365
dmoc_test_T,0.6970614590731266,0.27323484420776367
