constant type,value,seconds required
trivial,1.1207113620764813,0.00011587142944335938
ECLipsE,"tensor(1.1207, dtype=torch.float64)",5.888938903808594e-05
ECLipsE_Fast,"tensor(1.1207, dtype=torch.float64)",1.7881393432617188e-05
dmoc_union,1.1140538937500217,6.980345249176025
dmoc_train,1.112701779215452,4.593685150146484
dmoc_test,1.11145225465325,0.26268792152404785
