constant type,value,seconds required
trivial,1.1451610500264244,0.00010991096496582031
ECLipsE,"tensor(1.1452, dtype=torch.float64)",5.888938903808594e-05
ECLipsE_Fast,"tensor(1.1452, dtype=torch.float64)",2.1219253540039062e-05
dmoc_union,1.13501181078995,5.1035497188568115
dmoc_train,1.135087457160355,3.4465742111206055
dmoc_test,1.1349500629733442,0.21341991424560547
