constant type,value,seconds required
trivial,1.167583271609927,0.00010085105895996094
ECLipsE,"tensor(1.1676, dtype=torch.float64)",5.602836608886719e-05
ECLipsE_Fast,"tensor(1.1676, dtype=torch.float64)",1.7881393432617188e-05
dmoc_union_E,1.1581373730741842,7.073109865188599
dmoc_train_E,1.1568268706476768,4.51688814163208
dmoc_test_E,1.1565209602829958,0.26755332946777344
dmoc_union_T,0.6696094713846722,6.97928261756897
dmoc_train_T,0.6696094713846722,4.930043935775757
dmoc_test_T,0.6639484173338603,0.2861800193786621
