constant type,value,seconds required
trivial,1.193267328554865,0.00011396408081054688
ECLipsE,"tensor(1.1933, dtype=torch.float64)",5.602836608886719e-05
ECLipsE_Fast,"tensor(1.1933, dtype=torch.float64)",1.7881393432617188e-05
dmoc_union,1.181826878101689,6.696661949157715
dmoc_train,1.1815793402028816,4.253921985626221
dmoc_test,1.1828454379131603,0.2715590000152588
