constant type,value,seconds required
trivial,1.1451610500264244,9.512901306152344e-05
ECLipsE,"tensor(1.1452, dtype=torch.float64)",6.604194641113281e-05
ECLipsE_Fast,"tensor(1.1452, dtype=torch.float64)",1.7881393432617188e-05
dmoc_union_E,1.13585717082032,6.868811130523682
dmoc_train_E,1.1347184121830176,3.5337133407592773
dmoc_test_E,1.1348914547176772,0.24030709266662598
dmoc_union_T,0.6619893010244525,7.225577116012573
dmoc_train_T,0.6619893010244525,4.321447849273682
dmoc_test_T,0.6556106825111735,0.2852480411529541
