constant type,value,seconds required
trivial,1.1275314202855085,0.00010991096496582031
ECLipsE,"tensor(1.1275, dtype=torch.float64)",5.1021575927734375e-05
ECLipsE_Fast,"tensor(1.1275, dtype=torch.float64)",2.193450927734375e-05
dmoc_union,1.1205392642277565,5.980794906616211
dmoc_train,1.1198691387606092,3.734154224395752
dmoc_test,1.113136748850777,0.21250104904174805
