constant type,value,seconds required
trivial,1.167583271609927,9.298324584960938e-05
ECLipsE,"tensor(1.1676, dtype=torch.float64)",5.125999450683594e-05
ECLipsE_Fast,"tensor(1.1676, dtype=torch.float64)",2.09808349609375e-05
dmoc_union,1.1572754310360251,6.996839284896851
dmoc_train,1.1567014793463606,5.006901264190674
dmoc_test,1.1565806855332328,0.2602851390838623
