constant type,value,seconds required
trivial,1.186804284564125,0.00010395050048828125
ECLipsE,"tensor(1.1868, dtype=torch.float64)",5.3882598876953125e-05
ECLipsE_Fast,"tensor(1.1868, dtype=torch.float64)",1.7881393432617188e-05
dmoc_union,1.1794180257271827,5.704883813858032
dmoc_train,1.1787126885018986,3.183312177658081
dmoc_test,1.1714652053472128,0.22239208221435547
