constant type,value,seconds required
trivial,1.1016381238393504,8.487701416015625e-05
ECLipsE,"tensor(1.1016, dtype=torch.float64)",4.792213439941406e-05
ECLipsE_Fast,"tensor(1.1016, dtype=torch.float64)",1.621246337890625e-05
dmoc_union_E,1.0943603565290254,6.341984033584595
dmoc_train_E,1.0934560322191023,4.553433179855347
dmoc_test_E,1.0901307828419564,0.26670074462890625
dmoc_union_T,0.7357440959988236,5.4118332862854
dmoc_train_T,0.7357440959988236,4.067505121231079
dmoc_test_T,0.7147161260727098,0.24747586250305176
