constant type,value,seconds required
trivial,1.084686590591087,0.00012803077697753906
ECLipsE,"tensor(1.0847, dtype=torch.float64)",6.4849853515625e-05
ECLipsE_Fast,"tensor(1.0847, dtype=torch.float64)",2.5033950805664062e-05
dmoc_union,1.080772840331198,6.096108913421631
dmoc_train,1.076616705263403,4.269613742828369
dmoc_test,1.0751012842296135,0.2382960319519043
