constant type,value,seconds required
trivial,1.1405581148550104,9.107589721679688e-05
ECLipsE,"tensor(1.1406, dtype=torch.float64)",5.1975250244140625e-05
ECLipsE_Fast,"tensor(1.1406, dtype=torch.float64)",1.6927719116210938e-05
dmoc_union_E,1.1331342211358229,6.951399803161621
dmoc_train_E,1.1321564716642774,4.588337421417236
dmoc_test_E,1.128576908104971,0.29135775566101074
dmoc_union_T,0.6721031185099139,6.704012870788574
dmoc_train_T,0.6721031185099139,4.430794715881348
dmoc_test_T,0.6611710345909567,0.27677011489868164
