constant type,value,seconds required
trivial,1.1438666298021685,0.00010704994201660156
ECLipsE,"tensor(1.1439, dtype=torch.float64)",5.7697296142578125e-05
ECLipsE_Fast,"tensor(1.1439, dtype=torch.float64)",2.09808349609375e-05
dmoc_union,1.1376542366728064,5.9699578285217285
dmoc_train,1.136973875795557,3.989086866378784
dmoc_test,1.1322752270011192,0.25099682807922363
