constant type,value,seconds required
trivial,1.147573787562714,0.0001068115234375
ECLipsE,"tensor(1.1476, dtype=torch.float64)",5.817413330078125e-05
ECLipsE_Fast,"tensor(1.1476, dtype=torch.float64)",2.384185791015625e-05
dmoc_union,1.141351625556536,6.861144781112671
dmoc_train,1.1406690534988912,4.228008031845093
dmoc_test,1.1340856977723968,0.23738718032836914
