constant type,value,seconds required
trivial,1.1275314202855085,0.0001049041748046875
ECLipsE,"tensor(1.1275, dtype=torch.float64)",5.3882598876953125e-05
ECLipsE_Fast,"tensor(1.1275, dtype=torch.float64)",2.3126602172851562e-05
dmoc_union_E,1.120826698506907,6.651122808456421
dmoc_train_E,1.1207053660148891,4.4703569412231445
dmoc_test_E,1.1130792670237808,0.2754640579223633
dmoc_union_T,0.6782422943718658,5.750555038452148
dmoc_train_T,0.6782422943718658,4.244345426559448
dmoc_test_T,0.6664335326597278,0.27723193168640137
