constant type,value,seconds required
trivial,1.1409282541598809,9.083747863769531e-05
ECLipsE,"tensor(1.1409, dtype=torch.float64)",6.198883056640625e-05
ECLipsE_Fast,"tensor(1.1409, dtype=torch.float64)",1.6689300537109375e-05
dmoc_union_E,1.1335537665516242,6.046501636505127
dmoc_train_E,1.1324726481604444,3.5850977897644043
dmoc_test_E,1.128565917948116,0.2543070316314697
dmoc_union_T,0.673130989486965,6.452636957168579
dmoc_train_T,0.673130989486965,3.4161410331726074
dmoc_test_T,0.6622931717148026,0.2578301429748535
