constant type,value,seconds required
trivial,1.1295835151721032,9.393692016601562e-05
ECLipsE,"tensor(1.1296, dtype=torch.float64)",5.888938903808594e-05
ECLipsE_Fast,"tensor(1.1296, dtype=torch.float64)",1.71661376953125e-05
dmoc_union_E,1.1233769807896101,7.2838921546936035
dmoc_train_E,1.1233769807896101,3.751601219177246
dmoc_test_E,1.1188136663068193,0.2533721923828125
dmoc_union_T,0.6937379237509161,6.723581790924072
dmoc_train_T,0.6937379237509161,4.172087907791138
dmoc_test_T,0.6795213705986032,0.282289981842041
