constant type,value,seconds required
trivial,1.1210926246404398,0.00010991096496582031
ECLipsE,"tensor(1.1211, dtype=torch.float64)",5.602836608886719e-05
ECLipsE_Fast,"tensor(1.1211, dtype=torch.float64)",1.8835067749023438e-05
dmoc_union,1.1144200363416468,4.814180135726929
dmoc_train,1.1137535704075265,3.3749570846557617
dmoc_test,1.1068120424648435,0.2149672508239746
