constant type,value,seconds required
trivial,1.125909871060528,0.00010800361633300781
ECLipsE,"tensor(1.1259, dtype=torch.float64)",5.698204040527344e-05
ECLipsE_Fast,"tensor(1.1259, dtype=torch.float64)",1.9073486328125e-05
dmoc_union,1.117720408118451,5.602880954742432
dmoc_train,1.116739199438881,3.9540369510650635
dmoc_test,1.1164835692317734,0.24332022666931152
