constant type,value,seconds required
trivial,1.1438666298021685,0.0001010894775390625
ECLipsE,"tensor(1.1439, dtype=torch.float64)",6.031990051269531e-05
ECLipsE_Fast,"tensor(1.1439, dtype=torch.float64)",1.9788742065429688e-05
dmoc_union_E,1.137822875477249,6.7332069873809814
dmoc_train_E,1.137822875477249,4.240090608596802
dmoc_test_E,1.1324017037957017,0.2672398090362549
dmoc_union_T,0.6945799988804895,7.2409563064575195
dmoc_train_T,0.6945799988804895,4.793298006057739
dmoc_test_T,0.6802095358741395,0.28710031509399414
