constant type,value,seconds required
trivial,1.1824739815465581,7.987022399902344e-05
ECLipsE,"tensor(1.1825, dtype=torch.float64)",4.696846008300781e-05
ECLipsE_Fast,"tensor(1.1825, dtype=torch.float64)",2.2172927856445312e-05
dmoc_union,1.1759248187951523,5.49418830871582
dmoc_train,1.175221570641623,4.276008129119873
dmoc_test,1.167449857736434,0.2191758155822754
