constant type,value,seconds required
trivial,1.1422446965991584,0.00011324882507324219
ECLipsE,"tensor(1.1422, dtype=torch.float64)",5.7697296142578125e-05
ECLipsE_Fast,"tensor(1.1422, dtype=torch.float64)",1.7881393432617188e-05
dmoc_union_E,1.133025800115256,5.093161344528198
dmoc_train_E,1.133025800115256,3.07649302482605
dmoc_test_E,1.1328090471174137,0.19466471672058105
dmoc_union_T,0.7220859240507096,6.559571027755737
dmoc_train_T,0.7220859240507096,4.145447015762329
dmoc_test_T,0.7034707716125863,0.2968730926513672
