constant type,value,seconds required
trivial,1.1270028419366438,9.226799011230469e-05
ECLipsE,"tensor(1.1270, dtype=torch.float64)",5.888938903808594e-05
ECLipsE_Fast,"tensor(1.1270, dtype=torch.float64)",1.71661376953125e-05
dmoc_union_E,1.11877410881742,7.527470350265503
dmoc_train_E,1.117619633545038,4.794255018234253
dmoc_test_E,1.116209358475736,0.3104081153869629
dmoc_union_T,0.7397429333314861,6.091685056686401
dmoc_train_T,0.7397429333314861,4.244536876678467
dmoc_test_T,0.7182392900577038,0.2613651752471924
