constant type,value,seconds required
trivial,1.1658146749356197,8.797645568847656e-05
ECLipsE,"tensor(1.1658, dtype=torch.float64)",4.57763671875e-05
ECLipsE_Fast,"tensor(1.1658, dtype=torch.float64)",1.71661376953125e-05
dmoc_union_E,1.1597599056659167,7.098015069961548
dmoc_train_E,1.1597599056659167,4.2443530559539795
dmoc_test_E,1.1509852340217614,0.24415874481201172
dmoc_union_T,0.6907417435234303,6.425822734832764
dmoc_train_T,0.6907417435234303,3.530447244644165
dmoc_test_T,0.6772770125771831,0.2631387710571289
