constant type,value,seconds required
trivial,1.1446136952588852,9.202957153320312e-05
ECLipsE,"tensor(1.1446, dtype=torch.float64)",5.221366882324219e-05
ECLipsE_Fast,"tensor(1.1446, dtype=torch.float64)",2.09808349609375e-05
dmoc_union,1.1368977216026421,7.50826621055603
dmoc_train,1.1362178131504268,4.82882833480835
dmoc_test,1.1348761521165132,0.3002917766571045
