constant type,value,seconds required
trivial,1.1385522923032863,9.894371032714844e-05
ECLipsE,"tensor(1.1386, dtype=torch.float64)",5.316734313964844e-05
ECLipsE_Fast,"tensor(1.1386, dtype=torch.float64)",1.6927719116210938e-05
dmoc_union_E,1.132537671210464,5.925715208053589
dmoc_train_E,1.132537671210464,3.0115559101104736
dmoc_test_E,1.126823570151668,0.1812751293182373
dmoc_union_T,0.6928226739959061,7.185589790344238
dmoc_train_T,0.6928226739959061,4.516200065612793
dmoc_test_T,0.678855405361085,0.26441287994384766
