constant type,value,seconds required
trivial,1.1534781974015027,0.00010323524475097656
ECLipsE,"tensor(1.1535, dtype=torch.float64)",5.5789947509765625e-05
ECLipsE_Fast,"tensor(1.1535, dtype=torch.float64)",2.4080276489257812e-05
dmoc_union_E,1.1476089211230744,6.3251729011535645
dmoc_train_E,1.1476089211230744,4.266683340072632
dmoc_test_E,1.1403783697939116,0.24761104583740234
dmoc_union_T,0.6920285813536136,7.448862075805664
dmoc_train_T,0.6920285813536136,4.1072118282318115
dmoc_test_T,0.6783053829636315,0.2820091247558594
