constant type,value,seconds required
trivial,1.1580705517988295,0.00010180473327636719
ECLipsE,"tensor(1.1581, dtype=torch.float64)",5.817413330078125e-05
ECLipsE_Fast,"tensor(1.1581, dtype=torch.float64)",1.9788742065429688e-05
dmoc_union,1.1501575467725675,5.773087501525879
dmoc_train,1.149469708436215,4.6068243980407715
dmoc_test,1.1450409900278289,0.27670979499816895
