constant type,value,seconds required
trivial,1.1621584228329145,0.00011992454528808594
ECLipsE,"tensor(1.1622, dtype=torch.float64)",6.008148193359375e-05
ECLipsE_Fast,"tensor(1.1622, dtype=torch.float64)",2.193450927734375e-05
dmoc_union,1.156108342423384,5.398466110229492
dmoc_train,1.1554169452829424,3.3861465454101562
dmoc_test,1.1487948191670239,0.29161930084228516
