constant type,value,seconds required
trivial,1.1369794916194558,0.00012087821960449219
ECLipsE,"tensor(1.1370, dtype=torch.float64)",6.413459777832031e-05
ECLipsE_Fast,"tensor(1.1370, dtype=torch.float64)",2.09808349609375e-05
dmoc_union_E,1.129691674116209,6.455924987792969
dmoc_train_E,1.129691674116209,4.237423896789551
dmoc_test_E,1.127851014554233,0.20714330673217773
dmoc_union_T,0.7053356910573698,6.869852066040039
dmoc_train_T,0.7053356910573698,4.429107189178467
dmoc_test_T,0.6894652882208172,0.2745473384857178
