constant type,value,seconds required
trivial,1.1621584228329145,0.00010704994201660156
ECLipsE,"tensor(1.1622, dtype=torch.float64)",5.602836608886719e-05
ECLipsE_Fast,"tensor(1.1622, dtype=torch.float64)",2.4080276489257812e-05
dmoc_union_E,1.156279716749948,6.071300268173218
dmoc_train_E,1.156279716749948,3.895850896835327
dmoc_test_E,1.1489231412241494,0.24646496772766113
dmoc_union_T,0.6933947770926266,6.641877174377441
dmoc_train_T,0.6933947770926266,3.9246432781219482
dmoc_test_T,0.6793926821841507,0.2673196792602539
