constant type,value,seconds required
trivial,1.1596269830599752,0.00011205673217773438
ECLipsE,"tensor(1.1596, dtype=torch.float64)",5.602836608886719e-05
ECLipsE_Fast,"tensor(1.1596, dtype=torch.float64)",2.002716064453125e-05
dmoc_union,1.150011330432469,7.004201412200928
dmoc_train,1.1493235795390973,4.257943391799927
dmoc_test,1.1499515623307133,0.2469959259033203
