constant type,value,seconds required
trivial,1.1386616198682247,0.00011897087097167969
ECLipsE,"tensor(1.1387, dtype=torch.float64)",6.413459777832031e-05
ECLipsE_Fast,"tensor(1.1387, dtype=torch.float64)",4.506111145019531e-05
dmoc_union,1.1298764068557707,6.5896806716918945
dmoc_train,1.1281149485122879,3.6344079971313477
dmoc_test,1.128924519477629,0.23543787002563477
