constant type,value,seconds required
trivial,1.1915592839370688,0.00010919570922851562
ECLipsE,"tensor(1.1916, dtype=torch.float64)",5.91278076171875e-05
ECLipsE_Fast,"tensor(1.1916, dtype=torch.float64)",2.09808349609375e-05
dmoc_union,1.18380763126257,6.81378698348999
dmoc_train,1.1830996688847775,4.691927194595337
dmoc_test,1.1768615925715988,0.292224645614624
