constant type,value,seconds required
trivial,1.1676922287211398,0.00011205673217773438
ECLipsE,"tensor(1.1677, dtype=torch.float64)",5.4836273193359375e-05
ECLipsE_Fast,"tensor(1.1677, dtype=torch.float64)",2.4080276489257812e-05
dmoc_union_E,1.1617404781439262,6.571396112442017
dmoc_train_E,1.1617404781439262,3.606167793273926
dmoc_test_E,1.1540845321850481,0.24021291732788086
dmoc_union_T,0.6949552214896054,6.058686971664429
dmoc_train_T,0.6949552214896054,3.432523250579834
dmoc_test_T,0.6809432860255847,0.29070210456848145
