constant type,value,seconds required
trivial,1.1539005778635603,0.00010991096496582031
ECLipsE,"tensor(1.1539, dtype=torch.float64)",5.507469177246094e-05
ECLipsE_Fast,"tensor(1.1539, dtype=torch.float64)",1.8835067749023438e-05
dmoc_union,1.1453214783502987,5.758569955825806
dmoc_train,1.1446365321683885,3.853365898132324
dmoc_test,1.1417256886757814,0.28195762634277344
