constant type,value,seconds required
trivial,1.1626273657451205,0.00010919570922851562
ECLipsE,"tensor(1.1626, dtype=torch.float64)",7.700920104980469e-05
ECLipsE_Fast,"tensor(1.1626, dtype=torch.float64)",2.288818359375e-05
dmoc_union,1.1562114037486786,6.488110542297363
dmoc_train,1.1555199449736109,4.336888551712036
dmoc_test,1.1507133710109438,0.2776622772216797
