constant type,value,seconds required
trivial,1.153565425087225,9.799003601074219e-05
ECLipsE,"tensor(1.1536, dtype=torch.float64)",5.507469177246094e-05
ECLipsE_Fast,"tensor(1.1536, dtype=torch.float64)",1.7881393432617188e-05
dmoc_union_E,1.1441466097149662,5.869099140167236
dmoc_train_E,1.1441466097149662,4.100651979446411
dmoc_test_E,1.1441236532301933,0.25828099250793457
dmoc_union_T,0.7148339574057,6.132214307785034
dmoc_train_T,0.7148339574057,3.8379976749420166
dmoc_test_T,0.6974430244705028,0.2218003273010254
