constant type,value,seconds required
trivial,1.147573787562714,9.775161743164062e-05
ECLipsE,"tensor(1.1476, dtype=torch.float64)",6.008148193359375e-05
ECLipsE_Fast,"tensor(1.1476, dtype=torch.float64)",2.193450927734375e-05
dmoc_union_E,1.1415208124389629,7.2065019607543945
dmoc_train_E,1.1415208124389629,4.58872389793396
dmoc_test_E,1.1342123767992054,0.29607605934143066
dmoc_union_T,0.6896807937273128,6.910274028778076
dmoc_train_T,0.6896807937273128,3.9026474952697754
dmoc_test_T,0.6761528050454789,0.23054170608520508
