constant type,value,seconds required
trivial,1.114254759680365,0.00011491775512695312
ECLipsE,"tensor(1.1143, dtype=torch.float64)",5.7220458984375e-05
ECLipsE_Fast,"tensor(1.1143, dtype=torch.float64)",1.8835067749023438e-05
dmoc_union,1.1067396309668434,5.398836851119995
dmoc_train,1.1054557215768794,3.7608377933502197
dmoc_test,1.106144846719221,0.2539517879486084
