constant type,value,seconds required
trivial,1.200936446301799,9.107589721679688e-05
ECLipsE,"tensor(1.2009, dtype=torch.float64)",5.412101745605469e-05
ECLipsE_Fast,"tensor(1.2009, dtype=torch.float64)",1.9073486328125e-05
dmoc_union_E,1.1943619242877224,6.19461989402771
dmoc_train_E,1.1943619242877224,3.764678955078125
dmoc_test_E,1.184035782725089,0.2751600742340088
dmoc_union_T,0.6961001121187597,5.66449499130249
dmoc_train_T,0.6961001121187597,3.700086832046509
dmoc_test_T,0.6825785881030441,0.26843833923339844
