constant type,value,seconds required
trivial,1.2257478714857695,9.918212890625e-05
ECLipsE,"tensor(1.2257, dtype=torch.float64)",6.508827209472656e-05
ECLipsE_Fast,"tensor(1.2257, dtype=torch.float64)",1.7881393432617188e-05
dmoc_union_E,1.2145444800916525,5.288430213928223
dmoc_train_E,1.2145444800916525,4.534007787704468
dmoc_test_E,1.21337097616919,0.2625265121459961
dmoc_union_T,0.6815102734602977,6.2300238609313965
dmoc_train_T,0.6815102734602977,4.028947830200195
dmoc_test_T,0.6795152856754486,0.23874807357788086
