constant type,value,seconds required
trivial,1.1682631376402006,0.00011301040649414062
ECLipsE,"tensor(1.1683, dtype=torch.float64)",5.888938903808594e-05
ECLipsE_Fast,"tensor(1.1683, dtype=torch.float64)",2.6226043701171875e-05
dmoc_union,1.1571089424965908,6.606734037399292
dmoc_train,1.1580750414189984,4.136478900909424
dmoc_test,1.157596997641338,0.3058810234069824
