constant type,value,seconds required
trivial,1.1053159519643134,0.00010704994201660156
ECLipsE,"tensor(1.1053, dtype=torch.float64)",5.5789947509765625e-05
ECLipsE_Fast,"tensor(1.1053, dtype=torch.float64)",1.811981201171875e-05
dmoc_union,1.0989147808748325,6.480183124542236
dmoc_train,1.0977095056083481,3.854641914367676
dmoc_test,1.0923532967277867,0.23531413078308105
