constant type,value,seconds required
trivial,1.157839987353655,9.799003601074219e-05
ECLipsE,"tensor(1.1578, dtype=torch.float64)",5.698204040527344e-05
ECLipsE_Fast,"tensor(1.1578, dtype=torch.float64)",2.09808349609375e-05
dmoc_union,1.151463586054908,6.260600566864014
dmoc_train,1.1507749666569613,3.686553955078125
dmoc_test,1.1465078542901426,0.28166890144348145
