constant type,value,seconds required
trivial,1.1266735181236949,0.00011301040649414062
ECLipsE,"tensor(1.1267, dtype=torch.float64)",5.793571472167969e-05
ECLipsE_Fast,"tensor(1.1267, dtype=torch.float64)",2.09808349609375e-05
dmoc_union,1.11796284511905,6.7434022426605225
dmoc_train,1.1178746236315875,4.035736083984375
dmoc_test,1.1156856225590739,0.25820493698120117
