constant type,value,seconds required
trivial,1.1156296754851407,0.00011014938354492188
ECLipsE,"tensor(1.1156, dtype=torch.float64)",5.5789947509765625e-05
ECLipsE_Fast,"tensor(1.1156, dtype=torch.float64)",1.9311904907226562e-05
dmoc_union,1.1076598140617313,6.474761962890625
dmoc_train,1.106938157706588,4.186969757080078
dmoc_test,1.1066605786005912,0.26549291610717773
