constant type,value,seconds required
trivial,1.2107848132881747,0.00011587142944335938
ECLipsE,"tensor(1.2108, dtype=torch.float64)",6.771087646484375e-05
ECLipsE_Fast,"tensor(1.2108, dtype=torch.float64)",2.09808349609375e-05
dmoc_union,1.20101588358633,6.41594934463501
dmoc_train,1.2002530474981232,3.8810651302337646
dmoc_test,1.1976623180029744,0.2530477046966553
