constant type,value,seconds required
trivial,1.1369794916194558,0.00010704994201660156
ECLipsE,"tensor(1.1370, dtype=torch.float64)",5.1975250244140625e-05
ECLipsE_Fast,"tensor(1.1370, dtype=torch.float64)",1.9073486328125e-05
dmoc_union,1.1295242404519563,7.392176151275635
dmoc_train,1.1288487416243371,5.248788833618164
dmoc_test,1.1277250460215036,0.27216076850891113
