constant type,value,seconds required
trivial,1.1539005778635603,9.083747863769531e-05
ECLipsE,"tensor(1.1539, dtype=torch.float64)",5.817413330078125e-05
ECLipsE_Fast,"tensor(1.1539, dtype=torch.float64)",1.7881393432617188e-05
dmoc_union_E,1.1461318319564084,7.213738918304443
dmoc_train_E,1.1454912536990693,3.779539108276367
dmoc_test_E,1.1416667305301795,0.2848529815673828
dmoc_union_T,0.6738359491952813,7.2811362743377686
dmoc_train_T,0.6738359491952813,4.400362491607666
dmoc_test_T,0.6629728212682302,0.2814650535583496
