constant type,value,seconds required
trivial,1.16734987151173,0.00010204315185546875
ECLipsE,"tensor(1.1673, dtype=torch.float64)",6.103515625e-05
ECLipsE_Fast,"tensor(1.1673, dtype=torch.float64)",1.8835067749023438e-05
dmoc_union,1.1610128460170575,6.7643561363220215
dmoc_train,1.160318515795316,4.1813881397247314
dmoc_test,1.1516314282926976,0.25836896896362305
