constant type,value,seconds required
trivial,1.2010021107872662,0.0001049041748046875
ECLipsE,"tensor(1.2010, dtype=torch.float64)",5.984306335449219e-05
ECLipsE_Fast,"tensor(1.2010, dtype=torch.float64)",2.09808349609375e-05
dmoc_union,1.1926410797602338,5.757769346237183
dmoc_train,1.191927834641363,4.193723201751709
dmoc_test,1.1884700092832843,0.24983906745910645
