constant type,value,seconds required
trivial,1.106295186253911,0.00011014938354492188
ECLipsE,"tensor(1.1063, dtype=torch.float64)",5.3882598876953125e-05
ECLipsE_Fast,"tensor(1.1063, dtype=torch.float64)",2.5033950805664062e-05
dmoc_union,1.09856311268376,5.828526973724365
dmoc_train,1.098195655252517,3.8338561058044434
dmoc_test,1.0981055811650127,0.27861785888671875
