constant type,value,seconds required
trivial,1.147805748648726,0.00011205673217773438
ECLipsE,"tensor(1.1478, dtype=torch.float64)",5.5789947509765625e-05
ECLipsE_Fast,"tensor(1.1478, dtype=torch.float64)",1.811981201171875e-05
dmoc_union,1.1415253691782667,5.67862606048584
dmoc_train,1.140842693215271,4.719101905822754
dmoc_test,1.1361022977704254,0.25156736373901367
