constant type,value,seconds required
trivial,1.2168236570360675,0.00010395050048828125
ECLipsE,"tensor(1.2168, dtype=torch.float64)",5.221366882324219e-05
ECLipsE_Fast,"tensor(1.2168, dtype=torch.float64)",1.8835067749023438e-05
dmoc_union,1.209573422225475,6.413097858428955
dmoc_train,1.2088500509162363,4.178390026092529
dmoc_test,1.2000967878331563,0.27376794815063477
