constant type,value,seconds required
trivial,1.156528166557811,0.00010919570922851562
ECLipsE,"tensor(1.1565, dtype=torch.float64)",5.3882598876953125e-05
ECLipsE_Fast,"tensor(1.1565, dtype=torch.float64)",1.811981201171875e-05
dmoc_union,1.146411048605015,7.144551038742065
dmoc_train,1.1461016073090566,4.541473865509033
dmoc_test,1.1461903391869548,0.22536492347717285
