constant type,value,seconds required
trivial,1.1645682579133994,0.00013899803161621094
ECLipsE,"tensor(1.1646, dtype=torch.float64)",7.104873657226562e-05
ECLipsE_Fast,"tensor(1.1646, dtype=torch.float64)",2.4080276489257812e-05
dmoc_union,1.1561128322055718,5.633253335952759
dmoc_train,1.1547199863647422,4.425629138946533
dmoc_test,1.153980892032586,0.27863311767578125
