constant type,value,seconds required
trivial,1.0928785908385519,0.0001049041748046875
ECLipsE,"tensor(1.0929, dtype=torch.float64)",5.507469177246094e-05
ECLipsE_Fast,"tensor(1.0929, dtype=torch.float64)",1.811981201171875e-05
dmoc_union,1.0871215523372262,7.105442762374878
dmoc_train,1.0846912736446017,3.657209873199463
dmoc_test,1.0796697002550628,0.27662181854248047
