constant type,value,seconds required
trivial,1.186804284564125,9.584426879882812e-05
ECLipsE,"tensor(1.1868, dtype=torch.float64)",5.3882598876953125e-05
ECLipsE_Fast,"tensor(1.1868, dtype=torch.float64)",1.7881393432617188e-05
dmoc_union_E,1.1795928553365538,7.1316587924957275
dmoc_train_E,1.1795928553365538,4.274980068206787
dmoc_test_E,1.1714047114677901,0.3012809753417969
dmoc_union_T,0.6859947300486116,6.125133037567139
dmoc_train_T,0.6859947300486116,3.493877649307251
dmoc_test_T,0.6750573429714685,0.24857807159423828
