constant type,value,seconds required
trivial,1.1262344650464002,0.00010800361633300781
ECLipsE,"tensor(1.1262, dtype=torch.float64)",5.1975250244140625e-05
ECLipsE_Fast,"tensor(1.1262, dtype=torch.float64)",1.811981201171875e-05
dmoc_union,1.1187804013562592,6.971976280212402
dmoc_train,1.1172546922020792,3.9643869400024414
dmoc_test,1.1178571484336297,0.2467958927154541
