constant type,value,seconds required
trivial,1.1156380886484594,0.00014495849609375
ECLipsE,"tensor(1.1156, dtype=torch.float64)",0.00013899803161621094
ECLipsE_Fast,"tensor(1.1156, dtype=torch.float64)",3.0040740966796875e-05
dmoc_union_E,1.1095597913964217,7.957838296890259
dmoc_train_E,1.107746099224152,4.398464202880859
dmoc_test_E,1.107366486386162,0.28218674659729004
dmoc_union_T,0.7041519593297321,10.047834157943726
dmoc_train_T,0.7041519593297321,4.404577732086182
dmoc_test_T,0.6882639250852839,0.23079204559326172
