constant type,value,seconds required
trivial,1.1534781974015027,9.965896606445312e-05
ECLipsE,"tensor(1.1535, dtype=torch.float64)",5.316734313964844e-05
ECLipsE_Fast,"tensor(1.1535, dtype=torch.float64)",1.811981201171875e-05
dmoc_union,1.147438831910951,4.578393220901489
dmoc_train,1.1467526194703836,3.0518569946289062
dmoc_test,1.1402510020936165,0.23194074630737305
