constant type,value,seconds required
trivial,1.1743548776151544,9.989738464355469e-05
ECLipsE,"tensor(1.1744, dtype=torch.float64)",5.602836608886719e-05
ECLipsE_Fast,"tensor(1.1744, dtype=torch.float64)",1.811981201171875e-05
dmoc_union_E,1.1682483507126098,6.670274972915649
dmoc_train_E,1.1682483507126098,4.594412088394165
dmoc_test_E,1.1611530658711713,0.27085208892822266
dmoc_union_T,0.698329719825839,5.3194708824157715
dmoc_train_T,0.698329719825839,3.280758857727051
dmoc_test_T,0.6836414702689382,0.21357989311218262
