constant type,value,seconds required
trivial,1.1818864911770657,0.00011110305786132812
ECLipsE,"tensor(1.1819, dtype=torch.float64)",5.507469177246094e-05
ECLipsE_Fast,"tensor(1.1819, dtype=torch.float64)",1.9788742065429688e-05
dmoc_union,1.1704541384353517,5.254663944244385
dmoc_train,1.169837884497241,3.4034512042999268
dmoc_test,1.1711071103972621,0.2643618583679199
