constant type,value,seconds required
trivial,1.1521519532398885,0.00013184547424316406
ECLipsE,"tensor(1.1522, dtype=torch.float64)",5.4836273193359375e-05
ECLipsE_Fast,"tensor(1.1522, dtype=torch.float64)",1.9073486328125e-05
dmoc_union_E,1.1457330086839417,6.794993162155151
dmoc_train_E,1.1457330086839417,4.148635387420654
dmoc_test_E,1.1414291878816887,0.2678518295288086
dmoc_union_T,0.700373517513917,7.141792297363281
dmoc_train_T,0.700373517513917,4.692068815231323
dmoc_test_T,0.6851656853859354,0.2857348918914795
