constant type,value,seconds required
trivial,1.1266735181236949,9.298324584960938e-05
ECLipsE,"tensor(1.1267, dtype=torch.float64)",5.91278076171875e-05
ECLipsE_Fast,"tensor(1.1267, dtype=torch.float64)",1.811981201171875e-05
dmoc_union_E,1.1187955070312148,6.310151815414429
dmoc_train_E,1.117511174971714,3.4648382663726807
dmoc_test_E,1.1156280091095094,0.18822479248046875
dmoc_union_T,0.6650800327320212,6.092831611633301
dmoc_train_T,0.6650800327320212,4.1018688678741455
dmoc_test_T,0.6553609914335569,0.2632579803466797
