constant type,value,seconds required
trivial,1.1360169134049547,0.00010967254638671875
ECLipsE,"tensor(1.1360, dtype=torch.float64)",6.29425048828125e-05
ECLipsE_Fast,"tensor(1.1360, dtype=torch.float64)",2.7179718017578125e-05
dmoc_union,1.1297208638921867,6.720599889755249
dmoc_train,1.1290452474762072,3.893397569656372
dmoc_test,1.1245824614892106,0.23742127418518066
