constant type,value,seconds required
trivial,1.140325104646915,0.00010395050048828125
ECLipsE,"tensor(1.1403, dtype=torch.float64)",5.316734313964844e-05
ECLipsE_Fast,"tensor(1.1403, dtype=torch.float64)",1.8835067749023438e-05
dmoc_union,1.1339828429400063,7.104474306106567
dmoc_train,1.1333046776970543,4.240214109420776
dmoc_test,1.1254922364416085,0.27409911155700684
