constant type,value,seconds required
trivial,1.1563315082064407,0.0001239776611328125
ECLipsE,"tensor(1.1563, dtype=torch.float64)",7.081031799316406e-05
ECLipsE_Fast,"tensor(1.1563, dtype=torch.float64)",2.1219253540039062e-05
dmoc_union,1.1501142896157168,7.0277910232543945
dmoc_train,1.1494264771488036,3.745781183242798
dmoc_test,1.142180496953787,0.2670910358428955
