constant type,value,seconds required
trivial,1.121297326099258,0.00010704994201660156
ECLipsE,"tensor(1.1213, dtype=torch.float64)",6.079673767089844e-05
ECLipsE_Fast,"tensor(1.1213, dtype=torch.float64)",1.9788742065429688e-05
dmoc_union,1.114949081073425,6.555432081222534
dmoc_train,1.1142822987502596,3.9216458797454834
dmoc_test,1.1095410849847198,0.21707630157470703
