constant type,value,seconds required
trivial,1.1539370962239959,0.00011205673217773438
ECLipsE,"tensor(1.1539, dtype=torch.float64)",5.817413330078125e-05
ECLipsE_Fast,"tensor(1.1539, dtype=torch.float64)",2.09808349609375e-05
dmoc_union,1.147682900331954,7.346133708953857
dmoc_train,1.1469965419291075,3.9661831855773926
dmoc_test,1.1397826749046545,0.2761497497558594
