constant type,value,seconds required
trivial,1.1405581148550104,9.894371032714844e-05
ECLipsE,"tensor(1.1406, dtype=torch.float64)",5.888938903808594e-05
ECLipsE_Fast,"tensor(1.1406, dtype=torch.float64)",2.09808349609375e-05
dmoc_union,1.1322908876567546,6.629200220108032
dmoc_train,1.1313117000352437,3.9263339042663574
dmoc_test,1.1286351902637586,0.20936203002929688
