constant type,value,seconds required
trivial,1.145742879153024,0.00010609626770019531
ECLipsE,"tensor(1.1457, dtype=torch.float64)",6.4849853515625e-05
ECLipsE_Fast,"tensor(1.1457, dtype=torch.float64)",2.288818359375e-05
dmoc_union_E,1.1367691592252755,7.2527101039886475
dmoc_train_E,1.1356614546267498,4.569875717163086
dmoc_test_E,1.1350914404974737,0.28132200241088867
dmoc_union_T,0.6642423602859602,7.074971914291382
dmoc_train_T,0.6642423602859602,3.7070488929748535
dmoc_test_T,0.6569467274188154,0.24543428421020508
