constant type,value,seconds required
trivial,1.1436131502435,0.00011014938354492188
ECLipsE,"tensor(1.1436, dtype=torch.float64)",5.793571472167969e-05
ECLipsE_Fast,"tensor(1.1436, dtype=torch.float64)",2.193450927734375e-05
dmoc_union,1.1348486152659227,6.017521858215332
dmoc_train,1.1340118514742932,3.769531726837158
dmoc_test,1.1321196006697718,0.21296906471252441
