constant type,value,seconds required
trivial,1.1743548776151544,0.0001049041748046875
ECLipsE,"tensor(1.1744, dtype=torch.float64)",5.91278076171875e-05
ECLipsE_Fast,"tensor(1.1744, dtype=torch.float64)",2.09808349609375e-05
dmoc_union,1.1680752024929684,5.924147844314575
dmoc_train,1.167376648711122,3.99334979057312
dmoc_test,1.1610233778662005,0.27341294288635254
