constant type,value,seconds required
trivial,1.1240220380914197,9.775161743164062e-05
ECLipsE,"tensor(1.1240, dtype=torch.float64)",6.604194641113281e-05
ECLipsE_Fast,"tensor(1.1240, dtype=torch.float64)",1.811981201171875e-05
dmoc_union_E,1.1162040566196558,6.37566065788269
dmoc_train_E,1.114873795381207,4.43070125579834
dmoc_test_E,1.1138649349606904,0.2409648895263672
dmoc_union_T,0.7282691686851761,6.794611215591431
dmoc_train_T,0.7282691686851761,4.086244821548462
dmoc_test_T,0.7086192775723962,0.27242279052734375
