constant type,value,seconds required
trivial,1.198530351477008,9.894371032714844e-05
ECLipsE,"tensor(1.1985, dtype=torch.float64)",6.389617919921875e-05
ECLipsE_Fast,"tensor(1.1985, dtype=torch.float64)",1.9073486328125e-05
dmoc_union,1.1917979482343213,5.615899085998535
dmoc_train,1.191085207340448,3.8732221126556396
dmoc_test,1.1844943477416578,0.24880218505859375
