constant type,value,seconds required
trivial,1.1604220080592256,0.00010418891906738281
ECLipsE,"tensor(1.1604, dtype=torch.float64)",6.008148193359375e-05
ECLipsE_Fast,"tensor(1.1604, dtype=torch.float64)",1.7881393432617188e-05
dmoc_union_E,1.1526798506884992,7.087337255477905
dmoc_train_E,1.1526798506884992,4.478638410568237
dmoc_test_E,1.1502923641066471,0.2684948444366455
dmoc_union_T,0.7104751404293871,6.380525827407837
dmoc_train_T,0.7104751404293871,3.7926788330078125
dmoc_test_T,0.6939455790201184,0.2713918685913086
