constant type,value,seconds required
trivial,1.1682631376402006,9.083747863769531e-05
ECLipsE,"tensor(1.1683, dtype=torch.float64)",5.91278076171875e-05
ECLipsE_Fast,"tensor(1.1683, dtype=torch.float64)",1.6927719116210938e-05
dmoc_union_E,1.1585202407226916,6.001688003540039
dmoc_train_E,1.1585202407226916,3.0884268283843994
dmoc_test_E,1.1571853687042923,0.2050638198852539
dmoc_union_T,0.7318676321762314,6.990934133529663
dmoc_train_T,0.7318676321762314,4.838911294937134
dmoc_test_T,0.7116909849352022,0.28085899353027344
