constant type,value,seconds required
trivial,1.1270550922355749,9.298324584960938e-05
ECLipsE,"tensor(1.1271, dtype=torch.float64)",5.602836608886719e-05
ECLipsE_Fast,"tensor(1.1271, dtype=torch.float64)",2.002716064453125e-05
dmoc_union,1.1200748664196039,5.404773712158203
dmoc_train,1.119211022798528,3.1092312335968018
dmoc_test,1.117997711338807,0.20732998847961426
