constant type,value,seconds required
trivial,1.1580705517988295,9.679794311523438e-05
ECLipsE,"tensor(1.1581, dtype=torch.float64)",6.222724914550781e-05
ECLipsE_Fast,"tensor(1.1581, dtype=torch.float64)",1.8835067749023438e-05
dmoc_union_E,1.1503280389901114,5.633029937744141
dmoc_train_E,1.1503280389901114,3.58445405960083
dmoc_test_E,1.1449818606817173,0.24271678924560547
dmoc_union_T,0.6780122385163684,6.553367614746094
dmoc_train_T,0.6780122385163684,4.139616966247559
dmoc_test_T,0.665882320867124,0.26785707473754883
