constant type,value,seconds required
trivial,1.1708176539265476,0.00010704994201660156
ECLipsE,"tensor(1.1708, dtype=torch.float64)",5.507469177246094e-05
ECLipsE_Fast,"tensor(1.1708, dtype=torch.float64)",1.9311904907226562e-05
dmoc_union,1.1605407034966186,6.6358630657196045
dmoc_train,1.159651217971248,4.244557619094849
dmoc_test,1.1607489372531157,0.28502321243286133
