constant type,value,seconds required
trivial,1.1373211647267119,0.00013184547424316406
ECLipsE,"tensor(1.1373, dtype=torch.float64)",5.3882598876953125e-05
ECLipsE_Fast,"tensor(1.1373, dtype=torch.float64)",1.9073486328125e-05
dmoc_union_E,1.1310336109348362,6.066205024719238
dmoc_train_E,1.1310336109348362,4.4248292446136475
dmoc_test_E,1.1232544734689698,0.2717876434326172
dmoc_union_T,0.6844267204317324,7.069938659667969
dmoc_train_T,0.6844267204317324,3.8962619304656982
dmoc_test_T,0.6715772395816696,0.2777059078216553
