constant type,value,seconds required
trivial,1.167395001318053,0.0001049041748046875
ECLipsE,"tensor(1.1674, dtype=torch.float64)",5.698204040527344e-05
ECLipsE_Fast,"tensor(1.1674, dtype=torch.float64)",2.3126602172851562e-05
dmoc_union_E,1.158429206137945,6.5234010219573975
dmoc_train_E,1.158429206137945,3.6422078609466553
dmoc_test_E,1.157376330913625,0.2546818256378174
dmoc_union_T,0.7151400276906806,6.927130937576294
dmoc_train_T,0.7151400276906806,4.003390073776245
dmoc_test_T,0.6977698975909286,0.24314498901367188
