constant type,value,seconds required
trivial,1.1730467628754602,0.00010228157043457031
ECLipsE,"tensor(1.1730, dtype=torch.float64)",5.5789947509765625e-05
ECLipsE_Fast,"tensor(1.1730, dtype=torch.float64)",2.002716064453125e-05
dmoc_union,1.1622928699764374,6.05796480178833
dmoc_train,1.1625968318028854,3.643350124359131
dmoc_test,1.1626125735958226,0.22642874717712402
