constant type,value,seconds required
trivial,1.1261058810359805,9.703636169433594e-05
ECLipsE,"tensor(1.1261, dtype=torch.float64)",6.29425048828125e-05
ECLipsE_Fast,"tensor(1.1261, dtype=torch.float64)",2.193450927734375e-05
dmoc_union_E,1.1184384674720529,6.1183648109436035
dmoc_train_E,1.1178532271499781,4.685853004455566
dmoc_test_E,1.1177223902399003,0.26112914085388184
dmoc_union_T,0.7095517775261331,6.174642086029053
dmoc_train_T,0.7095517775261331,4.040838003158569
dmoc_test_T,0.6928152081355413,0.2585780620574951
