constant type,value,seconds required
trivial,1.1452072604054335,9.799003601074219e-05
ECLipsE,"tensor(1.1452, dtype=torch.float64)",6.29425048828125e-05
ECLipsE_Fast,"tensor(1.1452, dtype=torch.float64)",1.811981201171875e-05
dmoc_union_E,1.1384535939545788,7.5785322189331055
dmoc_train_E,1.1384535939545788,4.5546112060546875
dmoc_test_E,1.1303608210123879,0.3003368377685547
dmoc_union_T,0.681025490013117,5.119430303573608
dmoc_train_T,0.681025490013117,3.7702434062957764
dmoc_test_T,0.6688894672159851,0.25189685821533203
