constant type,value,seconds required
trivial,1.1082659818795746,0.00010395050048828125
ECLipsE,"tensor(1.1083, dtype=torch.float64)",5.888938903808594e-05
ECLipsE_Fast,"tensor(1.1083, dtype=torch.float64)",2.09808349609375e-05
dmoc_union,1.1013371653553008,5.773004770278931
dmoc_train,1.1003754009717313,3.704923152923584
dmoc_test,1.0938770368606978,0.2985560894012451
