constant type,value,seconds required
trivial,1.106295186253911,9.918212890625e-05
ECLipsE,"tensor(1.1063, dtype=torch.float64)",5.698204040527344e-05
ECLipsE_Fast,"tensor(1.1063, dtype=torch.float64)",2.384185791015625e-05
dmoc_union_E,1.0989297596625476,5.961866140365601
dmoc_train_E,1.0989297596625476,3.8200175762176514
dmoc_test_E,1.0982282411603095,0.23148822784423828
dmoc_union_T,0.7159268979191893,6.76247763633728
dmoc_train_T,0.7159268979191893,3.9723620414733887
dmoc_test_T,0.6982962838293061,0.2552070617675781
