constant type,value,seconds required
trivial,1.1870667696596697,0.00011181831359863281
ECLipsE,"tensor(1.1871, dtype=torch.float64)",5.698204040527344e-05
ECLipsE_Fast,"tensor(1.1871, dtype=torch.float64)",2.002716064453125e-05
dmoc_union,1.179706832364716,7.145277738571167
dmoc_train,1.179001322421983,4.449838876724243
dmoc_test,1.1720357486615718,0.30687689781188965
