constant type,value,seconds required
trivial,1.1827541606272935,9.489059448242188e-05
ECLipsE,"tensor(1.1828, dtype=torch.float64)",5.2928924560546875e-05
ECLipsE_Fast,"tensor(1.1828, dtype=torch.float64)",1.7881393432617188e-05
dmoc_union_E,1.1722677591682544,6.810541868209839
dmoc_train_E,1.171613408477955,4.0395612716674805
dmoc_test_E,1.1715041490040177,0.2447490692138672
dmoc_union_T,0.6714006581839127,6.574069261550903
dmoc_train_T,0.6714006581839127,4.605540037155151
dmoc_test_T,0.6679373567459429,0.2747681140899658
