constant type,value,seconds required
trivial,1.084686590591087,9.298324584960938e-05
ECLipsE,"tensor(1.0847, dtype=torch.float64)",6.079673767089844e-05
ECLipsE_Fast,"tensor(1.0847, dtype=torch.float64)",1.8358230590820312e-05
dmoc_union_E,1.08103408760815,6.3033528327941895
dmoc_train_E,1.077188549323207,4.105426073074341
dmoc_test_E,1.0752213746113848,0.2876570224761963
dmoc_union_T,0.689813233596152,6.983327388763428
dmoc_train_T,0.689813233596152,4.744034290313721
dmoc_test_T,0.6760952524940884,0.28634214401245117
