constant type,value,seconds required
trivial,1.2257478714857695,0.00010704994201660156
ECLipsE,"tensor(1.2257, dtype=torch.float64)",5.984306335449219e-05
ECLipsE_Fast,"tensor(1.2257, dtype=torch.float64)",2.0265579223632812e-05
dmoc_union,1.214550471524513,6.688697099685669
dmoc_train,1.2136197226519547,3.7413291931152344
dmoc_test,1.2134336372775232,0.2371077537536621
