constant type,value,seconds required
trivial,1.1995705887134478,0.00010657310485839844
ECLipsE,"tensor(1.1996, dtype=torch.float64)",5.626678466796875e-05
ECLipsE_Fast,"tensor(1.1996, dtype=torch.float64)",1.9788742065429688e-05
dmoc_union,1.1878640455063036,5.709880828857422
dmoc_train,1.1869537472955427,3.792323350906372
dmoc_test,1.1886289948407258,0.30858516693115234
