constant type,value,seconds required
trivial,1.1392021689269265,9.584426879882812e-05
ECLipsE,"tensor(1.1392, dtype=torch.float64)",6.29425048828125e-05
ECLipsE_Fast,"tensor(1.1392, dtype=torch.float64)",1.7881393432617188e-05
dmoc_union_E,1.130840227378376,6.120654344558716
dmoc_train_E,1.130840227378376,4.143208742141724
dmoc_test_E,1.130270037235899,0.27240967750549316
dmoc_union_T,0.7093339405544687,7.684389352798462
dmoc_train_T,0.7093339405544687,4.707895994186401
dmoc_test_T,0.6927014553800898,0.3061103820800781
