constant type,value,seconds required
trivial,1.233236371910688,0.00010395050048828125
ECLipsE,"tensor(1.2332, dtype=torch.float64)",5.507469177246094e-05
ECLipsE_Fast,"tensor(1.2332, dtype=torch.float64)",1.7881393432617188e-05
dmoc_union,1.224769962746158,6.520096302032471
dmoc_train,1.2240375033227042,3.707954168319702
dmoc_test,1.2157643529011062,0.23540711402893066
