constant type,value,seconds required
trivial,1.1295835151721032,0.00010919570922851562
ECLipsE,"tensor(1.1296, dtype=torch.float64)",5.984306335449219e-05
ECLipsE_Fast,"tensor(1.1296, dtype=torch.float64)",2.09808349609375e-05
dmoc_union,1.123210483037577,6.3251402378082275
dmoc_train,1.1225387600791057,4.131634950637817
dmoc_test,1.118688707146324,0.277569055557251
