constant type,value,seconds required
trivial,1.1641747654984609,0.00011181831359863281
ECLipsE,"tensor(1.1642, dtype=torch.float64)",5.3882598876953125e-05
ECLipsE_Fast,"tensor(1.1642, dtype=torch.float64)",2.3126602172851562e-05
dmoc_union,1.155647681791987,5.646450996398926
dmoc_train,1.1549565601442755,3.9737093448638916
dmoc_test,1.151807476280357,0.23625993728637695
