constant type,value,seconds required
trivial,1.1886672328768522,0.00010323524475097656
ECLipsE,"tensor(1.1887, dtype=torch.float64)",5.5789947509765625e-05
ECLipsE_Fast,"tensor(1.1887, dtype=torch.float64)",1.811981201171875e-05
dmoc_union_E,1.1786399006613828,6.348962068557739
dmoc_train_E,1.1764170589315677,3.434882164001465
dmoc_test_E,1.1782310603319195,0.2291581630706787
dmoc_union_T,0.6662787442028191,5.859229803085327
dmoc_train_T,0.6662787442028191,3.28855562210083
dmoc_test_T,0.6647702265935859,0.22234010696411133
