constant type,value,seconds required
trivial,1.147805748648726,9.512901306152344e-05
ECLipsE,"tensor(1.1478, dtype=torch.float64)",5.888938903808594e-05
ECLipsE_Fast,"tensor(1.1478, dtype=torch.float64)",1.811981201171875e-05
dmoc_union_E,1.14169458181537,6.422192811965942
dmoc_train_E,1.14169458181537,3.9998109340667725
dmoc_test_E,1.1362292020543956,0.2686119079589844
dmoc_union_T,0.6958555734236663,6.05510401725769
dmoc_train_T,0.6958555734236663,3.7110953330993652
dmoc_test_T,0.6813316251272834,0.23652982711791992
