constant type,value,seconds required
trivial,1.1457094298317325,0.0001232624053955078
ECLipsE,"tensor(1.1457, dtype=torch.float64)",5.6743621826171875e-05
ECLipsE_Fast,"tensor(1.1457, dtype=torch.float64)",1.8358230590820312e-05
dmoc_union,1.13951807367312,6.376384019851685
dmoc_train,1.1388365981498423,4.48975396156311
dmoc_test,1.1318674934432684,0.23461389541625977
