constant type,value,seconds required
trivial,1.1053159519643134,0.00011396408081054688
ECLipsE,"tensor(1.1053, dtype=torch.float64)",6.508827209472656e-05
ECLipsE_Fast,"tensor(1.1053, dtype=torch.float64)",1.8835067749023438e-05
dmoc_union_E,1.0991804134697614,5.6545021533966064
dmoc_train_E,1.0985291858496375,4.594825983047485
dmoc_test_E,1.0924753141845207,0.2702000141143799
dmoc_union_T,0.6830115594188473,7.035673141479492
dmoc_train_T,0.6830115594188473,3.7417993545532227
dmoc_test_T,0.6704891145915421,0.221329927444458
