constant type,value,seconds required
trivial,1.1379203488242597,0.00012493133544921875
ECLipsE,"tensor(1.1379, dtype=torch.float64)",6.29425048828125e-05
ECLipsE_Fast,"tensor(1.1379, dtype=torch.float64)",2.002716064453125e-05
dmoc_union,1.1284412642630073,6.764446020126343
dmoc_train,1.12796524890031,4.234586954116821
dmoc_test,1.128331714583907,0.18307065963745117
