constant type,value,seconds required
trivial,1.1082659818795746,8.606910705566406e-05
ECLipsE,"tensor(1.1083, dtype=torch.float64)",5.6743621826171875e-05
ECLipsE_Fast,"tensor(1.1083, dtype=torch.float64)",1.71661376953125e-05
dmoc_union_E,1.1021574444138105,5.954569339752197
dmoc_train_E,1.1011970718870048,4.213931560516357
dmoc_test_E,1.0948607234550451,0.2521989345550537
dmoc_union_T,0.6782962875223645,6.39914608001709
dmoc_train_T,0.6782962875223645,4.581912994384766
dmoc_test_T,0.666423695230482,0.2648630142211914
