constant type,value,seconds required
trivial,1.233236371910688,9.822845458984375e-05
ECLipsE,"tensor(1.2332, dtype=torch.float64)",5.4836273193359375e-05
ECLipsE_Fast,"tensor(1.2332, dtype=torch.float64)",1.811981201171875e-05
dmoc_union_E,1.2249515150452455,6.986837148666382
dmoc_train_E,1.2249515150452455,4.269632816314697
dmoc_test_E,1.2157015714357797,0.27821922302246094
dmoc_union_T,0.6952910486738402,7.142345905303955
dmoc_train_T,0.6952910486738402,4.518596887588501
dmoc_test_T,0.6889723090075406,0.25675392150878906
