constant type,value,seconds required
trivial,1.1827541606272935,0.00011396408081054688
ECLipsE,"tensor(1.1828, dtype=torch.float64)",6.031990051269531e-05
ECLipsE_Fast,"tensor(1.1828, dtype=torch.float64)",2.09808349609375e-05
dmoc_union,1.1714712298245855,6.230524778366089
dmoc_train,1.1708584955272061,4.110403299331665
dmoc_test,1.1715646480186104,0.21089577674865723
