constant type,value,seconds required
trivial,1.0937956265412625,0.00011706352233886719
ECLipsE,"tensor(1.0938, dtype=torch.float64)",6.389617919921875e-05
ECLipsE_Fast,"tensor(1.0938, dtype=torch.float64)",2.002716064453125e-05
dmoc_union,1.0892024313271003,7.069056987762451
dmoc_train,1.085615463634163,4.032258987426758
dmoc_test,1.0848820566291153,0.2743802070617676
