constant type,value,seconds required
trivial,1.174424274864381,0.00010585784912109375
ECLipsE,"tensor(1.1744, dtype=torch.float64)",5.3882598876953125e-05
ECLipsE_Fast,"tensor(1.1744, dtype=torch.float64)",2.4080276489257812e-05
dmoc_union,1.16367905366098,6.973658800125122
dmoc_train,1.164650638131967,4.5161449909210205
dmoc_test,1.16351609818261,0.25615501403808594
