constant type,value,seconds required
trivial,1.1371007455142896,9.703636169433594e-05
ECLipsE,"tensor(1.1371, dtype=torch.float64)",5.507469177246094e-05
ECLipsE_Fast,"tensor(1.1371, dtype=torch.float64)",1.7881393432617188e-05
dmoc_union_E,1.1312379253103884,5.78626012802124
dmoc_train_E,1.1312379253103884,3.990790843963623
dmoc_test_E,1.125810290818597,0.2857680320739746
dmoc_union_T,0.6922898288900543,6.985151767730713
dmoc_train_T,0.6922898288900543,4.436574220657349
dmoc_test_T,0.678313748368793,0.27063894271850586
