constant type,value,seconds required
trivial,1.1390366489700652,0.00010609626770019531
ECLipsE,"tensor(1.1390, dtype=torch.float64)",5.507469177246094e-05
ECLipsE_Fast,"tensor(1.1390, dtype=torch.float64)",1.7881393432617188e-05
dmoc_union,1.1305033741132802,5.468366861343384
dmoc_train,1.1298272897261692,4.49286413192749
dmoc_test,1.1302918573881449,0.28075408935546875
