constant type,value,seconds required
trivial,1.1604220080592256,0.00011229515075683594
ECLipsE,"tensor(1.1604, dtype=torch.float64)",6.198883056640625e-05
ECLipsE_Fast,"tensor(1.1604, dtype=torch.float64)",2.4080276489257812e-05
dmoc_union,1.1525090099046524,5.015222787857056
dmoc_train,1.1518197653031381,4.164409875869751
dmoc_test,1.1501638891224104,0.24818205833435059
