constant type,value,seconds required
trivial,1.1392021689269265,0.00011110305786132812
ECLipsE,"tensor(1.1392, dtype=torch.float64)",6.008148193359375e-05
ECLipsE_Fast,"tensor(1.1392, dtype=torch.float64)",2.09808349609375e-05
dmoc_union,1.1306726234849487,5.9326958656311035
dmoc_train,1.1299964378802203,3.5329575538635254
dmoc_test,1.1301437985249865,0.22077512741088867
