constant type,value,seconds required
trivial,1.1231170430516917,0.00011110305786132812
ECLipsE,"tensor(1.1231, dtype=torch.float64)",6.103515625e-05
ECLipsE_Fast,"tensor(1.1231, dtype=torch.float64)",1.8835067749023438e-05
dmoc_union,1.1147002009619746,6.6676719188690186
dmoc_train,1.1140401262966142,4.545141935348511
dmoc_test,1.114718724953516,0.21904587745666504
