constant type,value,seconds required
trivial,1.1121023791803764,0.00011801719665527344
ECLipsE,"tensor(1.1121, dtype=torch.float64)",6.079673767089844e-05
ECLipsE_Fast,"tensor(1.1121, dtype=torch.float64)",2.002716064453125e-05
dmoc_union,1.105329189885863,6.9635419845581055
dmoc_train,1.1046681606266748,4.4703357219696045
dmoc_test,1.098856513664039,0.2092890739440918
