constant type,value,seconds required
trivial,1.0971376515105358,0.00010704994201660156
ECLipsE,"tensor(1.0971, dtype=torch.float64)",6.198883056640625e-05
ECLipsE_Fast,"tensor(1.0971, dtype=torch.float64)",1.9073486328125e-05
dmoc_union,1.0922589627962274,6.796104907989502
dmoc_train,1.0894571785584632,4.506535768508911
dmoc_test,1.0866623962053423,0.3015100955963135
