constant type,value,seconds required
trivial,1.183168674234053,9.083747863769531e-05
ECLipsE,"tensor(1.1832, dtype=torch.float64)",5.602836608886719e-05
ECLipsE_Fast,"tensor(1.1832, dtype=torch.float64)",1.6927719116210938e-05
dmoc_union_E,1.1769349807035885,6.465792894363403
dmoc_train_E,1.1769349807035885,3.558770179748535
dmoc_test_E,1.1697634913208814,0.21245980262756348
dmoc_union_T,0.701453404770564,6.44684910774231
dmoc_train_T,0.701453404770564,3.7574191093444824
dmoc_test_T,0.6865643476194564,0.21737313270568848
