constant type,value,seconds required
trivial,1.16734987151173,0.00011897087097167969
ECLipsE,"tensor(1.1673, dtype=torch.float64)",5.1975250244140625e-05
ECLipsE_Fast,"tensor(1.1673, dtype=torch.float64)",1.7881393432617188e-05
dmoc_union_E,1.1611849473567997,6.58565354347229
dmoc_train_E,1.1611849473567997,3.9878697395324707
dmoc_test_E,1.1517600672032005,0.29859399795532227
dmoc_union_T,0.6884645392461077,6.471138954162598
dmoc_train_T,0.6884645392461077,4.290840148925781
dmoc_test_T,0.6753140505093591,0.2806539535522461
