constant type,value,seconds required
trivial,1.1270028419366438,0.00011491775512695312
ECLipsE,"tensor(1.1270, dtype=torch.float64)",5.698204040527344e-05
ECLipsE_Fast,"tensor(1.1270, dtype=torch.float64)",1.9073486328125e-05
dmoc_union,1.118651991906736,6.852695941925049
dmoc_train,1.1171530811412156,4.026170969009399
dmoc_test,1.1167313755635486,0.22489571571350098
