constant type,value,seconds required
trivial,1.1563315082064407,0.00010180473327636719
ECLipsE,"tensor(1.1563, dtype=torch.float64)",5.316734313964844e-05
ECLipsE_Fast,"tensor(1.1563, dtype=torch.float64)",1.8835067749023438e-05
dmoc_union_E,1.150284775421088,5.900638103485107
dmoc_train_E,1.150284775421088,3.697789192199707
dmoc_test_E,1.1423080801814727,0.25191164016723633
dmoc_union_T,0.6914049688989807,6.971614122390747
dmoc_train_T,0.6914049688989807,4.51713490486145
dmoc_test_T,0.6778618848456387,0.26148509979248047
