constant type,value,seconds required
trivial,1.1175203441090613,9.012222290039062e-05
ECLipsE,"tensor(1.1175, dtype=torch.float64)",6.389617919921875e-05
ECLipsE_Fast,"tensor(1.1175, dtype=torch.float64)",1.9073486328125e-05
dmoc_union_E,1.1110879803301081,7.099268674850464
dmoc_train_E,1.1098760400889003,3.825986862182617
dmoc_test_E,1.1037806200195666,0.22452449798583984
dmoc_union_T,0.6752344470302377,5.554493427276611
dmoc_train_T,0.6752344470302377,3.474984884262085
dmoc_test_T,0.6639556015159356,0.25797080993652344
