constant type,value,seconds required
trivial,1.193267328554865,8.988380432128906e-05
ECLipsE,"tensor(1.1933, dtype=torch.float64)",5.602836608886719e-05
ECLipsE_Fast,"tensor(1.1933, dtype=torch.float64)",1.621246337890625e-05
dmoc_union_E,1.182974349889993,6.679839372634888
dmoc_train_E,1.180891816247737,4.6361963748931885
dmoc_test_E,1.182784356364199,0.2822608947753906
dmoc_union_T,0.6678268167846327,6.673151969909668
dmoc_train_T,0.6678268167846327,4.467237949371338
dmoc_test_T,0.6655375262978116,0.28673887252807617
