constant type,value,seconds required
trivial,1.1371007455142896,0.00010895729064941406
ECLipsE,"tensor(1.1371, dtype=torch.float64)",5.6743621826171875e-05
ECLipsE_Fast,"tensor(1.1371, dtype=torch.float64)",1.8358230590820312e-05
dmoc_union,1.131070262473425,5.82289981842041
dmoc_train,1.130393839065327,4.003438711166382
dmoc_test,1.125684550212226,0.23038697242736816
