constant type,value,seconds required
trivial,1.1385522923032863,0.00011610984802246094
ECLipsE,"tensor(1.1386, dtype=torch.float64)",5.602836608886719e-05
ECLipsE_Fast,"tensor(1.1386, dtype=torch.float64)",1.9073486328125e-05
dmoc_union,1.132369815735789,6.986827850341797
dmoc_train,1.1316926151449855,3.477747917175293
dmoc_test,1.126697716373159,0.2761068344116211
