constant type,value,seconds required
trivial,1.1262344650464002,0.00010204315185546875
ECLipsE,"tensor(1.1262, dtype=torch.float64)",5.602836608886719e-05
ECLipsE_Fast,"tensor(1.1262, dtype=torch.float64)",2.384185791015625e-05
dmoc_union_E,1.1190508359216504,7.32105016708374
dmoc_train_E,1.118088967200161,4.604001045227051
dmoc_test_E,1.1179820147078035,0.24603271484375
dmoc_union_T,0.705840859694163,6.553951025009155
dmoc_train_T,0.705840859694163,4.090954303741455
dmoc_test_T,0.6896280964780673,0.26575279235839844
