constant type,value,seconds required
trivial,1.1016381238393504,0.00011181831359863281
ECLipsE,"tensor(1.1016, dtype=torch.float64)",5.793571472167969e-05
ECLipsE_Fast,"tensor(1.1016, dtype=torch.float64)",2.09808349609375e-05
dmoc_union,1.0942409044386874,5.041847229003906
dmoc_train,1.0930744184594263,4.054472923278809
dmoc_test,1.0906406037749854,0.2892611026763916
