constant type,value,seconds required
trivial,1.1156296754851407,0.0001049041748046875
ECLipsE,"tensor(1.1156, dtype=torch.float64)",5.316734313964844e-05
ECLipsE_Fast,"tensor(1.1156, dtype=torch.float64)",2.3603439331054688e-05
dmoc_union_E,1.1077807310185335,6.19983434677124
dmoc_train_E,1.1072745298568392,3.6015145778656006
dmoc_test_E,1.1067841942015815,0.21359491348266602
dmoc_union_T,0.7209900285382093,6.587215423583984
dmoc_train_T,0.7209900285382093,4.111547470092773
dmoc_test_T,0.7023740179284367,0.2623460292816162
