constant type,value,seconds required
trivial,1.121297326099258,9.393692016601562e-05
ECLipsE,"tensor(1.1213, dtype=torch.float64)",4.8160552978515625e-05
ECLipsE_Fast,"tensor(1.1213, dtype=torch.float64)",1.7881393432617188e-05
dmoc_union_E,1.1151143542064963,6.990373134613037
dmoc_train_E,1.1151143542064963,4.201714038848877
dmoc_test_E,1.109665022342475,0.25497961044311523
dmoc_union_T,0.688003272657106,5.866503953933716
dmoc_train_T,0.688003272657106,3.3368499279022217
dmoc_test_T,0.6746416346947565,0.2726597785949707
