constant type,value,seconds required
trivial,1.2010021107872662,0.00010204315185546875
ECLipsE,"tensor(1.2010, dtype=torch.float64)",5.698204040527344e-05
ECLipsE_Fast,"tensor(1.2010, dtype=torch.float64)",2.002716064453125e-05
dmoc_union_E,1.1928178694730802,6.91449499130249
dmoc_train_E,1.1928178694730802,4.514393329620361
dmoc_test_E,1.1886027631170228,0.2888510227203369
dmoc_union_T,0.7145415603612244,7.531622886657715
dmoc_train_T,0.7145415603612244,4.7061028480529785
dmoc_test_T,0.6975238421830292,0.29676198959350586
