constant type,value,seconds required
trivial,1.1390366489700652,9.202957153320312e-05
ECLipsE,"tensor(1.1390, dtype=torch.float64)",5.2928924560546875e-05
ECLipsE_Fast,"tensor(1.1390, dtype=torch.float64)",1.71661376953125e-05
dmoc_union_E,1.130670952918231,7.483243942260742
dmoc_train_E,1.130670952918231,4.518494129180908
dmoc_test_E,1.1304181126374484,0.2627677917480469
dmoc_union_T,0.7103832537410487,7.035200834274292
dmoc_train_T,0.7103832537410487,4.325953722000122
dmoc_test_T,0.6937017735352097,0.28249669075012207
