constant type,value,seconds required
trivial,1.1539370962239959,0.00011587142944335938
ECLipsE,"tensor(1.1539, dtype=torch.float64)",6.29425048828125e-05
ECLipsE_Fast,"tensor(1.1539, dtype=torch.float64)",2.002716064453125e-05
dmoc_union_E,1.1478530257232655,6.091470718383789
dmoc_train_E,1.1478530257232655,4.454051733016968
dmoc_test_E,1.1399099902921193,0.21184182167053223
dmoc_union_T,0.6888451868300294,6.133543968200684
dmoc_train_T,0.6888451868300294,3.771791934967041
dmoc_test_T,0.6753901529577458,0.2127227783203125
