constant type,value,seconds required
trivial,1.1371080528993336,0.00010395050048828125
ECLipsE,"tensor(1.1371, dtype=torch.float64)",5.1975250244140625e-05
ECLipsE_Fast,"tensor(1.1371, dtype=torch.float64)",2.288818359375e-05
dmoc_union_E,1.1309781395818737,6.860753059387207
dmoc_train_E,1.1309781395818737,4.40682578086853
dmoc_test_E,1.1262893384056738,0.26767516136169434
dmoc_union_T,0.6957752364067418,7.735986232757568
dmoc_train_T,0.6957752364067418,4.891891002655029
dmoc_test_T,0.68132246985554,0.3040609359741211
