constant type,value,seconds required
trivial,1.1175203441090613,0.00011396408081054688
ECLipsE,"tensor(1.1175, dtype=torch.float64)",5.91278076171875e-05
ECLipsE_Fast,"tensor(1.1175, dtype=torch.float64)",1.9073486328125e-05
dmoc_union,1.1102610547333651,6.705723285675049
dmoc_train,1.109047893261251,3.8229711055755615
dmoc_test,1.103837621644268,0.2738492488861084
