constant type,value,seconds required
trivial,1.1915592839370688,9.179115295410156e-05
ECLipsE,"tensor(1.1916, dtype=torch.float64)",5.4836273193359375e-05
ECLipsE_Fast,"tensor(1.1916, dtype=torch.float64)",1.5974044799804688e-05
dmoc_union_E,1.1839831115598263,5.575732707977295
dmoc_train_E,1.1839831115598263,4.050921201705933
dmoc_test_E,1.1768008200254292,0.26950597763061523
dmoc_union_T,0.6845647039938912,7.378811836242676
dmoc_train_T,0.6845647039938912,4.744020938873291
dmoc_test_T,0.6753726876398377,0.2887749671936035
