constant type,value,seconds required
trivial,1.153565425087225,0.00010085105895996094
ECLipsE,"tensor(1.1536, dtype=torch.float64)",5.602836608886719e-05
ECLipsE_Fast,"tensor(1.1536, dtype=torch.float64)",1.7881393432617188e-05
dmoc_union,1.143977033658334,5.430787086486816
dmoc_train,1.1432928915059264,3.634373188018799
dmoc_test,1.1439958672230004,0.23241090774536133
