constant type,value,seconds required
trivial,1.2107848132881747,9.441375732421875e-05
ECLipsE,"tensor(1.2108, dtype=torch.float64)",5.817413330078125e-05
ECLipsE_Fast,"tensor(1.2108, dtype=torch.float64)",1.6689300537109375e-05
dmoc_union_E,1.2011492989221615,7.380878686904907
dmoc_train_E,1.2011492989221615,4.805094957351685
dmoc_test_E,1.197600471317709,0.29192566871643066
dmoc_union_T,0.6822997057186466,7.10955810546875
dmoc_train_T,0.6822997057186466,4.3472371101379395
dmoc_test_T,0.6788523264254894,0.29602575302124023
