constant type,value,seconds required
trivial,1.1282952022000976,9.202957153320312e-05
ECLipsE,"tensor(1.1283, dtype=torch.float64)",6.699562072753906e-05
ECLipsE_Fast,"tensor(1.1283, dtype=torch.float64)",1.7881393432617188e-05
dmoc_union,1.1211936335096393,7.121508836746216
dmoc_train,1.120475346553508,4.246608257293701
dmoc_test,1.1189718725666795,0.1811671257019043
