constant type,value,seconds required
trivial,1.1156380886484594,0.00015401840209960938
ECLipsE,"tensor(1.1156, dtype=torch.float64)",0.0001480579376220703
ECLipsE_Fast,"tensor(1.1156, dtype=torch.float64)",3.1948089599609375e-05
dmoc_union,1.1092916504770551,7.473039627075195
dmoc_train,1.1066922729818984,4.591794967651367
dmoc_test,1.1072428057495498,0.233734130859375
