constant type,value,seconds required
trivial,1.1676922287211398,0.0001220703125
ECLipsE,"tensor(1.1677, dtype=torch.float64)",6.723403930664062e-05
ECLipsE_Fast,"tensor(1.1677, dtype=torch.float64)",1.8835067749023438e-05
dmoc_union,1.1615682944679524,6.349828004837036
dmoc_train,1.1608736320667288,3.1494140625
dmoc_test,1.1539556336574155,0.22777509689331055
