constant type,value,seconds required
trivial,1.1681569344196852,0.00011992454528808594
ECLipsE,"tensor(1.1682, dtype=torch.float64)",5.984306335449219e-05
ECLipsE_Fast,"tensor(1.1682, dtype=torch.float64)",1.8835067749023438e-05
dmoc_union,1.1591588146532437,6.724624156951904
dmoc_train,1.1584655932133838,3.9296786785125732
dmoc_test,1.157855857015095,0.2709219455718994
