constant type,value,seconds required
trivial,1.1371080528993336,9.822845458984375e-05
ECLipsE,"tensor(1.1371, dtype=torch.float64)",5.507469177246094e-05
ECLipsE_Fast,"tensor(1.1371, dtype=torch.float64)",1.7881393432617188e-05
dmoc_union,1.130810515248227,6.684410810470581
dmoc_train,1.1301342471789344,4.591026067733765
dmoc_test,1.1261635442949651,0.27925920486450195
