constant type,value,seconds required
trivial,1.1422446965991584,0.00012230873107910156
ECLipsE,"tensor(1.1422, dtype=torch.float64)",6.29425048828125e-05
ECLipsE_Fast,"tensor(1.1422, dtype=torch.float64)",2.09808349609375e-05
dmoc_union,1.1325019459580123,5.990735769271851
dmoc_train,1.1320610156820639,3.5494260787963867
dmoc_test,1.13268252482707,0.2227787971496582
