constant type,value,seconds required
trivial,1.1121023791803764,9.131431579589844e-05
ECLipsE,"tensor(1.1121, dtype=torch.float64)",6.103515625e-05
ECLipsE_Fast,"tensor(1.1121, dtype=torch.float64)",2.002716064453125e-05
dmoc_union_E,1.1056696494979454,7.237381458282471
dmoc_train_E,1.10549303702596,4.531409740447998
dmoc_test_E,1.0989792575395916,0.30028271675109863
dmoc_union_T,0.6823989178556119,6.375281572341919
dmoc_train_T,0.6823989178556119,3.1291959285736084
dmoc_test_T,0.6699457342539809,0.2332148551940918
