constant type,value,seconds required
trivial,1.1042491137127106,0.00011897087097167969
ECLipsE,"tensor(1.1042, dtype=torch.float64)",6.794929504394531e-05
ECLipsE_Fast,"tensor(1.1042, dtype=torch.float64)",2.2172927856445312e-05
dmoc_union,1.0963011167648358,6.555560111999512
dmoc_train,1.096309123041014,4.0113818645477295
dmoc_test,1.0960130713884295,0.25935792922973633
