constant type,value,seconds required
trivial,1.1373211647267119,9.870529174804688e-05
ECLipsE,"tensor(1.1373, dtype=torch.float64)",6.723403930664062e-05
ECLipsE_Fast,"tensor(1.1373, dtype=torch.float64)",2.7894973754882812e-05
dmoc_union,1.130865978379679,7.012505531311035
dmoc_train,1.130189677141306,5.126273155212402
dmoc_test,1.1231290183192393,0.3236100673675537
