constant type,value,seconds required
trivial,1.1240220380914197,0.0001049041748046875
ECLipsE,"tensor(1.1240, dtype=torch.float64)",5.793571472167969e-05
ECLipsE_Fast,"tensor(1.1240, dtype=torch.float64)",2.1219253540039062e-05
dmoc_union,1.11608222023641,6.524150848388672
dmoc_train,1.1145351146966076,3.9946341514587402
dmoc_test,1.113740528518966,0.2557039260864258
