constant type,value,seconds required
trivial,1.1886672328768522,0.00010013580322265625
ECLipsE,"tensor(1.1887, dtype=torch.float64)",4.887580871582031e-05
ECLipsE_Fast,"tensor(1.1887, dtype=torch.float64)",1.811981201171875e-05
dmoc_union,1.1774558193783204,8.04882287979126
dmoc_train,1.1772702465065257,4.065423011779785
dmoc_test,1.1782919067388,0.2772860527038574
