constant type,value,seconds required
trivial,1.0971376515105358,0.00010204315185546875
ECLipsE,"tensor(1.0971, dtype=torch.float64)",6.198883056640625e-05
ECLipsE_Fast,"tensor(1.0971, dtype=torch.float64)",2.4080276489257812e-05
dmoc_union_E,1.0925229865291606,5.833046913146973
dmoc_train_E,1.0902706966326285,3.2373549938201904
dmoc_test_E,1.0867837779801863,0.20049500465393066
dmoc_union_T,0.6883905512243561,6.5306618213653564
dmoc_train_T,0.6883905512243561,4.692334175109863
dmoc_test_T,0.6749482226052411,0.28845906257629395
