constant type,value,seconds required
trivial,1.1261058810359805,0.00012087821960449219
ECLipsE,"tensor(1.1261, dtype=torch.float64)",6.079673767089844e-05
ECLipsE_Fast,"tensor(1.1261, dtype=torch.float64)",2.2172927856445312e-05
dmoc_union,1.1181681808942152,6.543522119522095
dmoc_train,1.1163453115404507,4.631420850753784
dmoc_test,1.1175975529629192,0.25626182556152344
