constant type,value,seconds required
trivial,1.1210926246404398,9.918212890625e-05
ECLipsE,"tensor(1.1211, dtype=torch.float64)",5.1021575927734375e-05
ECLipsE_Fast,"tensor(1.1211, dtype=torch.float64)",1.7881393432617188e-05
dmoc_union_E,1.1146568864722075,7.156222105026245
dmoc_train_E,1.1145852310524098,4.290037155151367
dmoc_test_E,1.1069356749845685,0.2634549140930176
dmoc_union_T,0.6800788373824135,6.509967803955078
dmoc_train_T,0.6800788373824135,4.215142011642456
dmoc_test_T,0.6678311178024555,0.2835366725921631
