constant type,value,seconds required
trivial,1.1708176539265476,8.916854858398438e-05
ECLipsE,"tensor(1.1708, dtype=torch.float64)",5.888938903808594e-05
ECLipsE_Fast,"tensor(1.1708, dtype=torch.float64)",1.71661376953125e-05
dmoc_union_E,1.1617077744835946,5.485680341720581
dmoc_train_E,1.1589519298151008,4.6812872886657715
dmoc_test_E,1.160688996756437,0.2760450839996338
dmoc_union_T,0.6596747047501438,6.028967380523682
dmoc_train_T,0.6593464497013697,3.925382137298584
dmoc_test_T,0.6596747047501438,0.2484874725341797
